gender,SeniorCitizen,Partner,Dependents,tenure,PhoneService,MultipleLines,InternetService,OnlineSecurity,OnlineBackup,DeviceProtection,TechSupport,StreamingTV,StreamingMovies,Contract,PaperlessBilling,PaymentMethod,MonthlyCharges,TotalCharges,Churn
1,0,1,1,67,1,1,0,0,1,2,2,0,0,0,1,0,30.21,2014.88,0
0,0,1,1,41,1,0,1,0,1,0,0,2,0,0,0,2,109.34,4473.42,0
1,1,0,0,46,1,0,2,2,2,1,2,1,0,0,1,0,56.79,2616.97,1
1,0,1,1,55,1,0,0,0,2,2,2,0,2,0,1,2,60.21,3310.02,0
1,1,0,0,11,1,0,1,2,0,2,0,0,0,0,1,1,115.57,1269.86,0
0,0,1,0,26,1,2,1,1,1,2,1,0,2,2,1,3,89.11,2308.13,0
1,1,1,0,72,1,0,0,1,1,2,0,0,0,0,0,1,109.84,7914.51,0
1,0,0,0,13,1,0,1,1,0,2,0,1,0,0,1,3,48.81,630.37,1
1,1,0,1,36,1,2,1,2,2,1,1,0,0,0,1,3,79.19,2849.24,0
0,0,1,0,64,1,2,1,2,2,2,2,0,2,1,1,2,65.01,4159.48,0
1,0,1,1,51,1,1,2,1,0,1,0,0,2,0,0,2,118.65,6058.79,0
1,0,0,0,22,1,2,0,2,1,0,2,2,2,1,1,3,67.02,1481.1,0
1,1,1,1,60,1,0,0,0,2,0,0,2,0,0,1,2,87.33,5236.37,0
1,0,1,0,2,1,0,2,1,1,0,0,0,0,0,1,2,38.5,68.47,1
0,1,0,0,56,1,0,1,0,2,0,0,2,2,1,1,2,32.36,1813.3,0
1,1,0,0,40,1,1,2,0,0,0,0,2,0,1,1,3,28.19,1123.08,0
0,0,0,0,28,1,0,1,2,0,0,1,0,0,1,0,2,75.77,2117.74,0
0,0,0,0,3,0,0,1,1,0,0,2,0,2,0,1,1,106.06,325.83,1
0,0,0,0,63,1,0,1,0,0,2,0,0,2,0,0,2,106.07,6687.14,0
1,0,0,0,23,0,2,0,2,1,0,2,2,1,0,0,2,25.23,578.09,1
0,0,0,0,55,1,2,1,0,2,0,0,2,0,0,1,1,98.09,5397.9,0
1,0,0,0,32,1,2,1,2,0,2,2,2,2,1,1,2,106.69,3407.91,1
0,0,0,0,28,1,2,2,0,1,0,1,1,0,0,1,1,99.38,2785.99,0
0,0,1,0,8,1,2,1,0,2,0,0,2,1,0,0,1,20.7,156.85,1
0,0,1,1,3,1,2,0,2,0,0,0,2,2,0,1,1,89.17,270.64,1
0,0,0,0,53,1,2,1,2,1,2,1,2,0,0,1,3,55.56,2952.41,1
0,1,0,0,29,1,0,0,2,1,0,0,1,2,1,1,0,91.4,2652.21,0
0,0,1,0,59,1,0,1,2,1,0,1,0,2,0,0,3,64.37,3794.64,0
0,1,0,0,24,1,0,1,0,2,0,0,2,0,2,1,1,85.58,2055.09,1
0,0,1,0,38,1,0,1,1,1,0,2,2,0,0,1,0,45.77,1735.88,0
1,0,0,0,28,1,0,2,2,1,1,0,1,1,0,1,0,32.93,917.87,0
1,0,0,0,62,1,0,2,2,0,1,1,2,1,0,1,3,110.88,6864.66,0
0,0,0,0,51,1,2,2,0,2,1,2,0,2,0,0,2,90.49,4610.02,1
0,0,1,0,7,1,0,0,0,0,2,1,0,0,1,1,3,113.08,799.44,1
0,0,0,0,23,0,0,1,0,0,0,2,0,0,2,0,2,99.37,2279.09,0
1,0,1,0,46,1,1,2,1,1,2,0,1,2,0,1,3,41.27,1901.09,0
0,0,1,1,28,1,2,1,0,0,0,2,2,2,0,0,3,88.67,2485.03,1
1,0,1,0,24,1,0,0,2,2,0,0,1,2,2,1,0,74.55,1783.71,0
1,0,0,0,7,1,0,2,2,0,0,0,0,2,1,1,0,46.06,327.85,1
1,0,1,0,49,1,2,2,0,0,0,2,1,0,0,1,3,105.29,5158.0,0
1,0,1,0,3,1,2,1,1,0,1,0,2,0,0,1,2,96.6,295.74,1
1,0,0,0,2,0,2,0,0,0,0,0,2,2,2,0,0,31.16,52.57,0
0,0,0,0,7,1,2,0,2,0,1,1,2,2,1,1,0,75.53,521.69,1
0,0,0,0,21,1,0,1,1,2,1,2,0,2,1,0,1,95.47,2002.38,1
0,1,0,0,9,0,2,1,1,2,0,2,2,0,2,1,2,34.45,309.55,0
0,0,1,0,12,1,0,1,1,0,0,2,1,2,0,1,3,117.93,1416.09,1
0,0,0,0,24,1,2,0,2,2,2,2,0,0,0,0,3,79.02,1902.25,1
1,0,0,0,33,1,1,0,2,0,2,0,1,2,0,1,0,104.86,3468.44,0
0,0,1,0,43,1,0,1,2,0,0,1,0,0,0,1,3,73.15,3141.79,0
0,0,1,0,5,1,0,0,0,0,0,0,0,0,0,0,1,49.29,254.19,1
1,0,1,0,71,1,1,1,0,1,2,2,2,1,0,0,2,102.22,7252.95,0
0,0,1,1,14,1,0,1,1,2,1,0,1,0,0,0,2,63.21,876.37,1
1,0,0,0,36,1,0,1,2,2,0,2,0,1,2,1,2,76.81,2766.76,0
0,0,0,0,35,1,2,1,0,2,0,2,0,0,0,1,3,76.11,2667.17,1
1,0,0,0,50,1,0,0,1,1,0,0,1,0,1,1,0,24.18,1204.91,0
0,0,0,1,11,1,0,2,2,0,2,2,1,1,1,0,3,52.35,569.24,0
0,0,1,0,24,1,2,2,2,2,2,0,2,2,0,0,0,51.77,1234.42,0
1,0,0,1,44,0,2,1,0,2,2,2,1,1,0,1,1,22.64,994.98,1
1,0,1,0,51,1,1,2,0,1,1,1,2,2,0,0,3,28.77,1465.45,0
1,0,0,0,17,1,0,0,1,0,0,0,0,0,2,0,1,75.64,1281.58,0
1,0,1,0,70,0,2,1,1,0,2,0,2,0,1,0,2,50.62,3537.82,0
1,0,0,0,8,1,1,0,1,1,2,2,1,2,0,1,2,68.68,540.22,0
1,0,1,0,28,0,0,1,0,1,0,2,0,1,0,1,1,66.84,1875.3,1
1,0,1,1,12,1,0,1,2,2,0,0,1,1,0,0,2,84.0,1005.82,1
1,0,1,0,43,1,2,1,1,0,0,1,1,0,0,1,1,103.64,4450.84,1
0,0,0,0,37,1,0,0,1,0,2,0,1,2,0,0,1,41.05,1519.17,1
0,0,0,0,63,1,0,0,0,1,1,1,1,0,2,1,0,54.59,3446.78,0
1,0,1,0,63,1,2,1,0,2,0,2,1,2,1,1,2,74.25,4672.4,0
0,0,0,0,10,1,0,0,0,0,2,2,2,1,0,1,3,92.77,929.97,0
0,1,0,0,37,1,0,1,1,0,0,2,2,0,1,0,2,56.79,2109.59,0
0,0,0,0,11,1,1,1,2,1,2,0,0,0,2,1,3,44.9,491.52,0
0,0,0,0,19,1,2,0,0,1,0,1,2,0,2,0,2,86.12,1645.25,0
1,1,1,0,52,1,2,0,1,0,0,0,1,2,0,1,2,84.97,4408.69,1
0,1,1,1,18,1,2,0,1,0,0,0,1,0,0,0,0,94.32,1690.14,0
1,1,0,0,32,0,1,1,0,1,1,1,2,0,0,1,1,68.25,2184.66,0
0,0,0,0,23,1,1,2,1,0,0,0,2,2,1,0,1,25.83,594.06,0
0,0,0,1,12,1,0,0,2,1,1,0,0,1,0,0,3,77.4,938.45,0
0,0,0,1,58,1,0,2,2,1,0,2,0,2,2,0,3,49.83,2883.0,0
1,0,1,1,21,1,2,2,0,1,2,0,0,0,2,0,1,118.54,2499.15,0
0,0,0,0,21,1,2,0,2,2,2,0,2,2,0,1,2,76.68,1617.32,1
1,0,1,0,29,1,2,2,0,2,1,1,2,2,0,1,2,62.69,1812.47,1
0,0,0,0,47,1,0,1,2,0,0,0,0,0,0,0,2,94.83,4454.36,0
1,0,1,1,12,1,0,2,0,0,2,2,0,2,0,1,3,116.55,1390.99,1
0,1,0,0,58,1,2,1,0,2,1,2,2,2,2,0,3,67.84,3942.89,0
1,0,0,0,41,1,0,0,0,2,1,0,2,1,1,0,0,51.55,2111.26,0
1,0,1,1,19,1,2,2,0,0,1,1,0,0,1,0,0,66.64,1256.94,0
0,0,1,0,12,1,0,0,2,1,0,0,0,2,0,0,0,87.98,1057.31,0
1,0,0,0,23,1,2,2,2,0,2,2,1,1,2,0,1,85.91,1971.09,0
0,0,0,0,5,1,2,0,2,2,2,2,0,1,0,1,0,93.12,463.29,0
0,0,1,0,26,1,0,1,2,2,0,1,1,2,2,1,2,80.59,2094.73,0
0,1,0,1,63,1,0,1,2,2,0,2,2,1,0,0,3,114.16,7183.6,0
0,0,0,0,52,1,1,2,0,1,2,2,0,0,0,0,0,54.92,2855.62,0
0,0,1,1,10,1,2,0,2,1,0,0,0,1,1,1,3,18.38,179.57,1
0,0,1,1,39,1,0,1,0,0,0,2,0,1,0,1,0,33.27,1301.77,0
0,0,0,0,23,1,1,1,2,0,0,2,2,0,2,1,2,22.67,516.53,0
0,0,0,0,11,1,2,2,1,1,0,2,2,2,2,0,2,33.53,377.71,0
0,0,0,1,72,1,2,0,2,2,2,1,0,1,0,1,3,39.84,2873.33,0
0,0,0,1,48,1,2,1,0,0,0,2,0,0,0,1,2,45.57,2179.75,0
0,0,1,0,16,1,0,1,0,0,1,1,2,2,0,0,3,20.72,324.32,0
1,0,1,0,46,1,0,0,0,1,2,0,2,0,1,1,3,46.58,2139.87,0
1,0,1,0,47,1,2,2,0,0,1,1,1,0,0,1,2,33.2,1550.95,0
0,0,1,0,48,1,0,0,0,0,2,1,1,1,1,1,2,26.89,1281.7,0
0,0,0,1,69,1,2,1,0,1,0,0,2,1,0,1,2,76.67,5294.6,0
0,0,0,0,25,1,2,1,0,0,0,0,1,2,2,0,3,37.64,937.55,1
0,0,1,1,37,1,0,0,2,1,2,2,0,2,2,1,3,26.43,971.98,0
0,0,1,0,63,1,1,1,0,0,0,0,0,2,0,1,2,36.28,2283.0,0
0,0,0,1,29,1,1,2,1,2,0,0,2,0,2,0,1,105.47,3068.28,0
0,0,0,0,58,1,0,1,0,2,0,1,0,1,0,1,0,71.46,4152.73,0
0,1,0,0,31,0,0,0,0,1,1,0,1,0,2,1,0,71.97,2226.16,0
1,1,0,0,68,1,2,0,2,2,1,2,2,0,1,0,2,45.61,3093.01,0
0,0,0,1,41,1,0,1,1,0,1,0,0,2,0,0,2,70.12,2871.48,0
1,0,0,0,50,0,0,0,2,0,0,1,1,0,2,0,3,92.22,4601.18,0
0,0,1,0,44,1,0,2,2,0,0,2,1,2,1,1,0,78.2,3435.23,0
0,0,1,0,9,1,0,1,0,0,2,0,2,2,2,1,1,72.23,652.56,0
1,0,1,0,59,1,1,1,0,2,2,0,1,0,2,0,3,54.79,3224.41,1
0,0,0,0,27,1,0,1,1,2,2,2,2,2,1,1,0,81.62,2197.18,1
1,0,0,0,59,1,0,1,2,2,0,0,0,1,0,0,0,104.39,6157.64,0
0,1,0,0,3,1,1,2,0,2,0,1,1,1,0,1,2,37.41,116.53,1
0,0,1,0,7,1,0,1,2,2,2,1,0,1,0,1,1,101.08,708.11,1
1,0,1,1,16,1,2,0,0,0,1,0,2,0,0,0,1,66.9,1075.06,1
0,0,1,1,49,1,0,1,0,2,0,0,0,1,0,0,0,116.67,5708.68,0
1,0,1,0,32,1,0,1,0,2,2,0,2,1,0,1,3,44.58,1419.79,0
0,0,0,0,44,1,2,1,0,0,2,2,2,2,2,0,1,28.06,1242.45,0
1,1,0,0,19,1,2,2,0,2,2,0,0,2,2,1,2,34.39,662.6,0
1,0,0,0,3,1,1,1,0,1,2,1,1,0,0,0,0,20.18,66.95,1
0,0,0,0,60,1,1,1,0,0,1,2,0,0,2,1,1,54.97,3302.6,0
0,0,0,0,35,1,2,1,0,1,0,1,2,1,0,1,2,50.43,1756.08,0
1,1,0,0,29,1,0,2,0,2,2,1,1,2,0,0,3,82.41,2399.86,0
0,0,1,0,70,1,1,2,1,2,2,2,2,2,2,0,2,34.61,2416.92,0
0,0,0,0,45,1,0,2,0,0,0,1,0,0,1,1,1,94.71,4260.18,0
0,0,0,0,27,1,2,0,1,2,1,0,0,2,2,1,1,50.67,1370.66,0
1,0,0,0,69,1,0,1,2,0,2,0,0,2,2,1,2,106.32,7336.93,0
1,0,1,0,35,1,0,0,2,0,0,0,0,2,0,1,2,36.67,1293.27,1
1,0,1,0,19,0,0,1,0,0,1,0,0,2,1,1,1,98.39,1871.27,0
1,0,1,0,17,0,0,0,2,1,0,1,0,2,0,0,3,36.96,622.76,1
1,0,0,0,35,1,0,0,0,2,1,2,0,0,2,1,2,20.22,708.97,0
1,1,1,1,30,1,2,1,2,0,2,0,2,0,0,1,2,24.12,720.11,1
1,0,0,1,48,1,1,1,1,0,0,0,1,0,2,0,1,100.22,4813.87,0
1,0,0,0,57,1,2,0,0,0,2,2,2,2,2,1,3,71.77,4081.68,0
1,0,1,0,17,1,0,0,0,2,0,1,0,2,0,1,1,50.54,854.71,1
0,0,0,1,15,1,0,1,1,0,2,1,2,2,0,0,0,82.72,1241.77,0
1,1,0,0,14,1,1,0,2,0,0,0,2,1,0,1,0,56.16,791.78,0
0,0,1,0,14,1,2,1,1,1,2,2,2,2,1,0,2,100.63,1415.49,1
0,0,0,1,45,1,0,1,0,0,0,1,2,2,2,1,2,93.46,4213.99,0
0,0,1,0,38,1,2,2,2,2,0,1,1,0,0,1,1,65.19,2474.79,0
1,0,1,0,63,1,0,0,1,0,1,2,1,2,2,1,2,19.36,1221.43,0
1,0,0,1,11,1,0,0,0,1,0,0,0,1,2,0,0,70.45,776.67,0
1,0,0,0,48,1,2,1,0,0,0,2,0,1,0,0,2,56.73,2731.03,1
1,0,0,0,26,1,1,2,1,0,1,2,2,1,0,1,0,77.94,2033.36,0
0,1,0,0,67,0,0,0,1,0,2,2,1,0,0,0,0,34.4,2303.29,0
1,0,0,0,25,1,0,0,1,0,0,0,2,2,0,0,2,85.07,2128.65,0
1,0,0,1,61,1,0,2,0,2,0,1,2,2,1,0,3,38.98,2386.09,0
1,0,0,0,26,1,2,0,0,0,0,2,0,2,0,0,0,116.73,3044.98,1
1,0,0,0,34,1,0,0,2,0,1,0,2,1,1,1,1,100.55,3423.47,0
1,0,1,1,9,1,2,2,1,2,0,1,2,0,2,1,2,36.46,319.51,0
0,0,0,0,40,1,2,2,0,0,2,0,2,1,0,1,1,72.93,2925.04,0
1,0,1,1,7,0,0,1,0,2,2,1,1,0,0,1,0,63.97,447.35,1
0,0,0,0,30,1,1,2,1,2,2,1,0,2,0,0,3,99.71,2988.31,1
1,0,1,1,66,1,2,1,1,0,2,0,0,2,1,0,2,92.59,6106.74,0
0,1,0,0,30,1,2,0,1,1,2,0,2,2,2,1,0,48.0,1446.07,0
1,0,1,0,68,1,0,1,0,0,0,2,0,2,1,1,0,54.87,3739.13,0
1,0,1,0,58,1,2,1,2,1,0,0,0,0,0,1,0,24.3,1413.11,0
0,0,0,0,55,0,2,1,1,0,2,0,1,2,0,0,3,75.26,4130.49,0
0,0,1,0,14,1,0,2,0,2,0,0,1,0,0,0,2,94.52,1333.02,0
0,0,0,0,37,1,2,0,1,0,2,0,2,0,1,1,0,60.36,2234.48,0
1,0,1,1,44,1,0,1,0,2,1,1,2,0,1,1,0,113.29,4991.31,1
0,0,1,0,6,1,0,1,1,0,1,1,0,1,2,1,2,32.04,196.66,0
1,0,1,0,26,1,0,0,0,0,0,2,1,0,0,1,2,107.78,2798.99,0
1,0,0,0,14,1,0,1,1,0,0,0,0,1,1,0,1,20.41,294.1,0
0,0,1,0,8,1,2,1,2,0,0,1,0,2,0,1,2,110.03,876.34,0
0,0,0,1,24,1,1,2,1,1,0,0,2,1,0,1,2,48.96,1184.64,0
1,0,1,0,39,1,0,2,2,1,2,1,1,2,0,1,0,29.28,1151.6,0
1,0,1,0,49,1,2,1,2,2,0,0,0,0,0,1,2,117.67,5756.69,0
0,0,1,1,63,1,0,0,0,2,0,0,0,1,0,0,3,93.07,5856.0,0
0,0,1,0,26,1,0,1,0,1,1,0,0,2,2,1,3,71.54,1854.73,0
0,0,0,0,10,1,2,1,0,0,1,2,0,2,1,0,1,57.82,575.59,0
1,0,0,0,58,1,0,0,0,0,2,1,2,2,0,0,2,43.89,2548.69,1
1,0,0,1,14,1,2,1,0,2,0,0,2,2,0,1,2,78.3,1093.5,0
1,0,1,0,71,1,0,1,1,0,0,0,2,0,0,0,2,63.37,4508.02,0
1,0,1,1,39,1,2,1,0,2,1,0,1,2,0,0,2,69.15,2696.37,1
1,0,1,0,31,1,0,2,0,1,0,0,2,2,0,0,0,64.67,2005.92,0
1,0,0,0,50,1,1,0,0,2,0,0,2,1,0,1,1,82.8,4142.53,1
0,0,1,0,16,1,0,1,1,0,0,1,2,2,0,1,2,111.11,1776.27,0
1,0,0,1,72,1,1,1,1,2,0,1,0,2,1,1,2,114.01,8211.41,0
1,0,1,0,51,1,0,1,2,0,1,1,2,2,2,1,1,102.18,5202.97,0
1,0,1,0,15,1,2,0,2,1,2,0,1,2,0,0,1,45.23,678.49,1
0,1,1,1,38,1,1,0,2,2,2,0,2,2,2,1,2,43.16,1636.68,0
1,0,1,0,71,1,1,0,0,2,0,0,2,1,0,1,1,76.23,5406.37,0
1,0,0,0,72,1,0,2,0,0,2,2,0,2,1,0,0,116.2,8357.15,0
0,0,1,0,21,1,2,2,0,0,0,2,2,2,0,0,1,73.71,1553.53,0
1,0,0,1,16,1,2,0,0,1,2,0,2,0,0,0,2,29.49,464.27,0
1,0,1,1,67,1,0,0,0,2,0,2,1,2,0,1,1,105.19,7041.15,0
1,0,0,0,65,1,2,0,2,1,2,1,0,2,0,1,2,93.3,6057.86,0
1,0,1,0,13,1,2,0,0,0,2,0,1,2,2,1,0,42.25,558.86,0
1,0,0,1,64,1,0,0,2,2,0,2,2,2,0,1,1,81.56,5214.91,1
0,0,0,0,61,1,2,0,1,2,1,2,0,2,0,1,2,40.82,2483.75,0
0,1,0,1,32,1,0,1,0,1,0,0,0,0,0,0,3,60.99,1961.06,1
0,0,1,0,12,1,2,0,0,1,2,1,0,0,1,1,2,42.05,507.14,1
1,1,0,0,41,1,0,1,0,2,0,1,0,0,1,0,3,78.23,3211.08,0
1,0,1,0,66,1,2,1,0,1,1,0,1,1,2,1,3,48.72,3221.82,0
1,0,1,0,8,1,0,2,0,2,0,2,2,1,1,1,0,35.14,282.05,0
0,0,1,1,59,1,0,2,2,2,0,1,2,1,0,1,0,24.24,1431.02,0
1,0,1,0,25,1,2,1,0,0,1,1,1,2,0,1,0,81.75,2053.72,0
1,1,0,0,5,1,2,0,2,1,2,1,2,1,0,1,2,78.21,394.85,1
0,1,1,0,45,1,2,0,0,0,0,2,0,2,2,1,0,37.81,1705.68,1
1,1,0,0,2,1,2,0,0,1,2,0,0,2,2,0,2,18.53,28.82,0
0,0,0,0,42,1,2,1,0,1,1,1,0,0,2,0,3,31.93,1333.35,1
0,0,0,1,38,1,2,1,0,2,2,2,0,1,0,1,0,48.94,1859.87,1
0,0,0,0,3,1,0,1,2,2,1,0,0,1,0,0,3,70.82,217.03,1
1,1,1,1,46,1,0,0,2,2,0,2,1,0,2,0,3,107.25,4938.58,0
1,0,0,1,22,1,0,1,2,0,2,0,2,2,1,0,3,39.38,872.03,0
1,0,1,0,33,0,2,0,2,0,0,0,1,2,1,1,2,39.91,1321.29,0
1,0,0,0,32,1,0,0,0,2,1,1,0,0,1,1,1,103.09,3291.23,0
1,0,0,0,17,1,0,1,0,0,2,2,0,2,0,1,3,69.33,1185.29,1
1,1,0,1,56,1,0,0,0,0,1,1,2,2,1,1,3,87.74,4918.77,0
1,0,1,0,3,1,2,1,1,0,0,0,2,1,0,0,2,53.1,156.77,1
0,0,1,0,70,1,1,2,0,0,2,0,0,2,1,1,3,102.56,7177.37,0
1,0,1,0,49,1,0,2,0,2,2,0,2,0,0,1,3,63.45,3110.12,0
0,0,1,1,55,1,0,0,2,0,1,0,0,0,1,1,3,108.99,6004.31,0
1,0,1,0,31,0,0,1,0,2,1,1,2,1,0,0,3,58.5,1818.38,0
1,0,0,0,21,1,0,1,2,0,1,2,0,0,2,1,2,99.53,2096.89,0
1,0,1,0,16,0,0,2,0,0,0,0,0,2,0,0,1,23.85,375.71,0
0,1,0,1,17,1,0,2,1,0,1,2,1,0,1,0,2,86.87,1476.91,1
0,0,0,0,1,1,2,0,0,2,0,2,1,2,0,0,3,32.47,33.72,1
0,0,0,0,72,0,2,2,2,0,2,0,0,2,0,1,2,108.41,7796.4,0
0,1,1,0,65,1,0,0,1,1,0,2,2,0,2,1,0,115.2,7480.23,0
1,0,1,1,66,1,2,0,0,0,1,2,2,1,2,0,0,50.54,3329.93,0
0,0,1,1,37,1,2,1,1,1,0,2,0,1,1,1,0,74.8,2775.27,0
1,0,1,0,24,1,2,0,1,2,2,2,2,0,0,0,1,58.43,1407.82,1
1,0,0,0,62,0,0,2,0,2,0,0,1,0,0,0,1,79.85,4950.43,0
0,0,1,0,21,1,0,0,2,0,0,0,1,0,0,1,2,53.87,1136.95,0
0,1,0,0,37,1,2,2,1,0,2,0,2,1,1,0,3,100.57,3721.52,0
0,0,0,1,35,1,0,2,0,2,2,0,1,2,0,0,1,21.4,757.44,0
0,0,0,0,38,1,0,2,2,0,2,2,1,0,2,0,1,92.75,3520.2,0
0,0,1,0,53,1,0,1,0,0,2,1,1,2,0,1,1,19.64,1033.3,0
0,0,1,0,15,1,2,1,0,0,0,2,2,2,2,1,1,115.02,1716.28,0
0,0,0,0,42,1,0,1,2,2,2,0,2,1,0,0,2,22.33,936.62,0
0,0,0,0,4,1,0,2,2,1,0,2,0,2,1,0,3,98.15,388.71,0
1,0,1,0,39,0,2,0,2,0,0,0,2,2,1,0,2,88.56,3463.19,0
0,0,1,0,23,1,2,1,2,0,0,0,0,1,0,0,3,104.76,2417.13,1
0,1,1,0,15,1,0,1,2,1,2,2,2,0,1,0,2,31.16,466.0,0
1,0,0,1,12,1,0,1,2,2,0,0,1,0,1,0,1,53.91,637.25,0
0,0,1,0,70,1,2,2,2,0,0,0,2,2,2,1,0,26.89,1874.18,0
1,0,0,0,54,1,1,0,2,1,0,1,0,0,0,0,2,47.24,2545.27,0
1,0,1,0,38,1,2,1,1,0,0,0,1,2,1,0,2,79.49,3018.46,0
0,0,0,1,28,1,2,1,0,0,0,0,1,0,0,1,2,115.73,3246.47,1
1,0,0,0,19,1,0,0,0,1,2,0,0,2,0,0,2,43.8,839.26,0
1,0,0,1,69,1,0,0,0,2,0,0,0,0,0,0,0,52.49,3631.79,0
1,0,1,1,64,1,1,0,2,2,2,0,0,2,0,0,3,59.24,3791.98,0
1,1,1,0,4,1,2,2,1,0,0,2,0,0,0,1,3,21.33,94.28,0
0,1,1,0,10,1,0,2,0,0,0,0,2,1,0,0,2,87.44,877.46,1
1,1,0,1,12,1,0,0,0,2,0,0,2,0,0,1,3,30.94,370.84,0
0,0,0,0,69,1,0,0,1,2,0,2,1,2,0,1,3,106.53,7343.27,0
1,0,0,0,7,0,0,0,0,1,1,1,0,1,1,1,0,59.94,427.91,0
1,0,1,1,44,1,0,1,0,0,0,2,2,0,0,1,2,106.11,4676.72,0
1,0,0,0,23,1,0,2,1,2,0,0,0,2,2,1,0,92.09,2125.66,1
1,0,1,0,2,1,2,0,1,1,1,1,0,2,0,1,0,96.53,202.33,1
0,0,0,0,37,1,0,1,1,0,2,1,2,2,1,1,0,56.02,2079.12,0
0,0,1,1,69,1,0,0,2,0,0,0,0,2,0,0,3,99.95,6886.66,0
1,0,0,1,20,0,2,2,1,0,0,2,0,2,2,1,2,74.62,1496.7,0
1,0,1,0,44,1,2,2,0,0,1,1,0,1,0,1,2,35.24,1548.88,0
0,0,1,0,70,0,2,2,0,0,2,2,0,2,0,1,1,107.93,7563.98,0
1,0,0,0,51,1,0,0,2,2,0,1,2,0,2,0,1,59.15,3022.34,0
1,0,1,0,31,1,0,1,2,2,2,0,2,0,2,1,2,108.48,3368.94,0
1,0,0,1,41,1,0,0,2,2,0,1,2,0,0,0,2,76.12,3113.1,1
0,0,0,0,58,1,2,1,0,2,2,0,0,1,1,1,2,23.41,1357.06,0
0,0,0,1,5,1,2,0,2,0,1,1,2,1,1,1,2,97.13,484.77,0
0,0,1,0,33,1,2,1,2,0,2,0,1,0,0,1,1,20.82,686.95,0
1,0,0,0,43,1,1,1,1,2,2,0,0,0,2,0,0,28.22,1219.38,0
1,0,0,0,19,1,2,1,0,1,0,0,0,2,0,1,1,52.12,984.69,0
0,0,1,0,32,1,2,2,0,0,0,0,0,0,2,0,1,81.68,2607.35,0
0,1,0,0,3,1,1,1,0,0,2,0,2,2,1,1,2,61.25,190.91,1
0,0,1,1,1,0,0,0,0,1,2,1,2,0,0,1,3,58.21,64.91,1
0,0,1,1,41,1,0,1,2,1,1,0,2,2,2,1,0,61.26,2514.98,0
1,0,1,0,48,1,0,2,0,2,0,0,0,2,1,1,0,31.01,1479.73,0
0,1,1,0,39,1,0,1,0,0,2,2,0,2,1,1,2,88.52,3456.68,0
1,0,1,0,5,1,2,1,2,1,2,1,1,0,2,1,1,38.46,184.46,0
0,0,0,1,11,1,2,2,0,2,2,2,0,2,0,1,0,61.97,679.61,1
1,0,0,0,22,1,2,1,0,2,0,2,1,0,0,1,2,115.72,2552.63,0
0,1,1,0,64,1,0,2,0,2,1,0,1,1,2,0,3,111.49,7125.97,0
0,0,0,1,12,1,0,0,2,2,1,1,1,2,2,1,2,95.48,1148.45,0
0,0,0,0,53,1,2,1,0,1,0,0,0,1,0,0,0,107.29,5687.42,0
0,0,0,0,55,0,0,0,0,1,0,0,2,0,1,1,2,87.14,4790.24,1
1,0,0,1,53,1,1,1,0,2,0,0,2,0,2,1,3,100.63,5327.65,0
0,0,0,1,21,1,2,0,1,1,0,0,1,2,1,1,2,43.2,900.51,0
1,0,1,1,19,0,0,0,1,2,0,1,2,1,1,1,1,63.96,1222.04,0
1,0,1,1,69,1,1,0,0,0,2,0,2,1,0,0,1,47.11,3242.8,0
1,0,1,0,72,1,1,0,2,2,2,0,0,2,2,0,1,22.07,1598.34,0
1,0,0,1,66,1,2,0,0,2,2,0,0,2,1,0,0,42.4,2792.32,0
0,1,1,1,59,1,0,2,0,2,1,2,1,0,0,0,1,44.02,2601.61,0
1,0,0,0,49,1,0,0,0,0,0,0,0,0,2,1,2,87.06,4267.08,0
1,0,1,0,59,0,2,1,1,2,2,1,2,1,0,1,1,52.69,3106.2,0
1,0,0,0,23,1,0,0,0,1,2,0,0,1,0,1,0,39.96,927.36,1
0,0,1,0,3,1,1,0,0,2,0,0,0,1,0,1,0,19.55,49.33,0
0,0,1,0,56,0,0,2,2,0,0,2,2,0,2,0,3,58.46,3279.1,0
0,0,1,1,58,0,1,2,0,1,1,1,1,2,0,1,0,95.72,5556.55,0
0,0,1,0,62,1,1,2,0,2,1,0,0,1,0,0,2,81.3,5047.31,0
1,0,1,0,18,1,2,1,0,0,1,0,2,0,0,1,3,108.46,1960.11,1
1,0,0,0,61,1,0,0,0,0,0,0,2,0,1,1,1,75.92,4630.27,0
0,0,1,0,37,1,2,0,0,2,1,0,2,2,0,1,0,23.06,856.72,1
1,0,1,0,54,1,0,1,0,2,0,1,1,2,0,0,0,62.04,3351.66,0
1,1,0,0,65,1,0,2,1,0,2,2,0,2,1,0,2,60.43,3929.78,0
1,0,1,1,14,1,0,2,0,2,0,0,2,0,0,1,1,103.61,1441.04,1
0,1,0,1,5,1,1,0,1,2,0,2,2,0,1,1,1,84.26,430.56,1
0,0,0,0,62,1,0,0,0,0,0,2,0,0,2,0,2,44.97,2781.38,1
1,1,1,0,1,1,0,0,0,1,0,0,2,1,2,0,3,88.73,87.02,0
0,0,1,1,63,1,0,1,0,2,0,1,0,0,0,0,0,101.81,6418.04,0
0,0,1,0,67,0,2,0,0,0,2,0,0,2,0,1,1,23.99,1601.59,0
0,0,0,1,20,1,1,1,0,1,2,1,1,2,0,0,3,90.76,1807.52,0
0,0,0,1,43,1,0,2,0,2,0,1,0,0,2,1,3,98.15,4228.36,0
0,0,0,0,42,0,2,1,0,0,2,1,2,0,0,0,2,54.57,2293.55,1
1,0,0,1,69,1,0,0,1,2,0,0,2,2,0,1,3,113.85,7848.34,0
0,0,1,1,39,1,2,0,2,1,2,0,0,2,1,1,2,101.88,3980.78,0
1,0,0,1,62,1,2,2,0,2,1,0,0,2,2,1,1,44.69,2764.55,0
1,0,0,0,48,1,2,1,0,2,0,0,0,1,0,0,0,57.78,2776.59,1
0,0,0,1,6,1,0,1,0,0,2,0,1,2,0,1,2,109.53,664.29,1
1,0,0,0,42,0,2,0,1,1,0,2,2,2,2,0,1,101.91,4282.61,0
1,0,0,0,58,1,2,2,1,0,0,0,2,0,0,1,0,99.36,5753.02,0
1,0,1,0,43,1,2,1,0,0,2,0,0,2,0,1,0,115.86,4984.97,0
0,0,1,1,10,1,2,2,0,1,1,2,0,0,2,0,1,25.73,258.65,0
0,0,0,0,39,1,0,1,0,1,0,0,1,0,0,1,0,24.54,957.62,0
1,0,1,1,13,1,2,0,2,0,2,0,2,2,1,0,1,61.97,801.73,0
0,0,0,0,39,1,0,0,0,1,1,0,1,2,2,1,3,109.98,4291.75,0
0,0,1,0,11,1,2,2,0,1,2,1,2,0,1,1,2,71.87,780.9,0
0,0,0,1,16,1,0,0,1,0,1,2,2,1,0,0,1,112.08,1793.64,1
0,0,0,0,33,1,0,0,1,1,0,0,2,0,2,0,3,33.86,1113.94,0
1,0,1,1,60,0,0,0,0,1,0,1,2,1,0,0,0,92.34,5531.36,0
1,0,0,1,59,1,2,1,1,0,0,2,1,1,0,1,3,50.66,2984.19,0
0,1,0,0,51,1,2,2,1,0,2,2,2,0,1,1,0,86.31,4408.54,0
0,0,0,0,15,1,2,2,0,2,0,0,0,0,0,1,2,61.29,914.52,1
1,0,1,1,43,1,2,1,2,2,2,2,2,1,0,0,2,48.78,2096.98,1
1,0,1,1,27,1,0,2,0,0,0,2,2,0,0,1,1,104.21,2814.97,0
0,0,1,1,56,1,0,0,0,0,2,1,1,2,0,1,3,57.41,3210.7,0
1,0,1,0,60,0,0,2,0,0,2,0,1,2,0,0,2,41.19,2472.27,0
0,0,0,0,70,1,1,1,2,1,0,2,0,2,0,0,1,33.44,2349.91,0
0,0,0,1,47,0,2,1,0,0,1,1,0,0,2,0,1,36.05,1688.03,0
1,1,0,1,8,0,2,0,0,2,0,0,1,2,2,1,0,70.75,573.84,0
1,0,0,0,63,1,0,0,0,0,2,0,1,2,0,1,3,23.68,1493.06,0
0,1,0,0,7,1,1,0,2,2,0,0,0,0,0,1,1,25.85,186.54,0
0,0,1,0,2,1,0,0,0,0,0,1,0,1,2,1,2,63.63,129.24,0
1,0,0,0,17,1,0,1,0,0,0,2,0,0,2,1,0,88.69,1503.84,0
0,0,1,1,4,1,0,0,2,0,0,0,0,2,0,1,1,87.51,351.53,1
1,0,0,0,26,1,0,0,0,0,0,1,0,1,1,1,0,108.65,2823.42,0
0,0,1,0,72,1,0,2,2,2,0,2,0,0,0,1,0,69.12,4978.52,0
1,0,1,0,69,1,2,2,0,2,2,1,1,0,0,1,1,40.16,2772.35,0
1,0,0,1,5,1,0,2,0,0,1,1,2,0,0,1,2,98.7,497.06,0
1,1,0,0,5,1,2,1,0,0,0,1,2,1,1,1,3,33.08,169.9,0
0,0,0,0,69,1,2,1,0,0,0,1,2,1,0,1,2,85.95,5931.5,0
0,0,0,0,3,1,0,2,2,2,2,0,0,1,0,1,2,88.48,271.65,1
1,0,1,0,38,1,2,1,2,1,0,0,0,0,0,1,1,37.68,1435.56,1
0,0,0,0,1,0,2,0,1,1,2,1,2,0,0,0,1,23.76,18.84,1
1,0,1,0,8,1,1,0,0,2,0,2,0,2,2,1,2,37.11,305.66,0
1,0,0,0,13,0,1,0,1,0,2,0,0,0,1,0,0,98.0,1265.42,0
0,1,0,0,70,1,2,2,1,2,2,2,2,2,0,0,2,102.11,7150.36,1
0,0,1,1,50,1,0,1,1,0,1,0,2,1,0,0,3,44.58,2231.25,0
1,0,0,0,8,1,0,1,0,0,2,1,1,0,0,1,2,70.48,562.73,0
0,0,0,0,30,1,0,0,2,0,0,0,0,1,2,1,3,23.92,717.14,0
0,0,1,0,40,1,0,0,1,2,2,1,0,0,0,1,0,37.74,1515.15,0
1,0,0,0,33,1,2,1,2,1,0,0,1,0,0,0,1,75.21,2486.37,1
1,0,0,0,52,0,2,1,0,2,2,0,2,2,1,0,3,41.64,2163.57,0
0,0,0,0,33,1,0,1,1,1,0,0,2,2,0,1,1,23.37,765.49,1
1,0,1,1,37,0,0,0,0,2,2,1,0,2,0,0,2,107.64,3973.92,0
1,0,1,1,70,1,2,1,2,2,1,1,2,0,0,0,3,41.61,2917.18,0
0,0,0,1,69,0,2,2,0,0,0,1,1,1,0,0,1,96.3,6648.63,0
1,0,1,0,4,1,2,2,1,1,2,1,2,0,0,0,2,60.7,238.49,1
1,0,0,1,60,1,1,0,1,0,0,1,2,1,0,1,0,89.18,5359.86,0
0,0,1,1,31,1,0,1,0,2,0,1,2,1,0,0,2,54.06,1678.88,1
0,0,0,1,14,0,2,0,1,1,1,2,1,2,0,1,1,78.82,1106.8,1
1,0,0,0,60,1,0,1,2,0,0,2,0,0,0,0,0,84.24,5055.67,0
1,0,1,0,68,1,2,1,2,2,0,1,0,0,0,1,0,30.67,2088.48,0
0,0,1,1,26,1,2,0,0,0,0,0,2,2,0,1,1,107.08,2794.06,0
0,0,0,0,24,1,0,2,2,0,1,1,2,2,0,1,0,53.72,1295.31,0
0,0,0,0,56,1,2,1,0,0,0,0,1,2,0,1,2,97.37,5451.17,0
0,0,1,1,9,1,0,2,2,0,0,2,0,0,0,1,2,73.77,657.83,0
1,0,0,0,35,1,2,0,0,1,0,1,2,2,0,1,0,36.65,1287.82,0
0,0,1,0,24,1,2,0,2,1,1,0,0,2,1,1,3,53.96,1302.62,0
0,0,1,1,31,0,2,1,2,0,1,0,0,1,0,1,1,26.82,831.87,1
1,1,0,1,66,0,2,1,1,2,1,0,2,2,1,0,3,45.53,3013.45,0
0,0,1,0,66,1,0,1,2,0,0,0,0,0,0,1,3,39.07,2579.79,0
1,0,0,0,41,1,2,2,2,1,2,0,2,1,2,0,3,45.77,1870.9,0
0,0,1,1,36,1,2,1,2,2,2,1,1,0,0,1,2,98.96,3561.08,1
0,0,1,0,34,1,1,1,1,0,1,1,0,0,0,1,2,26.29,892.29,1
0,1,1,0,39,1,0,2,0,0,1,2,1,2,0,1,0,81.77,3182.51,0
1,0,0,0,23,1,2,1,0,0,0,2,0,0,0,1,3,53.8,1241.15,1
1,1,0,1,44,1,1,1,2,1,2,2,0,2,0,1,3,66.87,2949.13,0
0,1,0,0,70,1,2,1,0,0,2,0,0,0,0,1,1,39.64,2768.98,0
1,1,1,0,58,1,0,1,2,0,0,1,0,1,0,1,1,114.08,6622.0,1
1,0,1,0,59,1,0,0,0,2,2,0,0,2,0,1,3,84.95,5004.97,0
1,0,0,0,26,1,0,0,0,1,0,2,0,0,1,0,0,38.54,998.68,0
1,0,1,0,22,1,2,1,1,2,0,1,0,1,1,0,1,67.54,1490.67,0
1,0,0,0,40,1,2,0,2,1,2,2,1,0,0,1,2,33.86,1352.4,1
1,0,1,0,11,1,0,2,0,2,1,2,0,0,2,1,1,109.66,1196.42,0
0,0,0,0,9,1,2,0,2,2,2,2,1,1,2,0,3,65.58,596.51,0
0,0,1,0,12,1,0,0,0,0,1,1,1,1,0,1,0,25.68,302.65,1
1,0,0,1,26,1,2,1,2,0,0,0,0,2,0,1,0,33.41,875.76,0
0,0,1,0,38,1,2,1,1,0,2,2,1,2,2,1,0,68.29,2590.11,0
0,0,1,1,3,1,0,1,2,0,1,1,0,1,2,1,1,38.0,109.1,0
0,0,1,0,15,1,0,1,0,0,1,0,1,2,0,0,0,89.72,1353.48,1
0,0,1,0,47,1,0,2,2,1,1,0,2,1,0,1,2,61.05,2866.34,0
1,1,1,0,5,1,1,1,0,1,0,2,2,2,1,0,0,74.97,378.18,1
0,0,0,1,54,1,0,1,0,2,0,0,0,2,0,1,3,80.38,4337.66,0
0,0,0,0,24,0,0,2,2,0,1,2,2,0,1,0,1,113.53,2725.55,0
1,1,0,0,11,1,2,0,1,0,2,0,0,2,0,0,2,112.07,1238.19,1
1,0,0,1,33,1,0,2,1,0,2,0,2,2,1,0,2,56.03,1857.36,0
0,1,0,0,57,1,0,1,2,2,2,1,1,0,2,1,2,108.28,6175.0,0
0,0,1,0,52,1,2,2,0,0,1,0,0,2,2,1,1,118.14,6140.89,1
0,0,1,0,64,1,2,0,0,0,0,1,2,2,0,1,1,106.68,6825.4,1
0,0,1,0,43,1,2,2,0,2,2,0,0,2,1,1,2,23.36,997.6,0
0,0,0,0,44,1,2,1,0,0,2,0,1,0,0,0,3,51.13,2251.03,0
0,0,1,0,36,1,1,1,2,2,0,1,1,1,0,0,3,29.27,1060.56,0
1,0,1,1,12,1,2,1,1,1,1,0,0,2,0,0,1,86.99,1036.48,0
0,0,0,1,56,1,1,2,2,1,1,0,2,0,2,1,3,53.38,2984.5,0
0,0,1,0,3,1,2,1,2,2,1,0,1,0,0,1,3,37.2,101.99,1
1,1,0,0,50,1,0,1,0,0,0,0,1,2,0,0,3,39.08,1954.52,0
1,1,0,1,29,1,2,2,2,0,2,0,2,2,2,1,3,55.95,1613.71,1
1,0,1,1,16,1,0,0,2,0,0,0,2,2,0,0,0,78.1,1251.18,1
1,0,1,0,40,1,0,0,0,0,0,1,0,0,1,1,1,86.69,3463.28,0
0,0,0,0,27,0,2,1,1,0,0,2,0,1,2,1,3,20.43,557.66,0
0,0,0,1,70,1,2,0,2,1,0,0,0,0,0,1,3,116.86,8180.9,0
0,0,1,0,42,1,0,2,0,0,0,2,2,2,0,0,2,22.35,938.33,0
0,1,0,1,57,1,2,1,0,2,2,1,2,2,0,0,2,116.76,6649.95,0
0,0,0,0,10,1,0,1,0,2,1,2,0,1,2,1,1,45.27,461.21,0
0,0,1,0,38,1,2,0,0,1,0,2,2,2,1,0,2,107.92,4110.01,0
1,0,1,0,8,1,2,2,0,2,0,1,2,0,0,1,2,106.71,858.76,1
0,1,0,0,18,1,0,2,0,0,2,0,0,2,1,1,2,66.9,1200.33,0
1,0,1,0,17,1,0,1,0,0,0,1,2,2,0,0,0,93.74,1599.35,0
1,0,0,1,58,1,0,1,0,2,1,0,0,2,0,0,3,85.04,4936.81,0
0,0,1,1,66,1,0,0,0,0,2,0,0,1,2,1,0,100.85,6650.33,0
1,0,0,0,44,1,2,1,0,1,2,1,2,0,0,0,1,74.13,3253.35,1
0,0,0,0,9,1,2,1,0,2,2,1,0,2,2,0,2,52.08,462.58,0
1,1,0,0,48,1,2,0,1,2,0,0,0,2,2,1,2,60.21,2897.42,0
0,0,1,0,39,1,0,2,1,1,0,1,2,0,0,1,0,32.26,1251.27,0
1,0,1,0,6,0,0,2,0,0,2,1,0,2,2,1,2,47.09,288.38,0
0,0,0,1,30,0,0,0,1,0,0,0,2,0,0,0,0,115.47,3460.47,0
0,0,1,0,18,1,2,1,0,0,1,1,2,1,2,0,1,61.39,1109.49,0
0,0,1,0,43,1,1,2,2,0,2,2,2,0,0,0,0,89.96,3876.27,1
0,0,0,0,33,1,2,2,0,2,0,1,0,1,0,0,2,49.49,1638.93,0
0,0,1,0,53,1,0,0,2,0,0,0,0,1,2,1,1,90.56,4800.43,0
1,0,1,0,56,1,2,1,0,2,2,2,2,0,1,0,3,66.17,3695.62,1
1,0,1,0,19,1,0,2,0,0,0,1,1,1,1,1,1,97.53,1845.83,0
1,0,0,0,69,1,2,0,0,0,2,1,2,2,0,0,1,58.37,4033.2,0
0,1,0,0,26,1,0,1,0,1,1,2,2,2,2,1,3,115.17,2986.36,0
1,0,1,0,29,1,2,1,0,1,2,0,2,0,0,0,3,36.76,1075.5,0
0,0,1,0,24,1,2,1,0,1,0,0,2,2,2,0,2,69.05,1666.61,0
0,0,1,0,6,1,0,0,2,0,2,0,1,2,2,1,2,34.76,204.44,0
1,0,0,0,54,1,1,2,0,2,1,2,0,2,0,0,0,44.7,2404.48,0
1,0,1,0,39,1,2,0,0,0,0,0,1,1,1,0,0,70.44,2752.1,0
0,0,0,0,4,1,0,1,1,0,1,0,0,1,0,1,3,35.86,137.26,0
1,0,1,0,58,1,2,1,1,0,1,0,0,0,1,1,0,29.13,1694.21,0
0,0,0,1,48,1,2,0,0,2,2,2,1,1,0,1,2,103.41,4960.38,0
0,0,1,0,60,1,0,0,0,1,1,1,2,1,0,0,2,54.99,3296.86,0
0,0,0,0,26,1,2,2,0,2,0,0,2,2,2,0,2,89.76,2335.78,0
0,1,1,1,40,0,2,1,2,0,2,1,2,0,1,1,3,66.44,2650.88,0
0,0,1,0,56,1,2,1,0,0,2,0,2,0,0,1,2,93.24,5230.83,0
1,0,0,0,39,1,2,2,0,0,1,0,0,2,0,1,1,44.56,1728.71,0
1,1,0,0,39,1,0,0,0,0,0,2,2,2,0,0,0,28.2,1108.76,0
0,1,1,0,48,1,2,1,0,2,0,2,1,0,1,0,1,70.76,3392.45,0
0,0,0,0,25,1,0,0,0,1,1,0,2,2,1,1,0,82.05,2054.58,1
1,0,0,1,34,0,2,1,0,1,1,0,2,1,0,1,2,113.62,3873.04,0
1,0,0,0,21,1,0,0,2,0,2,0,1,0,0,1,2,95.96,2009.9,0
0,0,1,1,25,1,1,2,0,2,0,1,0,2,1,1,3,106.14,2653.0,0
1,0,0,1,22,1,0,1,0,2,1,0,0,2,1,0,0,91.61,2005.89,0
0,0,0,0,23,1,0,1,0,2,1,0,2,0,0,0,1,118.23,2713.58,0
1,0,1,0,25,0,2,1,0,0,0,1,2,2,0,1,0,92.69,2310.02,0
0,0,0,0,26,1,0,0,0,0,2,0,1,2,0,0,2,83.91,2186.74,0
1,0,1,0,30,1,1,2,0,0,0,0,0,0,0,1,2,50.08,1506.25,1
0,0,1,0,38,1,1,0,0,0,0,2,0,0,1,1,1,43.07,1636.44,0
1,0,0,0,34,1,0,1,0,1,2,0,2,1,0,1,0,46.3,1564.24,0
1,0,0,0,15,1,0,0,2,2,0,2,2,0,0,0,2,20.97,308.67,0
0,0,1,1,44,1,0,2,2,0,2,1,1,1,0,0,1,41.8,1842.73,0
1,1,1,1,10,1,0,1,0,0,0,0,0,2,1,1,0,46.93,459.57,1
0,0,0,0,37,1,1,0,1,1,0,1,0,2,2,1,1,26.85,995.1,0
1,0,1,1,7,1,0,1,2,0,2,1,0,0,1,0,0,19.42,129.16,0
0,0,0,0,32,0,0,2,0,0,0,2,1,0,1,1,3,68.78,2202.6,0
1,0,0,0,11,1,2,1,1,0,2,0,0,2,1,1,0,36.45,406.77,0
0,1,1,1,48,1,2,1,2,1,2,1,0,0,0,1,3,41.62,2005.24,0
1,0,0,0,68,1,2,0,2,1,2,2,2,2,0,1,2,116.83,7943.09,0
0,0,0,1,48,1,2,0,1,2,0,2,0,1,2,1,1,33.16,1593.75,0
1,0,1,0,45,1,2,0,2,0,2,0,2,0,2,0,1,23.27,1047.81,0
0,0,0,0,33,1,0,1,0,1,2,0,1,2,0,1,2,101.18,3339.74,0
0,0,0,0,4,1,0,1,0,0,1,2,2,2,0,0,1,45.45,179.52,1
0,0,0,1,47,1,2,2,2,0,2,0,2,1,2,1,1,68.97,3247.37,0
1,0,0,0,53,1,2,2,2,2,0,2,2,1,0,0,2,102.02,5403.82,0
0,0,1,1,31,1,0,0,0,0,2,2,2,0,2,1,2,69.18,2146.42,0
1,0,1,0,31,1,0,1,0,0,1,2,2,2,0,0,0,107.99,3346.8,1
0,1,1,0,27,1,2,1,2,0,0,2,2,2,0,1,3,84.96,2290.78,0
1,0,1,0,48,1,2,1,0,1,2,2,2,0,2,1,1,80.2,3846.9,0
0,0,1,0,36,1,0,1,0,2,0,0,0,0,1,0,2,94.29,3393.11,0
1,0,0,0,49,1,2,0,0,0,1,1,1,1,0,1,3,40.25,1970.41,1
1,1,0,1,31,1,2,0,0,1,1,1,2,0,0,1,0,35.52,1105.3,1
0,0,0,1,44,1,0,1,2,0,0,1,2,2,2,0,1,102.71,4520.53,0
1,0,0,0,59,1,2,0,0,0,2,0,0,2,0,0,2,108.71,6414.1,0
1,0,0,1,23,1,2,1,0,2,0,1,1,0,0,1,2,34.38,784.17,1
0,0,0,0,68,1,1,1,0,0,0,1,2,2,2,1,2,71.63,4870.27,0
1,0,0,0,42,1,2,2,0,1,0,0,2,1,1,1,3,35.28,1481.43,0
1,0,1,0,42,0,0,2,0,1,0,0,1,2,2,1,3,21.3,898.75,0
1,0,0,0,13,1,2,2,0,0,0,0,2,0,0,1,0,68.52,889.51,1
0,0,0,0,1,1,2,2,0,0,2,2,1,2,1,1,1,78.69,79.08,1
1,0,1,0,53,1,0,2,1,2,0,2,0,2,0,1,2,65.4,3464.22,0
0,0,0,0,40,1,0,1,1,0,0,0,0,2,2,0,3,96.79,3881.17,0
1,0,0,0,46,1,2,2,0,2,1,2,0,2,0,0,3,41.46,1914.28,1
1,0,1,0,22,1,2,1,0,1,2,1,2,2,0,1,1,110.75,2427.36,1
1,0,0,0,52,1,1,2,0,0,1,0,2,0,0,1,3,74.85,3899.35,0
0,0,1,0,28,1,2,0,2,0,2,2,2,2,1,1,2,71.76,2006.57,1
1,0,1,0,53,1,1,1,0,2,2,0,0,2,0,1,1,63.73,3374.34,1
1,0,0,1,63,0,0,2,0,0,2,0,1,0,0,0,1,39.87,2503.72,0
0,0,0,0,17,1,2,1,1,0,0,2,2,1,0,1,2,46.71,802.19,1
1,0,0,0,64,1,2,0,1,2,0,2,2,0,2,0,1,73.8,4730.75,0
0,0,0,0,6,1,2,1,1,0,0,0,0,1,1,1,1,92.81,565.56,1
0,0,1,1,14,0,1,1,0,0,0,1,0,1,0,0,0,32.4,459.02,1
1,0,0,0,17,1,0,1,0,0,2,0,2,2,0,0,3,70.77,1195.21,1
0,0,0,0,38,1,2,1,0,2,0,0,1,0,2,0,2,21.28,799.17,0
1,0,0,0,69,1,1,0,1,1,0,0,1,2,1,1,2,36.67,2538.44,1
0,0,1,0,13,1,1,2,0,2,0,0,1,1,0,1,2,99.02,1288.25,0
0,0,0,1,53,1,2,1,0,0,0,2,2,2,0,1,2,46.02,2433.81,0
1,0,0,0,9,1,2,0,2,0,2,2,2,2,0,0,0,46.68,411.86,0
0,1,0,0,44,1,0,2,0,0,1,1,0,1,0,1,2,71.62,3144.19,0
0,1,0,0,26,1,0,1,0,0,1,1,2,1,1,1,2,55.56,1437.71,0
0,0,1,0,19,1,2,0,2,2,0,0,2,2,0,1,2,102.8,1956.0,1
0,0,0,1,48,1,2,2,0,1,0,0,0,2,2,0,0,63.87,3060.9,0
0,0,0,0,30,1,1,2,2,2,0,2,0,1,0,0,2,104.28,3124.52,1
1,0,1,1,32,1,0,1,1,2,2,0,0,2,0,0,2,19.15,614.77,0
0,0,0,0,69,0,0,0,0,0,0,2,2,1,0,1,1,99.5,6871.31,0
1,0,0,0,11,1,2,0,0,1,1,2,0,1,0,1,2,21.17,230.89,1
0,0,1,0,26,1,0,2,2,2,0,0,0,2,2,1,0,105.64,2737.41,0
1,0,0,0,26,1,2,2,0,0,0,0,2,2,2,1,1,113.89,2964.19,0
1,0,1,0,17,1,0,1,2,0,1,0,0,2,0,0,2,107.32,1828.13,1
0,0,1,0,44,1,0,0,0,2,1,0,0,2,1,1,3,107.78,4739.05,0
0,0,0,0,23,1,2,0,1,0,0,0,2,0,1,0,3,73.87,1689.03,0
0,0,1,0,25,1,0,2,2,0,2,1,0,0,0,0,0,113.4,2836.43,1
1,0,1,0,37,1,2,0,2,0,2,1,2,0,0,0,1,30.36,1128.82,0
0,0,1,0,65,1,0,1,2,2,1,0,1,2,0,1,2,29.51,1912.54,0
1,0,1,0,2,1,0,1,0,1,1,0,0,2,0,0,3,45.97,92.19,0
1,1,0,1,32,1,0,0,1,2,0,1,0,2,0,1,3,73.15,2344.75,0
1,0,0,0,55,1,0,0,0,0,2,1,2,0,0,0,1,35.14,1934.48,0
0,1,0,0,50,1,0,1,0,1,0,0,1,1,0,0,0,106.53,5331.93,0
0,1,0,0,65,1,2,1,2,2,0,0,1,0,2,1,1,44.43,2886.11,1
1,0,1,0,32,1,0,2,0,2,2,1,2,1,0,0,2,110.18,3533.16,0
1,0,0,0,37,1,2,1,2,2,1,2,1,2,2,0,2,47.01,1735.74,0
0,0,0,0,13,1,0,0,0,1,2,1,0,1,1,0,1,32.17,411.29,0
1,1,0,0,54,1,0,1,0,0,0,1,1,2,1,1,3,92.92,5023.37,0
0,0,0,0,3,0,0,0,0,1,0,0,2,1,0,1,0,23.38,60.34,1
1,0,0,0,42,1,2,0,0,0,1,0,2,1,2,0,2,96.5,4062.02,0
0,0,0,1,40,1,1,1,0,1,0,2,0,0,0,0,3,112.17,4478.27,0
1,0,1,0,66,0,0,2,2,0,2,2,2,2,2,1,1,41.48,2743.43,0
0,0,0,0,60,1,1,2,1,1,0,0,1,0,0,1,0,100.01,5993.02,1
1,0,1,0,11,1,0,1,1,0,2,1,1,0,0,1,3,110.53,1211.44,1
0,0,1,1,1,1,0,1,0,2,0,2,0,0,1,1,1,50.75,52.77,1
0,1,1,1,26,1,1,2,2,2,0,2,2,1,1,1,2,96.55,2503.1,0
1,0,1,0,42,1,0,1,0,2,0,0,0,0,1,1,3,28.26,1178.87,0
1,1,1,1,62,1,0,1,1,2,2,0,2,2,1,0,0,105.26,6534.75,0
0,0,1,0,61,1,2,1,0,0,2,0,1,2,0,1,2,65.0,3969.41,0
1,0,0,0,62,1,2,0,1,2,2,2,0,2,0,1,2,43.15,2667.7,0
0,0,0,0,12,1,2,1,0,0,0,2,2,0,2,0,0,71.15,854.18,0
1,0,0,1,27,1,0,2,1,2,0,0,0,2,0,0,0,44.12,1197.94,1
0,0,1,0,67,1,0,1,1,0,0,0,2,2,0,1,1,98.42,6585.88,0
0,0,0,0,28,1,2,0,2,1,1,2,2,0,0,1,2,50.59,1422.73,0
0,0,0,0,66,1,0,1,0,0,0,2,2,0,1,1,3,25.6,1696.46,1
0,1,1,0,28,1,0,1,2,2,1,1,1,1,0,0,0,21.77,606.39,1
0,1,0,0,21,1,2,2,2,2,1,0,0,1,2,0,0,44.39,942.1,0
0,0,0,1,7,1,2,0,0,1,1,0,2,2,2,1,3,71.73,499.97,0
1,0,1,0,14,1,2,1,1,2,1,2,2,0,0,1,0,82.07,1157.03,0
1,0,0,0,39,1,2,1,1,0,0,0,0,1,2,1,2,69.12,2703.64,0
1,0,0,0,62,1,2,2,2,1,0,0,0,0,2,1,0,88.46,5488.79,0
0,1,1,0,12,1,2,1,2,2,0,2,2,2,2,0,3,86.7,1030.42,0
0,0,1,0,38,1,0,2,0,0,2,1,0,1,0,0,0,75.95,2889.76,0
0,0,1,1,58,1,2,0,2,2,2,1,2,1,1,1,0,86.78,5025.13,0
0,1,1,0,56,1,2,0,0,2,2,1,1,2,0,0,2,104.86,5862.88,0
1,0,0,0,39,0,0,1,1,2,2,0,2,1,0,1,0,22.3,863.31,0
1,1,0,0,4,1,0,1,1,0,0,0,1,2,0,0,1,101.95,408.03,1
0,0,1,0,48,0,1,1,1,1,1,0,0,2,0,1,2,54.03,2592.65,0
1,0,0,0,7,1,2,0,0,0,0,2,1,2,0,1,2,48.96,340.51,0
1,0,1,0,60,1,0,1,0,0,1,2,0,0,2,1,2,104.99,6300.1,0
0,0,1,0,40,1,0,1,0,2,2,0,1,0,2,0,2,79.24,3164.89,0
1,0,1,1,8,1,0,1,2,2,1,0,2,2,0,1,1,24.14,189.38,1
0,0,0,0,58,1,2,0,1,0,2,2,2,2,0,0,1,37.41,2163.96,0
1,0,1,0,57,1,2,2,2,1,1,0,2,2,0,1,3,112.27,6398.44,0
0,0,1,0,35,1,0,1,1,2,1,0,2,1,0,1,1,59.71,2094.14,0
0,0,1,1,13,1,0,0,0,0,1,1,1,2,0,0,2,45.67,593.94,0
0,0,0,0,39,1,1,1,0,1,1,0,0,0,1,1,3,38.14,1494.48,0
0,0,0,0,21,1,1,0,0,0,0,2,1,0,0,0,3,74.19,1557.82,1
1,0,1,0,47,0,2,1,2,0,2,1,0,0,0,0,2,115.55,5424.89,0
0,0,1,0,2,1,0,1,0,0,1,1,1,0,1,1,0,31.74,63.72,0
0,0,0,0,44,1,0,2,0,2,0,0,0,2,0,1,1,42.3,1858.63,0
0,0,0,0,30,1,0,2,0,2,1,1,2,1,0,1,1,68.05,2041.33,0
1,0,1,0,55,1,1,0,1,2,0,2,2,2,0,1,2,39.89,2185.92,0
0,0,0,0,40,1,2,0,2,2,2,1,0,2,2,0,1,118.7,4753.53,0
1,0,0,1,24,1,0,0,0,0,2,2,1,0,0,1,0,59.39,1422.3,0
0,1,1,0,42,1,1,1,1,0,0,0,2,0,2,1,0,62.53,2616.6,0
1,0,0,1,28,1,0,0,0,1,2,0,0,1,0,1,2,40.28,1129.16,0
1,0,0,0,51,0,1,2,1,2,0,0,2,2,0,0,0,98.23,5013.41,0
0,0,0,0,22,1,0,1,0,1,0,2,1,1,2,0,2,65.0,1421.45,0
1,0,1,1,8,1,0,1,1,2,0,0,1,1,2,1,3,83.42,664.86,0
0,1,1,0,14,1,2,1,1,2,1,1,2,0,0,1,2,35.76,500.23,0
0,0,1,0,45,1,0,2,1,0,2,1,0,2,0,1,2,31.25,1406.3,0
0,0,1,0,38,0,0,0,1,1,0,0,0,0,0,0,0,74.61,2825.89,1
1,0,0,1,32,0,2,1,2,0,0,0,0,2,0,0,0,36.14,1159.14,0
1,0,0,0,62,1,0,1,0,0,1,1,2,1,0,1,3,70.03,4333.74,0
0,0,0,1,67,1,2,1,2,0,2,2,1,0,0,1,0,118.67,7947.9,0
0,0,0,1,61,1,0,1,2,0,0,1,2,0,0,0,1,62.65,3821.8,0
1,0,1,1,13,1,0,0,0,2,1,2,0,1,0,0,2,20.76,274.9,0
0,0,0,0,47,1,0,1,1,0,0,1,2,0,2,1,2,82.0,3851.31,0
0,0,0,1,54,1,0,2,0,0,1,1,0,2,0,0,2,44.27,2397.0,0
0,0,1,1,71,1,2,0,1,0,1,2,1,2,0,0,0,112.79,8013.55,0
1,0,0,0,52,1,1,1,1,2,1,1,2,1,2,1,0,41.74,2168.58,1
1,0,1,0,72,1,2,0,2,0,0,0,1,1,2,0,3,111.98,8070.1,0
1,1,0,1,25,1,2,1,2,0,0,1,0,1,0,0,0,20.09,511.49,0
0,0,0,0,23,1,1,2,0,0,2,2,2,2,0,0,3,116.58,2676.76,1
0,1,1,0,30,1,2,1,0,0,2,1,2,2,0,1,1,45.73,1378.33,1
0,0,0,1,11,1,0,0,2,0,2,0,0,2,0,1,2,96.8,1060.52,0
1,0,0,0,35,1,2,0,1,0,2,0,2,1,1,0,0,65.12,2282.92,1
0,0,1,1,27,1,2,2,2,2,2,0,1,2,2,1,2,55.48,1501.32,0
0,0,1,1,67,1,0,0,2,1,2,0,2,0,2,1,2,114.53,7679.32,0
0,0,1,0,47,1,0,0,0,1,2,0,0,2,0,1,2,112.9,5300.65,1
0,0,0,1,50,1,0,1,0,2,2,1,0,1,0,1,0,78.95,3956.18,0
1,0,0,1,8,0,0,0,1,1,2,0,2,0,0,0,2,112.65,899.79,1
1,1,0,0,55,0,1,2,1,0,0,1,1,1,0,1,2,97.51,5353.1,0
0,0,0,0,42,1,2,0,1,0,1,2,2,0,0,1,0,54.77,2305.8,1
1,0,0,0,67,1,0,1,2,1,1,1,1,0,0,1,2,108.3,7264.73,0
1,0,1,0,20,0,1,0,0,1,1,1,2,2,0,1,3,54.3,1095.37,0
0,0,0,0,45,1,1,1,0,2,0,2,2,2,2,0,1,113.34,5097.56,0
0,0,1,0,35,1,0,1,2,0,2,0,1,2,1,0,1,70.1,2443.91,0
1,0,1,0,20,1,1,2,0,1,0,0,0,2,0,0,0,92.49,1846.64,0
0,1,0,0,24,0,0,1,0,0,0,0,0,0,2,1,2,82.27,1982.15,0
1,0,1,0,57,1,1,0,0,2,0,2,2,0,0,1,1,91.97,5249.16,0
0,0,0,1,55,1,1,0,2,1,1,2,2,0,0,1,3,36.4,1999.58,0
1,0,0,0,9,1,2,2,1,2,2,1,0,0,0,1,2,107.62,961.64,1
0,1,1,0,16,1,2,1,0,0,0,0,0,2,2,1,1,100.9,1617.29,0
1,0,1,0,55,1,0,1,0,0,0,2,2,0,2,1,2,81.66,4494.58,0
1,0,0,0,72,0,2,2,1,0,1,0,2,0,0,0,0,39.54,2849.49,0
1,0,0,0,58,1,1,0,1,2,2,1,1,2,0,1,3,75.84,4391.73,0
0,0,1,0,64,1,2,1,1,2,2,0,1,2,2,1,1,62.08,3979.61,0
1,0,1,0,49,0,1,0,0,2,0,2,2,2,0,0,3,20.06,973.67,0
1,0,0,0,29,1,2,0,0,0,1,0,1,0,0,0,1,111.03,3229.27,0
0,0,0,0,7,1,2,0,0,0,2,1,2,2,1,1,3,95.55,676.88,0
0,0,1,0,69,1,2,2,0,1,0,1,1,0,1,0,2,108.46,7493.62,0
1,0,1,0,2,1,2,1,1,0,2,0,2,0,1,0,1,78.86,159.71,1
1,0,0,0,33,1,0,0,0,2,2,2,0,1,2,1,3,51.65,1706.52,0
0,0,0,1,48,0,0,0,0,1,0,1,0,1,0,0,1,62.43,2994.33,0
0,0,0,0,37,1,2,0,0,2,0,1,2,2,1,1,1,101.59,3751.09,0
0,0,0,0,30,1,0,2,0,0,1,1,0,2,2,0,0,38.29,1153.8,0
0,0,0,0,41,1,1,1,1,0,0,0,2,2,0,1,3,33.47,1372.1,0
0,0,1,0,4,1,0,2,2,2,0,0,2,2,2,1,2,28.34,110.65,0
1,0,0,0,39,1,2,2,0,2,2,2,0,2,1,0,0,28.25,1109.26,0
0,1,1,1,24,1,1,2,0,1,2,0,1,2,0,0,0,67.15,1601.64,1
1,0,0,0,50,1,2,0,2,2,0,0,1,2,1,0,2,92.24,4611.57,0
1,0,1,0,37,1,2,0,0,0,2,2,1,2,2,0,1,107.73,3989.06,0
1,0,1,0,53,1,0,1,0,1,2,2,1,1,2,1,3,75.32,3982.04,0
0,0,0,0,25,1,0,1,0,1,0,1,0,1,0,1,0,68.12,1707.55,1
1,0,0,0,31,1,2,1,2,2,1,2,2,2,2,0,1,57.16,1765.28,0
1,0,1,0,38,1,2,0,1,2,2,0,1,0,0,0,1,48.47,1848.77,0
0,0,0,0,58,1,0,2,1,0,0,0,2,2,0,1,1,21.62,1259.25,0
1,0,1,0,53,1,0,0,0,2,2,0,1,2,1,1,1,91.7,4852.9,0
1,0,1,1,50,1,0,0,0,0,2,2,0,0,0,0,1,25.37,1269.98,1
0,0,0,0,4,1,1,1,2,0,1,0,0,2,0,1,0,94.44,382.91,0
1,0,1,0,52,1,0,0,0,0,0,0,2,0,0,0,2,89.98,4669.55,1
1,0,0,0,31,1,2,0,2,0,2,1,2,2,1,1,2,117.49,3643.09,0
1,1,1,1,14,1,2,0,0,1,1,0,0,0,0,1,0,20.26,274.65,1
0,1,0,0,1,0,2,0,1,2,0,0,2,0,0,0,0,42.66,45.05,0
0,0,0,0,43,1,0,0,2,0,0,0,2,1,0,0,3,26.52,1148.0,0
0,0,1,0,59,1,0,0,0,2,0,1,2,2,0,1,1,112.0,6605.9,0
1,0,1,0,61,1,2,1,2,2,2,0,0,0,0,1,2,69.91,4263.23,0
1,0,0,0,41,1,2,1,0,2,0,0,0,0,1,0,2,114.3,4695.85,0
0,0,0,0,18,1,0,1,2,0,2,2,0,1,2,0,1,33.86,608.6,0
1,0,1,0,60,1,2,1,0,1,2,0,2,2,0,1,3,51.41,3080.31,0
1,0,0,0,69,1,2,0,0,0,0,2,0,2,0,1,2,82.46,5699.67,0
0,0,1,0,59,1,2,0,2,2,2,2,2,2,0,1,2,45.93,2713.48,0
0,0,1,0,42,1,0,2,1,0,0,0,2,2,1,0,0,110.9,4659.43,0
1,0,0,1,36,1,2,1,1,2,0,0,0,1,0,1,2,62.35,2247.79,1
1,0,1,1,40,1,1,0,1,0,0,0,0,0,0,0,3,79.94,3203.41,0
1,0,0,0,30,1,2,2,2,1,0,0,0,0,0,1,1,53.52,1596.35,1
0,1,0,0,11,1,0,1,2,2,1,2,0,1,1,1,3,39.24,425.64,0
0,0,0,1,25,1,0,0,0,2,1,0,0,2,0,0,3,98.47,2452.48,0
0,0,0,1,45,1,1,2,1,2,1,1,2,1,0,1,2,97.94,4403.31,0
0,1,0,0,51,1,0,1,0,2,0,1,2,0,1,1,2,100.2,5115.38,0
1,1,0,0,43,1,2,2,0,0,0,0,2,2,0,1,3,51.43,2209.56,0
0,0,0,1,66,1,0,0,1,2,2,0,1,0,0,0,2,104.1,6874.53,0
0,0,0,0,47,1,2,0,2,2,0,0,2,1,1,0,3,50.31,2360.68,0
0,0,0,0,24,1,0,1,1,0,0,2,1,0,0,0,0,54.54,1318.61,1
0,0,1,0,37,1,0,0,1,1,0,0,1,1,2,1,2,48.34,1780.4,0
0,0,0,0,56,1,0,0,1,0,0,1,0,1,0,1,2,61.53,3447.18,0
1,0,0,1,46,0,0,2,2,0,0,0,0,0,1,1,1,20.92,964.34,0
1,0,0,1,28,1,2,0,0,2,1,0,0,2,0,1,0,43.44,1220.92,0
0,0,0,1,52,1,0,2,0,0,2,0,2,2,1,0,0,43.9,2273.03,0
1,0,0,1,15,1,2,1,2,2,0,0,2,0,0,1,3,103.87,1553.28,0
0,0,0,1,45,1,0,2,0,1,0,0,2,0,1,1,0,88.01,3959.32,0
0,0,1,1,58,1,0,1,0,2,2,0,1,2,0,1,3,44.66,2590.81,0
1,0,0,0,67,1,0,1,0,2,1,2,0,1,0,0,2,54.7,3656.23,0
1,0,1,1,72,1,2,0,0,2,0,0,0,1,1,0,3,115.0,8286.32,0
0,0,0,0,41,1,2,1,2,1,0,0,1,0,1,0,0,78.22,3199.71,0
0,0,0,0,65,1,0,0,1,0,0,0,0,0,0,1,2,88.53,5755.96,0
0,1,1,0,40,1,0,0,1,1,2,2,2,0,0,1,0,115.84,4630.16,1
1,0,1,1,5,0,2,0,0,0,0,2,1,2,0,1,2,84.54,422.69,0
0,0,0,1,28,1,2,0,2,1,2,2,2,2,2,0,2,58.45,1627.52,0
0,0,1,0,38,1,0,0,0,2,0,0,2,0,2,1,0,56.74,2163.04,0
0,0,1,0,18,1,2,1,2,2,2,0,2,0,0,0,2,29.51,526.77,1
1,0,0,0,37,0,0,0,0,0,1,0,0,0,0,1,0,28.4,1046.6,0
0,0,1,0,27,0,0,0,0,0,0,1,1,0,0,0,0,56.23,1516.82,0
0,0,0,0,25,1,2,2,1,0,1,1,0,2,0,1,2,60.38,1504.87,1
1,0,0,0,69,1,2,1,2,0,0,1,0,2,1,0,3,84.27,5816.26,0
0,1,1,0,27,1,2,2,2,0,1,1,0,1,0,1,1,64.56,1750.4,1
0,0,1,0,54,1,0,2,1,1,0,0,0,0,0,0,0,91.27,4927.41,0
1,0,0,0,7,1,0,0,1,1,0,2,0,2,0,1,2,28.33,190.57,1
0,1,0,0,27,1,2,2,0,2,2,0,2,2,0,0,2,49.98,1356.99,0
1,0,0,1,59,1,2,0,2,0,1,2,0,2,2,0,1,109.07,6435.58,0
1,0,0,0,72,1,2,2,0,0,0,0,2,2,2,1,3,22.65,1639.99,0
0,0,0,0,31,1,0,1,0,0,1,2,0,2,0,0,2,84.33,2621.65,0
0,0,1,0,68,1,0,1,1,2,0,2,0,2,0,0,3,73.94,5035.27,0
0,0,1,0,4,1,0,1,0,0,2,0,0,2,0,0,0,24.32,89.71,0
0,0,1,0,18,0,0,2,2,1,2,2,2,0,2,0,0,31.48,567.13,0
1,0,1,1,63,1,0,1,0,2,1,0,2,2,0,0,0,47.1,2974.24,0
0,0,0,1,52,0,0,1,2,1,2,1,0,0,0,0,0,28.51,1488.28,1
1,0,0,1,63,1,2,0,2,2,2,2,2,1,1,1,3,55.42,3491.92,0
0,0,1,0,45,1,2,2,0,0,2,2,0,2,0,1,3,85.61,3862.33,1
0,0,0,0,12,1,2,0,2,0,2,2,1,0,1,1,3,91.94,1111.65,0
0,0,1,0,8,1,2,1,1,0,2,0,2,2,2,1,2,55.12,439.45,0
1,0,1,0,22,1,0,1,0,1,1,2,2,2,0,0,0,106.91,2346.74,0
0,0,0,1,41,1,2,1,0,1,0,1,1,0,1,0,0,106.14,4349.33,0
0,0,1,1,41,0,2,1,0,0,2,0,2,1,0,0,1,32.67,1335.12,0
0,0,1,0,57,1,2,1,1,0,0,2,1,0,0,1,2,85.97,4903.27,0
0,0,1,0,32,1,0,2,1,0,2,2,1,2,0,1,0,45.13,1448.3,0
1,0,1,0,55,1,0,0,1,2,0,0,0,2,2,0,3,77.93,4278.92,0
0,1,0,0,6,1,2,2,0,2,0,1,0,0,0,1,1,56.05,332.05,1
1,0,0,0,39,1,2,2,2,0,2,0,2,0,2,0,2,75.37,2948.11,0
1,0,1,1,9,1,2,2,0,0,2,2,2,2,0,1,1,81.36,734.98,0
1,0,1,0,32,1,2,2,0,2,0,0,0,0,2,1,1,33.41,1073.07,0
1,0,0,0,36,1,0,1,2,1,2,1,0,0,0,0,3,68.78,2467.03,0
1,0,0,0,16,1,2,0,2,2,1,0,1,2,0,0,2,34.76,554.45,0
1,0,1,0,12,1,2,1,0,2,1,0,0,0,2,1,2,36.39,445.67,0
0,0,1,1,41,1,2,1,0,1,0,0,0,0,0,1,1,93.12,3823.69,0
1,0,0,1,67,1,2,2,0,0,2,0,2,1,0,1,0,110.09,7381.66,0
1,0,0,0,58,0,1,1,0,0,0,1,0,2,2,0,1,62.6,3638.74,0
1,0,1,0,9,1,2,2,0,2,2,0,2,2,2,0,0,94.26,842.44,0
0,1,0,0,17,1,0,1,0,1,2,1,0,1,1,1,2,76.11,1303.59,0
0,0,1,1,5,0,2,0,0,2,1,0,1,2,2,1,2,106.37,530.71,0
1,0,0,0,26,1,2,0,1,2,2,1,0,0,0,1,3,111.79,2913.41,1
0,0,0,1,1,1,2,1,2,2,2,0,2,2,1,0,3,102.27,98.36,1
1,0,0,1,1,1,2,0,0,0,1,0,0,1,1,0,2,111.04,114.05,0
1,0,1,1,35,1,1,0,0,1,2,1,1,2,2,1,0,43.36,1508.85,0
0,0,1,0,9,1,0,1,2,2,0,2,0,2,2,1,2,47.31,434.96,0
1,0,1,0,38,1,2,2,0,2,1,2,0,0,0,0,3,77.22,2926.7,1
0,0,0,0,4,1,0,1,0,0,2,2,0,2,0,0,2,98.7,398.6,1
0,0,1,1,52,1,0,2,0,1,0,2,1,0,1,0,0,26.8,1383.72,0
1,0,1,1,19,1,2,0,2,2,2,1,2,0,2,1,3,50.5,959.78,0
1,0,1,1,5,1,0,0,0,0,0,2,1,0,0,0,1,50.91,251.01,1
0,1,0,0,48,1,0,1,2,0,2,2,1,1,0,0,2,105.56,5061.53,0
1,0,1,1,63,1,0,2,0,1,0,0,0,0,0,0,1,93.12,5870.84,0
1,0,1,0,38,1,1,1,0,0,0,0,0,2,0,1,1,83.65,3177.56,0
1,0,1,1,52,1,0,0,1,2,2,0,1,2,0,0,2,36.98,1919.31,0
0,1,0,1,46,1,0,1,2,0,0,0,1,0,0,1,1,70.91,3260.83,0
0,0,0,1,9,1,2,2,0,2,2,0,1,0,0,0,2,19.18,168.92,0
1,0,0,1,50,1,0,0,0,0,1,0,0,1,1,1,3,39.09,1952.95,0
0,0,0,0,66,1,1,0,0,2,0,1,2,2,1,1,1,98.85,6517.39,0
0,0,0,0,38,1,0,1,1,2,0,2,2,2,0,1,1,84.08,3203.54,0
0,0,1,0,27,1,2,0,0,2,0,0,1,0,0,1,3,73.24,1975.9,1
0,0,0,1,20,1,0,1,0,1,1,1,0,2,0,1,2,103.0,2059.32,1
0,1,1,1,62,1,0,0,2,0,0,2,2,2,0,1,3,62.65,3888.81,0
1,0,1,0,16,1,2,0,1,2,2,0,2,1,1,0,1,46.4,734.88,0
1,0,0,0,13,1,0,1,0,2,1,0,2,2,0,0,0,102.53,1326.8,1
1,0,1,0,20,1,0,0,2,2,0,2,2,2,0,1,2,48.69,966.81,1
0,0,1,0,24,1,2,0,0,2,2,0,1,0,0,1,3,104.26,2501.83,1
0,1,1,0,50,1,0,2,0,0,2,1,1,2,0,0,0,84.9,4246.74,1
1,0,0,1,7,1,1,0,2,0,1,2,1,2,2,0,1,81.71,576.26,1
0,0,1,0,29,0,0,1,1,1,2,0,2,2,2,0,1,26.26,770.41,0
1,0,0,0,5,1,2,2,0,1,0,0,2,0,0,0,1,66.23,322.87,1
1,0,0,0,35,1,2,0,0,0,2,0,2,0,1,0,1,55.77,1955.41,0
1,0,0,0,65,1,0,0,0,1,0,0,2,2,0,1,2,111.43,7248.05,0
0,0,1,0,70,1,0,1,2,0,2,0,2,2,2,1,1,19.5,1368.29,0
0,0,0,1,7,1,0,0,1,0,2,1,1,0,2,1,1,78.85,559.05,1
1,1,1,0,44,1,2,1,0,1,0,2,1,1,0,0,0,59.67,2625.88,0
1,0,1,1,72,1,0,2,0,1,1,1,2,1,2,1,3,99.14,7144.44,0
1,1,1,0,13,1,1,0,0,1,0,0,2,2,0,0,1,102.1,1318.69,1
1,0,0,0,38,1,2,1,1,2,2,2,2,0,1,0,0,64.9,2468.93,0
0,0,1,0,13,0,0,2,0,2,2,2,0,2,0,1,1,34.3,454.72,1
0,0,1,0,54,1,0,0,2,1,0,2,0,2,0,0,3,38.8,2094.3,0
1,0,1,0,44,1,2,0,0,0,0,0,0,2,2,0,2,91.01,3996.87,0
1,0,1,1,13,1,2,1,0,1,0,0,1,0,0,1,1,100.96,1309.75,1
0,0,0,0,25,1,2,2,1,0,0,2,2,0,0,0,1,55.09,1384.26,1
0,0,0,1,24,1,2,0,0,0,1,1,2,2,2,1,1,55.06,1313.98,0
1,0,0,0,29,1,0,0,0,2,0,1,2,1,0,1,1,35.12,1019.03,1
1,0,1,0,70,1,0,0,2,0,0,2,2,2,2,0,3,84.32,5909.54,0
1,0,1,1,18,1,1,1,0,1,2,0,0,2,0,1,0,30.34,551.85,1
0,0,0,1,5,1,0,0,0,0,0,2,2,0,2,0,1,88.93,444.9,0
0,0,1,0,18,1,1,1,2,0,0,0,0,1,0,0,2,78.36,1412.97,0
0,0,0,0,63,1,0,1,0,0,0,0,0,1,0,1,2,99.72,6277.95,0
1,0,1,0,37,1,1,2,1,2,0,0,0,2,2,1,2,78.4,2909.46,0
1,1,0,1,71,1,0,2,2,2,2,0,2,2,2,0,2,39.08,2765.3,0
0,0,1,0,55,1,0,2,0,0,2,1,0,0,0,1,3,76.4,4199.31,0
0,0,1,0,12,1,0,0,2,2,2,0,2,0,2,0,3,109.19,1308.19,0
1,0,0,1,52,1,2,0,2,0,0,0,1,0,0,0,3,97.88,5095.27,0
0,0,0,0,57,1,0,1,2,1,0,0,0,2,0,0,1,35.46,2020.68,0
0,0,1,0,46,1,0,1,0,0,0,2,2,2,0,1,2,27.63,1278.14,1
1,0,0,0,44,1,2,1,1,1,0,1,0,2,2,1,0,114.63,5039.4,0
0,1,0,0,24,1,2,0,0,2,0,0,2,1,0,1,1,93.22,2230.83,1
1,0,1,0,9,0,0,1,2,0,0,0,2,2,0,1,0,101.4,907.54,1
1,0,1,0,12,1,0,0,2,2,1,2,2,1,2,1,2,108.73,1298.22,0
1,0,1,1,9,1,2,1,0,2,0,0,2,2,2,1,2,65.18,583.44,1
1,0,1,0,22,1,1,0,2,1,0,0,1,0,1,0,1,106.09,2328.84,0
1,0,0,1,17,0,1,2,1,2,2,0,0,2,2,0,3,31.38,535.8,0
1,0,1,0,33,1,2,0,2,2,0,0,2,1,2,1,3,52.31,1716.5,0
1,0,1,0,47,1,0,2,0,1,0,1,0,1,0,1,1,52.57,2470.88,0
0,1,1,1,15,1,1,2,0,1,1,2,0,2,0,1,0,21.84,325.46,0
1,0,0,1,33,0,0,1,0,1,0,2,2,2,2,1,0,37.07,1219.95,0
1,0,1,0,15,1,0,2,2,2,2,1,0,2,1,1,0,91.48,1363.71,0
0,0,1,0,27,0,2,0,0,2,0,2,0,1,2,0,0,64.75,1752.8,0
0,0,1,0,61,1,0,1,0,0,1,1,2,2,1,0,0,78.22,4768.66,0
0,0,0,0,68,0,0,2,0,0,0,2,0,2,0,1,0,80.09,5454.92,0
1,0,1,0,48,1,2,0,1,2,2,0,1,1,2,0,2,39.44,1902.12,0
0,0,0,0,8,1,0,1,2,2,0,1,2,0,1,1,2,111.36,892.35,0
1,0,1,1,6,1,0,1,2,0,2,0,0,1,0,1,2,32.31,190.89,1
1,0,1,0,63,1,0,1,0,0,1,0,1,0,1,0,1,18.57,1167.9,0
1,1,0,0,2,1,0,2,2,2,0,2,1,2,0,1,0,44.74,85.23,1
1,0,1,0,22,1,2,1,0,1,1,2,0,1,0,1,1,69.17,1525.41,1
0,1,0,1,21,1,0,0,2,2,2,1,0,0,0,0,0,35.12,738.21,1
0,1,0,0,6,0,0,2,1,1,1,1,0,0,0,0,3,95.98,574.33,1
1,0,0,0,70,1,2,0,0,1,2,2,1,2,0,1,1,39.33,2753.57,0
1,0,0,1,13,1,0,2,0,0,0,1,2,1,0,1,1,114.16,1476.51,0
1,0,1,0,1,1,0,2,1,0,2,0,0,1,1,1,0,89.58,92.84,1
0,0,1,0,22,1,0,2,1,2,2,0,2,2,1,1,0,104.22,2293.14,0
1,0,0,1,24,1,1,1,0,1,1,2,2,2,1,1,0,73.35,1762.7,1
1,0,0,1,64,1,0,1,1,2,2,0,0,0,2,0,2,73.87,4723.23,0
0,1,0,0,41,1,1,1,0,0,2,0,0,2,2,0,0,116.22,4769.88,0
0,0,1,0,22,1,0,1,2,0,1,0,2,2,1,0,1,30.02,660.01,1
1,0,1,1,61,0,0,0,1,2,0,0,2,0,0,0,3,76.63,4666.4,1
0,0,0,1,12,1,1,0,0,1,0,0,2,2,0,1,2,25.09,304.47,1
0,1,1,0,4,1,2,1,2,1,2,2,1,1,0,0,1,117.77,463.34,0
1,0,1,0,12,1,2,1,1,2,1,2,0,1,1,1,1,81.64,970.87,0
0,1,1,1,33,1,0,1,0,0,0,2,0,1,2,1,1,26.58,882.03,0
1,0,0,1,21,1,2,1,1,0,2,1,1,2,2,1,2,47.0,986.42,0
0,0,1,0,72,1,2,1,1,1,0,1,0,2,0,1,2,107.8,7752.11,0
1,0,0,0,72,1,2,1,0,2,0,1,1,0,1,1,3,26.44,1903.94,0
1,0,1,0,52,1,0,0,2,1,0,2,1,1,1,1,2,45.8,2389.5,0
1,0,0,0,47,1,2,1,0,2,1,1,2,2,1,1,0,69.0,3234.9,0
0,0,0,0,59,1,2,0,0,2,0,2,0,2,2,0,0,117.0,6899.94,0
1,0,1,0,47,1,0,1,2,0,0,0,0,0,0,1,1,39.18,1848.07,1
0,0,0,0,56,0,2,0,2,2,0,0,0,0,1,0,3,97.88,5476.36,0
1,0,1,0,13,1,2,1,2,1,0,2,0,0,0,1,0,52.71,677.4,0
1,1,1,1,44,1,0,0,0,2,0,0,2,0,0,0,3,19.18,842.79,1
0,0,0,0,35,1,0,0,2,1,1,2,1,0,2,0,2,96.86,3397.39,0
1,0,1,0,29,1,1,2,2,1,0,0,2,0,0,1,1,67.48,1953.42,1
1,0,1,0,56,1,0,0,0,1,0,0,0,0,1,1,2,66.48,3729.61,0
0,0,1,0,5,1,1,1,2,0,0,0,2,0,2,0,2,85.95,422.02,1
1,0,1,0,67,1,0,2,2,0,2,0,0,2,2,0,2,83.63,5601.35,0
1,0,0,0,53,1,2,1,1,0,0,0,1,1,0,0,1,84.21,4462.9,0
1,0,1,0,60,1,2,1,0,1,1,1,0,2,1,0,2,50.98,3056.7,0
1,0,0,0,6,1,0,2,0,2,2,1,0,2,1,0,3,76.59,467.29,1
0,0,0,0,48,1,0,0,1,0,0,1,2,0,1,1,3,106.46,5106.33,0
0,0,1,0,35,1,1,1,2,1,2,0,0,2,0,1,2,108.01,3787.63,1
1,0,1,0,18,1,2,0,0,0,0,1,1,2,2,0,0,58.94,1067.59,0
0,0,0,1,11,1,0,0,0,0,0,0,1,2,0,0,3,41.69,464.18,1
1,0,1,1,51,1,2,0,0,0,0,2,0,0,0,1,0,25.78,1309.88,0
0,0,1,0,23,0,1,1,0,1,2,2,0,1,1,1,3,104.45,2399.64,1
1,0,1,0,47,1,0,2,2,2,1,0,2,0,0,0,2,34.87,1640.14,1
1,1,0,0,59,1,0,2,0,1,2,0,0,0,0,1,0,50.11,2949.47,0
1,0,0,1,57,0,1,1,0,2,0,1,0,0,0,1,3,99.84,5689.6,0
1,0,1,0,56,1,2,1,0,1,0,1,2,1,2,0,2,96.99,5421.58,0
1,0,1,1,27,1,0,1,0,2,0,0,1,2,2,1,3,61.91,1665.94,0
1,0,0,0,35,1,0,2,0,2,2,2,0,0,2,1,3,87.96,3086.01,0
0,0,0,1,55,1,2,0,1,1,0,0,0,2,0,0,0,42.23,2312.86,0
1,0,0,1,9,1,0,0,0,0,1,0,2,2,0,1,0,111.7,1002.75,0
0,0,0,1,18,1,1,1,2,0,0,2,2,2,1,1,2,113.89,2058.6,0
1,0,1,0,44,1,2,1,1,0,0,1,0,2,2,1,2,112.94,4975.16,0
0,0,0,0,21,1,0,1,1,0,0,2,0,1,0,0,3,80.87,1691.25,1
0,0,1,1,56,0,2,1,1,2,1,0,0,0,0,1,3,25.43,1420.22,0
0,0,1,0,48,0,2,0,0,2,0,0,2,2,0,0,3,79.91,3840.26,1
1,0,0,1,1,0,0,0,0,0,0,0,0,2,0,1,0,60.64,61.65,1
1,0,1,0,27,1,0,2,1,2,1,0,1,0,0,1,1,57.97,1571.12,0
0,0,0,0,45,1,1,0,2,0,0,2,0,1,0,0,0,21.06,941.03,1
1,0,1,0,63,1,0,0,1,1,0,2,0,0,0,0,2,106.09,6681.04,0
0,0,0,0,58,1,2,1,2,0,0,2,0,2,2,0,2,104.45,6063.24,0
1,0,0,0,40,1,0,1,2,0,1,2,1,1,0,1,3,50.8,2030.25,0
0,0,1,0,63,1,0,1,2,0,0,1,1,1,2,1,2,116.5,7342.79,0
0,0,0,0,38,1,0,1,0,2,0,0,0,2,0,0,3,31.9,1206.11,0
1,0,1,0,29,0,0,2,2,1,2,2,2,0,1,1,0,102.19,2966.55,0
0,0,0,1,40,1,2,0,2,0,2,1,2,2,2,1,0,80.74,3223.06,0
1,0,1,0,19,1,2,1,0,2,0,0,0,2,0,1,2,67.07,1279.57,0
0,0,0,0,56,1,2,1,0,2,2,2,2,0,0,0,3,115.08,6445.32,0
0,0,1,0,44,1,2,0,1,0,2,0,0,0,2,1,3,76.85,3380.01,0
1,0,1,0,65,1,0,1,2,0,1,0,0,0,0,1,2,102.04,6624.01,0
1,0,1,0,13,1,0,2,0,2,1,0,0,1,2,1,0,41.59,543.97,0
1,0,1,1,30,1,0,1,2,0,2,0,2,2,0,1,0,21.49,638.51,0
0,0,0,1,49,1,2,2,0,0,1,2,2,0,0,0,1,39.47,1926.47,0
1,0,0,0,63,1,0,1,0,2,1,1,1,0,2,0,2,117.58,7400.67,0
0,0,0,0,71,1,2,1,0,0,0,2,2,1,2,1,0,74.66,5294.56,0
0,1,1,0,35,1,2,2,0,2,2,0,1,2,0,0,1,102.86,3603.79,1
1,0,0,0,11,1,2,1,1,2,2,1,0,2,2,1,0,87.09,957.73,0
1,1,1,0,49,1,0,1,2,0,2,0,2,1,0,1,0,33.77,1654.07,0
0,0,0,1,40,1,0,1,0,0,1,0,2,0,0,1,2,29.67,1186.06,1
0,0,0,0,21,1,0,1,2,2,0,1,0,1,0,0,2,67.03,1405.86,1
1,0,1,0,47,1,0,1,2,0,0,1,2,0,0,0,2,112.93,5308.02,0
1,0,1,1,3,1,2,0,2,0,0,0,1,0,0,0,1,31.62,88.07,1
1,0,1,0,30,1,2,2,0,0,0,0,1,0,0,1,3,68.69,2056.37,1
1,0,0,1,67,1,2,0,0,1,2,0,0,1,1,0,2,94.61,6330.88,0
1,0,0,0,62,1,0,1,1,1,2,0,1,2,1,1,1,26.18,1629.89,0
0,1,0,1,37,1,1,0,1,0,1,0,2,2,1,1,1,59.15,2198.55,0
0,1,1,0,22,1,2,1,0,0,1,2,1,0,0,1,0,72.12,1590.71,1
0,0,0,0,31,1,0,2,0,2,2,1,1,2,0,1,0,29.27,898.33,0
0,0,0,0,46,0,2,2,1,1,2,2,0,0,1,1,2,84.2,3872.64,1
1,0,1,0,45,1,2,1,1,1,0,2,2,1,0,1,1,92.5,4152.63,0
1,0,0,1,14,0,0,1,1,0,2,0,0,1,0,0,2,82.52,1150.8,0
1,0,1,0,12,1,2,1,2,2,0,2,1,2,1,1,1,25.7,300.01,0
0,0,1,0,63,1,2,0,0,0,0,0,2,1,0,1,1,18.91,1189.73,0
0,0,0,0,38,1,0,1,1,2,0,0,2,0,0,1,0,98.5,3741.63,0
1,0,1,0,47,1,0,1,0,2,2,2,0,2,2,0,0,67.49,3165.56,1
1,1,0,1,54,0,0,2,0,0,1,0,0,0,2,0,2,75.05,4059.29,0
0,0,0,1,55,0,0,1,0,1,2,0,2,1,2,0,2,109.4,6022.34,0
0,1,1,0,48,1,2,1,0,2,2,0,1,2,0,0,0,74.45,3580.14,1
1,0,0,0,72,0,1,2,1,2,2,1,1,0,0,0,0,43.73,3149.48,0
1,0,0,0,15,1,2,1,1,2,1,0,2,2,0,0,3,63.23,938.61,1
0,0,1,0,71,1,0,0,1,1,2,2,1,1,0,1,1,66.97,4763.35,0
1,0,1,0,16,1,2,1,1,0,1,0,2,2,2,0,2,86.76,1396.54,0
1,0,1,0,43,1,2,1,0,0,2,2,2,0,0,0,3,53.6,2305.67,0
1,0,1,0,7,1,2,1,2,0,2,2,2,0,2,1,2,102.65,726.63,0
0,0,1,0,43,1,0,0,2,0,0,1,0,0,2,1,1,72.1,3095.64,0
0,0,1,0,28,1,0,1,1,2,1,0,1,2,2,1,2,73.09,2046.86,0
0,0,1,0,66,1,0,2,0,2,1,2,2,0,0,1,3,94.62,6248.7,0
0,0,0,1,60,1,1,0,0,1,2,0,0,0,1,1,2,26.49,1589.46,0
0,0,1,0,3,1,0,0,0,0,1,0,2,0,0,0,0,107.5,329.49,1
0,0,0,0,1,1,2,1,2,2,2,2,2,0,2,1,0,37.79,38.63,0
0,0,0,0,31,1,0,1,0,0,0,0,1,2,0,1,1,51.7,1596.05,1
1,0,0,0,56,1,0,1,1,2,0,2,0,0,0,0,2,27.46,1544.34,0
1,1,1,1,46,1,0,1,2,0,2,0,0,0,1,0,3,65.59,3021.28,0
1,0,0,0,32,1,2,1,0,2,0,0,0,2,0,0,1,52.24,1671.93,0
1,0,0,0,18,1,0,2,0,0,0,0,2,0,1,0,2,39.97,719.41,0
1,0,0,1,68,1,0,1,0,2,1,1,2,2,0,1,1,36.0,2451.82,0
1,0,1,0,35,1,2,0,0,0,0,2,0,0,0,0,1,32.3,1133.78,0
1,0,1,0,23,1,1,2,1,0,0,0,1,2,0,1,3,24.63,561.72,1
0,0,0,0,13,1,2,0,0,0,1,0,0,0,0,0,3,39.89,523.56,0
0,0,1,0,14,1,2,0,0,0,2,0,0,2,1,1,2,18.65,268.2,0
1,0,1,1,37,1,0,2,0,2,0,0,0,2,1,1,1,26.49,974.85,0
1,0,1,0,5,1,0,0,1,1,2,2,1,2,0,1,0,115.4,575.99,1
0,0,0,0,22,1,2,0,0,2,2,0,2,2,0,1,2,58.64,1286.17,1
1,0,0,1,28,1,0,1,0,0,0,2,2,1,0,1,1,110.54,3088.68,1
1,1,1,0,4,1,0,0,0,1,0,2,2,0,0,1,2,58.41,225.48,1
0,0,0,0,50,1,0,1,2,2,2,1,1,0,1,1,3,96.55,4834.08,0
1,0,0,1,29,0,0,1,2,2,1,0,0,2,0,1,2,88.53,2561.9,0
0,0,0,0,37,1,0,1,2,2,1,0,0,2,2,1,0,34.55,1280.9,0
1,0,0,0,35,1,2,0,2,2,2,1,2,2,0,0,0,65.29,2283.89,0
0,1,0,0,20,1,2,2,0,0,0,0,2,1,2,1,3,30.47,609.49,0
0,0,0,0,35,1,0,0,2,0,2,0,2,0,1,0,2,59.05,2067.45,0
0,1,1,0,2,1,0,1,1,0,0,2,1,0,1,1,3,46.64,95.65,1
1,0,0,1,58,1,0,2,1,1,1,2,1,2,2,1,1,80.29,4662.75,0
0,0,1,0,18,1,2,1,0,0,0,0,0,0,2,1,1,93.1,1669.34,0
1,0,1,1,56,1,0,0,0,0,2,0,2,1,0,1,0,110.09,6161.31,0
1,0,0,0,64,1,0,0,0,2,0,0,1,0,2,0,2,23.06,1468.11,0
1,1,0,1,52,1,2,2,0,2,1,2,0,2,0,1,0,92.94,4836.8,0
1,0,0,0,22,1,0,1,0,2,2,0,2,2,0,1,3,31.04,679.14,1
0,0,1,0,60,1,0,2,0,0,2,0,2,0,0,0,0,105.53,6337.69,0
0,0,1,1,10,1,0,1,0,1,1,1,0,2,2,0,2,83.53,839.84,0
1,0,0,0,6,1,2,1,0,1,2,0,1,0,1,1,3,108.92,644.38,1
1,0,1,1,6,1,2,0,0,2,0,2,0,0,2,0,3,31.28,179.72,0
0,0,0,0,28,1,2,2,0,2,2,1,2,1,2,1,2,66.9,1875.25,0
1,0,1,0,42,1,0,1,1,2,2,0,0,2,1,1,3,67.77,2850.37,0
0,0,1,1,41,1,0,1,0,2,0,2,2,0,0,1,2,92.75,3800.16,0
1,1,0,0,63,1,2,1,0,2,0,0,1,2,0,1,2,115.73,7284.98,0
1,0,1,1,22,1,2,0,0,2,2,2,2,1,0,0,0,19.56,423.49,0
0,0,1,1,29,1,1,0,0,2,0,2,2,2,0,1,1,83.61,2419.5,1
1,0,1,0,71,1,1,1,0,2,0,2,0,0,0,1,0,22.35,1580.17,0
0,0,0,0,34,0,2,0,1,2,0,2,2,2,0,1,1,60.68,2059.54,1
1,0,0,0,2,1,0,0,2,0,1,0,2,1,0,1,2,103.61,207.03,1
1,0,1,1,26,1,0,1,2,0,0,0,0,1,2,1,2,74.78,1947.84,0
1,0,1,0,19,1,0,1,0,1,2,2,1,0,0,1,0,103.65,1976.69,0
0,1,0,0,20,1,2,0,2,0,2,0,0,0,0,0,2,82.78,1660.09,0
1,0,1,1,33,0,2,0,0,0,0,0,1,0,2,1,0,109.26,3608.62,0
1,0,0,0,4,1,0,2,0,2,1,2,0,1,2,0,3,97.86,397.19,0
1,0,1,0,32,1,2,0,0,2,2,1,1,0,2,1,0,91.04,2921.36,0
1,0,1,0,19,0,0,0,0,0,1,0,0,2,0,1,1,93.0,1761.6,1
0,0,0,1,3,1,0,0,0,2,2,0,0,0,0,1,0,75.14,227.87,0
0,1,1,0,61,1,0,0,2,0,2,0,1,0,1,1,1,103.61,6310.96,0
1,1,0,1,38,1,0,1,0,0,1,0,0,0,0,0,2,65.06,2482.11,1
0,1,1,0,6,1,2,2,0,0,2,0,2,2,1,1,3,24.87,156.38,0
1,1,1,0,56,1,0,1,0,0,0,2,0,1,0,0,2,93.57,5237.3,0
1,0,0,0,40,1,1,1,0,0,2,2,2,1,0,0,0,92.44,3699.91,0
1,0,1,0,69,0,2,2,0,0,2,0,2,2,1,1,2,31.84,2197.87,1
0,0,0,0,42,1,0,0,2,0,0,0,1,2,2,1,1,43.37,1828.42,0
0,0,1,0,2,1,0,1,1,0,1,2,0,0,2,1,0,42.88,85.33,1
0,0,0,0,28,1,0,1,0,2,0,1,2,2,2,0,0,77.78,2170.47,0
0,0,0,1,17,1,2,0,0,2,0,0,2,0,0,1,1,74.34,1263.38,0
0,0,1,0,70,1,0,1,2,0,0,0,0,0,2,0,0,30.23,2108.47,0
0,0,0,0,69,0,0,1,2,2,2,0,2,2,2,1,0,62.36,4308.99,0
0,0,0,0,39,1,2,1,1,1,0,0,2,0,0,0,1,20.74,802.19,1
0,0,1,0,7,1,2,0,0,2,0,2,2,2,1,1,2,34.03,235.59,0
0,0,0,0,32,1,2,0,0,2,0,0,0,1,0,1,2,25.19,798.2,0
1,0,0,0,4,1,0,1,0,0,0,2,0,2,0,1,0,67.88,269.09,1
0,0,1,0,21,1,2,0,0,1,2,0,2,2,1,1,2,24.52,524.19,0
0,0,1,0,32,1,2,2,2,0,0,0,1,1,0,0,3,113.85,3651.79,0
0,0,1,1,14,1,2,0,0,2,1,0,1,0,2,0,0,81.19,1137.92,0
0,0,1,0,70,1,2,1,2,0,2,0,0,1,0,1,0,95.81,6709.47,0
0,0,0,0,46,1,0,1,0,0,2,0,2,2,1,0,3,59.64,2740.48,0
0,0,0,0,20,1,2,2,1,0,0,2,0,2,0,1,0,113.66,2267.41,1
0,0,0,0,58,0,2,2,0,1,0,2,0,2,1,1,3,96.13,5571.1,0
0,0,1,1,48,0,0,2,1,0,2,0,2,1,1,1,1,49.7,2377.19,0
0,0,1,0,7,1,0,1,0,2,0,0,0,2,0,1,1,30.41,211.77,1
0,0,0,0,40,0,0,0,1,2,0,0,0,0,0,1,0,64.46,2570.11,0
0,0,0,0,59,1,2,1,0,1,2,0,1,0,0,1,0,73.57,4338.08,0
1,0,0,0,36,1,2,1,0,2,0,2,2,1,2,1,2,71.68,2587.5,0
1,0,1,0,44,1,0,2,0,2,2,0,2,2,1,1,3,112.76,4959.26,0
0,0,1,1,31,1,2,1,0,0,0,1,2,2,2,0,2,88.04,2727.95,0
0,0,1,1,42,1,2,1,0,0,0,0,1,0,1,1,0,65.0,2730.54,0
1,0,0,1,44,1,2,2,2,0,0,0,2,0,0,1,0,89.84,3949.25,0
0,0,1,0,43,1,1,1,2,2,2,0,0,0,0,1,2,53.21,2279.67,0
1,0,0,0,43,1,0,1,0,2,0,0,1,2,0,1,1,98.58,4244.17,0
1,0,0,0,47,1,2,0,1,0,2,1,1,1,0,0,1,106.88,5018.18,0
1,0,1,0,6,1,0,0,2,2,2,0,0,2,0,0,2,113.43,673.49,1
1,0,0,0,66,0,0,1,0,0,2,0,1,2,2,0,2,21.68,1422.63,0
1,0,0,0,9,1,0,2,2,0,2,2,0,2,1,1,1,47.34,429.67,1
0,0,0,0,11,1,2,1,0,1,1,2,1,2,0,1,3,34.87,373.91,1
1,0,1,0,18,1,0,1,0,1,0,0,2,1,0,1,2,85.26,1536.55,1
0,0,1,1,25,1,0,0,0,1,1,0,0,1,0,1,1,43.93,1095.22,1
0,1,1,0,58,1,0,1,2,0,2,0,0,2,0,0,3,64.71,3753.32,0
1,0,1,0,30,1,0,0,1,1,0,2,0,0,0,1,2,97.18,2923.55,0
1,0,0,0,1,1,2,1,2,0,2,0,0,0,1,1,3,103.76,93.77,0
0,0,0,0,63,1,0,1,0,1,2,0,2,2,2,1,1,79.03,4981.59,0
1,0,1,0,29,1,0,1,0,2,0,1,2,2,0,0,3,63.61,1852.56,1
1,0,0,0,66,1,0,0,0,2,0,2,0,0,0,1,2,24.64,1621.13,0
0,0,0,0,53,0,0,1,0,0,2,0,2,1,0,1,2,92.35,4886.88,0
0,0,1,0,19,1,2,0,2,1,0,2,2,0,0,0,0,89.7,1702.09,0
1,1,1,0,66,1,2,1,2,0,2,0,1,0,1,0,3,41.96,2778.38,0
0,0,0,1,52,0,0,1,2,1,0,1,2,1,0,0,2,91.53,4761.23,1
1,0,0,0,31,1,0,1,0,2,0,0,2,2,2,0,1,41.48,1294.82,0
1,1,0,1,60,1,0,0,2,2,2,0,2,2,0,0,2,86.09,5160.81,0
1,0,1,0,68,1,0,2,0,0,0,2,0,0,2,0,2,33.06,2252.51,0
0,1,1,0,30,1,2,1,2,0,0,0,1,0,2,0,3,109.94,3293.7,0
0,0,1,0,13,1,0,1,2,0,2,1,2,1,0,1,2,58.25,757.57,0
0,0,0,0,15,1,2,1,1,1,0,1,0,2,0,1,1,78.85,1190.84,0
0,0,0,0,20,1,2,1,1,1,0,1,2,2,1,1,3,39.02,772.16,0
0,0,1,1,34,1,0,1,2,2,0,0,1,0,1,0,0,103.9,3528.52,0
1,1,0,1,20,1,2,2,0,1,0,2,0,2,0,1,2,115.56,2308.29,0
1,0,0,0,50,1,2,2,0,0,2,1,1,1,0,1,1,48.91,2436.67,0
1,0,0,0,27,1,2,1,2,0,1,1,1,1,1,1,1,38.79,1042.07,0
1,0,0,1,30,1,2,1,0,2,2,1,1,0,1,1,1,72.2,2157.26,0
0,0,1,1,56,1,2,0,1,2,0,0,1,0,0,0,0,114.53,6409.57,0
1,0,0,0,65,1,2,0,0,0,1,2,0,0,2,1,1,94.95,6162.31,0
0,0,1,0,55,1,2,1,0,2,1,2,0,0,1,0,1,117.12,6432.37,0
1,0,1,0,24,1,2,2,0,2,0,0,2,0,0,0,2,106.24,2544.46,0
0,0,0,0,25,1,0,1,0,0,2,2,2,2,0,1,2,87.24,2178.58,1
0,0,0,1,53,1,0,1,0,0,0,1,0,0,0,1,2,36.8,1948.37,0
1,0,0,0,11,1,2,0,0,2,2,0,0,1,0,1,1,106.74,1171.16,1
1,0,0,1,60,1,0,1,0,2,1,2,2,0,0,0,3,79.16,4749.87,0
1,0,0,0,47,1,0,1,2,2,0,2,2,2,0,0,2,63.64,2999.35,0
1,0,0,0,25,1,0,2,0,2,1,0,0,1,0,1,1,68.55,1712.91,0
0,0,1,0,25,1,0,0,0,0,0,0,2,1,0,0,2,115.12,2870.0,1
1,0,0,0,17,1,2,1,2,2,0,0,0,0,0,1,2,19.36,332.75,0
1,0,0,0,12,1,0,2,0,1,2,2,0,2,0,1,1,93.64,1132.79,0
0,0,1,0,52,1,0,2,1,2,0,0,1,2,0,0,1,94.84,4925.59,1
1,0,1,0,11,1,2,2,1,2,0,2,0,2,0,0,3,27.83,300.0,0
1,0,0,0,10,1,2,1,1,0,0,2,2,0,0,1,2,115.36,1148.63,0
1,0,0,0,60,0,2,2,2,2,1,0,2,1,0,0,2,68.05,4073.99,0
1,0,0,0,54,1,0,2,0,2,0,0,2,0,2,0,2,90.13,4873.14,0
1,0,0,1,63,1,2,2,2,0,0,1,2,2,0,0,1,61.11,3847.55,0
0,1,1,0,20,1,2,2,0,0,0,0,0,0,0,1,2,50.08,1007.09,0
1,0,0,0,5,1,0,2,0,2,0,2,0,2,0,0,0,75.53,380.17,1
1,0,0,0,41,1,2,0,1,0,0,1,0,2,0,0,1,107.91,4416.55,0
1,1,0,0,63,1,1,0,1,2,2,0,0,0,2,0,0,82.59,5204.09,0
1,0,0,0,56,1,2,1,2,0,0,0,0,2,0,1,3,83.88,4701.6,0
1,0,0,0,32,1,2,1,2,0,0,1,1,2,0,1,2,50.07,1593.21,0
0,0,0,1,27,1,0,0,1,1,1,0,1,0,0,0,2,41.78,1126.48,1
1,0,0,0,68,1,2,1,1,0,0,0,2,0,0,1,2,81.37,5539.36,0
0,1,1,0,48,1,0,0,0,1,1,0,0,1,1,1,0,32.92,1589.81,0
0,1,0,0,7,1,2,0,0,2,2,0,2,2,0,1,3,63.12,445.8,0
1,0,1,0,46,1,0,1,0,0,0,1,0,0,0,0,0,43.35,1990.3,1
1,0,1,0,18,1,0,0,0,2,1,2,2,0,1,1,2,89.18,1600.86,0
1,1,0,1,38,1,0,1,2,1,0,0,0,2,0,0,1,72.03,2738.87,1
1,0,1,0,65,1,0,2,0,0,0,1,2,2,0,1,0,28.33,1850.12,0
0,0,0,1,17,1,2,1,0,2,0,2,2,2,0,0,0,74.52,1261.4,1
1,1,1,0,38,1,2,1,2,2,1,2,2,2,0,1,2,78.71,2985.59,0
1,0,1,0,63,1,0,0,1,2,1,0,1,0,1,0,3,47.46,2990.23,0
1,0,0,0,42,1,0,1,0,0,0,0,2,0,1,0,2,51.51,2164.93,0
1,0,1,0,8,1,0,2,0,2,0,1,1,0,0,1,1,106.17,858.1,0
1,1,0,0,30,1,2,1,0,0,1,2,1,0,0,1,3,29.49,881.16,0
1,0,1,1,64,1,0,0,0,1,2,2,2,0,2,1,2,115.53,7392.47,0
0,0,1,0,9,1,0,2,2,0,0,1,0,2,0,1,1,39.74,354.8,1
0,0,1,1,57,1,0,2,0,1,1,2,1,2,0,1,2,42.55,2430.02,0
1,0,1,0,59,1,0,0,2,2,0,2,0,0,0,1,3,57.55,3392.57,0
1,0,0,1,67,1,0,0,0,0,0,0,2,2,0,0,2,113.53,7605.22,0
1,0,1,0,5,1,0,0,2,0,0,2,1,2,0,0,2,108.29,538.74,1
0,0,0,0,4,1,0,0,2,2,2,1,2,1,0,1,2,93.29,363.72,0
1,0,0,0,8,1,1,2,1,1,1,0,2,2,1,1,2,98.11,785.72,0
0,1,0,1,42,1,2,2,0,0,0,0,2,0,0,1,0,70.68,2966.44,1
1,0,0,0,35,1,0,1,2,0,0,2,0,2,2,1,3,109.2,3814.59,0
1,1,1,0,13,0,0,1,1,0,0,0,2,0,0,1,1,31.05,405.66,1
1,0,1,0,5,0,0,1,2,1,0,1,1,1,0,1,0,72.72,367.39,0
1,0,0,1,40,1,2,1,2,2,2,0,2,1,0,1,1,100.81,4032.64,0
0,0,0,0,19,1,2,1,2,2,0,0,2,1,0,0,2,75.53,1430.04,1
0,0,0,0,4,0,2,2,0,1,0,0,1,0,0,0,2,100.12,401.16,1
1,1,0,1,59,1,0,2,0,2,0,0,1,2,0,1,3,35.04,2062.91,0
1,0,1,0,18,1,2,0,2,1,2,1,0,2,0,1,1,22.13,391.34,0
0,0,1,0,24,0,1,1,2,0,1,0,0,2,0,1,3,74.4,1777.53,1
0,0,0,0,31,1,0,1,0,1,0,2,0,2,2,1,3,88.31,2730.99,0
0,0,0,1,58,0,1,1,0,2,2,2,0,2,2,0,3,74.11,4307.19,0
0,0,1,1,28,1,1,1,1,1,1,2,0,0,2,1,0,54.81,1530.48,0
1,0,0,1,9,1,0,1,0,2,2,0,1,2,2,1,3,90.88,820.74,0
0,0,1,0,45,1,0,1,0,2,0,2,1,1,0,1,3,111.74,5033.58,1
1,0,1,0,49,1,0,1,0,2,0,2,1,0,0,1,3,75.53,3702.28,0
0,0,0,0,2,1,2,0,0,2,2,0,2,2,0,0,3,35.37,70.88,1
0,0,0,0,6,1,2,2,0,1,2,0,2,0,2,1,1,70.64,420.82,0
0,0,0,1,29,1,2,0,2,0,2,0,2,2,0,0,2,93.69,2711.11,0
0,0,1,1,26,1,1,0,0,0,1,0,1,1,0,1,3,38.12,999.09,1
0,0,1,0,28,1,2,0,0,2,0,0,2,2,0,0,0,62.82,1760.94,0
1,0,0,1,7,1,2,0,2,0,2,1,2,0,0,1,3,85.43,590.88,0
1,0,1,0,34,1,2,1,0,2,2,2,1,0,1,0,3,26.18,895.02,0
0,0,0,0,56,1,0,1,0,2,0,1,2,2,1,1,3,38.79,2164.15,0
0,1,0,1,10,1,2,1,2,0,0,2,2,2,2,1,3,90.76,907.99,0
1,0,0,0,57,1,1,0,2,1,2,0,1,2,0,0,3,49.71,2824.7,1
0,0,1,0,47,1,1,0,2,0,2,0,2,0,0,1,2,27.63,1298.13,0
0,1,0,0,27,0,0,1,0,0,1,2,1,2,1,1,3,93.14,2515.6,0
1,1,1,0,39,1,2,1,0,0,1,0,2,1,0,1,0,39.21,1529.25,0
0,0,1,1,22,1,1,0,0,2,2,1,2,2,0,1,2,28.55,626.88,0
0,1,1,0,19,1,0,0,2,1,2,1,2,2,1,1,0,80.99,1533.69,0
1,0,1,0,9,1,2,0,0,1,2,0,1,2,0,1,1,109.72,979.31,0
1,0,0,0,19,1,0,0,2,0,0,1,0,0,0,1,3,66.19,1260.14,0
1,0,1,1,2,1,2,0,2,2,2,2,2,2,0,0,3,40.73,74.55,1
0,0,1,0,61,1,2,1,0,0,2,2,0,0,0,1,2,76.73,4678.14,0
1,0,0,0,59,0,1,1,0,2,0,2,2,0,1,0,0,82.11,4849.21,0
1,0,1,0,70,1,1,0,0,0,2,0,0,0,0,0,3,112.51,7877.83,0
1,0,0,0,71,1,0,1,2,2,2,0,2,0,1,1,0,115.56,8212.22,0
1,0,1,0,70,1,2,1,0,2,0,0,1,2,2,1,2,52.71,3693.32,0
1,1,1,0,33,1,2,1,0,1,0,0,0,1,2,1,2,92.21,3051.72,0
1,0,0,0,65,1,0,0,0,0,1,0,1,1,0,0,2,104.78,6805.0,0
0,1,1,1,25,1,0,1,0,1,2,0,0,1,1,1,2,82.31,2048.58,1
0,1,0,0,70,1,0,1,0,0,2,0,0,0,1,0,1,103.79,7256.89,0
1,0,1,0,28,1,2,1,0,2,0,1,0,1,0,0,0,70.71,1973.95,0
1,0,1,0,18,1,0,1,1,2,0,1,1,0,0,0,1,78.49,1403.88,0
1,0,1,0,63,0,0,0,1,1,2,0,2,0,2,0,2,28.37,1782.61,0
0,1,1,0,49,0,2,1,1,0,2,2,0,0,1,1,2,56.64,2782.42,0
0,0,1,0,66,1,0,1,0,2,2,0,0,0,1,0,1,19.65,1292.15,0
0,0,0,1,40,1,1,0,1,2,1,2,0,2,0,0,2,93.25,3736.32,0
0,0,0,1,66,1,2,1,2,0,1,0,2,1,0,1,3,58.55,3860.69,0
0,0,1,0,4,1,2,2,2,1,0,2,2,0,0,0,0,108.58,433.07,1
0,0,1,0,34,0,0,1,0,1,2,1,1,0,0,1,2,28.67,981.83,0
0,0,0,0,5,1,2,0,1,0,0,0,2,0,0,1,0,20.46,102.15,0
0,0,0,0,22,1,0,1,0,1,0,2,2,2,0,1,1,55.94,1223.14,0
0,0,0,0,20,1,2,0,0,2,0,0,2,1,0,0,3,116.09,2319.0,0
1,1,0,0,47,0,2,1,0,2,1,1,2,0,2,0,0,115.77,5447.47,0
1,0,1,1,34,1,2,1,2,2,2,2,2,1,1,1,3,86.56,2934.46,0
1,1,1,0,44,1,2,2,0,1,1,0,1,0,0,1,0,43.73,1928.89,0
1,0,0,0,6,0,2,1,2,1,1,2,2,1,0,1,3,66.53,403.93,1
0,0,0,0,56,1,0,1,2,2,0,1,0,1,0,0,2,116.31,6512.25,0
0,0,0,0,29,1,0,1,2,0,0,2,1,2,0,0,2,98.51,2847.2,0
1,0,1,0,53,1,0,2,0,2,0,0,1,2,0,0,2,85.39,4520.56,0
0,1,0,0,1,1,2,1,0,1,0,0,0,1,2,0,1,111.6,107.09,1
1,0,0,0,59,1,0,0,2,0,0,2,1,2,2,0,3,88.08,5201.97,0
0,1,1,0,48,1,0,2,0,1,2,1,0,1,2,1,1,47.95,2302.35,0
1,0,0,0,7,1,2,0,0,2,2,0,1,0,0,1,2,74.82,520.45,1
0,0,1,0,32,1,1,0,1,0,0,2,1,0,0,1,0,45.13,1446.48,1
0,0,1,0,61,1,2,0,1,0,1,0,2,2,1,1,3,75.23,4581.13,0
1,0,1,1,57,1,0,1,2,2,2,1,2,0,1,1,2,114.91,6559.78,0
0,0,1,0,51,1,0,2,2,0,0,1,0,2,0,0,3,69.12,3516.65,0
1,1,1,1,19,1,0,1,2,0,1,0,2,2,0,0,3,69.12,1319.75,0
1,0,0,0,27,0,0,0,0,0,2,0,2,0,0,1,2,46.7,1259.73,0
1,0,1,0,63,1,0,1,0,0,1,1,1,2,2,0,2,40.92,2585.71,0
1,0,0,1,60,1,0,1,2,0,0,2,2,0,0,1,1,29.27,1750.18,0
0,0,1,0,61,1,0,2,1,2,1,0,2,0,0,0,0,84.72,5168.94,0
0,1,1,0,61,1,2,1,0,0,1,2,1,1,2,0,0,75.13,4584.81,0
0,0,0,0,45,1,0,0,0,0,0,0,2,1,0,0,1,70.0,3149.3,0
1,0,0,0,21,1,2,1,0,2,2,1,1,0,1,1,2,112.36,2355.17,0
0,0,0,0,44,1,2,0,0,0,0,0,0,1,0,1,3,82.76,3647.65,1
1,0,0,0,1,0,0,0,0,1,2,0,1,1,0,1,1,54.46,48.59,1
0,0,1,0,44,1,0,1,1,1,1,2,1,2,0,0,3,44.09,1935.19,0
0,0,1,0,62,1,1,1,2,2,0,2,0,1,2,0,3,66.14,4098.93,0
0,0,0,1,61,1,2,1,0,0,2,2,1,0,0,1,2,50.72,3100.53,0
1,0,0,0,50,1,2,1,2,1,0,1,0,0,1,1,0,52.3,2605.16,0
0,0,0,0,41,1,1,1,0,0,2,0,0,0,2,1,0,87.68,3602.76,0
0,0,0,0,33,1,0,0,0,0,0,2,0,2,0,0,2,47.43,1566.08,0
1,0,0,1,12,0,2,0,2,2,0,0,2,2,0,1,0,19.8,229.49,1
0,0,1,0,2,1,2,0,2,2,2,1,1,2,2,1,3,53.55,101.55,1
1,0,0,0,21,1,0,2,2,0,0,2,2,1,0,1,0,111.92,2341.75,1
0,0,0,0,14,1,0,1,0,2,2,2,2,0,2,1,0,84.42,1180.86,1
1,0,0,0,34,1,0,1,0,0,2,0,0,2,2,1,2,70.11,2374.12,0
1,0,1,0,64,1,2,0,1,2,2,2,2,2,0,0,2,62.62,4011.2,0
0,0,1,0,23,1,2,0,2,2,1,0,0,1,0,1,1,103.29,2368.04,0
1,1,1,0,50,0,0,2,2,0,0,1,0,0,1,0,2,30.68,1528.09,1
1,0,1,0,14,1,0,2,0,1,0,0,0,0,0,0,0,49.25,679.79,1
1,0,0,0,46,1,2,0,2,2,0,0,2,2,0,0,1,75.27,3457.11,0
1,0,1,1,5,1,2,2,2,0,0,0,1,0,0,1,0,85.15,416.5,0
1,1,1,0,66,1,0,1,0,2,2,2,0,2,0,0,1,50.29,3311.06,0
1,0,1,0,22,1,1,0,1,2,2,1,2,1,0,0,3,99.19,2191.42,0
0,1,0,0,70,1,0,0,1,1,2,2,2,2,0,0,1,50.38,3518.4,0
1,0,0,0,2,1,0,1,2,0,2,1,0,2,0,1,0,21.46,48.64,0
1,0,1,0,29,1,0,1,2,2,0,2,0,1,1,1,3,69.43,2016.36,0
0,0,1,1,61,1,1,2,0,0,2,1,1,2,0,1,3,118.26,7209.71,0
0,0,1,0,71,1,2,0,0,2,0,1,2,2,0,1,0,51.52,3665.13,0
0,1,0,0,16,1,2,1,0,1,2,2,1,2,0,0,1,49.99,799.34,1
0,0,1,1,64,1,0,0,0,2,0,2,0,1,1,1,2,67.2,4296.7,0
0,0,0,1,14,1,2,0,2,1,1,2,0,0,0,0,1,36.26,513.59,1
0,0,1,1,43,1,2,0,0,2,2,2,1,1,1,1,2,78.74,3389.74,0
0,0,1,0,43,1,0,2,1,0,2,0,1,0,1,1,3,60.59,2596.97,0
1,0,0,1,70,1,2,1,0,1,2,0,0,2,0,0,2,58.73,4107.69,0
1,0,1,0,55,1,2,0,1,2,2,0,2,2,0,1,3,88.81,4887.85,0
0,1,0,0,31,1,2,1,0,2,2,2,2,0,2,1,2,36.95,1140.57,0
1,0,1,0,40,1,0,1,0,0,2,2,0,1,1,0,2,118.62,4747.1,0
1,0,0,0,27,1,0,0,2,2,1,0,2,1,0,1,3,73.26,1974.07,1
1,0,0,0,52,1,0,2,0,0,0,1,0,0,1,0,3,36.18,1875.51,0
0,0,0,0,7,1,0,2,1,0,1,0,0,1,1,0,2,26.58,183.15,0
0,0,1,0,46,1,0,1,2,0,0,2,0,0,0,1,1,93.99,4320.76,0
1,1,1,0,33,1,2,1,2,0,1,0,0,0,2,1,3,41.43,1370.31,0
0,0,1,0,8,1,2,1,0,2,1,0,2,2,1,1,0,92.62,742.78,1
1,0,0,0,5,1,0,0,0,1,1,0,2,2,0,1,1,90.63,451.83,1
1,0,0,1,61,1,1,1,0,0,2,0,0,0,2,1,1,118.43,7229.17,0
1,1,1,0,72,1,2,0,0,0,0,1,0,0,0,1,0,27.21,1966.38,0
1,0,1,0,60,1,0,2,0,2,0,0,2,0,1,1,2,73.58,4406.45,0
0,0,0,0,24,1,0,1,0,0,0,2,2,2,0,1,0,88.3,2121.95,1
0,0,1,0,7,1,2,0,0,2,0,2,2,0,1,1,2,37.61,267.52,1
0,0,1,0,61,1,2,1,2,2,1,0,0,0,0,0,3,96.43,5881.0,0
1,0,1,1,36,1,2,1,2,2,1,1,0,2,0,0,1,70.28,2521.22,1
0,0,0,0,27,1,0,2,0,0,1,1,2,1,0,1,2,55.77,1504.57,0
1,0,0,0,29,1,0,1,0,0,1,2,0,1,0,1,0,54.7,1593.76,1
0,0,0,0,20,1,2,1,1,0,0,2,0,2,2,0,2,55.0,1093.23,0
1,0,1,0,70,1,2,0,0,1,0,1,0,0,0,1,2,96.13,6726.39,0
1,0,0,0,3,1,2,1,0,2,0,2,1,0,0,1,2,114.8,349.26,1
1,0,0,0,39,1,0,0,0,1,0,1,2,0,0,1,3,84.18,3290.52,0
0,0,1,0,45,1,2,0,0,0,1,0,2,2,1,0,1,40.34,1823.58,0
0,0,0,0,68,0,1,1,2,2,1,0,0,1,0,0,3,30.43,2074.8,0
0,0,1,0,31,1,0,1,0,2,0,2,1,0,0,1,3,26.67,828.66,0
0,0,1,1,38,1,0,2,2,0,1,0,0,2,0,1,2,74.99,2846.61,0
1,0,1,0,6,1,2,1,2,2,0,1,2,0,1,1,2,107.5,644.75,0
0,0,1,0,8,0,1,1,0,1,0,0,1,2,0,0,1,59.53,466.4,1
0,1,0,1,28,1,0,2,2,1,1,0,0,0,2,1,2,33.4,932.21,0
1,0,1,1,15,1,2,2,0,2,0,0,0,0,0,1,2,62.95,948.75,0
1,1,1,0,8,1,0,1,0,2,2,0,0,2,1,0,3,98.0,787.11,1
1,0,1,0,54,1,0,1,1,2,0,1,2,2,2,1,3,96.5,5201.16,0
0,0,0,0,6,1,2,2,2,0,0,2,1,0,2,1,2,58.11,349.61,0
1,0,0,0,29,1,2,1,2,2,2,1,0,0,2,0,2,66.6,1921.55,0
1,0,0,0,34,1,0,1,0,1,0,2,1,2,2,0,1,81.69,2774.73,0
1,0,0,1,7,1,2,0,0,0,1,2,2,0,0,0,2,69.73,497.92,1
0,0,1,1,40,1,0,1,1,1,1,2,0,0,2,0,1,42.69,1705.79,0
1,1,1,1,13,1,2,0,2,0,0,1,0,0,0,1,2,96.04,1256.38,1
0,1,0,1,62,1,2,0,0,2,0,2,1,0,1,1,1,62.22,3847.96,0
0,0,1,1,65,1,0,2,2,0,2,1,2,2,0,1,3,52.78,3435.09,0
1,0,1,0,41,1,2,1,0,0,0,0,0,1,1,0,2,46.55,1907.69,0
1,0,0,0,42,1,0,1,1,0,0,0,0,2,1,0,3,106.49,4473.52,0
0,0,1,0,66,1,0,1,0,1,0,0,0,2,0,1,1,48.23,3193.03,0
1,0,1,0,11,1,2,0,0,0,0,0,1,0,0,0,2,88.78,972.69,0
1,1,1,0,50,1,1,0,2,2,2,1,0,2,1,0,3,48.5,2432.24,0
0,0,1,0,71,0,1,1,1,2,1,1,0,1,1,0,0,43.13,3070.55,0
0,0,0,0,35,1,0,0,0,0,0,0,0,0,1,1,2,60.27,2105.4,0
1,0,0,0,20,1,0,1,2,0,1,1,2,1,0,0,2,112.97,2250.35,1
0,0,0,1,28,1,2,2,2,0,2,0,2,0,0,0,2,101.52,2848.28,0
1,0,0,0,37,0,2,0,2,2,0,0,2,1,2,1,3,46.11,1714.74,0
1,0,1,0,3,0,0,0,2,1,2,0,0,0,2,1,1,54.64,163.47,0
1,0,1,0,59,1,0,2,1,1,1,0,2,0,0,1,3,79.37,4690.33,0
0,0,1,0,27,1,0,1,0,2,1,0,0,0,2,1,2,61.21,1647.09,1
1,0,1,0,32,1,0,0,0,0,2,0,2,1,1,1,3,105.91,3394.26,0
1,1,0,0,48,1,0,0,0,0,0,1,0,2,1,1,1,73.37,3525.83,0
1,0,0,1,46,1,0,1,0,0,2,0,2,2,0,1,0,104.89,4825.49,1
0,0,1,0,47,1,0,1,2,0,1,0,2,0,1,1,2,43.94,2061.56,0
0,0,1,1,40,1,2,1,2,0,2,0,2,2,0,1,2,87.08,3478.21,0
0,0,1,0,3,1,2,1,2,2,2,0,1,0,1,1,3,59.76,183.66,1
0,0,1,1,29,0,2,2,0,0,2,2,2,2,1,1,2,28.87,838.65,0
0,0,1,0,58,1,2,1,0,2,0,0,2,0,1,0,3,56.63,3291.81,0
1,0,0,1,50,1,0,0,1,2,2,0,1,0,0,1,1,52.41,2626.91,0
0,0,0,0,10,1,2,0,0,0,0,0,0,2,0,0,1,50.58,499.32,0
0,0,0,1,61,1,2,1,0,2,0,0,0,1,1,1,3,81.29,4952.98,0
0,0,1,1,61,1,2,0,1,2,0,1,1,1,2,1,1,59.06,3611.54,0
1,1,1,0,23,1,1,0,0,0,0,2,0,1,0,1,0,29.53,676.72,1
0,1,0,1,6,1,2,0,0,1,2,1,1,0,0,1,1,39.42,237.47,1
0,0,0,1,60,1,2,1,0,0,1,0,0,2,0,0,2,69.29,4155.86,0
1,0,0,1,27,1,0,1,0,2,2,1,0,0,1,1,2,70.2,1896.68,0
0,0,0,0,55,1,2,0,0,0,1,1,1,0,2,0,1,21.96,1211.31,0
1,1,0,0,31,0,0,1,0,0,0,2,1,2,1,0,2,35.85,1108.64,0
1,0,0,1,30,1,0,1,0,2,0,1,0,0,2,0,3,84.29,2525.34,0
1,1,1,1,67,0,0,2,0,2,2,0,2,1,0,0,2,53.8,3611.5,0
1,0,0,0,13,1,0,2,1,2,2,2,1,0,2,0,0,51.91,677.18,0
1,0,1,0,59,1,2,2,0,0,0,1,2,0,1,1,3,22.95,1361.12,0
0,0,1,0,54,1,0,2,2,0,2,0,2,2,0,1,1,57.21,3096.71,0
1,1,0,0,21,1,0,1,0,0,0,2,2,0,0,1,0,24.15,500.38,0
1,1,1,0,43,1,2,1,1,1,0,2,2,0,0,0,2,46.65,2011.96,1
0,0,1,0,11,1,1,0,0,2,2,0,1,0,0,0,3,29.65,334.16,1
1,0,1,0,67,1,2,1,0,1,2,2,2,0,2,0,1,102.45,6862.93,0
0,0,1,0,38,1,2,0,1,0,1,2,2,2,0,0,3,38.19,1451.32,1
0,0,1,0,24,1,0,1,0,2,0,1,2,0,0,1,3,30.93,739.83,0
0,0,1,0,51,1,2,0,1,1,1,0,2,0,2,1,2,103.58,5275.59,0
1,0,1,0,61,1,0,0,2,0,2,0,0,2,0,1,0,80.75,4926.42,0
1,0,1,0,46,1,2,0,1,0,2,2,0,2,0,1,1,113.83,5234.13,0
1,0,0,0,43,1,2,2,2,2,0,2,0,2,0,0,1,81.26,3500.64,0
0,0,1,0,27,1,2,0,0,2,1,0,0,2,1,1,0,86.21,2327.38,1
1,0,1,1,30,1,0,2,0,1,0,0,2,2,0,1,3,54.57,1646.23,0
1,0,0,0,63,0,1,0,0,2,0,2,0,0,1,1,0,93.19,5875.7,0
1,0,0,0,10,1,2,1,0,1,2,2,0,0,0,0,3,76.77,762.36,1
0,0,0,0,3,1,2,0,0,2,1,1,2,2,0,0,3,34.22,100.71,1
0,0,1,0,60,1,0,0,2,2,0,1,0,1,0,0,1,33.87,2034.46,0
1,0,0,1,27,1,0,2,0,2,2,0,2,0,0,1,2,82.91,2231.26,1
1,0,0,1,45,1,0,0,0,0,0,0,2,0,0,0,0,45.6,2052.17,0
1,0,0,0,62,1,2,0,0,2,2,2,0,2,0,1,0,72.92,4528.41,0
1,0,0,0,24,1,1,1,2,0,0,2,2,0,0,0,1,37.59,895.65,0
0,0,0,0,46,1,2,1,2,2,0,1,2,0,0,1,2,60.39,2769.63,1
0,1,0,1,44,1,2,2,0,1,2,0,2,2,1,1,3,104.93,4616.86,0
0,1,0,0,63,1,0,1,0,1,2,0,2,2,0,1,2,87.66,5530.4,0
0,0,1,0,4,1,0,1,1,2,0,0,2,2,1,1,1,67.23,272.98,1
1,0,0,0,16,1,2,1,2,0,0,0,0,0,2,1,2,67.64,1083.73,0
1,0,0,0,51,1,0,1,1,1,0,2,2,2,1,1,2,57.18,2909.68,0
1,1,1,0,48,1,0,1,1,0,0,0,1,2,2,1,0,83.8,4027.26,0
0,0,0,0,65,1,1,0,2,0,2,0,1,0,1,1,2,37.18,2420.19,0
1,0,1,0,69,1,2,1,0,0,0,2,0,2,0,0,3,52.13,3606.13,0
0,0,1,1,45,1,0,0,0,1,1,0,2,2,0,1,2,86.56,3887.68,0
0,0,0,0,3,1,2,1,0,2,0,0,1,2,1,1,3,90.81,269.03,1
1,0,1,0,17,1,2,0,0,2,2,0,0,1,0,1,0,107.29,1823.6,1
1,0,1,0,37,1,2,0,0,2,0,0,2,2,0,0,3,48.9,1812.11,0
1,0,1,0,5,1,0,1,0,0,2,2,0,0,0,0,2,103.95,519.15,1
0,0,1,0,47,1,1,0,2,2,2,0,2,0,2,1,1,101.07,4748.07,1
1,0,1,0,44,1,0,0,2,2,0,0,0,1,1,1,3,19.27,845.27,0
0,0,1,0,33,1,1,0,0,0,2,0,0,1,0,0,1,85.85,2824.97,0
1,1,1,0,21,1,0,0,2,2,1,2,2,2,0,1,1,95.34,2000.32,1
0,0,0,0,67,0,2,0,1,2,0,2,2,2,1,1,2,18.65,1244.58,0
0,0,0,1,68,1,2,1,0,0,0,1,1,0,0,1,1,67.88,4611.67,0
1,0,1,0,32,1,1,1,0,1,2,0,0,2,0,1,2,114.01,3638.39,0
0,0,0,0,24,1,0,1,1,2,0,2,2,1,1,1,3,114.09,2728.88,0
0,1,1,1,35,1,0,1,2,2,2,0,0,0,1,0,2,92.67,3239.15,0
1,0,1,1,18,1,0,1,2,2,2,2,2,1,1,1,2,101.83,1826.76,0
0,1,1,0,67,1,2,0,1,1,1,0,1,0,0,1,2,49.16,3294.88,0
1,0,0,0,54,1,0,2,0,0,1,1,0,2,0,0,2,64.59,3488.12,1
0,1,0,0,26,0,0,2,2,2,1,1,1,0,0,0,1,118.27,3082.1,1
1,0,1,1,60,1,0,0,2,0,2,2,1,2,0,0,2,99.38,5954.03,0
1,0,1,1,65,1,0,1,1,2,0,0,1,0,1,1,2,22.73,1481.2,0
0,0,1,0,51,1,2,0,0,2,1,0,2,1,0,1,2,23.73,1218.42,0
0,1,0,1,60,1,0,0,2,2,2,2,1,0,2,0,2,76.5,4592.38,0
0,1,0,1,59,1,2,0,1,2,0,2,2,2,0,1,2,55.77,3297.43,0
0,0,1,1,17,1,0,2,0,0,0,0,2,0,0,1,1,41.97,714.97,0
0,1,0,1,21,1,2,1,1,0,0,2,2,2,1,0,2,50.42,1064.37,0
1,0,1,1,67,1,2,1,0,0,1,1,0,0,1,1,1,114.62,7670.88,0
0,0,0,0,28,1,2,1,0,0,0,0,0,1,1,1,2,50.57,1409.28,1
1,0,0,1,44,0,1,1,2,0,2,0,0,2,0,1,1,54.61,2394.64,0
1,0,1,0,70,0,2,0,0,0,2,1,1,2,2,1,0,63.61,4460.93,0
0,0,0,0,62,1,0,2,2,0,0,0,0,2,1,1,2,34.42,2135.42,0
1,0,0,0,42,1,0,1,0,2,2,0,0,1,1,0,2,57.38,2406.8,0
1,0,1,0,22,1,2,1,2,0,2,2,0,2,0,1,2,83.23,1831.71,0
1,0,1,0,38,1,2,1,0,1,0,0,0,0,0,1,2,44.3,1673.58,1
1,0,0,0,14,1,1,2,1,0,0,0,0,2,1,1,2,80.85,1135.76,0
0,0,1,0,26,1,2,1,2,0,2,0,1,0,2,1,0,42.85,1109.36,1
1,0,1,0,40,1,0,0,0,2,1,2,2,2,2,1,0,97.31,3887.33,0
0,0,1,0,54,1,0,1,0,1,1,0,0,0,1,1,2,112.46,6067.72,0
0,0,0,0,13,1,2,0,0,1,0,0,2,0,0,1,1,62.91,814.03,1
1,0,0,1,19,1,0,2,0,1,0,0,0,2,0,0,0,115.08,2189.8,1
0,0,0,0,42,1,1,1,0,2,0,1,1,1,0,0,3,85.02,3573.29,0
0,0,0,0,41,1,0,0,1,1,0,1,2,1,0,1,2,89.77,3682.46,0
0,0,1,0,50,1,2,1,0,2,1,2,1,2,0,1,3,69.64,3478.07,0
1,0,0,1,3,1,0,0,1,0,2,0,0,2,2,1,3,41.11,128.32,1
0,0,0,0,31,0,0,1,0,0,1,0,0,0,0,0,1,112.69,3503.04,1
0,0,1,0,15,1,0,0,0,1,0,2,0,0,2,1,1,115.72,1738.37,0
0,0,1,1,54,1,2,0,0,0,0,2,2,2,0,1,2,102.87,5555.67,1
1,1,1,0,53,1,2,0,2,1,2,0,1,1,0,1,2,64.83,3429.48,0
0,1,0,0,45,1,2,0,0,1,0,0,2,2,0,1,0,35.46,1587.28,0
1,0,0,0,38,1,2,1,0,0,0,0,0,0,0,0,2,27.26,1030.39,0
1,0,0,0,50,1,1,2,0,1,2,0,1,0,0,1,2,68.96,3447.73,0
1,0,0,0,24,0,2,0,0,2,0,0,2,1,0,1,1,48.93,1170.03,0
1,0,1,0,17,1,0,0,2,0,0,1,0,1,0,0,3,104.36,1783.81,0
1,1,0,0,18,1,0,2,0,2,1,0,2,2,0,0,1,72.9,1314.55,1
1,0,0,0,42,1,0,2,1,1,0,0,2,2,1,0,2,110.78,4649.5,0
0,0,1,0,17,1,2,1,0,1,0,1,2,2,0,0,0,91.14,1554.12,1
1,0,0,0,16,1,0,0,2,2,0,0,1,0,2,1,0,63.7,1013.61,0
0,1,1,0,52,1,0,1,0,0,0,0,0,1,0,1,0,92.93,4840.57,0
0,0,0,1,36,1,0,0,1,2,1,0,2,2,2,1,2,115.54,4159.19,0
1,0,0,1,39,1,1,2,1,0,2,0,1,0,2,1,2,74.82,2918.22,0
0,0,0,0,25,1,0,2,1,0,2,2,2,2,1,1,2,49.82,1240.02,1
0,0,0,0,42,1,2,1,0,2,0,0,0,1,0,0,0,55.62,2326.38,1
0,0,1,0,21,1,1,0,0,2,0,2,0,2,1,1,0,80.6,1702.42,0
0,0,0,1,68,1,0,0,1,0,1,1,0,0,2,1,2,115.91,7886.89,0
1,1,1,0,59,1,2,2,0,2,2,0,2,2,0,1,0,65.69,3881.42,0
0,1,0,0,30,1,2,1,2,0,0,2,0,0,0,0,2,89.5,2681.61,0
1,1,0,0,57,1,2,0,0,2,2,0,1,0,0,1,2,36.26,2068.76,0
0,0,0,1,33,1,0,0,1,1,0,1,2,0,0,1,3,80.6,2657.49,1
0,0,1,0,53,1,2,1,0,0,1,1,2,2,0,0,2,92.01,4866.84,0
1,0,0,1,16,1,0,2,1,0,1,2,1,2,1,1,3,60.8,978.76,0
0,0,0,1,49,1,2,1,2,2,1,1,2,0,0,0,0,82.2,4017.96,0
0,0,0,0,5,1,1,0,0,2,0,1,2,0,1,1,1,41.07,206.13,0
0,0,1,1,60,1,0,1,2,1,0,0,2,1,0,1,3,64.42,3865.62,1
1,0,1,1,71,1,2,0,2,0,0,1,2,1,2,1,3,101.22,7183.72,0
0,0,1,0,55,1,0,2,0,0,0,1,0,2,1,0,2,38.31,2097.38,0
1,0,0,1,35,0,1,0,0,1,1,0,2,0,2,1,0,27.2,954.58,0
0,0,0,0,69,1,2,1,0,2,2,1,2,2,2,0,1,88.24,6092.7,0
1,0,0,1,42,1,0,0,1,0,0,0,1,0,2,0,0,49.76,2080.11,0
1,0,1,0,69,1,2,0,2,2,0,1,0,0,0,1,3,67.3,4640.2,0
0,0,1,0,24,1,2,1,2,0,0,0,2,2,1,0,0,107.88,2589.82,0
0,0,0,1,71,1,0,2,0,2,0,0,2,2,0,1,2,35.64,2539.92,0
1,0,0,0,71,1,0,0,1,2,2,1,1,1,0,1,0,95.94,6812.78,0
1,0,0,0,55,1,2,1,1,0,2,1,1,2,0,1,0,69.17,3810.91,0
0,0,0,1,14,0,0,1,0,1,1,0,1,2,0,1,1,22.93,319.8,0
1,0,1,0,55,1,2,2,0,1,0,2,1,1,0,0,0,36.29,1986.58,0
0,0,0,1,15,1,0,1,2,0,2,0,0,0,0,1,0,68.05,1017.25,1
0,0,0,1,5,1,2,0,2,0,2,1,2,0,0,0,3,40.82,202.79,0
0,0,0,1,4,1,1,1,0,0,1,0,1,2,1,1,1,53.97,216.0,1
0,0,1,0,30,1,0,2,1,0,2,1,0,2,2,1,0,87.92,2632.8,0
1,0,1,0,53,1,0,2,0,0,0,1,0,2,0,0,3,103.43,5480.56,0
0,0,1,0,30,0,2,1,0,2,0,0,1,2,0,1,2,62.55,1874.31,1
1,0,0,0,61,1,0,2,0,1,0,0,0,2,2,1,1,69.42,4227.64,0
0,1,1,0,71,0,2,0,0,0,0,2,0,2,2,0,1,77.59,5513.24,0
1,0,1,0,68,1,1,1,1,1,0,0,2,1,0,1,2,35.31,2397.71,0
0,0,1,0,55,1,0,1,0,1,1,2,2,0,0,0,3,78.3,4302.79,0
1,0,0,0,71,1,2,0,2,0,0,0,0,2,2,1,3,99.57,7061.0,0
1,0,1,1,42,1,0,2,1,0,2,1,0,2,0,1,3,108.2,4552.87,1
0,0,0,0,29,1,1,1,0,0,2,0,1,1,0,0,3,37.45,1089.41,1
0,0,1,0,35,1,0,1,0,2,2,2,0,2,0,1,3,104.34,3656.75,0
0,0,1,0,45,1,2,0,1,0,0,1,1,1,0,0,2,106.24,4784.82,1
0,0,0,0,29,1,1,0,0,1,0,0,2,0,2,1,2,94.92,2745.86,0
1,0,1,0,70,0,1,1,0,1,0,0,1,0,1,1,2,100.57,7032.48,1
0,0,1,0,3,1,2,1,0,0,1,0,2,0,0,0,0,62.83,197.4,1
1,0,1,0,57,1,0,0,0,0,0,0,0,0,2,0,0,115.86,6594.33,0
1,0,0,0,66,1,0,2,1,2,0,2,2,0,0,0,2,90.39,5973.43,0
0,0,0,1,22,1,2,0,0,2,0,0,2,1,0,1,0,44.13,979.21,1
1,1,1,0,27,1,0,2,0,1,2,2,2,1,2,1,3,21.21,573.75,0
1,0,1,0,22,1,2,0,1,0,0,1,0,0,1,0,2,35.88,786.82,0
1,0,0,0,49,1,0,1,2,0,2,1,0,0,2,1,0,93.2,4568.68,0
1,0,0,0,24,1,2,1,0,0,0,2,1,1,1,0,0,104.89,2518.22,1
0,0,1,0,27,1,2,1,0,0,0,1,0,2,1,0,3,27.04,739.61,1
0,1,0,1,36,1,0,2,1,0,2,1,0,0,0,1,3,84.0,3021.02,1
0,0,0,0,17,1,2,2,0,0,2,0,0,0,2,1,2,55.34,942.68,0
0,1,0,0,56,1,2,0,0,0,2,2,2,2,1,1,2,77.31,4329.85,0
1,0,1,0,10,1,0,1,2,1,0,0,0,0,0,1,2,103.55,1028.91,1
1,0,1,0,54,1,0,1,1,0,0,0,0,0,0,0,1,61.26,3315.54,0
0,0,1,1,38,1,2,2,0,1,1,2,2,2,1,0,0,37.09,1403.56,0
0,1,0,0,4,1,0,2,0,1,0,2,0,2,1,0,2,29.66,120.74,0
0,0,0,0,50,1,1,1,2,0,2,2,0,2,0,0,2,118.59,5926.61,0
1,0,1,0,61,1,2,1,0,2,1,2,0,1,0,1,1,95.37,5824.51,0
0,0,0,0,21,1,2,0,2,2,1,1,0,2,2,0,0,23.71,504.88,0
0,0,0,0,36,1,0,1,1,2,2,1,0,0,1,1,2,35.5,1270.84,1
0,1,0,0,46,1,1,2,1,1,2,0,2,2,1,1,0,87.1,4015.66,0
1,0,0,0,71,1,0,2,2,1,0,0,2,2,0,1,3,60.74,4305.45,0
1,0,0,0,44,0,2,1,0,2,1,1,0,0,0,1,2,80.63,3546.81,0
1,0,1,0,64,1,2,1,0,2,1,1,2,1,0,0,2,75.04,4806.53,0
1,0,0,0,18,1,0,1,1,1,2,1,1,0,0,1,1,34.03,610.66,1
1,1,0,0,13,1,2,1,0,2,0,0,0,1,2,0,2,62.41,812.42,1
1,0,1,1,13,1,0,1,1,1,0,0,0,1,0,0,3,71.53,939.82,1
1,0,1,0,25,1,2,1,0,0,0,1,2,2,0,0,2,62.31,1552.91,0
1,1,0,1,5,1,0,0,2,1,0,1,2,0,0,1,0,66.59,338.19,1
0,0,1,1,39,1,0,0,0,0,2,1,1,0,2,0,2,117.68,4592.7,0
0,0,0,0,29,1,0,1,0,2,0,0,2,0,1,1,1,117.26,3409.48,0
1,0,1,0,57,1,1,2,0,0,0,0,2,1,0,0,0,53.68,3051.77,0
1,0,1,0,46,1,0,1,2,1,0,0,2,0,1,0,2,91.56,4207.12,0
0,0,1,1,33,1,0,1,1,2,0,2,2,2,2,1,3,41.73,1382.41,0
1,1,1,0,10,1,2,2,0,0,2,2,2,0,0,0,3,117.89,1185.26,1
1,0,0,0,58,0,2,1,2,0,0,0,1,0,2,1,2,59.83,3474.46,0
1,0,0,0,25,1,2,0,1,1,2,0,2,0,2,0,0,76.93,1916.29,0
0,1,1,0,39,1,0,2,2,2,2,0,1,2,0,1,1,56.56,2202.45,0
0,0,1,0,16,1,0,2,2,0,0,2,0,2,0,0,2,33.99,538.33,1
0,0,1,1,60,1,0,1,0,2,0,1,1,1,0,1,2,33.73,2029.1,0
0,0,1,0,28,1,0,0,1,0,0,0,1,0,0,0,2,112.66,3162.35,0
0,1,0,0,44,0,1,2,0,0,1,1,2,2,0,1,3,73.78,3248.58,0
1,0,1,0,58,1,0,1,0,2,0,0,0,2,0,1,2,115.9,6715.33,0
0,0,1,1,32,1,1,0,2,1,0,2,2,2,0,1,0,58.74,1887.05,1
1,0,0,0,63,1,2,0,0,0,0,0,1,2,0,0,2,65.9,4150.42,1
1,0,1,0,45,1,2,2,0,0,0,0,1,1,0,1,2,40.19,1802.04,0
0,0,1,1,53,1,0,0,1,0,0,0,2,1,0,1,1,28.78,1527.75,0
0,1,1,0,61,1,2,0,0,0,0,2,0,2,0,1,1,96.93,5904.41,0
1,0,0,0,50,1,0,1,2,2,2,2,0,0,0,0,0,58.05,2904.48,0
1,0,0,0,27,1,0,0,0,1,0,2,0,0,1,0,0,97.3,2636.53,0
1,1,0,0,26,1,0,0,2,2,0,1,2,2,0,1,3,63.24,1646.11,0
0,0,1,1,3,1,2,1,1,0,2,2,2,0,0,0,3,111.2,340.74,1
0,0,1,0,39,1,0,0,2,2,0,0,1,2,0,0,2,107.1,4184.2,0
0,0,0,0,65,0,0,2,2,0,2,1,2,0,2,0,1,100.78,6544.04,0
0,1,0,0,35,1,0,1,0,1,0,0,2,1,1,1,1,97.97,3432.35,0
0,0,0,0,53,1,0,0,2,0,2,2,2,1,2,1,1,84.37,4472.29,1
1,0,1,1,46,1,0,0,0,2,2,2,2,0,2,0,1,105.77,4856.34,0
0,0,1,0,68,1,2,0,0,2,2,0,0,1,0,1,0,103.83,7054.15,0
1,0,0,0,22,1,0,0,0,1,0,2,0,0,0,1,1,39.65,865.7,1
1,0,0,1,60,1,2,1,0,2,1,2,0,0,2,0,1,88.29,5299.8,0
1,0,0,0,6,1,0,0,1,1,0,0,0,2,1,0,2,102.11,605.81,0
0,0,0,0,52,1,1,1,0,2,1,2,1,2,1,1,1,93.15,4839.89,0
0,0,0,0,29,1,2,2,1,0,1,2,2,1,0,1,0,19.96,571.0,0
0,0,0,0,43,1,0,1,2,0,2,1,2,1,0,1,3,80.31,3444.55,0
1,0,0,0,34,1,0,1,0,2,2,0,2,0,1,1,2,46.89,1604.21,0
1,0,0,0,31,1,0,2,0,0,2,1,1,0,0,0,1,96.02,2974.54,0
1,0,0,1,46,1,2,2,0,0,0,2,0,2,0,0,2,92.67,4262.85,1
1,0,1,0,4,1,2,2,0,0,0,2,2,1,1,1,2,29.18,107.45,0
1,0,1,1,2,1,0,1,1,0,2,0,2,0,2,1,1,51.8,96.8,0
1,0,0,0,5,1,2,2,0,1,0,0,1,0,1,1,2,108.76,545.78,1
0,0,1,1,46,1,2,2,0,0,0,1,2,1,2,0,2,66.81,3071.27,0
0,1,0,1,19,1,0,1,0,2,0,1,2,1,0,1,3,69.19,1316.85,0
0,0,1,1,38,1,0,1,2,0,0,0,0,2,2,0,1,38.74,1468.32,0
0,1,1,0,59,1,2,0,0,2,1,0,1,0,1,1,3,36.12,2130.91,0
1,0,0,0,72,1,2,1,2,2,0,1,0,2,0,1,2,24.98,1806.77,0
1,0,1,0,20,1,1,0,2,0,1,1,1,1,0,0,3,26.27,527.74,1
0,1,1,1,68,1,2,0,2,0,0,2,0,2,0,1,0,35.86,2442.72,1
1,0,1,0,53,1,0,0,1,0,0,0,0,1,0,1,1,19.66,1050.49,0
0,0,0,0,55,0,2,1,2,0,2,0,0,2,0,1,1,118.2,6505.31,0
0,0,1,0,39,1,0,1,0,2,2,1,1,1,2,1,0,61.95,2418.99,0
0,0,0,0,36,1,0,1,2,0,2,1,2,0,2,1,3,59.28,2141.15,0
1,0,1,0,58,0,0,0,0,0,2,2,0,0,0,0,1,77.21,4482.04,0
0,0,0,0,15,1,0,2,0,2,2,1,0,2,2,1,1,104.2,1565.04,0
0,0,1,1,1,1,0,1,0,1,0,1,1,0,0,1,0,84.91,79.71,1
0,0,1,1,9,1,2,1,0,0,0,2,0,0,0,1,1,39.75,348.27,1
1,1,1,0,23,1,0,0,1,0,2,0,0,2,2,1,1,93.12,2140.18,0
1,0,1,0,52,1,2,2,0,1,2,0,2,0,2,1,3,32.32,1687.03,0
0,0,0,1,26,1,0,1,2,0,0,0,1,1,2,1,1,104.33,2713.04,0
1,0,1,0,60,1,2,2,1,2,0,0,1,2,1,1,2,91.91,5506.28,0
1,0,1,0,18,1,0,0,1,2,1,2,0,0,0,0,1,112.41,2022.19,1
1,0,0,0,58,1,1,1,0,2,0,1,2,2,0,0,2,106.2,6161.7,0
1,0,1,0,65,1,0,0,0,0,2,2,0,1,2,1,3,59.75,3878.49,0
1,0,1,1,69,1,1,0,2,2,2,0,2,2,0,1,0,108.12,7451.96,0
1,0,0,0,14,1,0,1,0,2,2,2,2,2,0,0,1,99.64,1396.12,0
1,0,0,1,46,1,0,2,0,0,2,0,2,1,1,1,2,63.2,2898.96,0
1,1,1,0,69,1,2,1,1,2,0,0,0,0,2,1,3,88.09,6068.45,0
1,0,1,1,32,1,2,0,2,0,2,1,1,2,0,1,2,34.99,1124.49,0
1,0,0,0,51,1,2,1,0,0,2,1,2,0,0,0,3,71.95,3668.62,0
0,0,1,0,69,1,0,0,0,2,0,0,1,0,0,1,3,23.64,1621.99,0
0,0,0,0,15,1,2,1,0,0,2,0,0,0,0,1,3,59.55,895.19,0
1,1,1,1,53,1,0,1,0,2,1,0,1,2,1,1,2,81.37,4302.87,0
0,0,0,1,71,1,0,1,1,1,1,0,2,0,0,1,1,81.31,5769.54,0
0,0,1,1,69,1,0,1,0,2,0,0,0,1,2,0,3,55.47,3820.85,0
1,0,0,0,15,1,0,0,1,2,0,2,0,0,0,1,0,27.11,404.56,1
1,0,1,0,30,1,1,0,2,0,2,0,0,0,0,1,0,82.67,2470.39,0
1,0,0,0,24,1,0,2,2,2,2,2,1,0,0,1,0,26.76,651.67,1
0,0,1,1,35,1,1,2,1,0,0,0,1,2,0,1,2,41.8,1455.96,0
0,1,1,1,69,0,2,0,2,0,2,1,1,2,2,0,2,98.98,6838.78,0
1,0,0,1,12,1,2,1,0,2,2,2,2,2,0,0,2,62.13,745.68,0
1,1,0,0,46,1,0,0,0,0,0,0,2,0,0,1,0,118.73,5452.93,0
1,0,0,0,69,1,0,1,0,2,2,1,2,0,0,0,2,95.66,6608.14,0
0,0,1,0,36,1,2,2,0,2,0,1,1,0,2,1,3,58.97,2121.2,0
0,1,0,0,48,1,0,1,0,0,0,0,0,0,0,1,1,29.29,1398.86,0
0,0,1,1,67,1,2,2,1,1,1,2,1,2,0,1,2,61.38,4107.87,0
0,0,0,1,54,1,2,1,2,0,1,1,2,2,0,1,0,31.98,1722.79,0
1,0,0,0,36,1,0,1,0,2,2,0,2,1,0,0,3,87.59,3155.41,0
1,0,1,0,52,1,1,0,0,1,0,0,1,2,0,1,1,28.8,1507.04,0
1,0,0,0,22,0,2,1,0,2,0,2,1,0,0,1,0,113.05,2480.82,0
1,0,0,1,38,1,2,2,2,2,1,2,0,2,0,0,2,57.42,2176.22,0
0,0,1,1,62,1,0,1,0,0,0,2,1,2,1,1,2,21.53,1344.25,0
0,0,0,1,65,1,1,0,2,0,2,0,1,2,2,1,0,101.52,6593.2,0
1,0,1,1,3,1,2,2,0,2,2,2,1,1,0,1,2,53.57,155.31,0
1,0,0,1,8,1,0,0,0,0,0,2,1,2,1,1,1,85.58,694.47,0
0,0,1,0,39,1,2,1,2,0,1,2,2,2,0,1,2,105.01,4098.49,0
1,1,1,1,18,0,2,0,0,0,1,0,0,2,0,1,1,24.16,431.03,0
0,0,1,1,3,1,2,0,0,0,0,2,1,0,0,1,2,19.83,54.33,0
1,0,0,0,18,1,0,0,2,0,1,1,0,1,2,1,2,32.48,584.2,0
1,1,0,0,1,1,2,1,0,0,0,2,0,2,0,1,1,41.92,38.33,1
1,0,0,0,26,1,0,1,1,2,0,1,1,0,2,1,0,70.92,1834.1,0
1,1,1,0,52,1,1,1,1,2,0,1,2,0,1,1,3,114.83,5962.56,0
1,0,1,0,12,1,0,1,0,1,0,0,0,0,0,1,2,73.03,877.15,1
1,0,0,1,38,1,0,1,2,0,0,2,0,2,1,0,2,104.61,3970.43,0
1,0,0,0,41,1,2,2,2,0,0,2,2,2,0,0,2,38.31,1579.55,0
0,0,1,1,53,1,2,2,1,1,0,2,2,2,2,0,2,108.01,5728.44,0
0,0,1,1,13,1,0,0,0,0,0,0,0,2,0,1,2,90.07,1180.47,0
0,0,0,0,13,1,0,0,0,0,0,2,1,2,0,1,2,113.71,1484.33,0
0,0,1,0,18,1,0,1,0,0,0,2,0,1,1,0,1,106.03,1904.81,0
0,0,0,0,19,0,0,0,1,2,2,2,0,0,1,0,2,103.7,1975.19,0
1,0,0,0,19,1,2,2,0,1,2,0,0,0,1,1,1,25.6,485.69,0
1,0,0,0,70,1,0,0,0,0,0,2,1,0,0,1,3,85.97,6018.17,0
0,0,0,0,48,1,2,1,0,2,1,2,2,2,0,0,2,49.16,2360.28,0
1,0,1,0,71,1,2,0,0,2,0,2,0,0,2,1,3,44.22,3143.31,0
0,1,0,0,71,0,0,1,0,1,2,0,0,2,0,1,1,63.79,4526.31,0
0,0,0,0,28,1,0,0,0,2,2,2,0,1,0,1,1,105.41,2957.16,0
1,1,1,1,19,1,0,1,0,2,0,1,2,0,2,1,3,27.27,511.6,1
1,0,0,0,48,1,0,2,0,0,0,0,1,2,0,0,0,111.13,5331.39,0
1,0,1,0,29,1,0,0,0,1,2,0,2,0,1,1,2,104.48,3033.44,1
0,0,0,1,48,1,0,0,2,0,0,0,2,2,0,1,3,46.38,2233.16,0
1,0,1,0,19,0,2,1,1,1,2,1,2,1,0,0,2,52.36,1001.96,0
0,0,0,0,47,1,0,1,1,1,0,2,0,1,1,0,2,23.35,1094.18,0
0,0,1,1,60,1,2,0,0,1,0,0,0,1,0,1,3,91.58,5493.23,0
0,0,1,1,48,1,1,2,2,0,0,2,2,0,2,1,1,35.51,1699.72,0
1,0,0,0,20,1,0,0,2,0,1,1,2,0,0,0,1,47.93,961.01,0
1,0,0,0,19,1,0,0,1,2,2,2,2,2,0,0,3,58.25,1104.23,1
0,0,1,0,42,1,0,1,1,2,0,0,0,2,2,1,3,59.11,2491.17,0
1,0,1,1,49,1,0,0,2,0,2,0,1,1,1,0,1,98.81,4838.7,1
1,0,1,1,15,1,2,1,0,2,1,0,2,0,0,1,2,68.0,1023.54,1
1,0,0,0,60,1,2,0,0,0,2,0,0,1,0,1,0,23.84,1433.73,1
0,0,0,0,68,1,2,2,0,2,1,0,2,1,0,1,2,78.6,5344.68,0
0,0,0,0,27,1,2,1,0,2,2,1,0,2,0,0,2,49.08,1315.58,0
1,0,0,0,55,1,2,1,0,1,2,2,0,2,0,1,2,52.41,2878.41,0
0,0,0,0,15,1,2,0,2,0,0,2,0,0,0,1,3,39.02,589.43,1
1,0,1,1,52,1,1,0,2,0,0,1,0,0,0,0,2,29.48,1531.17,0
1,0,1,1,31,1,2,1,2,0,0,2,1,2,0,0,3,44.0,1355.39,1
1,0,0,0,7,1,2,0,1,0,0,1,1,0,0,0,2,106.37,752.55,0
1,1,0,0,13,1,2,1,0,2,0,0,1,2,0,0,2,105.86,1377.89,0
0,1,0,0,54,1,0,1,0,0,0,2,0,0,1,1,0,113.23,6106.07,0
0,0,0,0,13,1,0,0,0,0,0,2,2,2,0,1,3,21.69,272.9,1
0,0,0,0,20,0,2,2,1,2,0,0,0,0,0,1,1,108.75,2166.91,1
1,0,0,1,10,1,2,2,2,2,2,1,1,2,1,0,3,54.58,555.78,0
1,0,1,1,52,0,2,1,2,0,1,2,1,0,2,0,1,83.43,4334.0,0
1,0,1,1,37,1,2,2,0,0,1,2,2,1,0,1,3,80.54,2984.04,0
0,0,0,1,52,1,0,2,1,1,2,1,1,2,1,0,3,35.51,1839.87,0
1,1,0,0,27,1,0,0,0,1,0,0,0,0,0,1,2,35.55,955.06,0
0,0,1,1,34,1,2,0,1,2,0,2,2,0,0,1,3,39.7,1339.94,0
0,0,1,1,62,0,1,1,2,0,0,0,2,1,0,1,1,45.26,2813.25,0
0,0,1,0,16,1,2,1,0,1,2,1,1,2,1,1,0,55.38,895.91,0
0,0,1,0,59,1,2,1,2,1,0,0,2,2,2,1,2,63.98,3772.38,0
0,0,0,0,21,1,0,0,0,2,1,0,0,1,0,1,1,54.34,1135.39,0
0,1,1,0,16,1,1,1,2,2,2,2,0,2,0,0,3,77.47,1232.79,1
1,0,0,0,13,1,2,1,0,2,1,0,2,2,0,0,2,34.04,437.74,1
1,0,1,0,33,1,0,0,1,0,1,2,1,1,2,0,1,111.95,3692.02,0
0,0,0,1,54,1,0,1,1,2,0,0,2,2,1,0,3,102.4,5534.05,1
0,0,1,1,69,1,2,2,0,0,2,0,1,0,0,0,2,23.46,1622.94,0
1,0,0,0,27,1,2,1,0,0,2,0,0,0,0,1,1,64.64,1745.56,0
0,0,0,0,52,1,2,0,1,1,0,2,2,0,0,1,3,100.13,5204.67,0
0,0,0,0,65,1,0,0,2,2,0,0,0,2,0,1,2,53.67,3488.76,0
1,0,1,1,44,1,0,1,0,2,0,0,1,2,2,1,0,60.8,2676.46,0
0,0,1,0,30,1,2,2,0,1,1,0,2,1,2,0,1,118.32,3551.9,0
0,0,1,0,23,1,0,2,2,0,1,2,0,0,0,1,2,94.18,2169.17,0
0,0,1,0,16,1,0,1,2,1,1,0,2,0,0,0,3,46.09,740.35,0
1,0,0,1,55,1,0,0,2,2,1,0,1,0,0,0,3,75.06,4122.51,0
1,0,0,0,18,1,0,1,0,1,0,1,1,0,0,0,0,98.92,1780.19,1
1,0,0,0,17,1,0,2,2,0,2,0,0,2,2,1,2,46.42,785.85,0
0,0,0,0,52,1,0,2,0,2,2,1,2,2,2,1,2,25.9,1348.7,0
0,0,1,1,45,0,0,1,0,0,2,0,1,1,1,0,0,51.4,2312.97,0
1,0,1,0,56,1,2,1,0,1,0,0,0,2,2,1,0,106.95,5983.2,0
0,0,1,1,54,1,0,1,2,0,2,2,0,1,1,1,2,65.27,3528.18,0
0,0,0,1,9,1,0,2,0,2,2,2,2,1,0,0,2,78.27,694.82,0
0,0,0,0,17,1,0,1,1,0,1,2,0,0,2,1,1,22.4,377.07,0
0,0,1,1,27,1,2,0,2,1,1,0,0,0,0,1,0,42.32,1148.33,1
0,1,1,0,37,1,2,1,2,2,2,0,2,2,0,1,1,97.12,3598.78,1
1,0,0,0,22,1,2,2,2,2,2,0,2,0,2,1,2,89.74,1983.27,1
0,0,0,1,72,1,2,1,2,2,0,2,0,0,0,1,3,29.39,2117.82,0
1,0,0,0,67,1,2,1,0,2,2,0,0,0,0,1,2,100.71,6747.16,0
0,0,1,0,38,1,2,1,1,2,1,0,2,2,2,0,0,71.7,2727.94,0
1,0,1,1,72,1,0,1,0,0,0,0,2,0,0,1,2,43.37,3129.54,0
0,0,0,0,44,0,0,0,0,0,2,0,2,0,1,1,2,33.88,1492.71,0
1,0,0,0,36,1,0,1,0,0,0,0,1,0,2,0,0,35.48,1282.16,0
0,0,1,0,25,0,0,1,2,0,2,0,2,1,0,0,1,60.26,1502.77,0
1,0,0,1,42,1,2,2,2,2,1,0,1,0,0,1,1,106.3,4461.14,0
0,0,0,0,13,1,0,2,1,0,0,0,0,2,0,1,2,55.21,709.14,1
1,0,1,1,56,1,2,1,0,0,1,1,0,2,2,1,1,83.68,4681.47,0
0,0,1,0,51,1,0,2,2,1,2,0,1,2,1,0,1,32.6,1662.42,0
1,1,1,0,50,1,0,0,0,0,2,1,2,2,0,1,2,24.67,1236.78,0
1,1,1,0,52,1,0,1,0,2,0,1,0,0,2,1,1,59.57,3098.59,0
0,1,0,0,33,1,2,0,1,0,1,0,0,2,0,1,1,34.78,1152.13,0
0,0,1,0,25,1,2,0,0,2,0,0,1,2,1,1,2,37.82,944.58,0
1,0,0,0,58,1,2,2,1,1,1,1,2,2,0,0,2,45.35,2630.56,0
0,0,0,0,40,1,2,2,0,0,2,0,0,0,0,1,2,24.43,976.55,0
1,0,1,0,38,1,0,1,2,0,2,0,1,1,1,1,1,98.74,3754.15,0
1,0,1,1,3,0,0,0,1,0,2,1,2,1,0,1,2,72.73,214.97,1
1,0,0,1,16,1,2,1,2,2,0,1,1,2,0,1,3,59.17,948.99,0
0,0,0,0,2,0,2,2,2,0,1,2,1,1,0,1,0,51.55,101.23,0
1,0,0,0,23,1,0,0,1,0,0,1,2,0,2,1,0,18.35,424.03,0
1,0,1,1,30,1,0,0,2,2,2,1,2,0,0,1,2,105.62,3165.45,1
0,1,1,1,10,1,0,2,0,0,0,0,2,0,0,0,3,94.82,941.45,1
0,0,0,1,65,1,0,2,1,1,2,0,2,1,0,0,3,91.72,5955.7,0
0,0,0,0,22,1,2,0,0,2,0,2,0,0,0,0,3,35.78,780.06,0
0,1,1,0,52,1,2,2,0,2,2,2,1,2,0,1,3,23.5,1215.18,0
1,0,0,0,56,1,0,1,0,1,1,0,0,0,0,1,1,24.75,1388.39,0
1,0,1,0,33,1,0,0,1,2,1,0,0,0,2,0,0,72.14,2388.19,1
1,0,0,0,30,1,2,1,0,2,0,0,2,2,2,0,0,82.18,2473.03,0
1,0,0,0,24,1,2,1,0,0,2,0,0,0,0,0,2,118.57,2850.26,0
0,1,1,1,5,1,2,0,1,0,2,1,0,0,1,0,2,70.75,354.62,1
1,0,0,1,53,1,2,1,1,1,2,2,0,2,2,1,1,51.65,2736.7,0
1,0,1,0,55,1,2,1,0,0,0,0,0,1,0,1,1,86.57,4753.89,0
0,0,1,0,23,1,0,0,2,1,2,0,1,1,0,1,3,82.97,1902.29,0
1,0,1,0,10,1,2,1,0,0,1,2,1,0,2,1,3,20.55,214.32,0
1,1,1,0,33,1,0,0,2,0,1,2,2,2,0,1,3,30.68,1008.85,1
1,0,1,0,62,0,1,0,0,2,2,0,2,0,0,1,2,87.83,5447.24,0
1,0,0,1,27,1,0,0,0,0,0,1,2,0,0,0,0,26.53,718.65,0
1,0,0,1,7,1,0,1,0,1,0,2,2,0,0,1,1,99.27,689.24,0
1,0,1,0,27,1,0,0,0,2,0,2,2,2,0,0,2,109.48,2961.14,0
0,1,0,0,10,1,2,1,1,2,2,0,0,0,0,1,1,38.35,375.42,1
0,0,0,0,57,0,1,0,2,0,2,1,2,0,1,1,2,69.05,3931.23,0
1,0,0,0,30,1,2,1,2,0,0,0,0,0,2,0,1,49.86,1496.95,0
1,0,0,0,3,1,2,1,1,2,2,0,2,2,0,0,2,70.6,211.52,1
0,0,1,0,29,1,0,0,0,1,0,2,0,0,0,1,3,80.15,2329.01,0
1,0,1,1,14,0,0,2,0,0,1,2,1,0,2,1,3,19.43,281.19,0
1,1,0,1,25,1,0,1,1,0,0,2,0,1,0,1,0,108.24,2700.94,1
1,0,1,1,10,1,0,1,0,1,1,2,0,0,2,1,0,55.36,544.3,0
0,1,1,0,49,1,1,1,0,2,0,0,1,0,0,0,0,37.53,1835.57,0
1,0,1,1,38,1,1,0,2,1,2,1,2,0,0,1,1,21.48,822.71,0
0,0,1,0,71,1,0,2,0,2,1,1,2,2,1,1,2,118.02,8384.17,0
1,0,1,0,14,1,0,0,0,2,2,0,1,2,0,1,0,94.58,1324.39,1
0,0,0,0,30,1,1,1,0,0,1,0,1,0,0,1,2,64.07,1921.13,1
0,1,1,1,40,1,2,1,1,0,0,0,2,0,0,1,1,105.27,4208.4,0
1,0,0,1,12,0,0,2,0,0,1,0,2,1,0,1,1,64.09,763.34,1
0,0,0,0,14,1,0,1,1,2,2,2,0,1,0,1,2,87.38,1220.14,1
1,0,1,1,1,1,0,1,1,2,2,0,1,2,0,1,2,114.45,108.31,0
0,0,1,1,68,1,1,1,0,0,2,0,0,2,0,0,2,89.23,6058.95,0
1,0,1,1,49,1,2,0,0,1,2,1,2,2,0,1,2,42.38,2084.38,0
1,0,1,1,18,1,0,0,0,0,0,0,0,2,1,1,3,112.05,2011.77,0
0,0,1,1,36,1,1,0,2,2,2,0,2,1,0,0,3,20.48,729.22,0
1,0,1,0,64,1,2,0,2,0,0,2,2,2,0,0,2,110.76,7088.66,0
1,0,0,0,28,1,1,0,2,0,0,0,2,1,0,1,0,114.94,3213.33,0
0,0,0,0,32,1,0,1,1,2,0,1,0,0,0,0,3,27.48,877.43,1
1,0,1,1,72,1,0,2,0,0,1,0,0,2,0,0,2,23.88,1728.63,0
1,0,1,0,25,1,0,2,0,0,2,0,0,0,0,0,2,102.54,2557.24,0
0,1,0,0,47,1,1,1,0,2,2,1,0,0,2,0,1,20.77,972.36,0
0,0,0,1,20,1,2,0,0,0,2,0,0,0,2,1,0,99.12,1982.67,0
1,0,0,0,33,0,0,2,0,0,2,1,1,2,0,1,1,53.73,1771.6,0
1,0,0,1,30,0,0,2,0,1,0,0,2,1,2,0,3,20.47,606.07,0
0,0,1,0,37,1,2,1,1,0,1,0,2,0,0,0,2,82.85,3070.35,1
0,0,1,0,53,1,2,0,1,0,0,0,2,1,0,1,1,46.33,2454.9,0
1,0,0,0,69,1,2,2,0,2,0,2,2,2,0,0,2,33.45,2303.23,0
0,0,1,1,8,1,2,0,1,0,1,1,2,0,2,0,1,73.19,590.92,0
1,0,0,0,1,1,0,0,2,2,1,0,1,0,0,0,2,21.09,18.74,1
1,0,0,1,7,0,0,2,2,2,1,2,2,0,0,1,0,57.79,400.9,0
1,0,0,0,62,1,2,1,0,2,1,0,2,2,0,1,1,80.27,4981.8,0
1,1,1,0,58,1,2,0,1,0,0,1,0,0,0,1,3,91.19,5281.23,1
1,0,0,1,8,1,0,1,0,0,2,0,2,1,1,0,3,70.18,569.61,1
0,0,0,0,64,1,0,1,0,1,0,0,2,2,0,1,2,24.45,1555.74,0
0,1,1,0,8,1,2,2,2,0,2,1,2,2,0,1,0,94.98,752.64,1
0,0,1,0,3,1,1,0,1,0,2,2,1,0,2,1,3,57.21,166.27,1
0,0,0,1,58,1,2,0,0,2,1,2,2,0,0,0,0,36.41,2115.29,0
1,0,0,0,32,1,0,1,0,0,0,2,2,0,2,0,2,44.86,1439.26,0
1,1,1,0,68,1,2,2,1,2,0,0,1,0,2,1,0,85.33,5812.34,0
1,0,1,0,49,1,0,0,2,0,0,2,2,0,1,0,0,38.13,1869.31,0
1,1,0,0,38,1,0,1,0,2,0,0,0,0,0,0,2,27.11,1036.75,0
0,0,0,0,2,1,0,0,2,0,0,1,2,1,0,0,2,80.67,160.38,1
1,0,0,0,9,1,0,0,0,0,1,0,1,2,0,1,2,83.16,751.29,1
1,1,0,1,46,1,0,2,2,0,1,0,0,2,1,1,2,62.97,2887.84,0
0,0,1,0,65,1,2,0,0,2,2,1,2,1,0,0,2,69.0,4491.44,0
0,0,0,0,49,1,0,1,1,0,2,2,1,1,0,1,2,101.85,4993.68,1
0,0,1,0,29,1,0,1,0,0,0,0,0,2,0,1,0,52.28,1518.7,0
0,0,0,0,29,1,1,0,0,2,0,2,1,2,1,0,3,105.05,3040.86,0
1,1,0,1,33,1,2,2,0,2,0,0,0,1,0,0,2,106.04,3497.41,1
1,0,1,0,28,1,0,1,0,2,0,0,0,0,0,0,2,69.71,1946.46,0
0,0,1,0,26,1,2,1,1,0,0,2,0,1,0,1,2,19.93,522.27,1
1,0,0,1,29,1,2,1,0,2,1,1,2,1,0,1,3,110.95,3227.46,0
1,0,1,0,11,1,2,1,0,2,0,2,2,2,2,1,2,32.31,349.27,0
1,0,1,0,34,1,1,1,0,2,2,0,2,1,2,1,0,71.23,2414.3,0
0,0,0,1,48,1,2,0,2,0,1,0,2,0,0,1,0,85.81,4115.63,0
1,0,1,1,27,1,0,2,0,2,2,0,1,1,0,1,1,27.81,750.97,0
0,1,0,0,72,1,2,1,0,1,1,2,1,0,2,1,1,93.65,6746.85,0
1,0,1,0,40,1,0,0,0,2,1,0,2,2,1,1,2,79.86,3194.32,0
1,0,0,1,31,1,0,2,0,2,2,2,2,0,0,0,2,85.88,2671.99,1
1,1,1,0,65,1,0,1,0,0,0,1,0,0,1,0,2,33.71,2195.96,0
0,0,1,0,39,1,0,1,1,1,0,2,0,1,0,1,2,45.57,1770.96,1
1,0,0,0,24,1,1,0,1,1,1,2,0,0,0,1,0,48.66,1163.71,0
0,0,0,0,68,1,1,2,0,2,0,0,0,2,1,1,2,33.37,2275.22,0
0,1,1,0,23,1,2,2,0,2,2,0,0,0,0,1,2,75.13,1735.55,0
0,0,1,0,61,1,2,1,0,0,2,0,0,2,2,0,3,25.95,1583.57,0
1,1,0,1,27,1,2,1,0,2,0,2,2,1,0,0,2,44.04,1188.09,1
1,0,0,0,16,0,0,1,1,0,0,2,2,0,2,0,1,94.75,1509.05,0
1,0,0,0,45,1,1,0,2,0,2,0,2,1,0,0,1,42.08,1888.53,0
1,0,0,1,27,0,1,1,0,0,0,1,0,2,0,1,2,37.8,1024.68,1
0,0,0,0,5,1,0,0,2,1,0,2,2,0,1,0,2,32.48,153.38,0
0,0,1,1,59,1,2,2,0,2,1,2,1,2,1,1,0,80.27,4738.04,0
0,0,0,0,72,1,0,0,2,0,2,2,2,0,0,1,2,63.88,4593.89,0
1,0,0,0,35,1,2,1,1,0,0,1,0,0,2,1,2,40.35,1406.69,0
0,0,1,0,70,1,2,0,0,0,0,0,2,0,2,0,2,38.74,2710.22,0
1,0,1,1,46,1,2,0,1,0,0,1,1,2,0,1,0,117.63,5410.03,0
0,0,1,1,56,1,2,1,1,1,1,0,2,2,0,1,2,24.96,1400.74,0
1,0,1,0,24,1,0,1,0,1,0,1,0,2,2,0,3,92.99,2224.75,0
1,0,1,0,10,1,0,1,0,0,0,1,1,1,2,0,2,110.21,1098.98,0
0,0,0,0,38,1,2,0,2,0,0,0,2,0,2,0,3,63.01,2387.61,0
0,0,0,1,70,1,0,0,1,0,2,0,0,0,0,0,1,66.65,4666.11,0
0,0,0,1,48,1,0,2,0,1,2,0,0,2,2,0,0,103.98,4984.89,0
0,0,1,0,9,1,0,1,0,2,2,2,2,2,1,0,3,19.7,184.9,0
1,1,1,0,50,1,2,1,0,0,0,0,0,2,0,0,1,37.32,1857.13,0
0,0,0,1,69,1,1,0,2,0,0,1,0,0,2,0,2,89.99,6210.65,0
0,0,1,0,48,1,2,2,0,0,0,1,2,0,1,1,2,69.93,3360.78,0
0,0,0,0,39,1,1,1,2,2,1,1,0,2,2,0,3,115.45,4510.49,0
1,0,0,1,5,1,2,1,0,0,0,1,0,2,1,1,2,39.51,192.47,0
1,0,1,0,11,1,2,0,0,0,2,0,0,0,0,0,0,107.36,1184.52,0
0,0,1,0,60,1,0,0,0,2,2,2,1,0,0,0,2,118.74,7128.59,1
1,0,1,0,27,1,0,1,1,0,2,0,0,1,1,1,2,18.38,497.76,0
0,0,0,0,7,1,2,0,0,0,1,0,1,0,0,0,1,47.25,337.77,0
1,0,0,0,60,1,2,1,0,1,1,2,1,2,2,1,3,116.86,7010.74,0
1,0,0,1,50,1,2,1,1,2,2,0,0,0,1,1,2,108.55,5431.79,0
1,0,1,0,67,1,0,2,1,2,0,0,1,2,2,0,3,27.95,1866.33,0
1,0,0,0,69,1,1,0,0,2,0,1,2,0,0,1,3,44.09,3051.61,0
0,1,1,0,55,1,1,0,2,1,2,2,2,2,2,0,2,81.31,4474.35,0
0,0,1,1,16,1,0,1,0,0,0,1,0,2,0,0,1,43.15,695.1,1
0,0,0,0,12,1,2,0,1,0,1,2,1,0,0,0,1,57.61,687.34,0
1,1,0,0,27,1,0,0,0,2,1,0,2,2,0,1,3,43.73,1179.21,0
0,0,1,0,33,1,2,1,0,0,0,2,0,1,2,0,0,48.29,1587.11,0
0,0,1,0,55,1,0,1,1,0,2,0,2,2,2,0,0,52.53,2898.17,0
0,0,1,0,52,1,0,2,2,1,0,2,0,2,0,0,0,71.03,3701.67,0
1,1,1,1,37,1,2,2,2,0,1,0,0,1,0,1,3,96.61,3567.6,1
1,0,1,0,15,1,2,1,1,1,2,1,0,2,2,1,0,73.58,1098.6,0
1,0,0,0,65,1,2,0,2,2,0,1,2,2,0,0,1,42.97,2793.69,0
0,0,0,0,68,1,2,1,0,0,2,0,2,2,2,0,2,84.15,5714.59,0
0,1,0,0,3,1,2,1,1,1,2,0,1,1,0,0,2,101.89,307.36,0
0,0,0,0,72,1,2,1,0,0,2,0,0,0,0,0,1,83.5,6007.31,0
1,0,0,0,5,1,2,2,0,1,2,2,2,0,0,1,0,98.66,496.12,1
1,1,0,1,9,1,2,1,0,1,1,0,2,2,2,0,2,63.4,562.17,0
0,0,0,0,1,1,1,1,0,0,2,0,2,0,2,0,0,111.15,104.42,0
1,0,1,0,30,1,2,0,0,2,0,2,0,2,0,1,2,79.97,2399.65,1
1,0,0,1,71,1,0,2,0,0,1,0,0,0,1,0,1,89.74,6375.44,0
1,0,0,1,20,1,0,2,0,0,1,2,1,0,2,1,3,29.38,589.28,0
1,1,0,1,27,1,0,0,1,0,0,0,1,0,2,0,2,81.48,2196.22,0
0,0,0,0,63,1,2,0,0,0,2,2,0,0,0,1,0,21.16,1334.72,0
1,0,1,0,31,1,0,0,2,1,2,0,0,2,2,1,2,34.71,1071.5,0
1,0,0,1,19,1,2,0,2,1,0,0,0,2,0,0,3,88.47,1690.11,0
1,0,1,1,62,0,0,1,0,0,1,0,0,0,1,0,3,86.18,5336.38,0
1,1,0,0,7,1,0,0,1,0,2,2,1,1,1,0,2,68.12,479.05,1
0,0,1,0,37,1,0,2,0,0,1,0,2,1,2,0,0,84.36,3120.52,1
0,0,1,1,71,1,0,2,2,0,2,2,2,0,0,1,3,100.62,7140.91,0
1,0,1,0,8,1,2,1,2,1,2,0,1,2,1,0,1,102.07,816.46,1
1,1,0,0,57,0,2,1,0,0,0,2,0,1,1,1,2,107.64,6127.87,0
1,0,1,0,28,0,1,0,2,1,2,0,0,0,0,1,0,107.71,3014.47,1
1,0,0,0,17,1,1,0,2,0,0,0,1,2,0,0,3,75.05,1283.83,0
1,0,1,0,11,1,1,0,0,0,0,2,0,1,0,0,2,53.72,583.98,1
1,0,0,1,15,1,2,1,1,0,2,0,2,2,2,0,1,18.28,275.42,0
0,0,0,1,30,1,0,2,1,0,0,0,0,0,2,0,2,111.84,3360.82,0
1,0,1,0,6,1,0,2,1,0,2,2,2,2,0,1,3,38.09,234.93,0
0,0,1,0,12,1,0,2,0,0,0,0,2,0,2,1,3,101.96,1216.98,0
0,0,0,0,61,1,2,1,0,2,0,2,1,1,2,0,2,43.45,2655.25,0
1,0,0,0,36,1,1,2,0,0,1,2,0,1,2,1,2,50.59,1826.48,0
0,1,0,1,35,1,0,1,2,2,2,0,1,2,0,0,1,39.0,1365.94,0
0,0,1,0,67,1,2,0,0,0,0,0,1,0,1,1,1,96.21,6444.54,0
0,1,0,0,63,1,2,1,2,1,2,2,0,0,0,0,0,62.01,3897.86,0
0,0,0,0,40,1,2,2,2,1,0,0,1,1,1,1,2,114.92,4586.97,0
0,0,1,0,31,1,0,0,2,0,0,0,1,2,2,1,0,99.63,3090.19,0
0,1,1,0,37,1,0,0,1,2,0,0,2,0,0,1,1,75.18,2778.89,0
1,0,1,0,5,1,2,0,1,0,0,0,0,2,1,1,1,96.95,480.36,0
0,0,0,0,4,0,0,0,0,0,2,1,2,0,0,0,2,102.91,403.93,0
0,1,0,0,26,1,0,0,2,0,1,0,2,1,0,0,1,110.42,2879.58,0
0,0,1,1,24,1,0,1,2,2,1,2,2,2,0,1,1,26.29,624.61,1
1,0,1,0,39,1,2,2,0,2,2,2,0,0,0,0,1,98.77,3855.26,0
0,0,1,0,56,1,2,2,0,0,0,0,0,2,2,1,2,36.73,2047.66,0
1,0,1,0,54,1,2,2,1,2,2,0,2,2,1,0,0,110.32,5960.43,0
0,0,1,0,38,0,0,0,2,2,1,2,0,0,0,1,3,37.13,1414.01,1
1,0,0,0,54,0,0,0,0,1,0,2,0,1,0,1,3,35.55,1927.82,0
1,0,1,0,19,1,0,0,1,0,2,0,2,1,2,1,3,67.89,1291.76,0
0,0,1,0,26,0,0,2,2,2,0,0,1,0,1,0,1,104.4,2704.91,0
0,0,0,1,52,1,2,0,0,2,0,0,0,1,0,1,3,27.06,1416.29,0
1,0,0,0,61,1,0,1,2,0,0,0,1,0,1,1,3,24.27,1472.44,1
0,0,0,0,67,1,0,0,2,2,0,0,2,1,0,0,1,95.13,6368.5,0
1,0,1,0,22,1,2,0,1,0,0,0,1,0,2,0,3,102.63,2262.73,0
1,0,1,0,17,0,0,0,0,0,2,0,1,2,0,1,1,64.17,1094.94,0
1,0,0,0,11,1,2,1,0,0,0,1,0,0,0,0,2,83.31,920.84,0
1,0,0,0,39,1,2,0,0,2,0,2,1,2,1,1,0,31.25,1217.14,0
1,0,1,0,61,1,2,0,1,2,0,0,0,2,2,1,0,78.2,4767.83,0
0,1,0,1,49,1,2,1,2,1,2,0,2,1,0,0,3,19.34,949.43,1
1,0,0,0,61,1,2,1,2,1,2,1,1,2,0,1,2,48.59,2959.44,0
1,0,1,0,12,1,0,1,1,1,2,2,0,2,0,0,2,20.4,238.75,0
0,0,0,0,13,1,0,2,1,0,0,0,2,2,2,1,0,45.53,585.07,0
1,0,0,1,58,1,2,1,0,0,2,2,2,0,0,1,1,20.53,1188.44,0
0,1,1,0,11,1,1,0,0,2,0,0,0,2,0,0,0,112.79,1248.63,1
0,1,0,0,64,1,2,1,0,0,0,1,0,2,0,1,3,106.99,6855.85,0
0,0,0,0,31,1,0,1,1,1,0,0,1,1,2,1,3,38.92,1214.37,0
1,0,0,0,11,1,0,2,0,2,1,1,0,1,0,1,2,110.42,1208.7,1
1,1,1,1,43,1,0,2,0,0,0,1,0,2,1,0,2,108.28,4657.92,0
1,1,1,0,36,1,1,2,0,2,0,0,0,2,2,1,1,40.21,1450.57,0
0,0,0,0,2,1,2,1,2,1,0,1,0,0,1,1,1,85.87,170.97,1
1,0,1,0,61,1,2,0,2,0,0,1,0,1,1,1,0,37.05,2261.46,0
0,0,1,1,36,1,0,2,2,1,2,0,0,1,2,1,0,86.77,3116.22,0
1,1,1,0,49,0,2,1,2,2,0,0,1,2,0,0,2,24.65,1215.83,1
0,0,1,0,27,0,0,1,2,1,2,2,0,0,0,1,2,104.62,2817.44,1
1,0,0,0,12,1,2,2,2,2,2,0,0,0,0,1,2,101.16,1220.61,0
1,0,1,0,58,1,2,1,2,2,2,0,1,2,2,1,0,35.52,2051.2,0
1,0,0,0,6,1,0,1,2,2,0,0,1,1,1,1,3,62.46,372.8,0
0,0,1,0,44,0,0,1,2,2,0,2,2,1,1,0,2,43.8,1921.1,0
0,1,0,1,47,1,2,0,2,2,2,1,0,1,2,1,1,30.64,1433.26,0
1,0,1,1,23,1,2,1,0,0,2,0,1,2,1,0,2,19.59,454.05,0
1,0,0,0,26,1,2,0,0,1,0,0,1,2,0,0,2,48.67,1273.19,1
0,0,0,1,7,0,2,0,0,1,2,2,2,1,0,0,3,112.59,793.93,1
0,0,1,0,32,1,2,1,2,0,0,1,0,0,0,0,2,107.51,3436.14,0
0,0,0,1,33,1,2,1,1,2,2,0,2,0,1,1,3,61.91,2045.18,0
1,0,1,1,20,1,2,1,0,2,2,1,1,0,0,1,1,47.25,940.89,1
0,0,0,1,69,1,0,2,0,0,0,2,1,0,1,1,0,49.17,3384.54,0
1,0,0,0,52,1,0,0,0,0,1,2,0,2,2,1,0,89.24,4632.81,0
0,0,0,0,42,1,2,1,0,0,0,0,0,0,0,0,1,44.98,1882.62,0
1,0,0,0,1,1,0,1,0,0,0,1,1,2,0,0,2,101.25,104.47,1
0,1,1,0,63,1,0,1,0,2,0,0,0,1,1,0,2,54.33,3415.47,0
0,1,1,0,7,1,2,2,0,0,0,0,2,0,1,1,1,25.03,176.73,1
0,0,1,0,58,1,0,0,0,0,1,0,0,1,1,1,2,30.48,1757.87,0
0,0,0,0,50,1,2,1,1,0,0,2,2,1,0,1,0,95.72,4790.63,0
0,1,0,0,34,1,2,1,0,2,1,0,0,2,0,1,2,95.71,3249.31,1
1,0,1,0,51,0,0,2,2,2,2,2,2,2,2,1,3,58.16,2967.54,0
0,0,0,0,10,1,0,1,0,1,0,2,2,1,2,1,3,118.28,1179.74,0
0,1,1,0,26,1,2,1,2,0,2,0,2,1,2,1,2,40.29,1048.22,0
0,0,1,0,32,1,0,0,2,0,0,2,0,2,0,1,0,37.97,1208.92,0
1,0,0,0,42,1,0,1,0,2,0,1,1,1,0,1,1,71.23,2994.04,0
0,1,1,1,62,1,2,1,2,0,2,2,2,0,0,0,2,74.06,4599.36,0
1,0,0,0,12,1,2,1,1,0,0,0,1,0,0,1,3,60.39,726.25,0
0,0,1,1,40,1,0,1,0,2,0,0,2,1,2,0,2,76.16,3045.24,0
0,0,0,0,34,1,2,0,0,0,0,1,1,2,0,0,2,108.04,3672.83,0
1,0,1,0,70,1,2,0,2,0,2,0,1,0,0,1,2,64.99,4547.39,0
0,0,1,0,27,0,0,0,2,2,1,0,2,2,1,0,1,118.36,3190.43,0
1,0,0,1,8,1,2,0,1,2,2,0,1,2,1,0,0,113.56,906.08,0
1,1,0,1,47,1,0,2,0,0,1,0,0,2,2,1,1,89.18,4189.89,0
0,0,1,1,26,1,0,2,2,0,2,2,0,2,1,0,2,89.05,2319.08,0
1,0,1,0,57,0,2,2,1,2,2,2,0,0,0,1,2,91.16,5192.49,0
0,0,0,0,7,0,2,2,0,0,0,0,2,0,0,0,2,104.82,731.27,1
0,0,1,0,26,1,0,0,0,0,0,2,1,0,1,0,0,101.67,2645.88,0
1,0,0,0,59,1,2,1,1,1,2,2,2,2,2,1,2,90.55,5348.24,0
1,1,0,0,69,1,0,2,2,0,2,2,0,2,0,1,2,100.25,6924.09,0
1,1,1,0,47,1,0,1,0,2,1,0,0,2,0,1,3,61.48,2891.52,0
1,0,1,1,35,1,1,0,1,1,1,2,0,2,0,0,2,68.28,2388.96,1
0,0,0,1,30,1,0,1,2,2,2,2,0,2,0,1,2,108.19,3248.92,1
0,0,1,0,50,1,0,0,1,0,0,0,1,2,0,0,2,27.46,1363.62,0
1,0,0,0,24,1,2,0,0,2,2,0,1,2,0,0,2,96.23,2310.74,0
0,0,1,0,30,1,0,1,1,0,0,2,0,0,0,1,3,85.73,2568.06,1
0,0,0,0,54,1,0,2,0,1,0,0,0,2,0,1,0,33.18,1792.1,0
0,1,1,0,67,1,2,1,1,0,0,0,2,2,0,1,2,60.18,4027.86,0
0,0,0,0,32,1,0,1,0,0,0,0,1,2,0,1,0,91.43,2919.38,0
1,0,1,1,8,1,2,1,0,1,2,2,1,2,0,0,1,91.05,723.25,1
1,0,1,0,50,1,0,2,1,2,0,0,2,2,2,1,2,87.7,4389.86,0
0,0,0,0,47,1,0,0,0,2,1,0,0,0,1,1,2,33.92,1591.75,0
1,0,1,1,46,1,2,1,2,1,0,2,0,2,0,0,0,96.39,4438.44,1
1,0,1,0,35,1,1,0,2,0,0,2,0,2,0,1,0,31.52,1108.23,0
1,0,1,0,61,1,0,1,0,0,2,0,1,2,0,1,3,116.83,7117.02,1
0,0,1,0,51,1,0,0,0,0,0,2,2,1,1,1,3,33.83,1734.12,0
0,0,0,0,63,1,0,2,1,2,1,0,1,2,0,1,0,77.86,4897.18,0
0,0,0,0,8,1,2,0,0,2,1,0,2,1,0,1,3,96.17,768.79,0
1,0,1,0,34,1,0,0,0,2,0,0,0,2,2,1,2,18.99,654.67,0
0,0,0,0,25,1,2,0,1,2,0,0,2,1,0,0,1,90.61,2258.42,0
0,0,0,1,44,1,2,1,0,0,0,1,1,0,0,1,2,40.77,1787.72,0
1,0,0,0,43,1,0,1,0,0,2,2,2,0,0,1,0,36.42,1560.74,0
0,0,1,0,50,1,2,0,2,0,1,0,2,2,0,1,3,25.71,1292.11,0
0,0,0,1,13,1,2,0,2,2,2,0,1,1,0,0,3,37.47,493.93,1
1,0,0,0,46,1,2,2,0,2,0,1,0,0,2,1,2,79.55,3667.31,0
1,0,0,0,53,1,1,1,2,0,0,0,1,0,0,1,0,118.66,6289.08,1
1,0,1,0,63,1,0,2,2,0,2,0,0,0,0,0,2,75.29,4751.31,0
0,0,1,0,2,0,0,1,0,0,2,1,2,2,1,1,1,79.03,153.44,1
0,0,0,0,40,1,0,1,0,0,0,1,0,1,0,1,0,57.38,2297.4,0
0,1,1,0,23,1,0,1,0,2,2,0,2,2,1,1,0,22.02,505.03,0
1,0,0,0,59,1,2,1,1,2,2,1,2,2,0,1,0,91.79,5411.37,0
1,1,1,0,69,1,1,2,0,1,0,0,2,0,1,0,1,26.12,1807.53,0
0,0,0,0,34,1,2,0,0,2,1,0,1,2,0,1,3,90.51,3082.05,0
0,0,0,0,27,1,0,1,0,1,2,1,2,1,0,1,2,102.11,2761.95,1
1,1,0,1,55,1,2,1,0,1,0,2,2,2,0,1,2,40.73,2242.12,0
1,0,0,0,4,1,2,1,2,0,2,0,1,0,0,1,3,96.21,381.58,1
1,0,0,0,68,1,0,1,0,0,0,0,0,0,0,0,3,109.92,7478.0,0
1,0,1,0,72,1,2,0,2,1,1,1,0,0,1,0,2,74.28,5342.18,0
0,0,0,0,70,1,0,0,2,1,2,2,1,0,2,1,1,61.19,4278.27,1
1,0,1,0,27,1,2,0,0,0,1,0,0,2,1,1,3,73.68,1998.51,0
0,0,0,0,47,1,2,2,0,2,1,0,1,1,2,0,1,99.2,4663.28,0
0,1,1,0,40,1,0,2,0,2,0,2,0,1,0,0,2,80.21,3212.72,0
0,0,0,0,27,1,2,0,0,2,0,2,0,0,0,0,3,74.95,2022.76,0
1,1,0,0,7,1,0,0,0,2,1,2,0,2,1,0,3,59.01,403.1,0
1,1,1,0,23,1,0,0,0,2,1,2,0,1,1,0,2,20.85,479.76,1
1,0,1,0,64,1,1,0,2,0,2,1,2,0,0,1,0,33.03,2114.71,0
1,0,0,0,29,1,0,0,0,0,1,1,2,2,0,1,2,69.72,2013.82,1
0,1,1,1,61,1,2,0,2,0,2,1,2,2,2,1,3,83.16,5067.0,0
1,1,1,1,44,1,0,2,0,2,1,0,2,0,2,1,1,36.26,1587.95,0
1,0,1,1,69,1,2,1,0,2,2,0,0,0,0,0,1,86.51,5976.84,0
0,0,0,0,27,0,0,0,2,0,0,1,0,0,1,1,2,70.87,1904.09,0
1,0,0,0,12,1,2,1,0,0,0,1,0,0,0,1,2,85.61,1032.52,1
0,0,0,0,17,1,1,1,1,0,0,2,1,2,0,1,3,71.24,1209.7,0
0,0,0,1,37,1,1,0,0,0,1,2,0,2,1,1,2,61.25,2256.3,0
0,0,1,0,34,1,2,1,1,0,1,1,2,0,1,1,0,49.84,1693.54,0
0,0,0,0,36,1,2,0,0,0,2,0,2,2,1,0,0,34.94,1267.39,0
0,0,1,0,6,1,2,0,1,0,2,1,2,2,1,1,3,26.91,160.46,0
0,0,1,0,32,1,0,0,2,2,0,0,1,2,0,1,1,104.33,3334.02,1
0,0,1,1,22,1,0,2,0,1,0,0,0,2,2,1,2,72.86,1611.32,0
0,0,0,0,10,1,1,1,0,0,0,0,1,2,0,0,1,117.51,1166.71,1
1,0,0,1,29,1,0,1,1,2,1,0,2,2,2,1,0,103.06,2993.88,0
1,0,1,0,11,1,0,2,0,0,1,0,0,2,0,1,2,29.99,324.83,1
1,0,0,0,66,1,0,0,2,0,2,0,0,2,2,1,2,105.81,6987.62,0
1,0,1,0,56,0,0,2,1,2,0,2,1,2,0,0,0,96.26,5383.33,0
0,1,1,0,58,0,2,1,2,1,0,0,0,1,1,1,2,117.51,6806.54,0
1,0,1,1,52,1,2,1,2,0,0,0,1,0,0,1,3,107.56,5596.73,0
0,0,0,0,61,1,0,2,0,0,1,0,1,0,0,1,3,54.16,3301.31,0
1,0,0,0,17,1,2,1,0,0,0,2,1,2,0,0,1,82.76,1416.71,1
1,1,1,1,30,1,0,2,1,2,0,1,2,1,0,1,0,82.3,2470.23,1
1,0,0,0,72,1,0,2,0,0,0,0,0,1,0,0,0,112.85,8116.29,0
0,0,1,0,37,1,2,0,0,0,2,2,2,2,0,1,2,35.64,1311.5,0
1,0,0,0,5,1,2,0,2,0,2,2,1,0,0,0,2,62.59,320.93,1
0,0,0,0,26,1,2,0,0,2,2,0,1,2,0,1,3,76.66,1984.57,1
0,0,1,1,70,1,0,0,0,0,1,0,0,0,2,0,1,18.86,1320.98,0
1,0,0,0,1,1,2,1,2,0,0,0,1,1,1,0,0,32.95,23.3,0
1,0,0,0,9,1,0,0,1,1,0,1,0,1,0,1,2,83.3,754.06,1
1,0,1,0,71,1,2,0,2,2,1,0,0,2,0,1,1,65.71,4658.22,0
0,0,0,0,64,1,0,1,0,2,2,0,0,1,2,1,1,44.23,2824.32,0
1,0,0,0,24,0,0,2,1,0,1,0,0,2,0,0,1,37.28,890.37,0
0,1,1,1,5,1,0,0,2,2,0,2,1,1,0,0,3,94.16,460.86,1
0,0,1,0,51,1,0,0,2,0,2,0,2,0,0,1,1,68.21,3479.2,0
1,1,1,0,38,1,0,0,0,1,0,1,1,1,0,1,2,47.24,1804.54,1
1,0,0,0,29,0,2,2,0,2,1,0,2,2,0,0,1,52.63,1530.17,0
0,0,0,0,46,1,0,1,0,0,0,1,0,1,1,0,0,94.89,4373.99,0
0,0,0,1,52,1,2,2,0,0,0,1,2,1,0,1,1,55.9,2899.41,1
0,1,1,1,46,1,2,2,1,2,2,2,2,2,0,1,2,57.74,2650.86,0
1,0,1,1,68,1,2,2,1,2,0,0,1,2,1,0,2,70.1,4763.75,0
0,0,1,0,59,1,0,0,1,1,0,0,0,2,2,0,0,24.28,1437.37,0
1,0,0,0,10,1,2,1,2,2,0,0,0,0,0,1,1,90.67,916.62,0
0,0,0,0,4,1,0,2,2,0,1,0,0,2,1,0,2,27.3,116.33,0
0,0,0,1,52,1,0,0,2,2,1,2,0,0,2,1,2,107.32,5582.36,0
1,0,1,1,18,1,2,1,0,0,0,0,0,2,0,1,3,72.69,1310.12,0
0,0,0,0,51,1,1,1,2,2,0,0,0,2,2,1,0,112.88,5762.29,0
1,0,0,0,23,1,2,1,1,2,1,0,1,0,0,0,0,58.69,1343.64,0
1,0,1,0,25,1,0,2,0,2,1,2,1,0,2,1,1,117.08,2933.46,0
0,0,0,0,60,1,0,1,0,2,0,1,2,2,0,1,1,79.53,4776.57,0
1,0,1,0,37,1,0,1,0,1,0,1,1,2,1,1,0,30.65,1125.42,0
1,0,1,1,68,1,2,1,0,0,1,2,0,2,0,1,3,74.8,5077.23,0
0,0,1,1,18,1,2,1,2,0,0,1,2,2,0,1,1,23.51,416.27,1
1,0,1,1,29,1,0,2,0,1,0,2,1,2,2,1,3,62.48,1814.99,0
1,1,1,1,30,1,0,2,0,2,2,0,2,0,2,0,1,85.9,2586.08,0
1,1,1,1,7,1,0,2,0,1,0,1,2,2,0,1,0,31.8,214.83,1
0,0,1,0,41,1,2,2,2,0,2,0,2,2,0,0,0,34.75,1426.93,0
1,0,0,0,37,1,2,1,1,0,0,0,1,1,0,1,2,94.86,3511.72,0
0,0,0,0,27,1,2,0,1,1,0,0,1,2,2,1,1,45.61,1224.87,0
0,0,0,0,21,1,2,0,2,2,0,0,2,2,2,1,0,104.1,2181.36,0
1,0,1,0,43,1,2,0,0,2,2,0,0,0,0,0,0,79.98,3439.93,0
1,0,1,1,51,1,0,1,0,2,2,0,2,0,0,1,3,73.2,3729.91,0
1,0,1,0,71,1,1,0,2,1,0,1,2,2,2,1,0,57.95,4107.61,1
0,1,1,0,13,1,2,0,1,2,0,0,1,0,0,0,2,114.62,1488.65,1
1,1,0,0,53,1,0,0,1,1,0,0,1,0,2,1,3,81.01,4285.32,0
1,0,0,0,63,1,2,1,0,2,1,0,1,0,0,0,2,26.11,1646.54,0
1,0,0,1,57,1,0,0,1,0,0,2,2,1,0,1,2,59.28,3371.85,0
1,0,0,0,25,1,1,1,0,0,2,2,0,1,0,0,3,30.59,769.33,0
1,0,1,1,13,0,0,0,0,1,0,1,2,0,1,1,0,92.08,1197.98,0
0,0,1,0,37,1,2,1,0,2,0,2,0,1,0,0,1,43.37,1596.26,0
0,0,0,0,30,1,2,2,2,2,0,2,1,0,0,1,1,19.89,591.16,1
1,0,1,1,12,1,1,0,2,1,2,0,2,0,2,1,0,118.18,1416.74,0
1,0,1,1,65,1,2,2,0,1,0,1,0,1,1,1,2,65.69,4267.74,0
1,0,1,1,18,0,0,1,0,2,2,1,0,1,2,0,2,21.76,398.19,0
1,0,1,1,62,1,0,0,0,0,0,1,0,1,1,1,2,63.97,3968.7,0
0,0,1,0,24,1,0,0,0,2,0,1,2,0,0,0,1,45.69,1104.29,1
1,0,0,0,60,1,2,2,2,0,0,2,2,0,0,1,0,91.23,5474.83,0
0,0,0,1,17,1,0,1,0,0,0,0,0,2,2,1,2,19.02,319.63,0
0,0,1,0,60,1,2,0,0,0,0,1,0,0,2,1,3,32.01,1911.24,0
1,0,1,0,9,1,0,2,2,0,2,0,0,0,2,1,0,53.81,478.51,0
0,0,0,1,52,1,0,2,1,2,0,1,2,2,0,0,2,58.12,3017.39,0
0,1,1,1,15,1,0,1,0,0,1,2,2,2,1,1,0,67.27,1000.87,1
0,0,1,0,28,0,2,2,2,1,0,0,1,2,0,0,1,53.75,1505.6,1
0,0,1,1,9,1,2,1,0,1,2,1,2,0,1,0,2,58.32,527.64,0
1,0,1,0,56,1,0,0,0,0,2,2,0,0,0,0,2,66.97,3741.33,0
1,1,0,1,36,1,0,1,0,2,0,1,0,0,2,1,2,111.95,4027.1,0
0,0,0,0,56,1,1,2,1,2,2,2,2,1,0,1,3,71.2,3977.75,1
1,0,1,0,71,1,0,0,0,1,0,2,0,0,0,1,3,61.5,4371.08,0
1,0,1,0,20,1,1,0,1,0,0,0,1,0,0,1,1,23.06,461.18,1
1,0,1,0,55,1,0,0,1,0,1,2,2,0,1,1,1,33.3,1835.34,0
1,0,1,0,60,1,2,0,2,2,0,2,0,1,0,0,0,94.34,5662.78,0
1,0,0,1,35,1,0,0,2,2,0,0,2,1,0,1,0,114.58,4017.38,1
0,0,0,0,1,0,2,2,0,1,2,0,1,1,1,1,0,56.8,64.36,0
1,1,0,0,45,0,2,2,0,1,2,0,2,2,2,1,2,114.93,5173.04,0
1,0,0,0,69,1,0,0,1,0,2,1,2,2,1,0,3,51.24,3534.8,0
1,0,0,0,40,1,2,1,1,0,2,1,2,0,0,0,0,113.94,4567.42,0
1,0,0,1,38,1,0,1,0,1,0,0,2,1,0,0,2,79.49,3014.48,1
0,0,1,0,24,1,2,0,0,2,0,0,0,2,0,1,3,21.14,510.15,0
0,0,1,0,4,1,0,0,0,1,0,2,0,2,1,0,1,26.11,106.84,0
0,0,0,0,69,0,0,0,0,2,2,0,0,1,0,1,3,116.72,8062.82,0
0,0,1,0,13,1,0,1,2,1,2,2,1,0,1,0,1,48.93,627.98,0
1,0,0,1,21,1,1,0,0,0,1,0,2,0,2,1,0,19.66,421.81,0
0,0,0,0,32,0,0,0,0,0,0,0,0,0,0,1,3,26.11,840.8,0
1,0,0,0,38,1,0,0,0,0,2,0,2,2,1,0,3,71.5,2709.58,0
1,0,1,0,32,1,0,2,2,2,1,1,0,1,2,1,0,41.22,1312.95,0
1,0,0,0,57,0,2,1,2,2,0,0,1,0,0,0,3,94.04,5355.79,0
1,0,1,0,48,1,0,1,0,0,2,2,1,0,2,0,1,107.13,5145.78,0
1,1,0,1,30,1,0,2,1,0,2,2,0,0,1,1,0,54.69,1645.67,0
0,1,1,0,71,1,0,0,1,2,0,1,1,2,0,0,2,88.17,6264.81,0
0,0,0,0,38,1,0,1,0,0,0,0,0,0,2,1,1,91.11,3465.23,1
0,0,0,0,44,1,2,0,1,2,1,2,1,2,1,0,2,65.82,2888.76,0
0,0,1,0,26,1,0,0,2,0,0,2,1,2,0,1,1,44.34,1143.7,0
1,0,1,0,2,1,2,2,1,1,0,0,2,0,1,1,3,94.41,184.37,0
0,0,0,1,43,1,0,2,0,2,0,2,0,0,0,0,0,23.36,1006.49,0
1,0,1,1,43,1,1,0,1,2,0,0,2,1,0,1,2,26.55,1138.71,1
0,0,0,0,63,0,2,0,2,0,2,0,2,0,0,1,3,30.01,1897.63,0
1,0,1,0,58,1,0,1,1,0,0,2,0,2,0,0,2,50.21,2918.6,0
1,0,0,0,48,1,0,1,0,0,2,2,2,0,1,1,2,48.22,2308.92,0
0,0,0,0,5,1,1,0,2,2,1,2,2,2,1,1,2,50.19,254.13,0
1,0,1,0,35,0,0,1,0,0,0,0,0,1,0,1,3,28.04,988.01,1
1,0,1,0,16,1,0,2,2,0,0,2,2,0,1,1,3,60.55,976.8,0
0,0,0,0,49,0,0,0,0,2,0,1,1,0,0,0,2,66.83,3273.22,0
1,0,1,0,60,1,0,2,0,0,1,0,1,2,0,0,0,106.9,6422.15,0
0,0,1,1,51,1,2,0,0,1,0,0,1,0,0,1,2,111.63,5697.95,0
0,0,0,0,59,1,2,1,1,2,0,0,1,2,0,0,3,51.71,3046.82,0
0,0,1,0,64,1,2,2,1,0,1,2,0,0,2,1,0,114.88,7349.15,0
1,0,1,0,13,1,2,1,2,2,1,1,0,0,1,1,2,66.04,851.3,0
1,0,0,1,26,1,2,0,2,1,2,1,2,2,2,1,1,102.72,2668.3,0
1,0,1,0,70,1,2,2,0,2,0,0,2,0,0,0,3,18.89,1319.58,0
0,0,1,0,3,1,0,0,2,2,1,0,0,1,1,1,3,26.54,82.11,0
1,0,1,1,12,1,0,1,1,1,0,2,0,0,0,1,3,60.93,727.3,0
0,0,0,0,41,1,0,1,0,0,0,1,2,0,1,0,1,58.0,2376.42,0
0,0,0,0,65,1,0,1,0,0,2,2,2,2,0,0,2,64.74,4200.73,1
1,1,0,0,63,1,1,1,2,1,0,2,2,0,1,1,0,44.84,2829.55,0
0,0,1,1,50,1,0,1,0,0,0,0,2,2,1,1,1,76.07,3794.31,0
1,0,1,1,47,1,0,0,1,0,2,0,1,0,0,0,3,92.53,4353.88,1
1,0,1,0,8,1,2,1,0,0,2,2,0,1,0,1,3,31.8,247.96,0
1,0,1,0,31,1,2,0,1,1,2,0,2,2,0,0,2,73.2,2278.82,0
1,1,0,1,11,1,2,0,2,2,2,2,2,0,0,1,0,42.04,472.22,0
1,0,1,1,17,1,0,1,2,1,2,0,2,2,0,1,1,107.34,1834.66,0
0,0,1,0,27,1,2,1,1,0,1,2,0,2,1,1,2,109.56,2948.38,0
0,0,1,1,27,1,2,0,0,0,2,1,2,1,0,1,0,89.74,2417.32,1
0,0,0,0,56,1,2,1,2,2,0,0,0,2,0,0,2,35.02,1962.19,0
1,0,0,0,69,1,2,1,0,2,2,1,1,2,2,0,3,113.93,7865.85,0
1,0,0,0,47,0,0,1,0,0,0,0,2,0,2,1,2,92.58,4357.57,0
1,0,0,0,19,1,1,1,0,1,0,2,0,1,0,1,2,28.56,535.35,1
0,0,0,0,57,1,2,2,1,0,0,0,0,0,0,1,1,76.62,4374.46,0
1,0,1,1,31,1,1,1,2,0,1,0,1,1,0,1,0,80.39,2496.07,0
0,1,1,0,16,1,0,2,0,1,2,0,1,0,0,0,0,77.76,1239.96,0
0,0,0,0,45,1,0,0,0,1,0,0,0,2,2,1,3,72.03,3231.52,0
1,0,0,0,27,1,1,1,0,0,1,0,0,0,0,0,0,25.24,689.75,0
1,0,0,0,61,1,2,1,0,2,0,2,2,2,2,0,1,37.97,2310.13,0
0,0,0,0,26,1,0,1,0,0,1,1,1,2,0,0,2,111.95,2907.99,0
1,0,0,1,29,1,1,2,2,1,2,0,0,2,1,1,2,95.79,2784.91,0
0,0,0,0,44,1,2,0,0,0,1,0,0,2,0,1,1,75.13,3308.99,0
1,0,0,0,29,1,0,1,2,2,0,2,0,2,0,1,2,77.03,2226.52,1
1,0,0,0,2,1,2,0,2,0,2,0,2,2,0,0,0,48.29,106.17,0
0,1,1,1,6,1,0,1,0,0,0,0,1,2,2,1,1,50.74,300.83,0
1,0,0,1,9,1,2,2,2,1,0,0,1,2,2,1,1,31.28,283.42,1
0,0,0,1,15,1,0,1,0,0,2,2,2,2,1,1,2,111.57,1676.11,0
1,1,1,0,58,1,0,1,2,1,0,0,0,1,0,1,1,84.19,4884.37,1
0,0,0,0,2,1,0,1,0,2,2,0,2,0,2,1,2,45.26,92.11,0
0,0,0,0,3,1,2,0,1,1,1,0,2,0,1,1,2,89.88,264.49,1
1,0,1,0,52,1,1,0,2,0,0,2,2,0,1,1,3,103.93,5413.56,0
0,0,0,1,55,1,0,1,0,1,2,2,1,0,0,0,0,88.69,4877.7,0
1,1,1,0,53,1,2,1,0,1,2,0,0,2,1,1,2,46.27,2445.12,1
1,1,0,0,72,1,0,1,2,0,1,0,0,0,1,0,2,40.16,2898.51,0
1,0,0,0,40,1,2,0,0,0,2,0,1,1,1,1,3,29.01,1153.34,0
0,0,1,0,39,1,2,1,2,1,2,0,1,0,2,1,2,58.66,2294.99,0
0,0,1,0,43,1,1,2,2,0,0,1,2,1,0,1,3,111.29,4786.67,0
1,0,0,0,13,1,1,0,1,0,2,2,2,2,0,1,0,38.3,488.78,0
1,0,1,1,37,1,2,1,2,1,2,2,2,1,2,1,0,66.54,2454.43,0
0,0,1,0,55,1,0,1,0,0,0,2,2,0,2,1,3,19.25,1067.62,0
1,1,0,1,32,1,0,2,2,1,2,2,1,0,0,0,3,103.06,3290.48,1
1,1,1,0,14,1,2,1,0,0,2,1,0,0,0,0,3,80.7,1131.53,1
0,0,1,1,65,1,0,1,0,0,0,2,2,2,2,0,3,50.46,3276.18,0
1,0,0,0,27,1,2,1,0,2,1,1,0,0,0,0,3,31.11,845.92,0
0,0,0,0,24,1,0,0,0,2,1,2,2,0,2,1,3,81.58,1963.81,0
1,0,0,0,22,1,2,1,0,0,0,0,2,2,0,1,2,72.17,1593.69,1
0,0,0,0,45,0,0,1,0,0,0,2,2,2,0,0,0,117.1,5263.65,1
1,0,1,1,8,1,0,1,0,0,1,2,1,0,0,0,1,65.42,527.58,1
1,0,1,0,67,0,2,0,1,1,0,2,2,1,1,0,2,34.14,2279.21,0
0,0,1,0,64,0,0,0,1,0,0,0,1,0,0,1,2,103.42,6610.41,0
1,0,0,0,47,1,0,0,0,2,1,0,0,2,0,1,2,108.16,5081.7,0
0,1,0,0,21,1,2,1,1,0,0,2,0,1,2,1,0,28.59,602.34,1
1,0,0,0,32,1,2,2,0,0,1,1,1,2,1,1,3,101.36,3239.78,0
0,0,0,0,45,1,0,0,1,1,1,0,2,2,1,1,2,44.51,1999.06,0
0,0,0,1,44,1,0,0,0,0,0,1,1,0,0,1,3,72.35,3174.9,0
0,0,1,1,41,1,2,2,1,0,1,2,2,2,0,1,1,77.86,3186.18,1
0,1,1,1,52,1,0,1,0,0,0,2,1,0,0,0,3,108.2,5628.6,0
1,0,1,0,11,1,2,2,0,1,0,1,1,2,0,1,1,34.11,378.83,1
1,0,1,0,18,1,0,0,0,0,2,0,1,0,0,0,2,20.23,372.29,1
0,0,0,0,11,1,2,2,1,0,1,1,1,2,2,1,3,78.23,858.03,0
0,0,1,0,27,1,0,2,1,0,2,2,2,1,0,1,1,81.53,2196.04,0
0,0,0,0,43,1,0,0,2,2,1,2,1,0,0,1,0,115.27,4960.99,1
1,0,0,0,65,0,0,0,0,1,2,1,2,1,1,1,2,28.29,1842.32,0
1,0,1,1,54,1,0,0,2,0,0,0,0,2,0,1,1,59.23,3193.93,0
1,0,1,1,29,0,0,0,2,0,2,1,1,0,2,1,2,89.72,2607.26,0
1,0,1,0,21,1,0,2,1,2,0,0,0,0,2,1,0,74.13,1550.75,0
0,0,1,0,29,1,2,1,0,2,0,2,2,1,0,0,2,114.13,3306.73,0
0,0,0,0,9,1,0,1,0,0,1,0,1,0,0,1,3,27.16,239.34,0
0,0,1,0,61,1,2,2,0,0,0,1,2,1,0,1,2,32.94,2012.33,0
1,1,0,0,62,1,1,1,0,0,0,1,2,2,2,1,1,79.97,4957.97,0
1,1,0,0,71,1,2,1,0,1,2,2,0,0,0,0,1,81.45,5787.63,0
1,0,0,0,5,1,2,0,2,1,2,2,1,2,0,1,3,65.04,317.35,0
0,0,0,0,15,1,2,1,0,0,1,0,1,2,1,0,1,92.64,1384.73,0
0,0,1,1,57,1,0,2,2,2,2,1,0,2,0,0,2,51.88,2956.86,0
1,0,1,1,5,1,2,0,2,0,1,1,0,0,1,1,3,45.78,220.03,0
0,0,1,1,20,1,0,1,0,0,2,2,1,0,1,1,1,37.12,747.03,0
1,0,1,0,4,1,0,2,1,2,2,0,0,2,1,1,0,79.21,312.48,0
1,0,0,0,56,1,2,1,2,2,1,0,0,2,0,0,3,99.09,5551.12,0
0,0,0,1,34,1,0,1,1,2,1,0,2,1,2,1,3,21.26,730.87,0
1,1,1,0,40,1,0,2,0,2,2,0,1,2,2,1,2,34.39,1370.66,0
0,0,1,1,69,1,0,0,2,1,0,0,0,2,2,0,0,103.95,7177.49,0
1,0,1,0,68,1,1,1,0,0,1,0,0,2,1,0,2,20.47,1394.63,0
0,0,0,0,22,1,0,2,0,2,2,0,2,2,0,1,0,22.7,492.99,0
0,0,0,0,14,1,2,0,1,2,2,2,0,2,0,0,1,70.02,984.95,0
0,1,0,0,68,1,1,1,1,2,0,1,0,2,1,1,2,55.13,3740.07,0
1,0,0,1,8,0,2,1,0,0,2,2,2,2,1,0,1,95.62,765.34,0
1,0,1,0,67,1,2,0,1,0,0,0,1,0,2,0,1,83.81,5607.65,0
0,0,1,1,46,1,0,1,0,2,0,0,1,0,0,0,2,37.08,1709.41,0
0,1,1,1,29,1,2,1,0,1,1,2,2,2,1,1,0,52.22,1510.46,0
1,0,1,1,12,1,2,2,2,0,1,0,0,2,0,1,1,26.97,329.76,1
1,0,0,0,52,0,0,1,0,1,0,1,2,0,2,1,0,27.73,1441.75,0
1,0,0,0,58,0,0,2,2,2,0,1,0,2,0,1,0,116.89,6771.23,1
0,0,0,0,2,1,2,0,0,0,0,0,0,0,0,0,1,22.16,46.28,1
1,0,0,0,1,1,2,0,1,0,2,0,0,0,0,0,1,36.5,26.76,1
1,0,1,1,55,1,2,2,1,0,1,0,2,1,0,0,0,58.15,3194.13,0
0,0,1,0,34,1,0,2,1,2,2,2,2,2,1,0,3,77.7,2637.18,0
1,0,0,0,64,1,0,0,2,1,2,0,0,1,0,0,2,114.05,7308.81,0
1,0,0,0,68,1,0,1,0,1,0,0,1,0,0,1,1,57.32,3892.64,0
1,0,1,0,12,1,2,1,1,2,0,0,1,0,0,0,2,36.85,445.73,1
0,0,0,1,50,1,2,1,2,1,0,2,1,2,0,1,2,67.42,3366.14,0
0,1,0,1,21,1,0,2,1,0,2,0,2,2,2,1,2,95.78,2002.97,0
0,0,1,0,10,1,2,1,2,2,0,2,2,1,2,1,2,44.33,434.56,0
0,0,0,1,70,1,1,0,0,0,1,0,0,2,0,1,1,35.25,2476.02,0
0,0,1,1,14,1,2,0,0,2,0,0,2,0,0,1,1,90.14,1253.89,0
0,0,0,0,40,1,0,0,1,2,2,0,0,2,2,1,0,70.58,2829.83,0
0,0,0,0,30,1,2,2,0,2,2,1,1,0,0,0,2,86.95,2609.37,1
1,0,0,0,14,1,0,1,1,0,0,0,2,2,0,0,1,54.94,767.8,1
1,0,1,0,52,1,0,2,2,0,0,1,1,2,2,1,1,100.04,5212.02,0
0,0,1,0,17,1,1,2,0,2,0,0,2,1,2,1,1,60.94,1043.8,0
1,0,1,1,62,1,2,0,0,0,1,1,2,2,0,0,2,84.31,5221.99,0
1,0,1,0,22,1,2,2,0,2,2,1,0,1,0,1,3,56.73,1250.04,0
0,0,0,0,53,1,0,1,0,0,0,0,2,2,2,1,0,75.4,3989.36,0
1,0,0,1,32,1,2,0,1,2,0,0,1,0,0,1,0,75.09,2404.83,1
1,0,1,1,55,1,2,1,2,0,1,0,0,2,1,1,0,98.43,5406.17,0
1,0,1,0,22,1,2,2,2,2,2,0,0,2,0,1,2,28.13,621.41,0
1,0,1,0,38,1,0,1,1,0,2,2,0,0,2,1,1,40.95,1565.55,0
1,0,1,1,50,1,1,1,0,1,0,0,1,0,0,1,0,47.65,2384.13,0
0,0,1,0,66,1,0,1,0,0,0,0,1,1,0,0,2,69.22,4561.03,0
0,0,1,0,45,1,0,1,2,0,0,1,0,1,2,1,0,109.54,4935.3,0
0,0,0,0,8,1,2,2,0,2,1,1,1,2,0,1,2,98.55,785.04,1
1,1,1,0,65,1,0,2,2,0,1,2,0,2,0,1,2,102.45,6651.13,0
0,1,0,0,40,1,0,0,2,1,2,0,0,1,0,0,3,52.85,2117.11,0
1,0,0,0,5,0,0,0,0,2,0,1,2,2,0,0,0,51.86,265.91,1
1,0,1,0,45,1,0,1,0,0,2,1,2,1,0,0,3,88.28,3972.26,0
1,0,0,1,46,1,2,0,1,0,1,1,0,2,0,1,2,104.52,4816.55,1
1,0,0,1,36,1,2,2,2,2,2,2,2,1,0,0,0,114.6,4129.25,0
0,0,0,0,17,1,1,0,0,1,1,2,0,2,2,0,2,54.71,932.57,0
0,0,1,0,41,1,2,2,0,0,0,2,0,2,1,1,0,81.4,3334.47,0
1,0,1,0,30,1,0,1,2,2,0,1,2,0,0,0,1,88.75,2658.74,0
0,0,0,0,52,1,2,0,1,2,0,0,0,0,2,1,2,108.99,5663.14,0
1,0,0,1,20,1,0,1,0,0,0,0,0,2,0,0,1,92.31,1855.36,0
0,0,1,1,36,0,0,0,1,0,2,1,2,0,1,1,2,60.98,2198.29,0
0,0,1,0,66,1,2,0,2,0,0,2,0,1,0,1,3,95.45,6301.58,0
1,1,1,0,45,1,2,1,2,0,0,0,2,1,2,0,1,63.39,2848.96,0
0,0,1,0,4,1,0,1,0,2,1,0,0,1,2,0,1,117.82,468.36,0
1,0,0,0,50,1,2,1,2,2,0,0,0,2,0,0,3,54.96,2743.58,1
0,0,1,0,55,1,2,1,0,0,0,0,2,2,0,0,3,25.62,1402.23,0
1,1,1,1,59,1,0,0,1,2,1,2,2,0,0,0,2,89.63,5296.57,0
1,0,0,0,42,1,0,1,2,2,1,0,2,0,2,1,3,48.27,2028.99,0
0,0,1,0,2,1,0,1,2,0,2,0,1,2,0,1,1,89.19,183.04,1
0,0,0,0,46,1,2,0,2,2,0,2,0,2,2,1,3,25.88,1189.98,0
1,0,0,1,2,1,2,1,0,1,2,1,0,1,2,0,3,117.45,226.04,0
0,0,1,0,50,1,0,0,0,0,0,0,0,2,0,1,2,98.25,4911.9,0
0,0,0,0,1,1,2,0,0,2,1,0,0,0,1,1,0,87.42,78.27,0
1,0,0,1,13,1,2,1,0,1,1,2,1,2,2,0,1,82.84,1085.84,0
1,1,1,0,70,0,0,1,0,2,1,2,1,0,2,0,2,32.37,2262.76,0
0,0,1,0,22,1,0,1,0,0,0,1,0,1,0,0,2,32.77,714.02,1
1,0,0,1,17,1,0,1,1,0,2,0,2,2,0,1,3,25.99,436.37,1
1,0,0,0,59,1,2,0,0,0,2,0,0,0,0,1,0,95.01,5613.81,0
1,0,0,0,70,1,2,1,2,0,0,0,0,1,0,0,3,89.98,6292.74,1
0,1,1,0,3,1,0,1,2,1,2,2,0,0,0,0,2,105.21,308.29,1
0,0,0,0,70,1,0,0,2,0,2,1,0,0,2,1,2,83.59,5853.65,0
1,0,1,0,49,1,2,2,0,0,0,2,2,0,0,1,2,58.01,2834.37,0
0,0,0,1,50,1,1,0,0,0,2,2,2,0,0,1,1,108.76,5437.44,0
1,0,0,1,35,1,0,2,2,2,2,1,2,1,1,0,3,80.22,2811.27,0
0,0,0,1,23,1,0,0,0,0,1,2,0,2,0,0,0,22.98,521.35,0
1,0,0,0,72,1,0,1,0,2,2,1,2,2,0,0,2,108.52,7819.02,0
1,0,0,0,7,0,2,2,2,2,1,0,1,1,1,0,0,106.01,740.65,0
0,0,0,1,50,1,0,1,0,0,1,0,2,2,2,0,1,94.41,4724.73,0
1,0,1,0,10,1,2,0,0,0,0,2,2,1,0,1,2,111.52,1110.27,0
0,0,0,0,55,0,0,1,2,2,1,0,1,1,0,0,2,58.32,3206.34,0
0,1,0,1,19,0,0,0,1,2,2,0,0,2,0,1,0,103.1,1958.43,1
1,0,1,0,23,1,0,1,2,2,1,2,0,0,1,0,1,112.05,2573.06,0
1,0,0,0,64,1,2,1,0,2,1,1,2,2,1,0,0,97.74,6261.18,0
0,0,1,0,33,1,1,1,1,0,1,0,2,2,0,1,3,91.74,3020.97,0
1,0,0,0,66,1,0,0,0,2,2,1,0,0,0,0,0,54.06,3571.22,0
1,0,0,0,9,1,2,1,0,0,1,0,0,0,2,1,1,52.27,479.08,0
1,1,1,0,29,1,0,0,1,2,1,2,0,2,0,1,0,108.54,3154.41,1
1,0,0,0,18,1,1,1,2,2,1,1,0,0,0,1,3,36.31,658.86,1
1,1,1,0,71,1,0,1,2,1,2,0,2,0,1,0,3,22.53,1592.49,0
0,0,0,0,29,0,2,1,0,0,2,0,1,0,0,1,3,82.62,2401.16,0
0,0,1,1,61,1,2,1,1,2,0,0,1,1,0,1,0,52.16,3179.25,0
1,1,1,0,5,1,1,0,0,1,0,0,1,1,0,1,1,91.59,450.02,1
1,0,1,0,69,1,0,2,1,2,2,2,0,1,0,1,0,118.5,8180.46,0
1,1,1,1,56,1,0,1,2,1,1,0,1,2,0,1,2,40.04,2233.56,0
0,0,0,0,52,1,2,0,1,2,0,0,0,2,0,1,3,50.39,2617.91,1
1,1,0,1,15,1,1,2,1,1,0,1,0,2,2,1,0,78.19,1180.05,0
0,0,1,0,20,1,1,2,0,2,0,2,0,0,1,0,1,85.06,1704.93,0
0,0,1,1,16,1,2,0,1,1,0,2,0,0,0,0,2,118.07,1889.47,1
0,0,1,1,25,1,1,1,2,0,2,0,0,2,2,1,2,68.07,1709.4,0
1,0,0,0,57,1,0,1,1,2,2,0,2,2,2,0,0,40.27,2300.38,0
0,0,0,0,21,1,2,0,1,1,0,2,2,2,2,1,2,106.99,2246.19,0
1,0,1,1,5,1,2,0,2,0,0,2,1,0,1,0,0,89.61,452.99,1
0,0,0,0,9,1,0,1,0,0,0,0,2,1,2,1,1,80.55,732.61,0
1,0,1,1,11,1,0,0,0,0,2,2,2,0,1,0,0,105.17,1149.74,1
0,0,0,0,65,1,0,2,2,0,2,0,2,0,0,0,3,25.92,1678.8,0
1,0,0,0,63,1,0,0,2,0,0,0,2,2,2,1,1,63.96,4034.0,0
0,0,0,1,26,1,2,2,2,1,0,1,0,0,1,0,0,107.61,2791.27,1
1,0,0,0,19,1,2,2,0,0,0,0,0,0,1,0,0,26.57,498.16,0
1,0,0,1,16,1,2,1,0,2,0,0,1,2,2,1,2,75.87,1217.04,0
1,0,0,1,56,1,0,0,1,2,0,1,2,0,0,1,0,49.47,2771.03,1
1,0,0,0,68,1,0,1,0,0,2,1,2,2,0,0,2,75.13,5113.98,0
0,1,1,0,30,1,0,1,0,1,2,2,0,1,1,0,2,27.9,833.38,0
0,0,1,0,7,1,0,1,2,0,0,2,2,2,0,1,2,72.64,510.65,1
1,0,1,0,12,1,1,0,0,2,0,1,1,1,0,0,2,69.69,844.21,0
0,0,0,0,24,0,0,2,1,2,2,0,0,0,0,0,3,24.76,602.31,0
1,0,1,0,22,1,0,0,0,0,2,0,0,2,2,0,1,41.76,921.78,0
1,0,1,0,47,1,0,1,0,2,2,1,2,2,0,1,2,31.74,1482.25,0
0,0,1,0,30,0,0,2,0,0,1,0,1,2,0,1,0,66.02,1981.17,0
1,0,1,0,60,1,0,1,0,0,0,0,0,1,0,0,3,46.74,2795.76,0
1,0,0,0,39,1,0,0,0,2,0,2,0,2,1,0,2,70.33,2752.67,0
0,0,0,0,20,1,0,0,2,0,1,1,0,1,0,1,2,74.9,1507.94,0
1,0,0,0,26,1,0,1,0,0,2,0,1,1,1,1,2,19.01,486.58,0
1,1,0,0,49,1,2,0,0,0,0,2,2,2,0,1,0,105.66,5176.46,0
1,0,0,0,69,0,0,0,1,0,0,0,2,2,0,1,2,33.06,2288.36,0
1,0,0,0,42,1,2,0,0,1,1,0,2,0,0,0,2,102.89,4313.7,0
0,1,1,0,6,1,2,1,2,0,1,2,0,1,0,0,3,72.9,438.45,0
0,0,0,0,53,1,0,0,2,2,0,2,2,1,1,0,3,41.23,2179.18,0
0,0,1,0,34,1,0,2,1,1,0,0,0,0,2,1,0,96.69,3287.17,0
1,0,1,0,69,1,0,1,1,0,1,0,0,0,0,0,0,83.12,5729.33,1
1,1,0,0,10,1,0,1,2,1,1,1,0,0,1,1,3,83.92,839.81,1
0,1,1,0,28,1,1,0,1,1,1,2,0,1,0,1,0,49.49,1383.95,0
1,0,1,0,3,1,2,2,1,0,2,1,0,1,1,0,2,58.72,174.04,0
1,0,1,0,48,1,0,0,0,1,0,0,1,2,0,1,2,72.12,3454.97,0
1,0,1,1,66,1,2,0,0,0,1,2,2,1,2,0,1,55.45,3662.9,0
1,0,1,1,35,1,2,0,0,2,2,0,0,1,0,0,3,54.8,1909.41,1
0,0,1,0,52,1,2,0,0,2,0,1,0,0,0,1,2,103.07,5368.32,0
0,1,0,0,62,1,0,1,2,0,2,0,2,0,0,1,1,115.05,7124.28,0
0,0,0,0,52,1,0,2,0,0,0,1,2,1,2,0,0,66.58,3460.39,0
1,0,1,1,47,1,0,0,1,1,1,2,1,1,2,1,0,105.14,4937.32,0
0,0,0,0,54,1,0,1,1,0,0,1,0,0,0,0,2,98.61,5325.97,1
0,0,1,0,28,1,2,1,0,0,0,0,2,0,2,0,0,67.27,1874.06,0
1,0,1,0,23,0,0,2,0,1,0,1,1,2,0,0,2,84.79,1948.95,1
1,0,1,0,35,1,0,0,0,0,0,1,0,2,0,1,2,24.82,873.77,0
0,1,0,0,32,1,2,0,0,2,0,0,0,1,1,0,2,82.86,2657.66,0
0,1,1,0,2,1,1,0,0,1,0,0,0,2,0,1,0,42.75,94.19,0
0,0,0,1,16,1,2,1,0,0,1,2,2,1,0,1,1,112.48,1791.85,1
0,1,0,0,16,0,0,1,2,0,2,0,2,0,0,1,2,85.36,1366.84,1
1,0,0,0,51,1,0,1,2,0,0,0,2,2,2,0,2,80.61,4109.14,0
0,0,0,0,67,1,2,0,0,2,2,0,0,2,1,0,2,109.24,7322.03,0
0,0,0,1,54,1,2,1,0,2,0,0,1,2,2,1,3,93.32,5045.92,0
1,0,1,0,20,1,0,0,0,2,1,1,0,1,0,0,2,60.32,1208.39,1
0,1,1,0,33,1,0,1,0,2,2,2,2,2,1,1,1,97.4,3208.78,0
1,0,0,0,8,0,0,0,1,1,0,0,0,0,2,0,0,111.8,890.83,0
1,0,0,0,24,1,2,1,0,0,1,0,1,0,0,0,0,113.08,2721.77,0
1,0,1,1,53,1,2,1,1,2,0,1,2,0,0,1,0,43.35,2300.98,1
0,0,1,0,64,1,0,1,2,0,0,1,1,2,1,0,2,73.4,4699.52,0
0,0,1,0,58,1,1,2,1,0,2,0,2,2,1,0,0,98.12,5683.74,0
1,0,1,0,37,1,2,1,2,2,2,0,2,1,0,1,3,116.73,4315.84,0
0,0,1,0,12,1,0,0,0,2,0,1,0,0,0,1,3,27.19,322.74,1
0,0,0,0,4,1,2,0,0,0,1,2,2,2,1,1,1,95.76,373.56,1
1,0,0,0,31,1,2,2,0,0,0,0,1,0,0,1,1,63.61,1980.5,1
1,0,0,0,38,1,0,2,1,1,1,2,1,0,0,1,0,102.92,3907.59,1
0,0,0,1,37,0,2,2,2,1,0,1,0,2,2,0,0,93.73,3460.06,1
1,0,0,0,14,1,0,1,0,0,1,0,2,1,2,1,0,63.56,889.72,0
0,0,1,1,24,1,2,0,1,0,1,0,2,0,0,1,0,111.36,2671.61,1
0,0,1,1,10,1,1,2,2,0,2,0,0,0,0,1,2,55.18,558.8,1
0,0,0,0,38,1,0,0,1,2,0,1,2,2,0,1,0,57.93,2207.34,1
0,1,0,0,43,1,0,1,0,2,2,1,0,0,0,1,2,94.28,4059.67,1
1,0,1,0,37,1,2,1,1,2,0,2,2,2,0,0,2,44.84,1667.73,0
1,0,0,1,42,1,0,1,0,2,0,0,0,2,0,1,1,96.07,4032.43,0
1,1,1,0,32,1,0,1,0,2,0,0,2,2,2,0,3,98.47,3152.83,1
1,0,1,0,14,1,0,1,0,0,0,2,2,0,0,1,2,90.99,1277.25,1
0,0,1,1,4,1,0,1,0,2,2,0,0,0,0,1,2,55.99,223.4,1
0,0,1,0,24,1,2,1,2,2,2,1,0,2,1,1,0,65.47,1566.16,0
1,1,0,0,10,1,1,0,0,0,2,0,0,0,1,1,1,73.99,747.88,1
0,1,0,1,16,1,2,1,2,0,2,2,2,2,0,0,1,31.13,506.09,1
0,0,1,0,39,0,2,2,0,2,0,1,2,1,0,1,3,55.45,2167.9,0
0,0,0,0,18,1,2,1,2,0,0,1,2,0,0,1,2,34.67,620.98,1
1,0,0,0,25,1,2,1,1,0,2,0,0,0,0,1,2,46.04,1141.06,1
1,1,0,1,7,1,0,1,0,0,1,0,2,2,0,0,0,108.79,761.35,1
1,1,0,0,56,1,0,0,0,1,0,0,1,1,0,0,1,23.91,1339.45,0
0,0,1,0,47,1,2,1,1,2,0,2,1,1,0,0,3,73.92,3474.0,0
1,0,0,0,3,1,2,0,0,0,1,0,1,0,0,1,0,61.98,177.87,1
1,0,1,1,1,1,0,1,2,2,1,2,1,2,0,1,0,85.49,91.25,1
1,0,0,0,33,1,2,1,0,2,2,0,0,0,1,0,1,115.0,3795.64,0
1,0,1,0,71,1,2,0,1,2,0,0,1,2,2,0,0,64.32,4561.16,0
1,0,0,1,59,1,2,1,2,0,1,0,0,0,1,1,1,69.04,4082.49,1
1,0,0,0,72,1,2,2,0,0,2,2,2,1,0,0,2,30.27,2175.48,1
0,0,1,0,32,1,2,1,0,1,2,1,0,0,0,0,0,109.83,3512.2,0
0,1,1,1,17,1,2,2,0,0,0,1,0,2,1,1,3,57.31,972.3,1
1,0,0,0,17,1,1,2,1,1,0,2,2,0,0,1,1,22.49,380.36,0
1,0,0,0,21,1,2,2,0,2,2,0,1,1,0,1,2,71.5,1504.35,1
0,0,1,1,55,1,0,2,2,2,2,0,1,2,1,0,1,103.14,5668.38,0
0,1,0,0,6,0,0,1,1,0,0,0,0,1,0,0,1,77.64,473.91,1
1,0,1,0,49,1,2,1,0,1,1,2,0,2,0,1,0,78.41,3843.55,0
1,0,1,1,26,1,2,2,0,2,0,0,0,0,2,0,1,20.41,538.26,0
1,0,1,0,32,1,2,1,0,1,1,2,0,0,0,1,1,115.79,3713.63,0
1,0,1,0,72,1,0,0,1,2,2,2,2,0,1,1,2,59.04,4256.25,0
0,0,0,0,44,1,0,0,2,1,2,0,0,0,2,0,2,32.51,1425.31,0
1,0,0,0,59,1,1,1,0,0,0,0,2,0,1,1,1,32.35,1905.24,0
1,1,1,0,29,1,0,1,2,0,2,2,2,0,0,0,2,85.4,2471.18,1
1,0,0,0,17,1,2,0,1,1,2,2,1,2,0,0,3,61.62,1046.68,1
1,1,1,0,18,0,0,2,0,1,2,0,2,0,2,1,2,23.64,425.74,0
0,0,0,0,40,1,0,1,0,1,2,0,1,1,0,0,3,26.91,1073.17,0
0,0,1,0,63,1,0,1,0,0,0,2,1,2,0,0,1,61.09,3856.12,0
0,0,0,0,45,1,2,0,1,1,1,0,2,2,2,1,2,98.21,4417.36,0
1,0,0,0,3,1,1,0,1,0,2,1,1,0,0,1,0,32.57,101.8,1
1,0,1,0,3,0,2,0,1,1,0,0,0,2,1,0,2,29.69,95.75,1
0,0,0,1,38,1,0,1,1,0,1,0,2,2,1,0,2,65.67,2488.68,0
1,0,1,0,40,1,1,1,0,1,2,0,0,0,0,1,0,70.96,2842.7,0
1,0,1,0,68,1,2,1,0,0,1,0,1,0,0,0,2,69.84,4742.31,0
0,0,1,0,54,1,0,0,1,0,1,1,0,1,0,0,0,68.81,3721.02,0
0,1,1,0,20,1,2,2,0,0,2,2,0,0,2,1,1,107.68,2154.95,0
0,0,1,1,15,1,2,0,1,0,1,1,2,1,1,1,1,57.69,865.63,0
0,0,1,0,5,1,2,0,2,2,1,2,0,0,2,1,1,21.62,108.7,1
1,0,1,0,39,0,2,2,0,0,2,2,2,0,0,1,2,19.25,748.78,0
1,0,1,0,40,1,2,0,0,0,1,0,2,0,1,1,2,58.78,2342.19,0
0,0,0,1,7,1,2,1,1,1,0,2,0,1,0,1,1,108.05,757.4,1
1,1,0,0,72,1,0,0,2,0,1,0,0,0,0,0,0,89.77,6453.89,0
0,0,1,0,33,1,0,0,1,0,0,0,2,0,0,1,2,75.56,2501.73,0
0,0,1,1,37,1,2,1,0,2,0,0,0,2,0,1,3,88.78,3279.84,0
1,0,1,0,32,0,2,0,0,1,0,2,2,0,1,1,0,35.07,1125.22,0
0,0,0,0,43,1,0,0,0,2,0,0,0,1,0,1,3,48.32,2078.97,0
1,0,0,0,63,1,0,1,0,1,0,2,0,0,0,1,3,97.73,6159.32,0
1,0,1,0,36,1,0,0,0,0,1,1,0,1,2,1,2,19.33,692.37,0
1,0,1,0,49,0,2,2,1,2,0,1,0,1,0,0,3,48.87,2393.62,1
1,1,1,0,25,1,0,2,0,1,1,1,2,0,0,0,1,113.85,2851.23,0
0,0,1,1,66,1,2,1,0,2,0,1,0,2,0,0,3,79.65,5254.72,0
1,0,0,1,9,1,2,0,0,2,1,0,1,2,0,1,0,91.76,821.54,1
0,0,0,1,18,1,2,1,1,2,2,1,1,0,0,1,3,58.02,1034.98,1
0,0,1,1,22,1,1,1,0,1,2,0,0,2,0,1,1,28.64,629.6,0
0,0,0,0,15,1,2,0,0,0,0,0,1,2,0,0,0,86.82,1306.19,1
0,0,1,0,7,0,2,0,0,1,0,0,0,2,1,1,1,60.89,422.01,0
1,1,1,1,13,0,1,2,0,2,1,0,2,0,2,0,0,32.71,432.54,0
1,1,0,1,36,1,0,1,2,2,2,0,0,1,1,1,1,108.35,3892.92,0
0,1,0,0,16,1,2,1,1,0,0,0,1,2,2,1,2,43.55,694.27,0
0,0,1,1,41,1,2,0,0,0,2,0,2,0,1,0,3,53.27,2188.86,0
1,0,1,0,21,1,0,1,0,0,1,0,2,2,0,1,0,39.27,834.06,0
0,0,0,1,28,1,0,0,0,0,2,2,1,2,0,1,3,57.64,1611.48,1
1,0,0,0,17,1,0,2,1,0,0,0,0,0,0,0,1,79.68,1359.39,0
0,0,1,0,65,1,2,0,2,2,0,0,2,0,0,1,2,39.06,2542.74,0
1,0,1,0,13,1,2,2,2,0,2,0,0,0,1,1,3,54.33,715.03,0
0,0,1,0,36,1,0,1,0,2,0,2,2,1,1,0,1,19.6,705.62,0
0,0,0,0,58,1,0,1,0,1,1,0,2,2,0,1,0,34.28,1990.04,0
1,0,0,1,20,1,2,2,0,1,2,2,2,1,1,0,1,109.39,2181.04,1
0,0,1,0,52,1,2,0,0,1,1,2,2,0,2,0,3,82.1,4264.53,0
0,0,0,0,6,1,2,0,2,2,2,0,0,0,0,1,3,68.92,416.18,0
1,0,0,0,23,0,2,2,1,2,2,0,2,2,0,1,3,69.99,1610.97,0
0,0,1,0,42,1,0,1,0,0,0,2,1,1,0,1,2,82.78,3475.67,1
1,0,1,0,24,1,2,1,2,0,0,2,0,2,0,1,0,39.42,950.09,0
1,0,0,0,5,1,1,0,0,1,0,0,0,0,0,0,1,21.67,103.25,1
0,0,0,0,32,1,2,1,1,1,2,0,2,1,0,1,2,59.47,1907.02,0
0,0,0,0,46,1,2,0,0,2,0,2,1,0,2,1,0,109.62,5036.28,0
0,0,0,1,17,1,2,1,1,1,2,2,0,0,2,0,0,69.57,1182.58,0
0,0,1,0,27,1,2,0,0,2,1,2,0,2,1,1,2,106.96,2880.19,0
0,0,1,0,68,1,1,1,1,1,0,1,2,0,1,1,1,30.91,2102.22,0
0,0,0,1,23,1,0,0,0,0,0,0,2,0,2,0,3,45.74,1058.45,0
0,0,1,1,34,1,0,1,2,0,1,1,1,0,2,0,1,82.59,2807.73,0
1,1,0,1,21,1,2,0,0,0,0,0,0,0,1,0,2,20.61,429.37,0
0,0,0,0,22,0,2,1,0,1,0,1,1,2,0,1,0,33.35,726.46,1
1,0,0,0,65,1,2,1,2,0,1,0,1,0,0,1,2,29.34,1904.28,0
0,0,1,1,32,1,2,0,1,1,2,0,2,0,0,1,2,70.23,2254.5,1
0,0,0,0,62,1,0,2,0,2,0,0,1,0,1,0,2,106.84,6621.9,0
1,0,0,0,28,1,1,1,2,1,2,2,1,2,0,0,0,18.57,513.66,1
0,0,0,0,7,1,0,1,1,1,2,2,1,1,0,0,1,23.87,174.86,0
0,1,0,1,54,1,2,0,0,0,2,2,0,0,0,0,1,84.96,4596.4,0
1,0,1,0,70,0,2,1,0,1,1,0,2,2,0,0,3,55.28,3878.68,1
0,0,1,0,14,1,0,0,1,2,0,0,2,0,2,1,0,108.03,1512.79,0
0,0,1,0,55,1,2,2,0,1,2,0,2,2,0,0,3,72.31,3978.29,0
0,1,1,0,58,1,0,0,0,2,2,1,1,2,1,0,2,24.24,1401.99,0
1,0,0,0,44,1,0,0,2,0,0,1,1,0,0,0,0,18.95,830.54,0
0,0,0,0,46,0,0,0,0,0,0,1,0,2,2,0,3,62.38,2869.78,0
0,0,0,1,14,1,0,2,0,0,0,0,0,0,2,0,3,58.16,807.48,1
0,0,0,1,44,1,2,1,0,0,0,0,0,0,0,0,2,66.63,2940.97,1
0,0,1,0,41,1,0,0,0,2,0,0,0,0,1,1,2,61.43,2522.33,0
1,0,0,1,2,1,0,2,0,1,1,0,0,2,2,0,3,78.74,148.41,0
1,0,1,1,5,1,2,0,0,2,0,0,2,0,2,1,3,108.78,539.07,0
0,0,1,0,12,1,2,1,0,0,1,0,0,0,0,1,3,94.23,1126.76,1
0,1,0,1,47,1,2,1,0,1,2,2,2,1,1,1,3,71.43,3347.42,0
1,0,0,0,35,0,0,2,2,1,2,0,2,0,0,1,0,71.26,2503.79,0
1,1,0,0,19,1,0,1,0,0,2,0,0,1,0,1,2,117.03,2219.16,1
0,0,1,0,63,1,1,1,2,0,2,0,0,1,1,0,1,112.9,7103.73,1
1,0,0,1,8,1,1,1,2,0,1,2,0,0,2,0,3,34.05,279.92,0
0,0,1,1,23,1,2,1,2,0,0,2,0,2,1,1,3,82.2,1882.81,0
1,0,1,1,13,1,1,0,2,0,0,0,2,1,0,1,2,49.59,643.79,1
1,0,0,1,23,1,0,1,0,0,0,2,1,1,1,0,3,38.29,877.96,0
1,0,0,1,31,1,2,1,0,0,0,0,0,1,2,1,0,112.95,3493.01,0
1,0,0,0,30,1,2,1,2,0,2,1,1,1,2,0,1,26.89,797.35,0
0,0,0,0,42,1,0,0,2,0,0,0,1,2,2,0,0,20.99,876.96,0
1,0,0,0,2,1,0,0,2,0,0,0,2,2,0,1,0,65.54,128.27,0
1,0,0,0,11,1,0,1,0,2,1,0,1,0,1,1,3,72.12,798.25,0
0,0,0,0,25,1,0,1,1,1,0,0,1,0,2,0,3,29.02,729.99,0
1,0,0,0,29,1,0,2,2,1,1,0,2,1,0,0,1,113.45,3289.34,1
1,1,0,1,22,1,2,1,0,2,0,1,2,2,0,1,1,27.51,599.42,1
0,0,0,0,19,1,1,1,2,1,2,0,1,0,0,0,1,90.78,1731.66,1
1,0,1,0,41,1,0,0,2,0,0,0,2,1,0,1,2,54.93,2255.11,0
0,0,0,1,38,1,0,0,0,2,1,0,1,2,1,1,1,44.67,1694.44,0
0,0,0,0,29,0,2,1,0,0,0,0,2,2,0,1,0,39.46,1151.76,0
0,1,1,0,22,1,2,0,2,2,2,0,0,0,0,1,3,35.92,796.6,0
0,0,0,1,8,1,2,2,0,1,2,0,0,2,1,0,0,71.3,560.41,0
1,0,1,0,47,1,0,2,2,2,2,2,1,2,2,1,3,22.75,1076.63,0
0,0,0,0,6,1,2,1,1,2,0,2,0,2,0,1,3,95.68,574.67,1
1,0,0,0,7,1,0,1,0,2,1,0,2,2,2,1,3,41.71,300.46,1
1,1,1,0,36,1,0,1,2,2,0,1,0,2,1,1,1,61.88,2233.09,0
1,0,1,0,8,1,2,1,1,0,0,1,2,2,1,1,3,26.31,203.41,0
1,0,0,0,46,1,2,1,2,0,0,0,0,1,0,0,2,65.46,3007.98,1
1,0,1,1,64,1,2,0,0,2,0,2,0,0,2,1,2,81.23,5194.95,0
1,0,1,0,31,0,2,2,2,0,2,1,2,1,0,1,2,23.21,723.57,1
1,0,1,0,23,1,0,1,2,0,1,0,0,2,0,1,3,105.52,2427.73,1
1,0,0,1,61,1,0,0,2,0,2,2,2,2,0,1,2,48.26,2939.27,0
1,0,0,0,50,1,0,0,1,2,2,1,1,2,0,0,0,52.46,2628.23,0
1,1,0,0,46,0,0,1,1,0,2,0,2,2,2,1,1,34.92,1609.4,0
0,0,1,1,43,1,2,0,0,0,2,1,0,1,0,1,1,107.07,4609.87,0
0,0,0,0,10,1,0,0,0,0,0,2,1,2,0,0,2,52.99,534.84,0
0,0,0,1,20,1,2,0,0,0,2,1,1,2,1,1,2,48.16,965.47,0
1,1,1,0,16,0,2,2,0,2,0,0,0,1,0,0,2,90.58,1442.6,0
0,0,0,0,3,1,0,0,0,0,0,2,2,0,1,1,2,49.96,143.77,1
0,0,0,1,30,1,1,1,0,0,0,0,0,2,0,0,3,64.63,1944.65,0
0,0,0,0,18,1,0,0,2,0,2,0,1,0,0,1,0,118.71,2143.9,0
1,0,1,0,59,1,2,1,2,2,1,2,2,0,0,0,2,67.52,3983.72,0
1,0,1,0,70,1,2,1,1,0,0,0,2,2,0,1,2,64.8,4545.74,0
1,0,1,1,35,0,0,2,2,2,2,0,0,2,1,1,2,98.47,3442.35,0
1,0,1,1,19,1,2,1,1,0,1,0,0,1,0,0,0,22.54,432.89,0
0,0,0,0,26,1,2,1,0,2,2,0,2,2,2,0,2,55.99,1459.13,0
0,0,1,0,35,1,2,1,0,0,0,0,0,0,2,1,0,88.65,3107.68,0
0,1,0,0,72,1,0,1,2,2,0,2,2,1,0,0,3,109.95,7914.72,0
0,1,1,0,57,1,0,0,0,1,2,2,2,2,0,1,3,83.45,4751.54,0
1,0,1,0,49,0,0,1,0,1,1,0,1,2,0,1,0,71.5,3501.6,0
1,0,0,1,10,1,0,0,0,1,2,2,0,1,0,0,3,64.6,639.79,1
1,0,1,1,29,1,0,2,0,1,0,0,2,0,2,1,2,66.38,1917.26,0
0,0,0,0,71,1,0,1,0,1,2,0,1,0,0,0,3,65.62,4662.71,0
1,0,1,0,68,1,2,1,0,1,0,1,2,0,0,0,1,112.64,7669.24,0
1,0,1,0,24,1,1,1,0,2,1,2,2,2,1,0,0,99.67,2395.42,0
0,0,0,0,43,1,2,1,1,0,0,0,1,0,2,1,1,50.85,2179.24,0
0,0,0,0,39,1,2,1,1,2,2,0,2,2,2,0,1,24.34,949.69,0
1,0,1,0,25,1,2,1,0,0,0,0,1,2,0,1,1,86.98,2176.58,0
1,0,1,1,68,1,0,0,2,0,0,2,0,0,2,0,1,91.51,6227.39,0
1,0,0,0,34,1,1,0,2,1,0,0,0,0,1,1,3,95.85,3264.41,0
1,0,0,0,53,1,0,0,0,1,1,1,0,0,1,0,1,41.66,2201.93,0
1,0,0,0,55,1,0,0,0,2,1,2,0,2,1,0,0,82.24,4519.75,0
1,0,1,0,53,1,2,2,0,0,2,1,1,0,0,1,2,82.49,4372.84,0
0,0,0,0,18,1,1,1,0,0,1,0,2,0,0,0,2,29.4,519.29,0
0,0,1,0,7,1,0,0,1,0,1,1,1,0,2,0,3,96.01,666.04,0
0,1,1,1,63,1,1,0,2,0,2,1,1,1,1,1,0,77.75,4907.39,0
1,0,0,0,42,1,1,1,1,1,2,2,0,2,0,1,3,68.26,2864.07,0
0,0,1,0,11,0,2,1,0,1,2,0,2,0,0,0,0,22.24,249.55,0
1,0,1,1,9,1,2,1,2,2,2,2,2,0,2,1,2,64.32,578.33,0
1,1,1,1,35,1,0,1,1,0,1,2,2,2,2,1,1,103.74,3640.88,0
0,1,1,0,65,1,0,2,1,0,0,0,2,1,1,1,3,55.64,3624.63,0
1,0,0,1,5,1,2,0,0,0,0,2,2,0,0,1,0,116.7,579.23,0
1,1,0,0,26,1,2,1,1,0,2,0,0,0,0,1,1,97.33,2536.63,1
0,0,1,0,51,1,2,2,1,1,2,0,0,0,1,1,2,101.03,5153.58,0
0,0,0,0,38,1,0,0,0,2,0,0,1,0,2,1,3,77.36,2935.79,0
0,0,0,0,3,1,1,1,0,0,0,0,0,0,1,1,2,46.47,139.72,0
1,0,0,0,59,1,1,0,0,1,0,1,2,2,0,1,2,58.7,3459.97,0
0,1,1,0,13,1,2,1,2,0,2,1,2,2,1,0,2,80.35,1038.17,0
0,0,0,0,35,1,2,0,0,0,1,0,0,2,0,0,1,107.21,3751.7,0
1,1,0,0,3,1,0,2,0,2,1,2,0,0,1,1,2,91.28,272.34,1
0,0,1,1,53,0,0,2,0,2,0,0,0,0,2,1,0,54.45,2882.15,0
0,0,1,1,55,1,2,2,0,0,0,0,2,0,0,0,2,44.16,2431.18,0
0,0,1,1,45,1,2,1,1,0,2,2,1,1,0,0,0,81.93,3679.42,1
1,0,0,0,66,1,2,2,0,0,2,0,2,2,2,0,3,26.37,1749.89,0
1,0,1,0,67,1,2,1,1,1,0,2,2,1,1,1,2,55.9,3739.54,0
1,0,0,0,44,1,0,1,1,2,0,0,0,2,0,1,0,43.44,1913.61,1
1,1,1,0,68,1,0,0,0,2,2,1,0,2,0,1,3,105.71,7186.32,0
0,0,0,0,62,1,2,1,2,2,2,1,0,2,1,1,2,84.21,5211.22,0
1,0,1,0,25,1,2,1,0,0,0,1,2,0,1,0,0,30.41,754.5,0
1,0,0,0,52,1,0,0,0,1,2,2,2,0,1,1,3,69.62,3621.26,0
0,0,0,0,50,0,0,1,0,1,1,2,2,1,0,0,3,97.57,4875.48,0
0,1,1,0,1,1,2,2,0,0,0,2,0,0,1,1,2,29.28,36.01,0
0,0,1,1,39,1,0,0,1,2,0,0,0,2,0,0,0,75.73,2956.93,0
1,0,1,0,52,1,0,0,0,0,2,2,0,2,2,0,3,94.42,4902.97,0
1,0,0,0,40,1,2,2,0,1,1,1,1,1,2,1,0,39.25,1578.7,0
1,0,0,0,60,0,2,0,1,0,0,2,2,2,0,1,3,111.58,6689.63,0
0,0,1,1,69,1,2,2,0,2,1,0,0,1,2,1,1,73.76,5080.65,0
0,0,1,0,20,1,0,1,2,0,2,1,2,2,0,1,3,81.76,1634.92,1
1,0,1,0,2,1,0,1,2,2,2,1,0,2,0,0,0,53.74,106.24,0
0,0,0,0,9,1,0,0,2,0,0,0,0,2,0,1,2,96.04,864.18,0
0,0,0,1,39,1,2,0,1,1,0,0,0,2,1,0,1,78.41,3049.44,0
0,0,0,0,30,1,2,1,0,2,2,0,2,0,2,0,3,110.47,3310.04,0
1,0,1,0,54,1,0,1,0,0,2,0,2,2,1,1,0,66.97,3624.82,0
0,0,1,1,58,1,0,1,0,2,2,0,1,1,2,1,1,79.28,4604.16,0
0,0,0,0,44,1,1,1,0,1,0,0,1,2,2,1,2,76.05,3339.15,0
1,0,1,1,43,1,0,1,0,2,2,0,2,0,0,0,1,76.33,3277.95,0
1,1,0,0,10,1,1,1,1,0,0,0,0,0,1,1,2,90.04,905.34,0
0,0,1,0,48,1,2,2,0,2,0,2,2,2,0,0,0,28.79,1389.08,0
0,0,1,0,17,1,2,1,1,1,0,2,0,2,2,0,3,78.88,1333.77,0
1,1,0,0,5,1,2,2,1,2,2,0,0,0,0,1,0,60.3,303.43,0
1,0,0,0,70,0,2,0,2,0,2,0,2,2,1,0,1,63.53,4445.88,0
0,0,0,1,64,1,0,1,0,2,0,0,0,0,0,0,1,61.87,3959.4,1
0,0,1,0,66,0,2,1,1,1,2,1,1,0,0,1,2,29.38,1944.94,0
0,0,1,1,71,1,1,2,1,0,0,1,2,0,1,1,2,19.72,1401.98,0
0,0,0,0,4,1,0,1,2,2,0,2,0,0,0,1,2,28.99,117.1,1
1,0,0,1,28,0,0,0,2,0,1,1,2,2,0,1,0,62.01,1733.88,0
0,1,0,1,38,1,2,1,0,1,0,0,1,0,1,0,3,56.2,2132.06,0
0,0,1,0,66,1,1,0,2,0,2,1,2,2,0,1,2,32.49,2148.93,0
1,0,0,0,67,1,0,0,2,0,0,1,2,2,0,1,3,90.98,6103.96,0
0,0,0,0,60,1,0,1,2,0,1,0,2,2,0,1,1,90.07,5394.71,0
1,0,0,0,47,1,2,2,2,0,1,2,1,2,1,1,3,109.84,5162.0,0
0,0,0,0,25,1,0,0,0,0,1,0,0,0,2,1,1,103.5,2588.84,0
0,0,1,0,66,1,2,0,1,2,1,0,0,0,0,0,2,101.46,6692.03,0
1,0,0,1,67,1,2,2,2,1,2,0,2,2,1,0,1,98.84,6614.04,0
1,0,0,0,69,0,2,0,0,2,2,2,2,2,0,1,3,106.86,7366.71,0
0,1,0,0,40,1,0,2,0,0,0,1,0,2,2,1,3,69.94,2801.74,0
0,1,0,0,50,0,0,0,1,2,0,0,2,0,2,1,2,26.11,1299.87,0
0,0,0,0,40,1,2,1,0,1,2,1,1,1,0,1,3,75.2,3005.95,1
1,0,0,0,37,0,0,0,2,1,2,1,0,0,1,1,3,103.32,3813.16,0
0,0,1,0,69,1,1,2,1,1,1,1,2,1,2,0,2,27.79,1910.91,0
1,1,1,1,17,1,0,2,1,2,1,0,2,2,0,1,3,100.69,1718.06,0
1,0,1,1,62,1,2,2,0,0,2,0,2,2,0,0,1,32.08,1989.49,0
0,0,1,1,41,0,0,0,2,2,2,0,2,1,2,1,2,20.86,847.22,0
1,0,1,1,42,1,0,2,2,1,1,1,2,0,0,0,3,88.82,3722.1,0
0,0,1,0,31,1,0,2,2,0,0,0,2,0,0,0,1,83.08,2583.9,0
0,0,1,1,33,1,2,1,2,0,1,2,1,1,2,0,1,106.5,3511.93,0
0,0,1,0,43,1,2,1,2,0,0,0,2,0,1,0,0,84.86,3654.31,0
0,0,1,0,67,1,2,2,2,0,0,0,1,0,0,0,2,44.73,2995.64,0
0,0,1,1,38,1,0,1,0,0,0,0,0,0,1,0,0,110.85,4204.78,0
1,0,0,0,41,1,2,0,0,0,1,2,1,0,2,0,0,108.98,4468.69,0
1,0,0,0,63,0,0,2,0,0,2,0,0,0,0,1,3,112.99,7110.36,0
0,1,1,1,40,1,0,1,2,0,0,2,2,2,0,0,3,92.47,3706.06,0
0,0,0,0,30,1,2,2,1,0,0,1,1,1,1,0,3,105.64,3160.19,0
1,1,0,1,47,1,2,1,0,1,0,0,2,1,0,1,1,42.47,2000.09,1
1,0,1,1,22,0,2,0,2,2,2,0,2,2,2,1,1,77.08,1705.31,0
1,0,0,0,55,1,2,1,2,2,0,0,1,0,1,1,2,45.15,2490.97,0
1,0,0,0,43,1,0,1,2,0,2,2,2,1,1,1,2,51.15,2207.58,0
0,0,0,1,61,1,0,0,0,0,1,0,0,2,0,0,0,101.41,6181.12,0
0,0,1,1,32,1,0,1,2,2,2,1,1,2,0,1,3,89.66,2868.47,0
1,0,0,0,4,1,0,0,2,2,1,2,0,0,0,0,0,111.34,439.99,1
0,0,1,0,45,1,2,1,0,0,0,0,0,2,2,1,1,96.88,4363.37,0
1,0,0,1,72,1,0,2,0,0,0,2,0,1,0,0,1,47.45,3419.51,0
0,0,0,0,20,1,2,1,0,0,2,0,0,1,0,1,1,106.93,2134.53,0
1,1,0,0,71,0,0,1,0,1,1,1,1,0,1,0,2,25.91,1837.8,0
0,0,0,1,65,1,0,1,2,0,2,0,0,1,1,1,1,26.45,1716.86,0
1,1,1,0,60,1,1,1,0,1,0,0,0,0,2,1,1,45.71,2746.55,0
1,0,0,0,26,1,2,1,0,2,2,2,0,2,0,0,2,99.16,2568.54,1
0,0,0,0,23,1,2,1,0,2,1,0,0,2,0,1,3,111.46,2572.09,1
1,1,1,0,40,1,2,2,0,2,0,1,1,1,0,0,2,83.13,3318.02,0
0,0,0,0,2,0,2,1,2,1,1,1,2,0,2,0,1,111.54,219.38,0
0,0,1,1,26,1,2,2,2,0,1,0,0,0,0,1,2,78.58,2034.02,0
1,0,1,1,62,1,2,2,2,2,0,1,0,1,0,1,0,111.94,6939.06,0
0,1,0,0,44,1,0,0,2,0,2,0,2,2,0,1,3,60.9,2684.35,1
0,0,1,0,31,1,0,1,2,2,2,1,1,2,0,0,1,115.96,3600.45,0
0,0,0,0,26,1,1,2,2,0,2,2,1,2,2,0,3,39.41,1021.9,0
0,0,1,0,5,1,2,2,0,2,2,2,2,2,0,0,2,41.55,205.39,1
0,0,1,0,70,1,2,1,2,2,0,0,2,0,0,1,1,42.84,2995.59,0
1,0,0,0,35,1,2,1,1,2,1,0,0,0,2,1,0,35.13,1223.95,0
0,0,1,0,16,0,0,1,1,2,2,0,2,0,0,1,0,69.27,1112.61,1
0,0,0,0,31,1,0,0,0,0,2,2,1,0,0,1,0,72.81,2264.98,0
0,0,0,1,14,1,0,2,0,0,0,0,2,0,1,0,1,96.5,1349.13,1
0,0,0,0,25,0,0,2,1,2,1,2,1,1,2,1,0,48.92,1227.41,0
0,0,0,0,71,1,0,1,0,0,2,2,0,2,2,1,2,109.82,7797.0,0
1,0,0,0,18,1,1,0,1,2,0,2,0,2,1,0,1,101.98,1828.21,0
0,1,1,0,50,1,2,2,1,0,0,1,2,0,2,0,2,93.6,4680.24,0
1,0,0,1,20,1,0,1,1,2,2,2,1,0,0,0,3,116.89,2333.14,1
1,0,1,0,56,1,2,0,0,2,0,2,2,0,0,0,3,20.89,1173.22,0
1,0,0,0,2,1,2,0,2,2,0,0,2,1,0,0,2,117.56,234.1,0
1,0,0,0,26,1,0,0,2,0,1,0,2,2,0,0,2,41.81,1090.6,1
0,0,0,0,23,1,0,1,0,1,1,0,0,0,1,1,2,22.44,515.75,1
1,0,0,1,32,1,2,0,0,2,1,0,2,0,2,1,1,63.34,2032.1,0
1,0,0,0,13,1,2,0,0,2,0,2,0,2,1,0,0,87.22,1143.8,1
0,0,0,0,13,1,0,2,2,2,2,0,1,2,2,1,2,47.9,629.91,0
0,0,0,0,17,1,1,2,0,0,2,2,0,1,1,1,0,63.25,1079.39,0
0,0,1,0,58,1,2,0,0,2,0,2,2,0,2,1,3,42.05,2433.81,0
1,1,1,0,27,1,0,0,0,2,1,1,2,2,1,0,2,18.38,497.65,0
0,0,0,1,17,1,0,1,0,1,0,0,2,1,2,1,0,108.1,1840.37,0
0,0,0,0,38,1,2,0,0,2,1,1,1,2,0,1,3,54.65,2081.35,1
1,0,1,1,14,1,2,0,2,0,2,2,2,0,2,1,0,32.97,455.45,0
0,0,1,0,14,1,0,0,1,2,2,0,2,0,2,1,1,56.97,797.92,0
0,0,1,1,12,1,2,2,2,2,1,0,1,2,2,1,0,19.66,235.17,1
0,0,0,1,69,1,2,2,1,1,1,2,0,2,1,0,3,26.33,1812.02,0
0,0,0,0,68,1,2,2,1,0,0,1,0,0,2,1,0,74.27,5051.14,0
1,0,1,0,55,1,0,1,0,2,2,2,1,2,0,0,0,40.9,2257.68,0
0,0,1,0,63,1,0,1,0,2,2,0,0,0,0,0,2,84.1,5303.68,0
0,0,1,0,29,0,0,1,0,0,2,0,2,1,0,1,2,63.7,1848.46,1
1,0,1,0,45,1,0,1,1,2,0,1,1,2,0,1,0,25.44,1149.39,1
0,0,1,0,4,0,2,1,2,1,2,0,2,0,0,0,0,71.45,291.58,1
1,0,0,0,16,1,2,1,0,0,0,2,0,0,2,0,3,81.91,1315.02,0
0,0,0,0,66,1,2,0,2,1,0,1,1,2,2,0,2,74.29,4910.35,1
1,0,1,0,23,1,0,0,1,0,0,2,1,0,2,0,0,43.88,1014.78,0
1,1,1,0,68,1,2,2,1,0,0,0,0,0,0,0,0,21.06,1438.64,0
1,0,1,0,20,1,0,0,0,2,0,2,0,2,0,1,1,60.34,1207.18,0
1,1,1,1,17,1,1,0,0,1,0,1,2,0,2,0,0,84.52,1436.9,1
0,0,1,0,52,1,0,1,2,2,2,1,0,1,2,1,3,25.27,1311.2,0
1,0,1,1,6,1,2,0,0,0,0,1,2,0,0,0,2,110.42,662.38,0
0,0,1,0,39,1,0,0,1,0,2,0,0,2,0,0,2,52.65,2057.29,1
1,1,0,1,34,1,0,0,0,0,2,2,0,0,2,0,3,53.02,1798.9,0
1,0,0,0,54,1,0,1,0,0,2,2,0,0,2,1,0,51.74,2788.42,0
1,0,0,1,65,0,2,0,1,0,2,0,2,2,2,0,0,108.68,7071.82,0
0,0,1,0,29,1,0,1,0,2,0,2,0,0,0,1,1,113.22,3273.93,0
1,0,0,0,41,1,2,0,1,0,1,2,2,0,1,0,2,107.78,4427.67,0
0,0,0,0,63,1,0,0,0,0,1,2,2,2,2,1,2,97.5,6149.51,0
0,1,1,0,32,1,0,2,2,2,1,2,2,0,0,0,0,44.42,1424.61,1
0,1,1,0,66,1,2,1,0,0,0,0,1,0,0,1,3,92.68,6122.07,0
0,0,0,0,45,1,0,1,1,1,1,2,0,0,0,1,0,47.56,2142.2,0
0,1,1,0,17,1,0,0,0,1,0,1,1,0,0,1,3,56.1,955.16,0
0,0,1,0,43,1,2,0,0,2,0,2,0,1,2,0,3,32.69,1408.65,0
0,0,0,0,66,1,0,2,1,1,0,0,2,0,2,1,0,71.27,4693.93,0
0,0,0,0,68,1,2,0,1,1,2,2,2,0,0,0,3,99.32,6760.45,0
0,0,1,0,34,1,0,2,1,2,2,0,2,2,1,1,2,86.42,2944.61,0
1,1,0,0,1,1,0,1,0,0,0,2,1,1,0,0,2,56.28,56.01,1
1,0,0,1,23,1,2,1,0,1,0,2,2,2,0,0,2,85.54,1962.16,1
1,0,1,0,6,1,0,1,1,0,0,2,2,2,0,0,2,81.94,488.33,0
1,0,0,0,16,1,0,1,0,0,1,0,1,1,0,1,0,72.59,1159.98,1
1,0,1,0,2,1,1,0,0,0,1,0,2,2,0,0,0,45.17,83.52,1
0,0,1,0,27,1,0,1,0,2,0,0,0,1,1,1,1,21.14,572.94,0
0,1,0,0,19,1,2,2,0,2,1,1,2,0,0,1,2,22.08,412.56,0
0,0,1,0,28,1,2,0,2,1,1,2,1,2,1,0,1,113.9,3192.87,0
0,0,1,1,35,1,2,1,2,2,2,2,0,0,1,1,3,105.44,3691.68,0
0,0,1,0,68,1,0,1,0,1,0,0,0,2,2,1,1,42.08,2868.16,0
0,0,0,1,49,1,2,1,0,2,0,2,1,0,0,1,2,37.79,1849.67,0
0,0,0,1,7,1,0,0,1,0,2,2,0,1,2,0,2,48.72,349.16,1
1,0,1,0,37,1,2,2,2,0,0,0,1,0,2,0,3,75.76,2806.18,0
1,0,0,0,25,1,2,1,0,0,0,0,1,1,1,1,3,19.99,489.77,0
1,0,1,1,41,1,1,2,1,1,2,2,2,1,0,1,1,107.91,4423.06,0
1,0,0,0,62,1,2,2,0,1,1,1,2,0,2,0,0,96.1,5967.54,0
0,0,1,0,41,1,2,0,0,0,0,0,0,2,2,1,1,71.35,2934.56,0
0,0,0,1,14,1,2,0,1,0,2,1,0,0,2,1,1,105.25,1474.93,0
0,0,0,1,54,1,2,2,0,0,0,0,1,0,0,1,3,73.37,3965.22,0
1,0,0,1,2,1,2,1,0,2,0,0,2,0,2,1,1,27.16,49.05,0
0,1,1,1,48,0,2,0,1,2,0,1,0,0,0,0,0,74.34,3564.75,1
0,0,0,0,51,0,2,2,2,0,1,0,0,0,1,0,2,66.55,3391.96,0
0,0,1,0,55,0,0,1,0,2,2,1,0,0,1,0,2,88.03,4839.92,0
1,0,0,0,12,1,2,0,1,2,0,0,2,2,2,0,2,53.03,640.5,0
0,0,1,1,69,1,0,1,0,2,1,0,2,0,2,0,0,54.46,3749.26,0
1,0,1,0,1,1,2,2,1,0,0,1,2,1,1,0,2,112.92,103.84,0
1,1,1,0,59,1,2,0,2,2,2,2,0,2,0,1,1,110.62,6526.99,0
1,0,1,0,34,1,0,1,0,2,1,0,0,2,2,1,1,108.76,3699.41,0
1,0,0,0,46,1,2,0,0,0,1,2,2,1,1,1,1,59.94,2754.99,0
0,0,0,0,59,1,2,2,0,2,0,0,0,2,2,0,1,93.58,5526.16,0
1,0,0,1,66,0,0,1,2,2,1,1,1,2,2,1,1,112.69,7430.91,0
1,0,0,0,19,1,0,1,2,0,0,0,2,0,0,1,2,115.42,2202.8,1
0,1,0,0,28,1,0,1,1,0,0,0,0,2,1,1,2,42.64,1190.93,0
0,0,1,1,40,1,2,1,1,1,2,0,2,0,2,1,0,39.81,1589.03,0
1,0,1,1,57,1,0,1,0,2,0,0,1,2,0,0,3,68.29,3890.4,0
0,0,1,1,51,0,2,2,0,0,1,0,1,0,2,1,0,105.64,5394.37,0
1,0,1,0,22,1,0,1,0,2,1,2,2,1,0,0,0,71.35,1564.11,1
1,0,1,1,68,1,0,2,1,2,2,0,1,2,0,0,1,97.83,6651.57,1
1,0,1,1,8,0,0,1,0,0,0,0,2,2,2,0,2,65.93,522.76,0
1,0,1,0,60,1,0,0,1,0,1,0,1,0,2,1,1,93.74,5615.25,1
0,0,1,0,65,1,1,2,1,0,2,0,0,0,0,1,2,44.99,2921.69,0
1,0,0,1,36,1,0,0,0,0,0,2,0,0,2,0,1,101.08,3630.4,0
0,0,1,0,71,1,2,1,0,1,1,0,0,1,1,0,2,98.36,6992.97,0
0,0,0,0,29,1,0,1,0,2,1,2,2,2,1,1,2,40.85,1177.47,0
0,0,0,0,65,1,2,2,1,2,2,0,0,0,0,0,0,105.94,6895.79,0
0,0,0,0,56,0,2,0,0,0,2,0,2,2,0,1,1,30.1,1684.8,0
1,0,1,0,4,1,0,2,1,2,0,0,0,2,0,0,3,95.5,375.32,1
0,0,1,0,72,1,0,2,1,1,1,0,1,0,0,1,2,103.69,7460.99,0
1,0,1,1,50,1,2,0,0,1,0,0,1,1,2,1,1,101.55,5075.24,0
0,0,1,0,39,1,1,2,0,2,0,2,0,0,2,0,3,42.79,1672.38,0
0,1,1,0,35,0,0,0,0,0,1,1,0,2,0,1,3,26.41,928.62,0
1,0,0,0,25,1,2,0,2,0,0,0,2,0,1,1,2,21.18,523.86,1
1,0,0,0,44,1,2,2,0,0,0,0,0,1,1,1,2,20.66,902.99,0
1,0,0,0,47,1,0,1,2,2,0,2,2,2,2,0,0,69.6,3279.47,0
0,0,1,1,40,1,2,1,1,2,0,0,2,2,0,1,3,38.37,1533.84,0
0,0,1,1,31,1,2,1,1,0,2,0,0,2,1,1,2,105.79,3276.67,0
1,0,0,1,69,1,2,0,2,0,2,2,2,0,0,0,1,34.74,2399.58,0
1,0,1,0,43,1,0,1,0,1,1,1,0,2,0,1,2,85.67,3684.79,0
1,0,0,1,55,1,0,0,0,0,2,0,1,0,1,1,2,110.51,6085.94,0
1,0,0,0,16,1,2,0,0,0,2,0,0,1,2,1,1,115.21,1836.53,1
0,0,1,1,68,1,1,2,0,1,0,2,0,1,0,0,2,104.57,7109.79,0
1,0,1,0,69,1,2,2,2,0,0,1,0,0,0,1,2,38.79,2670.5,0
1,0,1,1,42,0,0,1,0,2,0,2,1,2,2,0,3,71.45,2993.03,0
1,0,1,0,41,1,0,0,2,0,0,2,0,1,0,1,2,36.8,1504.57,0
1,0,1,0,50,1,2,1,1,2,2,0,1,1,1,1,1,78.36,3909.35,0
0,0,1,0,6,1,0,2,0,1,2,2,2,2,0,0,2,42.28,255.73,0
1,1,1,0,53,1,1,0,1,0,2,0,0,1,0,0,1,51.43,2732.82,0
0,0,0,0,17,1,2,0,0,2,1,0,2,1,1,1,3,73.76,1249.96,0
1,0,0,1,57,1,0,2,0,2,0,0,0,1,0,0,1,30.53,1742.87,0
1,0,1,1,67,1,2,1,1,0,0,2,0,2,0,0,0,53.86,3601.22,0
0,0,0,1,16,1,1,0,1,0,0,0,0,1,0,1,0,52.42,833.42,1
1,0,0,0,52,1,0,0,2,0,0,2,0,2,2,0,3,77.08,4011.68,0
0,0,0,1,34,1,0,2,0,0,0,0,0,2,0,1,3,75.77,2584.57,0
0,0,0,1,20,1,2,1,2,2,1,1,1,2,0,0,3,57.45,1139.38,1
1,0,1,0,56,1,0,0,1,2,2,0,2,0,0,1,0,105.24,5896.29,0
0,0,1,0,51,1,0,2,1,0,0,0,0,2,0,0,3,82.86,4229.95,0
0,1,0,0,53,1,2,2,2,2,1,2,2,2,0,1,2,99.11,5254.78,0
0,0,0,0,49,1,2,0,2,1,2,2,2,0,2,1,1,75.61,3703.44,0
0,0,0,0,4,1,2,1,0,2,0,2,2,2,0,1,3,56.56,236.0,1
0,0,0,0,18,1,0,0,0,0,0,0,0,1,2,1,3,56.43,1011.2,0
0,1,0,1,36,1,0,1,0,2,0,2,0,2,0,0,2,39.07,1405.85,1
0,0,1,0,35,1,2,0,1,2,2,0,2,2,2,1,3,102.01,3573.82,1
0,0,1,0,30,1,2,0,0,1,2,2,1,2,0,1,1,102.95,3078.5,0
1,0,1,1,63,1,2,1,2,0,2,1,2,2,0,1,0,29.22,1838.08,0
1,0,0,0,21,1,2,1,0,2,1,0,1,1,0,0,2,101.8,2135.66,1
0,1,0,0,52,0,2,1,0,2,1,0,2,2,0,0,3,100.74,5228.69,0
1,0,0,1,69,1,0,0,0,2,2,1,0,2,0,1,1,78.82,5429.1,0
0,0,0,0,41,1,2,2,1,0,2,1,0,0,0,1,2,93.26,3833.43,0
0,1,0,1,54,1,2,0,0,0,0,1,0,0,0,0,1,110.82,5976.46,0
1,0,0,0,30,1,2,1,0,2,0,0,0,2,0,0,0,67.06,2006.52,0
0,0,0,0,56,1,2,0,0,2,0,0,1,2,0,1,3,96.33,5387.25,0
0,0,1,0,41,1,0,1,2,0,0,0,0,0,0,1,1,114.62,4699.69,0
0,0,0,1,14,0,2,0,0,0,1,0,1,0,1,1,0,56.61,797.26,0
0,0,0,1,21,1,1,0,0,2,2,0,2,2,1,1,2,63.16,1317.9,0
1,0,1,1,25,1,0,1,1,0,2,2,2,1,0,1,2,84.02,2102.22,0
0,0,1,1,50,1,0,0,2,1,1,1,1,2,0,0,1,68.36,3415.06,0
0,0,0,0,53,1,2,1,0,0,0,1,2,0,0,0,0,44.44,2355.13,1
0,0,1,0,48,1,2,0,0,2,1,2,2,0,2,0,2,79.43,3807.96,1
1,0,1,0,70,1,2,0,0,0,0,2,2,2,1,1,3,94.62,6630.67,0
0,0,1,0,48,1,1,1,0,1,0,2,0,2,2,0,3,18.83,902.89,0
1,0,0,0,4,1,0,0,1,0,0,0,0,0,2,0,0,38.42,146.89,1
1,0,0,0,24,1,2,0,2,0,2,2,2,2,1,1,2,118.14,2841.2,0
0,0,1,0,31,1,1,0,0,2,2,0,2,2,0,0,3,104.59,3247.33,1
0,0,1,1,29,1,0,0,1,1,1,2,0,0,2,1,2,118.28,3429.82,0
1,0,0,0,5,0,2,0,1,0,2,0,2,0,0,1,2,82.55,417.18,1
0,0,0,0,67,1,0,0,2,2,2,0,2,1,2,1,1,69.11,4632.41,0
1,0,0,0,53,1,1,0,0,0,0,0,0,2,0,1,3,21.48,1131.74,0
1,0,1,0,64,1,2,2,2,2,0,0,2,0,2,0,3,52.88,3394.31,0
0,0,1,0,35,1,2,0,1,0,2,1,2,1,1,0,2,59.89,2101.6,0
0,0,1,1,12,0,2,2,0,0,0,0,0,0,0,1,1,31.54,381.81,0
1,1,0,1,47,1,2,2,2,0,0,1,1,0,0,0,3,57.94,2729.8,1
1,0,1,0,55,1,2,0,0,0,1,1,2,1,0,1,0,40.91,2258.61,1
1,0,1,0,69,1,0,0,0,0,1,2,2,1,0,1,1,62.7,4327.86,0
1,0,1,0,38,1,2,0,2,2,1,2,0,0,0,0,0,77.72,2955.13,1
0,1,1,0,29,1,0,1,1,0,1,0,2,0,2,0,3,85.25,2462.72,0
0,0,0,0,12,1,0,1,2,2,1,2,0,2,0,1,3,72.54,868.78,0
0,0,1,0,19,1,0,1,0,2,1,0,1,0,2,0,3,21.89,416.08,0
0,0,0,1,9,0,2,1,0,1,2,0,2,0,0,1,3,110.46,988.82,0
0,1,0,1,29,1,2,0,1,2,0,2,0,2,1,1,0,101.26,2933.73,0
1,0,1,1,3,1,0,2,2,0,0,0,1,0,0,1,1,78.8,233.73,1
0,0,0,0,30,1,0,0,0,1,1,2,1,2,2,0,0,104.06,3119.16,0
0,1,0,0,58,1,2,2,2,0,0,0,0,1,0,1,0,105.63,6135.66,0
0,1,0,1,53,1,1,1,1,0,2,0,2,1,0,0,2,41.14,2182.17,0
0,1,1,1,4,1,2,0,2,2,1,2,0,0,1,0,2,45.01,176.32,1
0,0,1,0,57,1,0,2,0,2,0,0,0,2,0,0,2,25.35,1441.04,0
1,0,1,0,54,1,0,1,0,0,0,0,0,0,1,0,2,73.81,3992.68,0
1,0,0,0,28,1,0,1,2,0,0,2,1,2,1,1,1,90.23,2529.27,0
1,0,0,0,16,1,0,1,2,2,0,2,0,2,2,1,1,29.46,478.38,1
0,0,0,1,13,1,2,2,2,0,2,0,0,1,2,0,1,65.42,853.33,0
1,0,1,0,72,1,2,2,1,1,2,0,0,2,2,1,2,100.15,7219.09,0
1,0,1,1,56,1,0,1,0,2,1,0,2,2,0,1,0,85.03,4759.72,0
0,0,0,0,53,1,2,0,1,2,2,1,2,0,0,1,3,74.84,3973.37,0
0,0,0,0,48,1,2,1,2,2,0,2,0,2,0,1,0,71.35,3418.32,0
0,0,0,0,25,1,0,2,2,0,0,2,2,2,0,0,1,55.47,1390.14,0
1,0,1,0,66,1,2,1,1,1,1,0,2,0,1,1,2,62.12,4097.2,0
1,0,1,0,30,1,2,2,0,2,0,0,2,2,2,1,2,47.5,1425.5,0
0,0,1,0,3,1,1,1,1,1,0,0,1,2,0,1,2,85.99,262.7,0
0,0,1,0,23,1,0,2,1,0,2,0,0,0,0,1,3,82.93,1908.68,1
1,0,1,0,29,1,2,0,1,0,2,0,2,2,2,0,0,38.52,1121.68,0
1,0,1,1,41,1,2,1,2,2,0,0,1,0,0,1,2,45.18,1843.11,0
0,0,1,0,11,1,0,1,2,0,2,0,0,1,0,1,2,117.38,1289.17,0
0,0,1,0,21,1,0,1,2,1,0,1,2,0,1,0,3,28.75,612.83,0
1,0,1,0,24,1,0,0,1,1,0,2,0,1,0,0,2,87.95,2116.03,1
0,0,0,0,65,0,0,2,0,0,1,0,0,2,0,0,3,70.15,4559.41,0
1,1,1,0,1,1,0,2,0,0,2,0,0,2,0,1,2,26.1,30.27,1
1,0,0,0,54,1,0,2,1,2,0,1,2,2,0,1,2,24.22,1298.42,0
1,1,0,0,72,1,0,0,0,1,0,1,2,1,0,0,2,98.82,7110.89,0
1,1,0,1,34,1,2,0,2,0,2,0,0,2,1,0,3,80.3,2738.26,1
0,0,0,1,68,0,0,1,0,0,0,0,2,0,0,1,2,22.74,1546.25,0
0,1,1,0,29,1,1,1,2,1,0,0,0,0,1,1,2,47.19,1377.56,0
1,0,0,0,3,1,1,0,0,2,2,0,1,2,1,1,2,44.25,128.05,0
1,0,0,0,11,1,0,1,2,2,0,2,1,1,1,1,1,74.65,827.84,1
1,0,0,0,8,1,0,1,2,1,2,2,0,0,2,1,1,42.5,330.39,1
1,0,1,0,62,1,0,1,1,0,1,1,2,2,0,1,1,98.12,6073.52,0
1,1,1,0,33,1,0,1,1,0,0,2,0,1,1,0,3,42.18,1384.68,0
0,0,1,0,8,1,0,1,1,0,2,2,0,0,2,0,1,63.57,503.79,1
0,0,0,0,25,1,2,0,0,2,2,1,1,0,1,1,1,60.67,1507.6,0
0,0,0,0,26,1,0,0,1,0,0,0,0,1,0,1,1,25.44,655.67,0
0,0,1,1,26,1,1,2,0,0,1,0,2,0,2,0,2,57.4,1499.86,0
1,0,0,1,17,1,0,0,1,2,2,1,2,2,0,0,1,59.26,1015.73,1
1,0,0,0,29,1,2,2,1,0,2,0,0,1,0,0,3,32.88,945.89,0
1,1,1,0,43,1,2,0,1,0,1,0,2,0,2,1,3,107.19,4605.48,0
1,0,0,1,5,1,0,1,2,1,2,0,2,2,0,0,0,55.78,281.1,0
1,0,0,1,50,1,0,0,0,2,2,1,1,1,0,1,0,103.49,5177.72,0
0,0,1,0,56,1,0,2,0,0,2,2,2,2,0,0,1,76.76,4289.12,0
1,0,0,0,63,1,0,2,0,1,0,2,2,0,2,0,1,19.23,1219.73,0
0,0,1,1,57,1,0,0,0,2,0,0,2,2,2,1,0,86.84,4948.42,0
0,0,0,1,45,1,0,0,2,1,0,0,0,2,2,0,2,58.88,2648.42,0
0,0,0,0,37,1,0,1,1,2,2,2,0,2,0,1,3,91.81,3388.68,1
0,1,0,0,72,1,0,2,1,1,0,0,2,2,0,1,3,87.53,6302.66,0
1,0,1,1,36,1,0,1,0,0,2,1,2,0,0,1,1,92.51,3332.11,1
0,1,1,0,33,0,2,2,0,1,0,2,2,0,0,1,3,87.78,2895.88,1
0,0,1,0,6,1,0,0,2,2,0,2,1,0,1,1,1,20.31,129.61,0
0,0,0,0,71,1,2,1,1,0,1,2,2,2,2,1,1,115.24,8174.22,0
1,0,1,0,45,1,0,1,2,0,0,0,1,1,0,1,2,64.84,2911.49,0
1,1,0,0,7,1,0,0,0,0,0,2,1,1,0,1,2,107.82,752.24,1
1,0,1,0,65,1,2,1,1,2,0,0,2,2,2,0,2,34.82,2265.48,0
0,1,1,0,24,1,0,2,0,2,2,1,0,0,0,1,0,54.14,1297.84,0
0,1,1,1,45,1,2,2,0,2,0,2,0,0,0,1,1,116.13,5232.87,0
1,0,0,0,61,1,0,0,2,2,2,0,1,1,1,0,0,106.2,6472.45,0
0,0,0,0,19,1,1,0,0,0,0,0,0,1,1,1,1,98.4,1864.4,0
1,0,1,0,32,1,2,1,0,2,2,0,0,2,2,1,1,47.42,1525.27,1
1,0,1,1,30,1,0,0,2,0,0,0,0,1,1,1,2,89.13,2673.26,0
0,0,0,0,65,1,1,2,0,0,0,2,2,2,1,0,2,42.48,2764.24,0
0,0,1,1,32,1,2,0,0,2,0,0,2,0,0,1,2,85.72,2740.55,1
0,0,0,0,57,1,1,1,0,2,0,1,0,2,1,1,1,115.45,6578.16,0
0,0,0,1,20,1,0,1,0,2,0,0,2,0,2,0,0,53.41,1061.1,0
1,0,0,0,30,1,2,1,0,0,2,1,2,0,2,1,2,67.33,2027.65,0
1,0,0,0,59,1,1,0,0,0,1,0,0,0,1,0,2,58.41,3452.72,0
1,0,0,0,62,1,2,0,2,0,2,0,1,2,1,1,1,28.27,1753.46,0
1,0,0,1,67,1,2,1,2,1,2,0,1,1,0,1,3,113.83,7617.39,0
1,0,0,0,31,1,0,1,1,2,2,2,1,2,0,0,0,57.14,1765.84,0
0,0,0,0,66,1,0,1,0,0,0,2,0,2,2,1,2,114.8,7570.63,0
1,0,1,0,54,1,0,0,0,0,2,0,1,1,1,1,0,90.63,4894.76,0
1,0,1,1,10,1,0,0,0,2,2,1,0,1,0,1,1,40.48,397.96,0
1,0,1,1,38,1,2,1,2,1,0,2,0,1,1,0,1,79.3,3012.05,0
0,0,0,0,31,1,0,2,2,1,0,1,2,2,0,1,3,27.39,842.98,1
0,0,0,0,29,1,0,0,0,0,0,1,1,0,2,0,0,37.91,1095.11,0
0,1,1,1,25,1,1,0,0,0,0,0,0,0,0,0,0,28.94,719.53,0
0,0,1,0,32,1,2,0,0,1,1,0,0,0,0,1,3,24.77,787.19,0
1,0,1,0,17,0,0,0,2,0,1,0,2,0,0,1,2,80.43,1362.57,0
1,0,0,1,45,1,2,0,2,1,2,0,0,0,1,1,2,45.34,2033.38,0
0,0,0,0,49,1,2,1,0,2,0,2,1,2,2,1,2,94.34,4628.12,0
0,0,0,0,18,1,1,2,0,2,0,0,0,2,1,0,1,51.99,945.27,1
1,0,1,0,52,1,0,0,1,2,2,2,1,0,0,1,1,105.74,5504.12,0
1,0,0,0,20,1,0,1,2,0,2,1,0,2,0,0,3,62.63,1249.93,1
0,0,1,0,62,1,2,1,1,1,1,2,2,0,1,1,1,53.56,3325.85,0
0,0,0,1,13,1,2,2,1,0,0,0,2,0,1,0,0,22.34,281.68,1
0,0,1,1,43,1,1,2,0,0,0,0,2,0,0,1,1,91.65,3938.02,0
0,1,0,1,21,1,0,2,0,0,2,0,2,2,2,1,2,116.38,2441.92,0
1,0,1,0,6,1,0,1,1,2,1,1,0,0,0,0,0,44.43,256.84,1
1,0,1,0,71,1,0,2,2,0,0,0,2,0,1,0,0,84.02,5974.42,0
1,0,0,0,53,0,0,1,0,0,1,2,1,1,2,0,1,86.04,4559.41,0
0,0,1,1,52,0,0,0,2,1,2,0,1,0,1,0,1,62.53,3261.32,0
0,0,1,0,69,1,0,2,0,0,0,1,2,2,1,0,2,52.73,3633.95,0
1,0,0,0,9,1,0,1,2,0,0,0,0,0,1,1,0,23.5,221.08,0
1,0,0,0,46,1,0,0,1,1,2,1,0,2,0,1,1,113.68,5231.54,0
1,0,1,0,71,1,0,2,0,2,0,0,2,0,2,1,3,69.5,4932.82,0
1,0,0,0,30,1,0,1,1,2,2,0,1,1,0,1,3,49.0,1476.65,0
0,0,0,0,43,1,0,0,2,0,1,0,2,0,0,0,3,106.85,4595.38,0
1,0,1,1,59,1,0,1,0,0,0,2,0,2,2,0,2,32.12,1901.62,0
1,0,1,0,38,1,0,1,0,0,2,0,2,0,1,0,1,88.63,3368.06,0
1,0,1,0,34,1,1,1,0,2,0,0,1,1,1,0,3,30.03,1019.39,0
1,0,0,0,46,1,0,0,1,1,0,1,0,1,2,0,2,91.63,4217.14,0
1,0,1,1,32,1,1,2,0,0,0,1,1,1,0,1,1,78.81,2527.05,1
1,0,1,0,16,1,0,2,2,2,1,2,2,0,0,0,1,75.55,1199.74,1
1,0,0,1,39,1,0,0,1,2,1,0,2,0,0,0,3,74.82,2916.04,1
0,0,0,0,1,0,0,0,0,1,0,1,2,2,2,0,1,62.2,55.58,0
0,0,1,0,57,1,0,0,2,0,0,0,1,1,0,0,2,108.27,6180.39,0
0,0,0,0,20,1,0,2,0,0,0,2,2,2,0,1,1,21.96,448.64,0
0,1,1,1,42,1,2,2,0,2,2,2,2,2,0,0,2,106.39,4476.58,0
1,0,1,0,72,1,0,1,0,2,1,0,0,0,1,0,1,60.99,4391.54,0
0,0,0,0,34,1,1,2,0,0,1,0,2,2,1,1,1,51.3,1749.32,1
0,0,0,1,50,1,1,1,0,0,0,2,1,0,0,1,2,78.14,3915.44,0
1,0,1,0,11,1,0,1,2,2,2,0,2,0,0,1,1,40.01,447.54,0
1,0,0,1,43,1,0,1,0,1,2,2,0,0,0,1,1,63.02,2710.57,0
0,0,0,0,10,1,1,0,0,2,2,0,0,0,0,0,1,81.28,805.78,1
0,1,1,0,8,1,0,0,0,0,2,0,2,2,1,1,0,55.82,454.76,1
1,1,0,0,72,1,2,1,2,0,1,0,2,0,1,1,0,50.22,3622.25,0
0,0,1,0,19,1,1,0,0,1,1,0,0,0,0,1,2,77.52,1470.91,1
1,0,0,0,65,1,2,0,1,1,2,2,2,1,0,1,3,81.11,5271.43,0
1,1,0,0,55,1,2,0,1,2,0,2,2,0,2,1,3,49.71,2743.83,0
1,0,1,1,52,1,2,1,0,0,2,0,2,0,0,0,2,83.43,4340.39,0
1,0,1,0,3,1,2,2,2,2,2,1,1,0,0,0,2,103.01,302.42,0
0,0,1,0,53,1,1,2,0,0,2,0,2,0,1,0,0,29.63,1563.66,0
1,0,1,0,44,1,0,1,2,1,0,1,1,2,2,1,2,112.61,4946.14,0
1,0,1,0,48,1,0,2,0,0,2,1,2,1,0,0,2,25.02,1202.72,0
0,0,1,1,54,1,0,1,0,0,2,1,1,1,0,0,0,70.94,3821.3,0
1,0,0,0,16,1,0,0,0,2,0,1,0,1,0,0,1,108.97,1749.86,0
0,0,1,0,30,1,2,1,2,2,2,0,0,2,0,1,2,43.95,1314.87,1
0,0,0,0,28,0,0,0,0,2,0,1,2,2,1,1,1,88.27,2468.41,0
0,0,0,1,16,1,0,1,1,2,1,0,2,1,0,1,1,22.47,364.74,1
1,0,1,0,51,1,2,0,0,2,2,0,0,2,0,1,0,66.54,3385.65,0
0,0,0,1,33,1,1,1,0,1,1,1,0,0,0,1,2,81.16,2678.85,1
0,0,1,0,25,1,0,0,2,2,0,2,0,2,1,1,1,72.47,1809.15,0
1,1,1,0,18,1,0,0,0,2,0,1,2,0,1,0,2,36.12,642.18,1
0,1,0,0,26,1,2,2,0,0,2,0,0,1,1,0,0,20.41,526.61,1
0,0,1,0,6,1,0,0,0,1,0,2,0,0,2,0,0,63.31,382.44,0
0,0,0,0,38,1,2,1,0,0,0,1,2,2,1,0,1,36.39,1386.08,0
0,0,0,0,44,1,0,0,0,2,2,0,1,0,2,1,1,54.98,2411.64,0
0,0,0,0,67,1,2,0,0,0,0,1,1,2,0,1,2,102.73,6891.68,0
1,1,0,0,43,1,0,1,2,0,0,2,2,2,2,0,2,73.41,3150.3,0
0,1,0,0,6,1,2,1,0,1,0,1,0,1,0,0,3,26.46,162.02,1
0,0,1,0,64,1,2,0,1,1,2,0,0,1,2,0,1,90.34,5778.27,0
1,0,1,0,13,1,0,2,0,2,0,2,2,0,2,1,0,63.48,829.29,0
1,0,0,1,65,1,0,1,2,0,2,2,0,0,1,1,1,22.33,1457.71,0
1,0,1,0,38,1,0,0,1,0,2,0,2,1,1,0,2,90.78,3441.25,0
0,0,1,0,64,1,0,0,2,1,0,1,2,2,1,1,2,107.27,6871.22,0
1,0,1,1,14,1,2,1,0,2,0,0,1,2,0,0,2,93.28,1298.34,0
0,0,0,0,17,1,0,1,2,0,0,0,0,0,0,0,2,116.55,1981.73,1
0,0,1,0,13,1,2,0,1,0,1,1,2,2,1,1,1,34.07,439.67,0
1,0,0,0,6,1,2,1,0,0,1,1,0,2,0,1,1,74.99,446.08,0
1,0,1,1,6,0,0,0,0,0,2,1,1,0,0,1,1,27.53,158.22,1
0,0,1,0,37,1,0,0,0,0,0,0,2,0,0,1,3,116.31,4307.0,0
1,0,1,1,57,1,0,0,2,1,0,2,0,2,2,0,3,39.87,2268.64,1
0,0,1,1,53,1,0,2,0,1,1,0,1,0,1,1,2,112.92,5984.87,0
1,0,0,0,46,0,0,1,0,0,1,1,1,0,2,1,3,64.28,2947.18,0
1,1,1,1,4,1,0,2,1,0,0,0,0,2,0,0,2,98.0,394.09,1
1,0,1,0,34,1,2,0,1,1,0,0,1,0,0,1,0,114.19,3886.0,0
0,0,0,1,66,1,0,0,1,2,2,0,2,1,0,0,2,41.65,2740.15,0
1,0,0,0,63,1,0,0,0,2,2,0,2,0,0,1,3,100.24,6315.77,0
0,0,1,0,61,1,0,1,0,1,0,1,2,0,1,0,1,107.64,6570.33,0
0,1,1,0,42,0,2,0,0,0,2,2,2,2,0,0,1,73.68,3087.39,0
0,0,0,0,64,1,0,0,0,2,2,0,2,2,0,1,0,86.01,5495.52,0
0,1,0,0,17,1,0,0,0,1,1,0,1,2,2,1,2,62.8,1061.47,0
1,0,1,0,61,1,2,2,1,1,1,1,1,0,0,1,2,60.99,3717.42,0
0,1,1,0,30,1,2,1,1,1,2,0,2,0,0,1,2,34.27,1026.63,0
0,0,1,0,43,1,2,0,2,2,1,0,1,0,0,0,3,87.49,3753.53,0
1,1,1,0,7,1,2,1,1,2,1,0,0,2,1,1,3,35.02,254.73,0
0,0,0,0,46,0,0,1,0,0,0,0,2,2,0,1,2,36.53,1684.17,0
1,0,0,0,23,1,2,0,0,0,0,2,0,0,2,0,1,68.77,1574.38,0
0,0,1,0,36,1,0,0,0,1,1,2,0,1,0,1,0,64.29,2320.39,0
1,1,0,0,14,1,1,2,1,1,2,2,2,0,0,1,3,83.52,1165.68,1
0,0,1,1,20,1,2,0,0,1,1,2,1,0,0,1,1,70.73,1412.1,0
1,0,1,0,56,1,0,2,2,2,2,0,0,0,0,1,3,49.93,2787.53,0
0,1,1,0,32,1,0,0,0,0,0,0,0,1,0,1,1,24.07,768.7,0
0,0,1,0,25,1,0,1,1,1,2,0,1,2,0,1,3,77.42,1927.06,0
1,0,0,0,49,1,0,0,1,2,0,2,1,1,0,1,0,67.38,3305.23,1
1,0,1,1,57,1,0,1,2,2,1,1,2,1,2,1,2,26.38,1500.53,1
1,0,1,0,27,1,2,2,0,0,2,1,2,1,0,1,2,88.51,2385.7,0
1,1,0,0,27,1,2,1,2,2,0,0,2,1,0,1,0,43.86,1187.19,1
0,0,0,0,46,1,1,0,0,1,1,2,2,0,0,1,3,21.7,1001.96,0
0,0,0,0,45,1,2,0,0,2,1,0,1,2,0,0,2,19.36,873.98,1
1,1,0,0,26,1,0,2,0,0,1,0,1,1,2,1,2,72.49,1890.51,0
0,0,1,0,14,0,1,1,2,1,0,0,2,2,0,1,0,111.55,1564.47,0
1,0,0,0,48,1,2,0,0,1,0,0,1,0,1,0,0,103.45,4974.5,0
1,0,0,0,15,1,2,2,1,0,0,2,2,0,2,1,0,28.47,428.37,0
0,0,0,0,51,1,0,1,0,1,0,0,0,2,0,0,0,50.24,2569.94,0
0,0,0,0,54,1,0,0,2,1,2,2,2,0,1,0,1,49.72,2694.1,0
0,1,1,0,11,1,0,1,2,1,2,1,2,1,1,1,1,103.94,1136.61,0
0,0,0,1,28,1,2,1,2,0,2,1,0,2,1,0,3,98.67,2766.3,1
0,0,1,1,55,1,0,2,2,0,0,1,0,2,2,0,0,115.29,6344.07,0
0,0,1,1,69,1,0,1,1,0,2,2,2,0,2,0,0,70.57,4876.72,0
0,0,1,0,72,1,2,2,0,0,2,0,1,2,0,1,2,19.65,1411.54,0
1,1,0,0,26,1,0,2,2,1,2,0,1,1,0,1,1,108.92,2829.8,0
1,1,1,0,70,1,2,1,2,0,0,2,2,1,0,1,1,21.84,1519.74,0
1,0,0,0,32,1,2,0,1,1,1,0,0,0,0,0,2,101.83,3263.89,1
1,0,1,0,48,1,0,2,0,2,0,0,2,2,0,0,3,70.39,3374.05,0
1,0,0,0,12,1,2,1,0,0,0,1,2,0,2,1,2,115.3,1392.18,0
0,0,1,1,70,1,0,2,0,2,2,2,1,0,1,1,1,42.64,2988.06,0
1,0,0,0,61,1,2,0,2,0,0,0,2,0,2,1,2,69.77,4252.62,0
1,0,0,1,34,1,0,2,1,0,0,1,1,1,2,1,0,19.61,673.11,0
1,0,1,1,45,0,2,2,2,1,2,0,0,1,2,1,0,78.64,3545.15,0
1,0,1,1,60,1,0,2,0,2,1,0,2,2,0,0,2,25.04,1495.63,0
1,0,0,1,65,1,0,0,2,2,1,2,1,0,1,0,0,24.82,1614.14,0
1,0,0,1,71,1,0,1,0,1,1,1,0,0,0,1,2,91.48,6485.28,0
1,0,0,0,13,1,0,0,1,1,0,2,0,1,1,0,0,36.87,476.19,0
0,0,1,1,48,1,0,0,0,2,1,1,0,0,2,1,2,116.52,5596.85,0
0,0,0,0,49,1,0,0,0,2,2,0,2,0,0,1,3,58.08,2842.52,0
1,1,1,1,58,1,0,2,0,2,0,1,0,0,0,0,2,66.83,3868.82,1
0,0,0,1,70,1,0,1,2,0,1,0,2,2,0,1,0,49.88,3493.15,0
0,0,0,0,61,1,0,0,1,0,2,1,0,2,2,0,0,46.23,2829.26,0
0,0,1,0,26,1,0,2,0,0,2,0,0,2,0,1,3,106.11,2757.12,0
0,1,0,0,39,1,1,1,0,0,2,1,2,2,0,1,2,108.01,4220.75,1
1,1,0,0,58,1,0,2,0,0,1,2,0,2,1,1,0,39.23,2283.45,0
0,0,0,0,27,1,2,2,2,2,0,0,1,1,0,1,2,22.22,603.31,1
0,0,1,0,40,1,0,1,1,0,0,1,0,2,2,1,3,46.14,1837.01,0
0,1,1,0,31,1,2,0,0,1,0,2,2,1,0,1,1,101.14,3138.42,0
1,0,0,0,3,0,1,2,0,1,1,0,0,2,1,1,1,68.29,206.69,1
1,0,1,1,15,1,2,0,1,1,1,0,0,2,2,1,2,97.52,1464.43,0
1,0,1,0,54,1,0,1,2,0,2,0,0,1,0,0,2,101.98,5503.69,0
1,0,0,0,70,1,0,2,2,2,0,0,0,1,0,0,0,100.59,7046.31,0
1,0,1,0,11,1,0,0,0,2,1,2,0,2,1,1,2,76.81,852.57,0
1,0,0,0,30,1,0,1,2,0,0,2,1,2,1,0,3,35.39,1065.2,1
1,0,1,1,35,1,0,1,0,2,0,2,1,2,0,0,3,81.73,2853.51,0
0,1,1,0,43,1,2,0,0,2,1,0,0,0,0,1,1,48.75,2101.94,0
0,0,0,1,61,1,1,0,2,2,0,2,0,2,0,1,2,95.06,5791.79,0
0,0,0,0,40,1,2,2,2,1,0,0,0,2,1,1,1,38.82,1558.8,0
1,0,0,1,42,1,2,0,2,2,0,0,2,1,0,0,1,83.2,3496.56,0
1,0,0,1,42,1,0,2,2,2,1,0,2,1,2,1,0,26.87,1125.39,0
1,0,0,0,3,1,0,1,2,1,2,0,2,1,0,1,3,98.85,297.88,1
1,1,1,0,21,1,0,1,2,0,2,0,1,0,2,0,2,49.88,1053.95,1
1,0,1,1,53,1,1,2,0,2,1,2,0,2,0,0,0,116.0,6148.23,0
0,0,1,0,44,1,1,1,1,1,0,1,2,0,2,1,0,64.49,2837.09,0
0,0,0,1,46,0,0,1,2,2,0,2,0,1,2,1,0,44.1,2022.85,0
1,0,1,1,37,1,1,0,0,1,0,0,2,2,0,0,2,30.87,1139.51,1
1,1,1,1,38,1,0,1,2,0,0,2,2,1,0,1,1,117.43,4462.74,0
1,0,1,0,38,0,0,1,0,2,0,0,0,2,0,1,2,58.42,2212.25,0
1,1,1,0,11,1,2,0,1,0,0,0,0,2,0,1,2,85.3,942.55,0
0,0,1,0,45,1,2,1,0,0,0,2,1,2,1,0,3,50.51,2280.85,1
1,0,0,0,64,1,0,1,2,0,0,2,2,1,0,0,0,40.95,2626.61,1
1,0,1,1,44,1,0,2,0,1,2,2,0,2,1,1,0,75.67,3329.21,0
1,0,0,0,62,1,0,1,1,2,0,0,0,2,0,1,0,58.02,3587.4,0
1,0,0,0,61,1,0,2,0,0,0,0,1,0,0,1,0,66.6,4061.72,0
0,0,1,1,12,1,0,1,2,1,0,2,0,1,2,1,0,89.14,1062.16,0
1,0,0,0,9,1,0,2,1,0,1,2,2,2,0,1,2,46.64,424.6,1
1,0,1,0,67,0,0,1,0,0,2,0,2,0,1,1,0,33.75,2253.79,0
0,0,0,0,2,1,2,1,1,2,0,1,2,1,0,1,1,72.27,137.0,0
0,0,0,0,8,1,2,1,2,0,2,0,1,1,1,0,2,29.92,239.62,0
0,1,0,0,43,0,2,1,0,0,0,0,0,1,2,0,1,86.18,3700.56,0
1,0,0,0,18,1,0,2,0,2,0,0,2,1,1,1,2,77.67,1392.89,0
1,0,1,0,52,1,2,0,0,2,0,2,0,2,0,0,0,41.8,2182.79,0
0,0,1,1,39,1,0,0,2,0,2,1,2,2,0,1,0,45.32,1763.36,0
0,0,0,0,31,1,2,2,0,2,1,2,0,1,2,0,2,36.96,1154.15,0
0,0,1,1,14,1,2,1,0,0,0,0,2,0,0,1,3,107.86,1504.69,1
0,0,1,1,64,1,2,0,0,0,0,1,1,2,2,0,1,50.25,3223.97,0
0,0,1,0,44,1,2,1,0,2,0,0,1,0,2,1,1,109.78,4824.39,0
0,1,0,0,60,1,0,1,0,0,0,2,1,2,1,1,3,20.51,1224.09,0
1,0,1,0,2,1,0,1,0,0,1,0,2,0,2,0,3,57.71,110.97,1
1,0,0,0,32,1,2,2,2,1,0,1,1,2,1,0,2,109.2,3492.83,0
1,0,1,1,36,1,2,1,0,1,0,1,2,0,0,0,3,90.26,3243.53,0
0,0,1,0,55,1,2,1,2,1,1,0,1,1,0,1,0,24.34,1341.03,0
0,0,0,1,63,1,0,2,1,0,2,0,2,0,1,0,3,67.99,4282.73,0
0,0,1,0,69,1,0,2,0,1,0,0,2,0,1,0,0,31.06,2143.92,0
0,0,0,0,40,1,1,0,0,1,0,0,1,2,0,1,1,32.5,1303.29,0
0,0,1,1,24,1,2,1,1,0,2,1,2,2,0,1,2,62.85,1507.64,0
0,0,1,0,58,1,1,1,2,0,1,2,0,0,1,1,0,106.22,6152.65,0
1,0,1,0,28,1,0,2,0,2,2,0,2,0,1,0,3,54.86,1533.15,1
1,0,0,0,62,1,2,2,0,2,0,1,0,2,2,0,2,87.05,5397.46,0
0,0,0,0,25,1,0,1,1,0,2,1,0,1,2,0,2,41.09,1020.83,1
1,1,0,1,7,1,2,2,1,0,1,2,0,0,2,1,2,58.78,411.32,0
0,1,1,1,38,1,2,1,0,2,2,2,2,0,1,0,1,29.85,1126.76,0
1,0,0,1,71,1,1,2,2,2,2,0,1,2,0,1,0,31.79,2254.14,0
0,0,0,1,45,0,0,2,2,1,2,0,0,1,0,1,1,83.91,3782.73,0
0,0,0,0,32,1,2,2,2,0,0,0,2,1,2,0,0,19.43,612.7,0
1,1,0,0,32,1,0,2,0,0,0,2,2,0,2,0,3,89.98,2870.09,0
1,0,0,0,1,1,0,1,0,0,2,0,1,2,2,1,3,105.11,103.09,0
0,0,1,0,45,1,2,0,0,0,2,1,2,2,2,1,3,43.77,1977.94,1
0,0,0,0,64,1,0,1,0,2,2,2,1,0,2,0,1,106.08,6791.41,0
1,1,1,0,68,0,0,2,1,0,0,2,1,2,2,1,3,91.85,6249.54,0
1,0,0,0,7,1,1,2,2,2,2,1,2,2,2,1,2,101.03,708.34,0
0,1,1,0,38,1,0,0,1,1,0,0,1,2,2,1,0,97.33,3704.04,0
1,0,1,0,70,1,0,0,2,2,2,1,2,2,1,1,3,18.4,1286.15,0
0,0,1,1,53,1,0,1,2,2,1,0,2,1,0,1,2,86.44,4586.3,0
0,0,1,0,30,1,0,1,1,0,2,0,0,0,1,0,1,63.41,1910.98,0
0,0,1,1,22,1,2,0,0,0,0,1,0,2,0,1,3,117.59,2583.88,1
0,0,0,0,58,1,0,2,1,0,1,0,2,0,2,0,2,76.58,4439.85,0
1,0,0,0,55,1,2,0,0,2,1,0,0,2,0,1,0,78.93,4334.65,0
1,1,0,1,46,1,0,1,1,0,0,1,0,1,0,1,1,118.71,5453.01,0
1,0,0,0,26,1,0,0,2,2,0,1,2,0,1,0,3,45.19,1179.93,1
1,0,1,0,64,1,2,2,0,0,2,0,0,0,2,1,2,95.72,6127.84,0
1,0,0,0,9,1,0,1,1,2,2,1,0,2,0,0,2,23.82,218.7,1
1,1,1,0,15,1,0,1,0,1,1,2,2,0,0,0,1,67.67,1008.41,1
1,0,0,1,19,1,0,1,2,1,0,2,0,0,1,1,3,81.53,1554.21,0
0,1,1,0,16,1,0,0,2,1,0,2,2,0,1,1,1,39.03,620.76,0
1,1,1,0,25,1,0,2,1,1,0,0,0,2,2,1,0,65.93,1650.65,0
1,0,1,1,51,1,1,2,0,2,1,0,2,2,2,1,3,64.14,3278.09,0
0,0,1,0,46,1,0,2,0,0,0,0,0,2,0,1,0,46.52,2142.23,1
1,0,1,0,7,1,2,0,1,2,2,1,1,2,0,1,2,79.38,549.09,1
1,0,1,1,34,1,2,0,1,2,0,2,0,2,2,0,2,86.29,2933.86,0
0,1,0,0,58,1,1,1,0,2,2,0,2,2,1,0,2,27.05,1563.96,0
1,0,0,1,23,1,2,0,1,0,0,0,1,1,0,0,1,33.82,778.92,1
1,0,1,0,23,1,0,2,0,0,1,0,2,0,2,0,0,114.44,2623.7,0
1,0,1,0,17,1,0,1,0,1,1,0,2,1,2,0,1,22.21,387.22,0
0,0,0,1,13,1,2,0,2,0,2,0,0,2,1,0,0,29.16,381.49,1
1,1,1,0,27,1,0,0,2,0,2,0,2,1,0,1,3,99.91,2695.2,0
1,0,0,1,66,1,0,2,1,0,0,1,1,1,0,1,1,99.55,6567.2,0
0,0,1,0,30,1,0,2,0,1,0,1,0,0,0,1,0,114.15,3426.12,1
1,0,0,0,4,1,0,0,0,1,2,0,0,0,0,1,1,105.29,424.6,1
0,0,0,0,67,1,1,0,0,0,0,2,2,0,2,1,2,40.0,2674.69,0
0,0,0,1,14,1,2,1,0,2,2,1,1,2,0,1,3,86.64,1213.98,0
1,0,0,0,11,1,0,0,2,2,0,0,1,2,0,0,3,38.14,426.68,1
0,0,1,0,40,1,0,2,0,0,1,1,1,2,0,1,2,101.1,4050.21,0
0,0,1,0,3,1,1,1,0,2,0,2,2,1,0,0,0,70.73,205.88,1
1,0,0,0,1,1,2,2,1,1,2,1,0,0,0,1,1,64.86,62.52,1
0,0,0,1,9,1,0,2,0,0,1,0,2,2,2,1,1,68.58,623.04,0
0,0,1,0,1,1,0,1,0,0,0,0,2,0,2,1,1,20.7,16.88,0
1,0,0,0,16,1,2,1,0,1,0,2,0,2,1,0,2,90.23,1449.06,1
1,0,1,0,72,1,1,2,2,0,2,0,0,2,0,1,3,35.06,2528.51,0
1,0,1,0,46,1,0,1,2,0,2,2,2,0,1,0,3,32.02,1466.57,0
0,0,0,0,10,1,0,0,2,2,2,2,0,1,2,0,3,48.5,488.94,0
1,0,1,1,33,1,0,1,1,0,1,0,1,2,2,1,3,67.46,2232.92,0
0,1,0,1,41,1,0,1,1,0,0,2,2,0,1,0,1,69.43,2854.77,0
0,0,1,1,51,1,0,2,0,1,0,2,0,2,0,0,2,84.29,4293.69,0
0,0,1,1,22,1,0,1,2,0,1,0,0,0,2,1,0,24.85,556.64,0
0,0,0,0,16,1,2,0,2,0,1,1,1,0,1,1,0,52.27,836.13,1
0,0,0,0,62,1,0,0,2,0,0,2,0,2,0,1,0,42.83,2650.49,1
0,0,1,0,53,1,0,2,1,2,0,1,0,0,0,0,1,58.75,3118.19,0
0,0,1,0,14,1,2,2,0,0,0,0,0,2,0,0,1,69.42,976.14,0
1,0,1,0,59,1,0,1,1,2,0,1,0,1,1,1,2,103.62,6115.86,0
1,0,1,0,26,1,0,0,0,2,2,2,0,2,0,1,1,104.72,2715.62,1
0,0,0,0,44,1,0,0,0,2,0,2,2,2,0,0,2,72.0,3158.64,0
0,0,0,0,20,1,2,1,0,0,0,1,0,1,1,1,2,97.24,1949.51,0
1,0,1,0,5,1,2,2,2,1,1,0,1,2,2,1,1,58.83,291.13,0
0,0,1,1,65,1,1,2,0,1,0,0,0,0,0,0,1,117.54,7632.05,0
1,0,0,1,11,1,2,2,1,2,0,0,1,2,2,1,3,30.93,348.85,0
1,1,0,0,47,1,0,1,0,2,1,1,2,2,0,1,2,32.63,1542.14,0
1,0,0,0,10,1,0,2,0,0,2,2,0,1,2,0,1,47.72,480.05,0
0,0,0,0,61,1,0,0,0,2,0,0,2,2,2,1,1,28.72,1746.77,0
0,1,1,0,45,1,2,0,0,0,0,0,2,0,0,1,2,18.81,856.14,1
1,0,0,0,47,1,2,2,0,0,2,0,1,1,0,1,1,51.09,2396.05,1
1,0,0,0,34,1,2,0,2,2,0,0,1,0,1,1,1,22.91,769.15,0
1,0,0,0,13,0,2,1,1,0,2,1,2,0,1,1,3,76.78,1006.13,0
1,1,1,0,23,1,0,1,2,0,0,2,1,1,2,1,3,102.2,2344.52,0
1,1,1,1,36,0,0,0,0,0,2,0,1,2,2,1,3,36.57,1319.12,0
0,0,1,0,63,1,0,0,2,0,2,0,1,0,0,0,0,78.64,4949.09,0
1,0,0,1,47,1,0,0,2,2,2,0,2,2,1,1,0,42.55,1998.79,0
0,0,1,0,66,1,0,1,0,2,0,0,0,2,1,0,1,71.47,4715.08,0
1,0,1,0,14,1,2,0,1,2,0,0,2,1,2,0,3,71.97,1005.08,0
0,0,0,0,53,1,2,1,0,2,2,0,0,2,2,0,2,23.43,1238.15,0
0,0,1,0,66,1,0,1,2,2,2,0,2,0,1,1,1,111.71,7363.16,0
0,0,1,0,49,1,2,0,0,2,1,0,1,2,0,1,3,36.11,1763.68,0
0,0,1,0,16,1,2,0,2,0,1,2,0,1,1,0,0,76.14,1228.12,0
0,0,1,0,68,1,1,1,0,0,0,1,2,2,0,1,2,64.29,4361.87,0
0,0,1,0,43,1,0,0,2,2,0,0,1,1,0,0,2,99.08,4251.88,0
1,0,0,0,65,1,0,1,1,2,0,0,2,0,1,0,3,56.12,3638.45,0
0,1,0,0,9,1,0,2,2,0,2,0,1,2,0,1,3,91.57,824.41,1
1,0,1,1,21,1,0,0,2,0,1,2,2,0,1,0,2,96.07,2008.21,0
0,0,1,1,43,1,2,2,1,0,0,1,0,1,2,1,2,34.85,1499.28,0
0,0,0,0,66,1,0,1,1,2,2,2,0,0,2,0,2,85.88,5664.61,0
1,0,1,0,4,1,2,1,2,0,2,0,1,2,0,1,2,62.14,256.11,1
0,1,1,0,7,1,0,2,2,2,0,1,0,0,0,0,1,114.23,796.79,1
1,0,0,0,58,1,0,1,0,0,2,0,2,2,1,1,2,117.54,6823.72,1
1,0,1,0,4,1,2,0,0,0,0,0,2,1,1,1,3,88.65,358.69,0
1,0,1,0,20,1,0,0,1,0,1,1,1,2,0,1,1,74.91,1507.59,1
1,0,1,0,35,1,2,2,0,2,2,1,0,0,0,1,2,50.17,1754.8,0
0,0,0,0,59,1,1,0,2,1,0,2,1,0,2,1,0,44.65,2643.44,0
0,0,1,0,45,1,2,1,2,1,1,2,0,2,0,0,3,66.41,2991.38,0
1,0,1,0,14,1,0,1,0,2,2,0,0,2,1,1,2,72.05,1006.35,1
0,0,1,1,22,1,0,0,0,2,2,2,1,0,1,0,2,73.07,1607.34,1
0,0,0,1,48,1,2,2,1,0,1,0,0,0,2,0,1,99.51,4781.09,0
1,1,1,0,30,1,2,1,1,0,2,0,0,1,2,0,2,102.98,3097.1,0
0,0,1,0,29,1,1,1,2,0,2,0,1,2,0,1,3,53.79,1558.03,1
1,1,0,0,36,1,2,1,0,1,1,0,2,2,0,1,3,69.64,2515.9,0
1,0,0,0,42,1,2,0,1,2,2,2,1,1,0,0,1,94.37,3963.11,0
0,0,1,0,29,1,0,1,1,0,2,2,2,2,0,1,2,105.87,3075.64,0
0,0,1,0,7,1,0,2,0,2,2,0,0,0,1,0,1,33.32,241.39,0
0,0,0,0,32,1,0,1,0,2,1,0,1,2,0,0,2,93.32,2980.64,1
1,0,0,1,13,1,0,2,0,2,0,0,0,1,0,0,2,110.64,1432.34,1
1,0,1,1,13,1,0,0,0,0,0,0,2,2,0,1,3,43.47,568.75,0
0,0,1,0,54,1,2,2,0,0,0,0,2,1,0,1,2,67.39,3641.7,0
0,0,1,0,14,1,2,1,0,2,2,1,0,1,0,1,2,18.55,266.27,1
0,0,1,0,6,1,0,2,0,0,1,2,0,1,0,0,1,100.9,606.23,1
0,0,0,0,16,1,0,0,2,0,0,0,0,0,1,0,0,102.93,1651.41,0
1,0,1,0,41,1,2,1,0,2,2,0,1,1,2,0,2,110.09,4507.09,0
0,0,0,0,52,1,0,2,0,2,1,1,1,0,0,0,3,91.64,4766.19,1
1,0,0,0,16,1,0,1,0,2,1,0,2,1,2,1,0,52.31,827.16,1
1,0,1,0,5,1,2,0,0,0,0,0,2,2,0,0,2,36.43,185.79,0
0,0,1,1,24,1,2,0,0,0,1,2,2,0,0,0,1,52.22,1262.69,1
0,0,0,0,43,1,2,1,0,0,2,2,2,0,2,0,1,41.12,1761.67,0
0,0,1,0,65,1,2,2,2,2,0,0,0,2,2,1,3,29.13,1886.18,0
1,0,0,0,10,1,2,1,2,1,2,0,2,1,0,0,0,65.08,650.27,1
0,0,0,0,59,1,0,1,2,0,0,0,0,2,1,0,3,38.78,2286.95,0
0,0,1,0,35,1,0,2,2,0,1,0,2,0,1,1,1,24.79,866.51,0
1,0,1,0,31,1,2,1,0,2,0,1,0,2,1,0,3,74.14,2294.15,0
0,0,1,0,11,0,1,1,1,0,0,2,0,2,1,0,2,75.47,822.93,0
1,0,0,0,9,1,0,0,0,0,2,2,1,0,0,0,2,69.3,632.16,1
0,0,0,1,66,1,1,1,1,0,0,1,0,0,0,1,0,35.91,2367.03,0
1,0,0,0,44,1,0,1,0,0,2,0,0,2,0,1,1,60.26,2649.58,0
0,1,0,0,16,1,0,0,2,0,2,1,0,0,0,0,1,88.89,1420.67,1
0,0,1,0,48,1,0,1,2,2,0,1,2,2,0,1,1,90.64,4343.28,1
1,0,0,0,53,1,0,0,0,1,0,2,2,1,0,0,3,78.69,4164.53,0
1,0,0,1,65,1,2,0,0,2,2,0,1,0,0,1,2,101.96,6617.66,0
0,0,0,0,48,0,2,1,2,2,0,2,1,0,0,1,2,80.28,3853.39,1
1,0,1,0,70,1,2,1,0,2,0,0,2,1,0,1,3,24.19,1694.39,0
1,0,0,1,46,1,0,0,1,2,0,1,1,0,0,1,0,95.63,4393.25,1
1,1,0,1,33,0,0,0,2,2,2,0,0,2,2,1,2,56.98,1878.8,0
1,0,0,1,52,1,0,1,1,0,0,2,1,1,0,1,2,40.44,2106.7,0
0,0,0,0,55,1,2,0,2,0,0,2,0,2,2,1,2,21.76,1191.99,0
0,1,0,1,51,1,2,1,0,2,0,2,2,2,0,1,0,50.81,2588.65,0
1,1,0,1,40,1,0,2,0,1,1,0,2,2,0,0,2,79.69,3191.68,1
1,0,0,1,25,1,2,1,0,0,0,0,0,2,2,1,0,103.98,2601.44,0
1,1,0,0,63,1,0,0,0,0,1,0,0,2,0,1,3,49.69,3130.59,0
1,0,1,0,22,1,0,0,2,0,1,0,1,0,0,1,1,69.25,1530.86,0
0,1,1,0,38,1,2,0,0,0,0,0,0,0,0,1,1,34.0,1283.41,0
0,0,1,0,9,1,0,0,2,2,0,2,0,0,1,1,3,63.54,572.38,1
1,0,0,1,37,1,1,0,0,0,2,2,0,2,0,0,1,46.79,1735.22,1
1,0,0,0,5,1,0,0,1,1,1,1,2,1,0,0,3,32.92,160.12,1
1,0,0,0,22,1,2,2,1,2,2,2,1,2,0,1,2,67.51,1480.97,0
0,0,1,1,12,0,0,2,2,1,2,2,2,1,2,1,2,113.85,1366.17,0
1,0,1,0,60,1,0,1,0,0,1,2,0,2,1,0,0,79.65,4775.82,0
0,0,1,1,44,0,2,0,0,2,0,0,2,2,0,1,2,90.4,3976.08,0
1,0,1,1,22,1,0,2,0,1,2,1,2,1,0,1,3,40.43,893.28,0
0,0,0,0,6,1,0,0,0,2,1,0,0,2,1,1,2,61.26,365.02,1
1,0,1,0,27,1,0,0,0,2,0,0,0,1,0,0,2,106.02,2853.09,1
0,0,0,1,55,0,2,0,0,1,0,1,2,0,0,1,0,61.56,3377.66,0
1,0,0,0,15,1,0,1,1,0,2,1,0,1,0,1,2,49.23,738.56,0
1,1,1,0,64,1,2,1,1,0,0,2,2,0,0,0,2,34.15,2194.3,0
1,0,0,0,17,1,2,0,0,0,0,0,1,1,1,0,2,76.73,1300.12,0
0,0,1,0,3,1,2,0,0,2,0,0,0,2,2,1,2,25.37,66.59,0
1,0,1,0,10,0,0,2,1,2,2,1,2,0,1,0,2,37.13,377.58,0
0,0,0,0,63,1,2,1,0,1,0,0,2,1,2,1,2,38.57,2435.35,0
0,0,0,0,63,0,2,0,0,2,0,2,2,1,1,1,1,22.08,1398.46,0
1,0,1,1,62,1,0,1,1,0,1,2,2,2,1,1,1,27.67,1714.86,0
1,0,1,0,9,1,0,0,2,2,0,0,0,2,2,0,3,60.85,539.16,0
1,0,1,0,24,1,2,1,2,1,2,2,2,0,0,1,1,19.02,449.44,1
0,0,1,1,32,1,0,0,1,1,2,2,0,2,0,0,2,64.76,2081.53,0
1,0,0,0,3,1,0,1,1,2,0,0,2,2,0,0,0,115.65,354.07,1
0,1,0,1,33,1,2,1,2,0,0,0,0,0,2,1,1,64.0,2114.13,0
0,0,1,0,43,1,2,2,0,1,2,2,0,0,0,0,0,99.75,4280.29,1
1,0,0,1,12,1,1,0,0,1,0,2,0,0,1,0,0,18.52,213.57,0
1,0,1,0,32,1,0,1,0,0,2,2,1,2,1,0,2,92.95,2968.06,0
1,0,1,1,20,1,2,2,2,2,2,2,0,0,1,0,3,64.44,1291.98,1
1,0,0,1,67,1,2,1,1,0,2,1,2,2,1,1,2,47.65,3202.01,0
1,0,0,0,68,1,2,2,1,0,1,1,1,0,0,1,2,18.63,1268.43,0
1,1,0,0,17,1,2,2,0,1,0,0,2,2,2,1,2,77.26,1320.18,0
0,0,0,0,19,0,2,1,1,0,1,0,1,2,0,1,1,96.28,1834.64,0
0,0,0,1,4,1,2,0,1,2,1,0,2,0,1,1,2,35.33,136.56,1
0,0,1,0,17,1,1,1,0,2,0,1,0,0,1,0,3,97.32,1656.1,0
1,0,0,0,64,1,1,1,1,1,0,2,0,2,0,1,0,105.71,6769.59,0
0,0,0,0,22,1,0,1,1,0,1,2,1,0,0,0,3,94.05,2065.54,1
0,0,1,0,66,1,0,1,2,0,2,2,0,0,2,1,0,99.67,6580.43,0
0,0,0,0,42,1,1,1,2,0,2,2,2,0,0,1,1,85.13,3568.05,1
0,0,0,0,45,1,0,1,0,1,0,2,0,1,1,0,0,97.69,4402.07,0
0,0,1,0,11,1,2,1,0,2,2,1,2,2,0,1,0,105.37,1155.29,1
1,0,0,0,53,1,2,0,2,0,2,2,2,1,0,0,2,71.11,3764.92,0
1,0,1,0,60,1,1,2,2,1,2,0,2,2,2,0,1,101.83,6114.39,0
0,0,0,0,29,0,0,2,1,0,2,0,2,0,0,1,3,97.64,2837.25,1
0,0,1,0,20,0,0,1,0,2,0,0,0,2,2,0,2,37.81,760.8,0
0,0,0,1,5,1,2,0,1,2,0,2,1,0,0,1,1,47.12,232.25,1
1,0,1,0,25,1,0,0,1,2,0,2,0,0,0,1,1,106.42,2668.91,1
1,0,1,0,34,1,2,0,0,1,2,1,0,1,1,1,0,58.08,1976.62,0
0,0,1,0,12,1,1,0,0,2,0,0,1,0,0,1,1,118.47,1418.83,1
1,0,0,0,28,1,0,1,2,1,2,0,1,0,2,1,2,84.57,2364.89,0
1,0,0,0,6,1,0,0,0,2,0,0,2,2,0,0,0,22.93,129.16,1
0,0,0,0,19,1,0,0,2,2,1,2,0,2,1,0,3,57.12,1078.62,1
1,0,0,0,12,1,2,1,2,1,2,0,2,1,1,1,2,97.82,1176.91,0
1,0,1,0,25,1,2,2,2,1,2,2,0,2,1,0,0,55.35,1380.04,0
0,0,1,0,13,0,0,0,0,2,0,1,2,1,0,1,0,56.08,724.2,1
1,1,0,0,3,1,2,1,1,2,2,0,2,2,2,1,2,52.84,148.62,0
1,0,1,0,24,1,0,2,2,0,2,0,2,0,2,0,2,51.35,1239.28,0
0,0,0,0,8,1,1,2,0,2,2,0,1,0,2,0,2,37.74,297.36,0
1,1,0,0,45,1,2,1,0,1,2,0,2,1,2,0,2,37.29,1674.19,0
1,0,1,0,72,0,0,0,0,0,1,0,0,0,0,1,0,98.05,7069.48,0
0,0,1,1,1,1,1,0,1,0,1,1,1,2,1,0,3,80.11,79.68,0
0,0,0,0,3,1,0,0,2,2,0,2,0,0,2,1,3,45.72,137.9,1
0,0,1,0,65,1,0,1,2,2,1,0,0,1,2,1,3,96.91,6290.33,0
1,1,1,1,15,1,1,1,0,0,2,0,2,2,0,0,1,78.11,1171.81,1
0,0,1,0,50,1,2,1,0,2,2,0,0,2,2,1,2,66.19,3308.02,0
1,0,0,1,20,1,0,0,2,0,2,0,1,1,0,1,2,80.39,1615.2,1
0,0,0,0,3,0,0,1,2,1,0,2,2,1,1,1,3,48.82,146.92,1
1,0,1,0,61,1,0,0,1,2,1,2,2,2,1,0,1,92.74,5664.52,0
0,0,1,0,15,1,0,1,2,0,2,0,2,0,2,1,0,41.99,634.95,0
0,0,1,0,59,1,2,1,0,1,2,1,0,2,2,0,1,74.2,4368.05,0
0,0,0,0,54,1,2,1,1,0,1,0,0,0,2,1,0,103.08,5575.78,0
0,0,1,0,60,1,2,0,0,1,0,1,1,2,2,0,2,70.78,4238.26,0
1,0,1,1,37,0,0,0,0,2,0,0,2,2,0,0,2,69.24,2552.58,1
0,0,0,1,21,1,2,0,0,2,0,1,2,0,0,0,3,83.36,1746.76,1
0,0,0,0,23,1,0,1,0,2,2,0,2,1,0,1,2,49.8,1143.88,1
1,0,0,0,18,1,1,0,0,1,0,2,1,2,0,1,3,117.65,2112.17,1
0,0,0,1,17,1,2,1,1,2,0,1,2,2,2,1,2,88.74,1508.52,0
1,1,1,0,31,1,0,0,0,0,2,1,2,2,0,1,0,52.0,1621.36,1
0,0,1,0,64,1,1,0,1,1,1,0,0,1,2,1,2,82.0,5249.11,0
0,0,1,0,48,1,2,1,2,1,2,1,2,1,2,0,1,106.49,5103.76,0
0,0,1,0,26,1,2,1,2,1,0,2,2,1,2,1,0,102.92,2684.16,0
1,1,0,0,22,1,0,0,0,0,2,1,2,2,2,1,3,113.2,2482.6,0
0,0,0,0,45,1,2,1,2,0,2,0,1,2,1,1,2,33.73,1517.0,0
0,0,0,0,36,1,2,1,1,0,2,0,2,2,0,1,0,50.24,1807.87,0
0,0,1,0,64,1,2,0,0,0,2,1,2,1,0,0,1,113.21,7250.0,0
1,1,0,0,35,1,0,0,0,2,0,2,0,2,0,1,1,83.73,2934.14,0
1,0,0,1,27,1,2,1,0,0,2,2,2,0,0,0,2,110.35,2981.78,0
0,0,1,1,68,1,2,2,0,2,1,0,0,2,1,1,1,43.86,2985.21,0
1,1,0,1,17,1,2,0,0,1,2,1,0,0,1,0,2,92.82,1583.15,1
0,0,1,0,70,1,2,1,0,2,0,2,2,2,0,1,2,70.02,4894.84,0
0,0,1,0,11,1,0,2,0,0,2,0,0,2,2,0,3,83.65,929.68,0
0,0,0,0,5,0,0,1,1,0,2,0,1,0,2,0,3,75.16,376.71,0
0,1,0,0,58,1,2,0,1,2,2,0,1,2,0,1,0,91.74,5325.35,0
0,0,1,0,57,1,0,1,0,2,1,0,1,1,0,1,3,38.91,2219.45,0
0,1,1,0,14,1,1,0,1,2,2,1,1,0,0,1,2,116.3,1635.71,0
0,0,0,0,72,1,2,1,1,1,0,0,1,2,0,0,2,69.54,5008.62,1
1,0,0,1,1,1,0,0,0,1,2,1,2,2,2,0,0,100.67,92.58,0
1,1,0,0,16,1,0,0,0,2,0,0,0,2,1,1,2,20.29,332.11,0
1,0,1,0,26,1,1,0,0,0,1,0,0,2,1,0,0,33.48,862.53,0
1,0,1,0,49,1,2,1,2,0,0,0,0,0,0,1,0,51.73,2535.2,0
1,0,1,0,42,1,2,2,2,0,0,2,1,2,1,1,0,89.56,3755.56,1
1,0,1,1,70,1,2,1,1,2,0,2,2,2,0,0,0,49.29,3442.72,0
1,0,1,0,66,1,0,0,0,1,1,0,2,2,1,1,2,96.3,6348.24,0
0,0,1,0,53,1,2,1,2,1,0,0,1,0,0,1,3,31.47,1675.23,1
0,0,0,1,9,1,0,1,0,2,2,0,0,0,0,1,3,62.87,562.75,0
0,0,1,0,69,1,0,1,0,0,2,0,2,2,0,0,1,50.32,3469.14,0
0,0,0,0,40,1,0,1,1,2,0,1,2,1,0,1,2,28.13,1128.91,0
1,1,1,0,56,1,2,2,0,0,0,0,0,0,1,1,1,91.14,5110.47,0
1,0,1,0,5,1,1,0,0,1,2,0,1,0,1,1,1,106.48,538.79,0
0,0,1,0,56,1,2,0,2,0,0,0,1,2,2,1,0,106.18,5949.03,0
0,0,0,1,72,1,0,1,1,0,0,0,0,0,2,1,0,45.0,3244.36,1
1,0,1,0,5,1,1,1,1,1,0,1,2,0,1,0,3,115.45,579.57,1
0,0,0,0,69,1,2,2,1,0,0,1,1,2,0,1,2,98.72,6818.32,0
0,0,0,0,52,1,2,2,0,2,1,0,1,2,0,0,3,42.28,2195.45,0
0,1,0,1,33,1,2,2,1,0,2,2,0,2,1,0,2,106.37,3504.97,0
0,1,1,0,22,1,0,0,2,0,1,0,2,2,0,1,3,37.47,818.27,1
1,0,0,0,15,1,2,1,2,2,2,1,0,0,0,1,0,33.15,499.32,0
0,1,0,0,65,1,2,1,0,2,2,2,2,2,0,1,3,106.69,6929.59,0
0,0,1,1,71,1,0,2,2,1,1,1,0,2,0,0,2,111.16,7884.96,0
1,0,0,1,23,1,0,0,2,2,0,0,2,2,2,1,0,63.73,1475.08,0
1,1,0,1,6,1,2,0,0,0,0,1,0,0,0,1,1,83.9,500.96,0
0,0,0,0,58,1,2,2,0,2,2,0,0,0,0,1,0,50.44,2933.4,0
1,0,0,1,26,1,0,1,1,1,2,0,0,0,0,1,0,95.14,2477.73,0
0,0,0,0,12,0,2,2,2,1,0,0,1,2,0,0,3,102.39,1225.65,1
0,0,0,0,2,0,2,0,1,1,0,1,2,0,0,1,0,38.43,69.7,0
1,0,1,0,32,1,1,2,0,2,0,0,2,2,0,1,2,87.9,2819.63,0
0,0,0,0,50,1,2,1,0,0,2,0,0,0,1,0,0,107.37,5376.33,0
0,1,0,0,61,1,2,1,2,0,0,0,1,2,1,0,3,95.4,5813.05,0
0,0,0,0,11,1,2,1,0,1,0,1,1,2,2,0,0,97.95,1080.02,0
0,0,0,0,68,1,2,1,1,2,1,0,2,0,0,1,3,41.38,2815.1,0
1,0,1,1,34,0,0,1,0,2,0,1,2,0,0,1,2,101.26,3451.41,1
1,0,1,1,8,1,2,0,2,2,0,1,0,0,0,1,2,69.3,557.35,1
0,0,1,0,8,0,2,1,0,0,0,0,0,1,1,0,0,19.45,151.01,1
1,0,1,0,15,1,0,1,0,0,0,2,1,1,0,1,2,85.37,1284.86,0
0,1,1,1,5,0,2,0,2,0,0,1,0,2,0,0,2,96.23,481.71,1
0,1,0,0,19,1,2,0,1,2,0,2,1,0,0,0,0,96.82,1836.53,0
0,0,1,0,9,1,0,1,0,0,1,2,0,0,0,1,2,112.01,1010.24,0
0,1,0,1,57,1,2,0,0,0,0,2,2,2,1,1,2,26.88,1541.41,0
0,0,0,0,54,1,2,0,0,0,2,2,1,2,1,1,3,37.13,2011.37,0
1,0,1,1,29,1,1,2,2,0,0,1,2,1,1,1,1,111.33,3233.42,1
0,0,1,0,19,1,2,0,1,0,0,2,2,1,0,0,2,93.69,1771.64,0
1,0,0,0,46,1,2,1,2,2,0,2,1,2,1,1,1,60.17,2760.24,0
1,0,0,0,62,1,1,1,0,1,2,0,1,2,0,0,0,32.16,1996.17,0
0,0,0,0,60,1,0,1,0,2,0,0,2,2,2,1,2,102.39,6134.03,0
0,0,0,0,5,0,0,1,0,1,0,0,0,0,0,1,1,49.48,250.25,1
0,1,0,0,33,1,0,2,0,0,0,0,0,0,2,0,2,102.06,3364.02,0
0,0,0,0,55,1,2,1,0,0,0,0,0,0,0,0,3,74.25,4076.97,1
0,0,0,0,19,1,0,1,1,2,1,2,0,2,0,1,0,72.21,1362.91,1
1,0,0,0,17,1,2,1,0,1,0,0,1,0,2,0,0,78.81,1334.0,0
0,0,0,0,42,0,2,1,1,2,0,1,1,0,1,1,2,60.43,2541.98,0
0,0,1,0,22,1,0,0,0,0,1,1,1,0,0,1,2,29.3,643.59,0
1,0,0,1,39,1,0,2,2,1,2,2,2,0,0,1,1,77.12,2998.34,1
1,0,1,1,27,1,0,0,0,2,2,0,2,2,1,0,3,60.62,1628.12,0
0,0,0,0,46,0,0,1,1,1,2,0,0,0,1,1,3,64.4,2964.07,0
1,0,1,1,28,1,0,1,0,0,1,1,0,2,0,1,3,78.58,2206.98,1
0,0,1,0,52,1,0,2,0,0,0,2,2,0,0,1,2,32.52,1692.96,1
1,0,1,0,65,1,1,0,1,1,0,2,2,2,0,1,3,42.31,2747.85,0
1,0,1,0,39,1,0,1,2,0,2,1,2,1,2,1,2,47.13,1836.8,0
0,0,1,0,18,1,2,0,0,0,0,1,0,1,2,1,2,56.15,1008.7,0
1,0,0,0,22,0,0,2,0,0,0,0,2,0,2,0,1,28.04,624.82,0
1,0,1,0,68,1,1,1,0,0,1,2,0,0,0,1,1,33.97,2303.01,0
1,0,1,1,11,1,2,0,0,2,2,1,0,0,2,1,2,43.88,480.31,0
1,0,1,0,64,1,1,1,0,2,2,0,0,0,0,1,2,88.07,5632.65,0
1,0,0,1,71,1,1,0,2,2,1,2,0,0,0,1,1,85.65,6082.93,0
1,0,1,0,57,1,2,0,0,2,0,1,0,2,0,0,0,19.17,1096.53,0
0,0,1,0,35,1,2,1,0,0,0,0,0,1,0,0,2,25.35,887.6,1
0,1,0,0,37,1,1,0,1,2,0,2,0,0,0,1,2,68.4,2540.63,0
1,1,0,0,50,1,0,2,2,2,1,1,2,1,0,1,0,60.97,3043.58,1
0,0,1,1,30,1,0,1,1,0,0,0,0,0,0,1,0,47.82,1424.97,0
0,0,1,0,17,1,0,1,0,1,0,0,2,2,0,1,1,68.57,1170.16,1
0,0,1,1,33,1,2,2,0,2,2,1,2,2,2,1,0,38.35,1260.45,0
1,1,0,0,16,0,0,1,0,1,0,0,2,0,0,0,1,31.83,518.69,1
0,1,1,0,15,1,0,1,0,0,1,2,2,1,1,1,3,25.25,384.82,0
1,0,0,0,13,1,2,0,0,2,1,1,0,0,2,0,2,25.46,333.5,1
0,0,1,0,3,1,2,2,1,2,1,2,0,0,1,0,2,38.12,118.45,0
1,0,0,0,24,0,2,2,0,0,0,1,1,2,1,0,2,97.75,2351.99,0
1,0,1,1,23,1,0,0,1,2,0,2,0,2,0,1,2,98.91,2278.62,1
0,0,1,0,59,1,0,0,0,0,0,0,0,2,0,1,0,109.95,6483.33,0
0,0,1,0,55,1,0,2,1,0,0,0,2,0,1,0,3,84.71,4659.18,0
1,1,1,0,65,1,2,1,2,0,1,1,2,1,1,0,1,56.02,3637.58,0
0,0,1,0,32,1,2,1,0,2,1,1,0,2,0,1,2,31.17,1001.49,1
0,0,0,0,60,1,0,1,1,0,2,2,2,2,0,0,3,40.27,2406.37,0
0,1,0,0,30,1,0,1,1,2,1,2,0,0,0,1,0,62.43,1870.61,0
1,1,1,1,66,1,0,2,1,0,1,0,0,2,2,0,1,43.3,2850.97,0
1,0,0,0,18,0,0,2,0,2,0,2,2,0,0,1,0,49.91,907.37,1
0,0,0,0,59,0,2,2,0,0,1,0,0,1,0,0,2,113.13,6679.06,0
0,0,0,0,53,1,0,2,0,1,0,1,2,0,2,1,3,57.04,3023.19,0
0,0,1,0,64,1,0,0,0,0,0,0,0,2,0,1,1,33.63,2147.16,0
1,1,0,0,30,1,2,0,0,2,0,0,2,2,0,1,1,53.03,1581.28,0
1,1,1,1,18,1,1,2,0,1,0,0,2,0,1,1,2,22.09,402.73,1
0,0,0,0,5,1,0,0,0,0,2,0,1,1,0,1,2,80.23,401.08,0
0,0,1,1,69,1,0,2,0,0,1,0,0,1,0,0,0,90.67,6248.02,0
0,0,1,0,8,1,2,2,2,2,1,1,2,2,2,1,0,58.8,471.9,1
0,1,1,0,9,1,0,1,0,2,1,0,0,2,0,0,2,73.65,653.65,0
0,0,1,0,32,1,0,1,0,0,2,0,2,0,1,1,3,106.07,3392.9,0
0,0,0,0,14,0,0,0,2,2,2,1,2,2,0,1,0,38.92,543.68,0
1,0,1,1,13,1,0,0,0,1,0,1,1,2,0,0,2,34.8,459.67,1
0,0,0,0,18,1,0,1,0,0,1,1,0,2,0,1,3,44.25,806.25,1
1,0,1,1,68,1,2,0,0,2,0,2,2,0,0,0,2,40.29,2732.6,0
0,0,1,1,22,1,0,2,2,2,0,0,1,2,1,0,0,106.22,2340.88,1
0,1,0,0,20,1,0,0,0,1,0,0,2,0,0,1,2,22.85,464.43,1
1,1,0,1,15,1,2,2,2,1,2,0,2,0,0,0,2,26.73,399.55,0
1,0,1,0,7,1,0,0,2,0,0,0,2,2,1,0,1,112.78,785.99,0
1,0,1,0,30,1,0,1,0,2,2,0,2,1,0,1,3,57.68,1720.8,0
1,0,0,0,5,1,2,1,1,0,2,1,2,2,0,1,0,68.05,341.52,1
0,0,1,0,1,0,0,0,2,1,0,1,0,0,2,1,0,76.55,70.16,1
1,0,0,0,60,1,2,1,2,2,0,0,0,2,0,0,2,96.88,5804.29,0
0,1,0,0,31,1,1,2,2,0,2,1,0,1,1,1,2,89.81,2774.19,0
1,0,1,0,20,1,2,0,0,0,0,0,0,0,0,1,0,55.68,1122.82,1
0,0,1,1,64,1,2,0,0,1,2,2,0,0,2,0,2,98.82,6331.64,0
0,1,1,0,64,1,0,1,0,0,0,2,0,2,1,1,3,93.28,5979.17,0
0,1,1,0,29,1,0,2,1,2,2,2,1,2,0,1,1,106.58,3099.65,1
0,0,0,0,10,0,0,0,2,2,2,0,2,0,0,1,2,43.56,438.11,1
0,0,0,1,29,1,2,0,0,2,2,0,1,0,1,1,3,27.79,808.03,0
0,0,0,1,31,1,1,0,1,1,0,0,2,2,2,1,2,28.88,902.22,0
1,0,0,0,30,1,2,0,2,1,2,1,2,1,0,0,0,73.0,2198.93,1
0,0,1,0,25,1,2,0,0,0,0,2,2,0,0,1,2,44.58,1116.29,0
1,0,0,0,58,1,0,1,0,0,0,1,0,0,0,0,3,22.75,1311.9,1
1,1,1,0,57,1,0,1,1,0,1,2,1,2,1,1,3,102.35,5826.58,0
0,0,0,0,63,1,0,1,1,2,1,1,2,2,0,0,3,104.92,6613.16,0
1,0,1,0,37,1,2,0,0,0,1,1,0,0,0,1,2,55.12,2031.06,0
0,0,0,1,58,1,1,1,2,1,0,0,2,1,0,0,0,31.45,1826.33,0
1,0,0,0,28,1,0,0,0,2,2,0,0,2,0,0,3,43.24,1220.0,1
0,1,1,1,27,1,0,0,1,2,0,2,0,2,0,0,3,86.35,2321.52,0
1,0,1,0,70,1,0,1,0,2,0,0,0,0,2,0,3,87.37,6109.61,0
0,0,0,0,37,0,0,0,1,2,0,2,1,2,0,0,1,88.78,3293.75,1
0,0,1,0,6,1,2,2,1,0,0,0,2,2,0,0,3,104.19,624.92,1
0,0,0,0,62,0,2,0,2,2,0,0,1,2,0,1,1,107.08,6634.7,0
0,0,0,1,33,1,2,1,1,0,1,0,0,2,2,1,3,117.69,3878.75,0
1,0,0,0,40,1,2,1,2,0,1,0,1,0,0,1,1,53.75,2157.28,0
0,0,1,0,41,1,2,1,0,1,1,0,2,1,0,1,0,109.97,4507.36,0
1,0,0,0,42,1,0,1,0,1,2,1,1,1,2,0,1,82.77,3479.05,0
1,0,1,0,9,1,2,0,0,0,1,0,2,0,0,1,0,30.55,271.15,1
1,1,1,0,18,1,0,0,0,2,0,0,0,2,1,0,2,77.87,1402.56,1
0,1,0,1,15,1,0,0,0,2,0,1,1,0,0,1,2,56.34,851.02,0
1,0,0,0,4,1,0,1,0,0,2,0,1,0,0,1,0,25.67,99.45,1
1,0,1,1,34,1,0,1,0,2,0,0,0,2,0,0,0,43.08,1462.68,0
1,0,1,0,62,1,0,1,1,1,0,0,2,0,0,1,3,89.9,5572.67,0
0,0,0,0,38,1,1,0,0,0,2,0,0,1,1,1,3,53.22,2024.34,0
0,0,0,0,71,0,2,2,0,1,2,0,0,2,0,1,0,83.12,5897.6,0
1,1,0,0,23,1,0,0,0,0,0,0,0,2,0,1,3,109.58,2519.25,0
0,1,1,1,20,1,0,0,2,1,0,0,1,0,0,1,2,77.58,1552.56,1
0,0,0,0,56,1,2,2,2,1,2,0,2,0,0,1,1,114.04,6383.33,0
1,0,0,1,53,1,0,0,0,2,0,2,0,0,0,0,0,52.75,2785.89,0
1,1,0,1,2,1,1,2,0,0,2,2,0,0,1,1,0,106.32,208.04,1
0,0,0,0,21,1,2,0,0,2,0,1,2,0,2,1,3,115.07,2422.79,1
1,0,1,1,42,1,0,0,1,1,2,2,2,0,0,0,1,70.31,2948.69,1
0,0,0,1,57,1,0,0,0,0,1,2,0,2,0,1,2,54.8,3130.05,0
0,0,1,0,49,1,0,1,0,2,2,0,2,2,0,1,0,53.52,2620.66,1
0,0,1,0,10,1,0,1,1,1,0,2,0,0,0,0,1,60.88,616.13,1
0,0,0,1,72,1,0,0,0,2,2,2,1,1,0,0,0,84.66,6093.03,0
0,0,0,0,61,1,0,0,0,0,2,2,2,0,0,1,0,62.33,3797.98,0
0,0,0,0,21,1,1,0,1,0,2,0,1,2,0,1,1,94.93,1988.28,1
1,0,0,0,60,1,0,0,0,1,1,1,0,0,0,1,2,87.64,5254.45,0
1,0,1,0,13,1,2,2,1,1,2,2,0,1,0,0,2,50.93,656.06,1
0,0,0,0,48,1,0,1,1,0,0,0,0,0,0,0,1,99.23,4768.05,0
0,0,1,0,40,1,2,1,0,2,0,2,1,2,2,1,0,94.42,3786.44,0
0,1,0,0,63,1,0,0,2,2,0,0,1,0,1,1,1,80.36,5060.62,0
1,0,1,1,9,1,2,0,1,0,0,0,0,2,0,0,3,37.03,329.93,0
0,0,0,0,57,1,0,1,1,2,2,2,0,1,0,0,3,69.12,3942.59,0
1,1,1,0,51,1,0,2,2,0,0,1,0,2,1,0,0,63.75,3249.86,0
0,0,0,0,40,1,0,2,0,0,1,1,0,2,0,1,2,20.25,800.96,0
0,0,0,1,64,1,2,1,0,0,1,0,2,2,0,0,2,117.9,7542.49,0
1,0,1,0,70,1,1,0,1,2,0,2,2,2,0,0,1,89.42,6265.4,0
1,0,0,0,64,0,0,0,2,0,0,0,2,1,0,1,1,55.42,3538.25,0
0,0,0,0,25,1,1,1,0,2,2,1,0,0,2,1,0,76.24,1901.17,0
0,1,0,0,28,0,0,0,0,0,0,0,2,0,0,0,3,107.76,3026.78,0
0,0,0,0,10,1,2,2,0,0,2,2,0,2,1,0,0,22.06,216.26,1
1,0,1,1,28,1,2,1,1,0,2,0,2,0,0,1,2,44.26,1246.31,0
1,1,1,0,36,1,0,2,1,2,0,0,0,1,0,1,3,113.51,4094.34,0
1,0,1,0,11,1,0,1,2,0,2,2,0,2,1,1,3,19.83,221.77,0
1,0,1,1,21,1,0,1,0,0,2,1,0,2,1,1,3,76.65,1609.14,0
1,0,1,0,26,1,2,0,2,2,2,0,0,0,1,1,3,72.17,1885.53,0
1,0,0,0,18,1,0,1,0,0,1,2,1,1,0,1,3,116.74,2110.59,1
0,0,1,0,68,0,0,0,0,0,1,2,1,0,1,0,0,61.46,4182.0,0
0,0,1,0,41,1,0,1,0,2,0,1,1,1,1,1,3,116.32,4774.03,0
1,0,1,1,15,0,1,1,2,2,2,0,2,1,0,0,0,19.42,298.91,1
0,0,0,1,23,1,2,1,2,2,0,0,2,2,0,0,3,52.37,1196.65,1
0,0,0,1,41,1,0,1,2,2,0,0,2,0,0,1,3,45.29,1858.19,0
1,0,1,0,6,1,2,1,0,2,2,0,0,1,0,1,1,32.95,204.97,0
0,0,0,0,71,1,0,0,0,2,1,0,0,0,1,1,2,118.33,8409.69,0
1,0,1,0,60,1,2,2,0,2,0,2,0,0,2,1,2,115.95,6966.99,0
1,0,0,0,52,1,1,0,2,1,1,2,2,1,0,0,3,32.73,1706.62,0
0,1,0,1,9,0,2,2,1,2,0,2,2,0,0,1,1,70.83,631.65,1
1,0,1,1,30,1,0,1,1,0,0,1,0,0,0,1,2,27.84,837.89,1
1,0,0,0,44,1,2,2,2,2,0,1,2,2,1,1,0,30.7,1360.59,0
1,0,0,1,62,1,2,1,0,1,2,0,2,0,2,1,2,89.52,5551.99,0
1,0,1,1,43,1,0,1,2,0,1,0,0,2,0,0,2,105.39,4529.48,0
1,0,0,0,28,1,0,1,2,0,0,2,1,2,2,1,1,79.02,2207.99,0
1,0,1,0,8,1,2,1,0,0,0,0,0,0,0,0,1,29.56,233.46,1
1,1,1,0,51,1,0,0,0,2,0,0,2,0,0,0,2,101.24,5167.96,1
1,0,1,0,30,0,2,1,0,1,0,0,2,0,2,0,1,105.0,3144.21,0
0,0,1,0,11,0,0,0,1,2,0,2,0,0,1,0,3,74.54,822.76,1
0,0,1,0,20,1,0,1,0,0,0,0,1,1,2,0,2,60.15,1205.54,0
0,0,0,1,31,1,0,0,0,2,1,1,1,0,1,1,2,59.23,1831.41,0
1,0,1,0,34,1,1,0,0,1,1,2,2,0,0,0,0,84.68,2879.21,0
1,0,1,1,12,1,0,2,2,2,0,0,2,2,0,1,2,110.22,1329.97,0
0,1,0,1,48,1,1,2,0,0,2,1,0,0,1,1,0,109.48,5260.95,0
0,0,0,1,28,1,2,1,2,2,0,2,0,2,0,1,2,97.15,2721.92,1
0,0,0,0,67,1,2,2,2,0,2,0,2,0,1,0,2,53.82,3609.28,0
1,0,0,0,63,1,1,0,2,2,0,2,0,0,1,1,0,58.75,3691.95,0
0,0,0,0,48,1,0,0,2,1,0,0,2,2,0,0,1,91.31,4374.67,0
0,0,0,0,42,1,2,0,0,2,2,0,2,0,2,1,0,87.86,3687.62,0
1,0,0,0,52,1,0,0,1,0,1,1,1,2,0,1,2,110.53,5745.23,0
0,0,0,0,5,1,2,0,1,0,0,0,0,0,1,0,1,97.87,485.31,0
1,0,1,0,12,1,0,1,0,1,2,0,0,1,0,0,2,116.6,1402.21,1
1,0,1,0,59,1,2,0,2,1,2,1,1,1,2,0,0,40.51,2392.23,1
1,0,0,0,65,1,2,0,2,1,1,1,2,2,0,1,0,110.97,7216.74,0
0,1,1,0,52,1,2,1,2,2,0,2,0,2,0,1,3,116.14,6033.9,0
0,0,1,0,43,1,0,0,2,2,1,0,2,1,1,1,0,109.23,4686.94,0
1,0,0,1,63,1,0,1,0,0,0,2,2,0,0,1,2,32.44,2053.06,0
0,1,0,0,50,1,1,0,1,0,2,2,0,0,0,1,1,112.86,5648.45,1
0,0,1,0,39,1,2,2,0,0,0,0,2,1,2,1,2,94.41,3681.13,0
0,0,0,0,42,1,0,0,1,0,2,2,0,2,2,0,1,54.61,2284.5,0
0,0,0,0,17,1,2,2,0,2,1,2,2,2,0,1,2,64.01,1082.15,0
1,1,0,0,43,1,0,1,0,2,0,0,0,0,1,1,3,24.78,1056.6,0
0,0,0,0,49,1,0,0,1,0,1,0,2,2,0,0,0,59.7,2924.84,0
1,0,0,0,5,1,0,0,0,1,0,1,2,0,0,1,1,43.11,209.89,1
1,0,0,0,1,1,2,1,0,0,2,0,1,0,0,1,0,90.55,91.32,0
0,0,1,0,67,1,2,2,0,2,0,1,0,2,0,1,2,75.02,5017.58,0
1,0,0,0,24,1,2,0,2,1,0,0,0,2,1,0,3,112.12,2695.1,0
0,0,0,1,29,1,2,0,1,0,1,0,2,0,1,1,0,80.46,2325.35,0
0,0,0,0,15,1,2,1,2,0,0,0,2,1,0,1,1,96.43,1442.64,1
1,0,0,1,4,0,2,1,0,2,0,0,0,0,0,1,3,99.92,402.58,0
1,0,1,0,44,1,0,2,0,0,2,0,0,2,0,0,2,25.02,1093.03,0
1,0,0,1,65,1,0,1,0,2,2,0,1,0,1,1,2,100.74,6557.67,0
1,0,1,0,31,1,0,0,2,1,0,0,0,2,0,1,1,34.72,1070.14,0
0,0,1,1,20,1,2,2,2,0,0,0,2,1,0,0,2,40.38,798.32,1
0,0,1,1,10,0,0,1,0,0,0,0,2,0,0,0,0,68.68,690.17,0
0,0,1,0,11,1,0,1,0,0,0,1,2,2,0,0,1,65.09,713.62,1
1,0,0,0,28,1,2,1,2,2,2,2,2,2,1,0,1,114.11,3204.43,0
1,1,1,1,38,1,0,0,1,0,0,0,0,1,0,0,2,63.1,2389.55,0
1,0,1,0,24,1,2,0,1,0,2,1,2,2,0,1,1,60.52,1449.58,0
0,1,0,0,39,1,2,0,0,0,0,2,0,1,1,0,1,100.72,3929.95,0
1,0,1,1,51,1,2,2,0,2,2,2,2,1,0,0,1,47.77,2437.16,0
0,0,1,0,50,1,2,2,2,1,0,0,1,2,0,0,0,98.56,4927.76,1
1,0,1,0,7,1,2,0,1,0,2,2,0,0,1,1,3,42.92,298.12,1
0,0,1,0,68,1,2,1,1,2,1,0,1,0,0,1,0,58.97,4016.65,0
0,0,1,0,53,1,0,1,0,0,0,0,1,0,2,0,0,110.03,5824.35,0
1,1,1,0,37,1,2,0,0,1,0,1,0,2,0,0,3,65.77,2433.52,1
1,0,0,1,54,1,2,1,0,0,1,2,2,0,2,0,3,111.81,6039.19,0
0,0,1,0,55,1,0,1,0,0,2,0,2,2,2,1,0,56.24,3100.9,1
0,0,1,1,31,1,0,0,0,0,0,1,2,2,2,0,3,27.05,834.2,0
1,1,0,0,65,1,0,2,0,2,1,0,0,0,0,0,0,94.93,6165.93,1
1,0,1,1,59,1,0,1,0,0,0,2,0,2,0,1,1,43.19,2554.41,0
0,0,0,0,47,1,1,0,0,0,0,2,0,2,2,0,2,93.48,4389.1,0
1,1,0,0,49,1,2,2,0,2,0,1,2,1,2,0,1,76.16,3722.92,0
0,0,1,0,18,1,0,0,0,2,0,2,0,2,1,0,2,116.2,2092.05,0
0,0,0,0,3,1,0,2,1,2,0,0,2,1,1,0,0,61.05,188.33,1
1,0,1,0,18,1,0,0,0,0,2,2,1,2,2,0,1,108.18,1940.31,0
1,0,1,0,58,1,0,1,0,2,0,0,2,2,0,1,2,90.99,5282.66,1
1,0,0,0,71,0,0,2,2,1,0,2,0,2,2,1,1,32.84,2328.73,0
1,0,0,1,25,1,0,0,0,0,1,0,0,0,0,1,1,89.83,2254.72,1
1,0,0,1,18,1,2,1,0,0,0,0,0,0,0,1,1,82.33,1473.68,0
0,0,0,0,52,1,2,1,0,0,1,2,2,1,1,1,3,116.53,6055.87,0
0,0,1,0,43,1,2,1,0,2,0,2,1,1,1,0,2,64.19,2754.37,0
1,0,0,1,67,1,0,0,0,2,0,0,0,2,1,0,2,74.07,4970.63,0
1,0,0,1,7,1,2,2,0,0,2,2,0,2,0,0,2,89.56,622.5,0
1,0,0,1,44,1,2,1,0,0,2,2,2,2,0,1,0,79.36,3487.15,0
0,0,0,0,44,1,2,0,2,0,1,2,1,0,2,0,0,80.1,3528.49,0
1,0,0,0,51,1,1,1,0,2,0,2,2,2,0,1,2,63.65,3255.13,0
1,0,1,0,21,1,1,1,0,2,1,0,2,2,1,0,3,95.74,2012.34,0
0,0,0,1,37,1,0,2,0,1,0,1,0,0,2,1,3,19.21,719.61,0
0,0,1,1,28,1,2,0,0,2,0,2,1,2,2,0,1,34.07,957.12,0
1,1,1,0,32,1,2,0,2,2,0,2,2,2,0,1,2,103.86,3317.46,1
1,0,0,0,57,1,0,0,2,2,0,0,2,2,0,0,1,111.81,6378.06,0
1,0,1,0,41,1,0,2,2,0,2,2,0,2,0,0,0,92.49,3788.02,1
0,0,0,1,54,1,2,1,0,1,2,1,0,2,0,1,0,34.05,1834.88,0
1,0,1,0,27,1,2,0,2,2,1,2,1,0,2,1,2,76.51,2071.95,0
1,0,0,0,40,1,2,1,0,0,0,2,0,0,0,0,2,46.37,1849.98,0
1,0,1,0,41,1,2,0,1,0,0,0,0,2,0,0,1,74.71,3059.78,1
0,1,1,0,70,1,0,0,2,1,2,0,0,1,1,0,3,38.84,2728.54,0
0,0,1,1,24,1,0,1,1,0,1,0,0,2,0,1,0,32.04,762.36,1
1,0,0,0,18,1,2,0,0,1,1,1,1,1,2,1,1,37.61,679.62,0
1,0,1,0,56,1,2,1,1,0,0,0,0,0,0,1,2,107.99,6045.33,0
0,0,0,0,15,1,2,1,2,0,0,0,2,0,0,0,2,24.08,357.59,1
0,1,1,0,72,1,1,1,1,0,0,0,2,2,0,0,3,21.76,1559.38,0
0,0,1,1,35,1,1,0,1,1,0,0,1,0,0,1,3,37.41,1310.0,0
0,0,1,0,27,1,0,1,1,0,1,0,0,0,2,0,1,75.24,2032.88,0
0,0,1,0,3,1,2,0,1,0,1,0,2,2,1,1,2,27.21,85.39,1
0,0,0,0,21,1,0,1,2,2,0,0,2,0,0,1,1,70.45,1485.21,1
0,0,0,1,39,1,2,0,2,0,2,0,2,2,2,1,3,90.61,3532.04,0
0,0,1,1,32,1,2,1,1,0,2,1,0,0,0,0,2,72.52,2321.41,0
0,0,0,1,50,1,0,1,2,0,0,0,0,2,1,0,0,95.32,4757.3,0
1,0,0,1,9,1,0,1,0,0,0,0,2,1,1,1,0,70.49,632.75,0
1,0,1,0,50,1,2,1,2,2,2,2,1,1,2,1,2,27.38,1361.64,0
1,0,1,1,1,1,0,1,0,0,2,1,0,0,2,1,3,85.52,75.53,1
0,0,0,0,4,1,2,0,0,2,0,2,0,0,1,1,2,51.16,195.83,0
1,0,1,1,4,1,0,1,1,2,2,0,0,1,0,1,2,70.51,272.53,1
0,0,1,0,34,1,0,2,1,1,2,1,0,0,2,0,0,118.23,4017.67,0
0,0,1,0,27,1,1,0,0,2,0,1,0,0,2,1,3,45.86,1235.91,0
1,0,0,0,15,1,0,0,0,0,1,0,0,0,1,1,2,100.77,1505.53,0
0,0,1,0,32,1,0,0,0,1,0,0,2,1,2,1,1,74.96,2398.02,0
1,1,1,0,41,1,2,1,2,2,0,2,0,2,0,0,0,110.28,4513.07,1
1,0,1,0,71,1,2,0,1,2,1,1,0,1,0,0,2,109.77,7789.51,1
1,0,1,0,61,1,2,2,0,0,2,2,1,0,0,0,0,90.04,5483.35,0
0,0,1,0,63,1,2,1,0,2,0,0,2,0,0,1,1,48.85,3067.68,0
1,0,0,0,61,1,0,0,2,1,1,1,0,1,0,1,3,113.84,6945.98,0
0,0,1,1,14,1,0,2,0,2,2,1,2,0,2,1,0,102.21,1435.29,0
1,1,0,0,23,1,2,0,0,1,1,0,1,0,2,0,2,115.4,2649.37,0
1,0,1,1,65,1,0,0,2,2,0,2,0,0,0,0,2,115.74,7526.95,0
1,1,0,0,32,1,2,0,1,1,2,2,0,1,2,1,1,62.49,2002.24,0
0,0,0,0,41,1,0,0,2,1,1,0,2,0,2,1,2,28.08,1156.79,0
0,0,1,0,26,1,2,1,0,0,0,0,2,2,0,1,3,69.08,1790.19,0
0,0,0,0,48,1,2,0,1,0,0,2,0,0,2,0,2,30.46,1461.7,0
1,0,0,0,16,1,2,1,1,2,0,2,0,1,0,1,0,67.54,1074.86,0
1,0,0,0,31,1,0,1,1,2,0,0,1,0,0,1,2,73.42,2283.43,0
0,1,1,0,66,0,0,0,1,0,2,0,0,2,1,1,2,76.23,5034.09,0
0,1,0,0,32,1,2,1,2,0,0,1,2,0,0,0,0,19.16,604.83,1
0,1,0,0,10,0,2,1,1,1,0,2,0,2,0,0,1,104.31,1040.42,1
0,0,0,0,25,1,1,2,2,0,0,0,1,0,0,0,1,64.31,1598.52,1
0,0,0,1,45,1,0,0,2,0,0,1,1,2,2,1,2,89.37,4031.35,0
0,0,1,0,24,1,2,0,2,0,1,0,0,2,0,0,2,29.29,709.43,1
1,0,0,0,3,1,2,2,1,1,2,2,2,0,0,1,0,93.13,276.45,1
0,0,0,0,62,1,0,0,0,0,1,0,0,2,2,1,2,62.61,3879.51,0
1,0,0,0,67,1,2,0,0,1,2,1,0,2,2,0,2,92.69,6207.62,0
1,0,1,0,55,1,0,1,2,2,1,2,0,1,0,1,2,111.28,6123.55,0
0,0,0,0,10,1,2,0,2,2,1,1,2,1,1,1,1,91.71,914.06,1
0,0,1,0,55,0,0,1,0,1,0,2,2,1,0,1,1,80.04,4396.45,0
1,0,0,1,22,1,2,2,2,1,0,2,0,1,1,1,3,89.26,1959.08,0
0,0,1,1,14,1,2,1,0,2,0,1,1,1,2,0,1,92.64,1302.87,0
0,0,1,1,8,1,0,1,0,1,1,1,2,1,0,0,0,68.7,541.66,1
1,0,0,1,15,1,0,0,0,1,2,2,2,0,0,1,3,102.25,1532.35,1
1,0,1,1,15,1,0,2,1,2,0,2,0,2,2,1,2,73.98,1107.62,0
1,0,0,1,52,1,2,1,2,1,0,1,0,0,1,1,0,81.84,4256.82,1
0,0,0,1,70,1,2,0,2,1,1,2,0,0,0,1,0,60.81,4247.91,0
1,0,1,0,54,1,2,0,0,2,2,2,2,0,0,1,2,114.02,6147.75,0
0,0,1,1,42,1,2,2,1,0,0,2,0,0,0,1,3,70.01,2944.31,0
1,0,0,0,19,1,2,1,0,1,0,0,1,2,1,0,1,39.68,754.38,0
1,0,1,0,40,1,2,1,1,0,1,1,2,1,0,1,0,50.26,2002.83,1
1,0,0,0,69,1,2,1,0,1,2,2,2,0,0,0,1,33.1,2281.6,0
0,0,0,0,27,1,0,0,2,2,1,2,1,2,0,1,3,30.83,832.89,0
0,0,1,0,43,1,2,1,0,0,2,0,0,0,2,0,1,111.84,4806.18,0
1,0,1,0,52,1,0,2,2,2,2,0,0,1,0,1,2,85.08,4416.44,1
1,0,1,1,46,1,2,1,0,2,0,0,0,0,0,1,0,18.31,835.27,0
1,0,0,0,14,1,0,1,2,0,2,0,2,0,0,1,2,99.9,1393.51,0
0,0,1,0,64,1,0,0,2,0,0,2,2,0,0,1,2,71.59,4571.78,0
1,0,1,0,61,1,0,0,1,0,1,2,2,2,1,1,0,29.25,1788.82,0
0,0,0,0,58,1,2,0,2,1,0,2,2,0,0,1,3,63.81,3704.71,0
1,0,0,0,49,1,0,0,2,0,1,2,2,2,0,0,0,55.01,2703.11,0
1,1,1,1,29,1,2,1,1,2,0,1,1,2,2,0,1,50.44,1455.05,0
1,0,1,1,26,1,0,1,0,1,1,2,2,0,1,1,3,64.8,1687.11,0
1,0,0,0,27,1,0,0,0,2,2,1,2,2,1,1,3,82.63,2235.45,0
1,0,0,0,67,1,1,2,1,0,1,0,2,2,2,1,0,72.19,4838.87,0
1,0,0,1,67,1,0,1,0,2,2,1,2,0,0,0,1,46.58,3117.98,0
0,0,0,0,35,1,0,2,2,1,0,2,2,0,2,0,2,90.97,3180.47,0
1,0,0,1,60,1,0,0,0,2,0,2,2,0,0,1,2,117.62,7049.97,0
0,0,0,0,61,1,0,0,0,0,1,2,0,0,0,1,1,115.33,7044.56,0
1,1,0,0,70,1,1,1,1,0,0,0,0,1,2,0,1,118.41,8280.92,1
1,0,0,0,3,1,0,0,2,2,0,0,2,2,0,0,3,67.22,205.31,1
0,0,0,1,33,1,2,0,2,0,1,1,0,2,0,0,2,22.61,753.84,0
1,1,1,0,42,1,0,0,0,2,1,0,2,0,0,1,1,91.46,3849.32,0
0,0,1,0,13,1,0,0,0,1,2,0,0,0,2,0,0,84.94,1112.71,0
0,0,0,1,29,1,0,1,2,1,1,0,2,2,1,1,3,115.43,3350.67,1
1,0,1,1,9,1,0,1,1,1,0,2,0,0,1,1,1,55.53,492.38,0
0,0,0,0,32,1,0,0,1,0,1,2,0,0,0,1,2,118.16,3781.52,0
0,0,1,0,22,1,2,0,0,2,2,0,2,0,0,0,3,24.85,545.47,1
1,1,0,1,58,1,2,2,1,2,2,2,2,0,0,1,0,54.33,3154.57,1
0,0,1,0,57,1,1,0,0,0,0,1,2,2,0,1,2,92.63,5279.08,0
1,0,0,0,10,1,0,1,1,0,2,1,0,2,0,1,1,80.08,807.24,1
1,1,0,1,25,1,0,2,0,1,0,0,1,0,2,1,0,38.93,971.49,1
1,0,1,0,62,1,0,0,2,0,0,0,1,1,1,0,2,54.15,3362.38,0
1,0,0,1,63,1,1,0,0,1,0,0,0,0,0,0,2,34.56,2186.31,0
0,0,1,1,3,1,0,2,0,0,0,0,1,0,2,1,2,118.2,359.14,0
1,1,1,1,47,1,2,0,1,0,0,0,1,1,2,0,1,69.95,3292.91,0
1,0,1,0,55,1,1,0,1,2,0,2,0,0,1,0,2,105.41,5801.77,0
0,0,1,0,26,1,0,1,0,2,2,0,2,2,1,1,2,57.84,1510.65,0
1,0,0,1,13,1,2,0,0,0,1,1,1,2,0,0,0,42.78,551.97,1
1,0,1,0,7,1,0,2,2,0,1,0,0,2,0,1,0,67.29,480.87,1
0,1,0,0,34,1,1,0,0,0,2,2,0,2,0,0,3,95.58,3255.64,0
0,0,1,1,22,1,2,1,0,2,1,2,0,2,0,0,0,109.71,2418.78,1
0,0,0,0,23,1,1,1,2,0,2,0,1,2,0,0,1,37.64,857.51,0
0,1,1,0,48,1,2,1,1,2,2,1,0,0,0,0,3,31.11,1489.94,0
0,0,0,0,14,1,1,1,0,0,0,1,2,2,2,1,2,34.44,477.23,0
0,0,0,0,52,1,0,2,1,2,0,1,2,0,2,1,0,48.75,2527.24,0
0,0,0,0,39,0,2,2,0,0,2,1,2,2,1,1,1,78.42,3066.66,0
1,0,1,0,41,1,0,0,1,0,1,2,0,2,0,1,2,92.38,3789.78,1
0,0,0,1,36,1,0,1,2,0,1,2,2,2,2,1,0,54.9,1984.34,0
0,1,1,0,6,1,0,0,0,0,1,0,0,0,2,1,3,110.61,664.31,0
0,0,1,0,23,1,2,1,2,0,2,0,0,2,0,0,0,64.52,1492.17,1
1,0,1,1,10,1,2,0,2,0,1,0,0,0,0,1,2,67.33,681.82,1
1,0,1,0,60,1,0,1,0,1,0,2,2,0,0,1,0,107.33,6442.85,0
0,0,1,0,30,1,2,0,0,0,0,0,0,1,2,0,2,24.53,735.92,0
0,0,0,0,70,1,2,1,1,0,1,2,0,0,0,1,2,79.42,5553.83,0
0,0,1,1,5,1,2,0,0,1,0,0,1,0,0,0,3,74.55,381.03,1
1,1,1,0,57,1,0,2,0,2,0,2,1,0,0,1,2,58.55,3342.94,0
1,0,1,0,43,1,2,1,1,0,0,1,2,2,0,1,1,61.65,2647.66,1
0,0,0,1,52,1,0,2,0,0,0,1,2,0,0,1,2,87.5,4553.35,0
1,0,0,1,6,1,2,1,2,1,1,1,0,0,1,1,0,75.44,454.86,1
0,1,1,0,2,1,1,2,2,0,1,1,1,0,2,0,1,84.13,160.41,1
1,0,0,1,17,1,0,1,2,2,0,0,2,2,1,1,2,62.49,1070.95,0
1,0,0,1,12,1,2,1,2,2,2,2,0,1,1,0,1,58.7,694.52,0
0,0,1,0,44,1,2,0,0,1,0,0,2,1,1,0,2,70.43,3105.48,0
0,1,0,0,54,1,0,1,0,0,0,0,0,0,0,1,3,61.05,3296.93,1
0,0,0,0,7,1,2,0,2,2,2,2,1,2,2,1,2,103.19,728.84,1
0,0,0,0,32,1,0,0,0,0,0,0,0,0,1,0,2,105.91,3390.23,0
1,0,1,0,29,1,1,1,0,2,1,0,0,0,2,0,2,25.67,737.5,0
1,0,1,0,46,1,1,0,0,2,2,0,0,0,2,0,2,24.19,1112.21,1
1,0,1,1,53,1,1,1,1,0,1,2,0,2,2,1,1,47.28,2513.42,0
0,0,0,0,25,1,2,0,1,0,0,0,2,1,2,1,0,26.91,667.34,0
1,0,0,0,53,0,0,0,0,1,0,1,1,2,0,0,3,72.5,3834.9,0
0,1,1,0,29,1,0,0,0,0,0,1,0,0,2,0,0,20.39,589.6,0
1,1,1,0,6,1,2,0,0,1,0,0,2,2,2,1,3,97.13,589.0,0
0,0,0,1,38,1,0,0,0,1,0,1,2,2,1,0,1,83.48,3176.35,0
0,0,0,0,3,1,2,1,0,0,0,0,2,2,1,1,2,39.53,128.52,1
1,0,0,0,35,1,2,0,0,1,2,2,2,1,2,1,3,51.37,1805.56,0
0,0,0,0,55,1,0,2,0,1,2,1,2,0,0,0,2,48.96,2686.23,0
0,0,0,0,47,1,0,2,1,1,1,1,2,2,0,1,0,110.97,5221.35,0
1,0,1,1,33,1,0,0,2,2,2,0,0,0,0,1,0,107.4,3548.56,0
0,0,1,1,3,1,0,0,0,1,0,2,1,2,2,0,0,74.97,218.82,0
0,0,1,1,69,0,0,0,0,2,1,2,0,0,0,1,0,54.83,3788.88,0
0,0,0,0,59,1,0,2,0,0,1,2,0,0,0,1,3,64.66,3809.79,0
1,0,1,1,18,1,2,1,2,0,2,0,2,1,1,0,2,75.32,1354.87,0
1,0,0,0,66,1,1,1,0,1,1,2,2,0,1,1,2,67.75,4467.05,0
0,0,1,0,25,1,2,2,0,0,0,2,2,0,2,0,0,24.54,612.52,0
1,1,1,0,20,1,0,2,0,0,2,2,1,2,0,1,1,64.76,1291.24,0
0,0,0,1,71,1,0,2,0,0,0,0,1,1,0,1,3,110.72,7864.3,0
0,0,1,0,69,1,1,1,0,2,1,0,0,0,2,1,2,59.31,4098.43,0
0,0,1,0,29,1,0,2,0,0,2,1,2,2,2,1,2,88.71,2562.96,0
0,0,0,0,18,1,2,2,0,0,1,0,0,2,0,1,3,118.45,2130.15,0
0,1,1,0,72,1,1,1,1,0,2,1,0,0,0,1,0,73.77,5304.35,0
1,0,0,1,27,1,0,2,0,2,0,0,1,0,0,1,0,66.84,1795.07,1
0,0,0,1,42,1,0,1,2,2,2,0,0,2,0,0,2,45.36,1914.78,1
1,0,0,0,66,1,0,1,0,2,0,2,0,2,2,1,0,41.29,2728.61,0
1,0,0,0,26,1,2,1,2,1,2,0,0,2,1,0,3,74.1,1925.65,0
0,1,1,1,23,1,2,1,0,0,0,2,0,1,0,0,2,86.2,1981.22,1
0,0,0,0,5,1,2,1,0,0,2,0,0,1,0,0,3,61.25,313.07,1
1,0,1,0,11,1,2,2,1,0,1,0,0,0,0,1,1,18.43,204.14,1
1,0,1,0,19,1,0,0,2,0,2,2,1,2,2,1,0,74.55,1421.43,1
1,0,1,1,12,1,0,2,0,2,0,0,2,1,1,0,1,75.7,916.81,0
0,0,1,0,2,1,2,0,2,2,0,1,1,2,0,1,1,25.6,58.87,0
1,0,0,1,43,1,0,0,1,0,2,2,0,1,0,0,2,28.46,1215.68,1
0,0,1,1,22,1,2,2,0,0,0,2,0,0,1,1,1,48.86,1074.64,1
0,0,0,0,26,1,2,0,0,1,0,0,1,0,0,0,0,78.35,2039.77,1
0,1,1,1,33,1,2,2,0,2,0,0,1,2,0,1,1,36.0,1187.26,0
1,0,1,0,24,1,0,0,0,1,1,0,0,2,1,0,2,52.85,1264.2,0
0,0,0,1,69,1,0,2,1,2,2,2,1,0,0,1,3,33.04,2288.09,0
0,0,1,0,21,1,2,0,0,2,1,2,2,2,2,0,3,51.98,1099.55,0
0,0,0,0,46,1,2,0,0,2,1,2,0,2,2,0,2,91.45,4213.54,0
0,0,1,0,18,1,2,2,0,1,2,2,2,0,1,1,3,55.79,1012.89,0
0,0,1,0,5,1,0,0,1,0,0,1,2,0,1,0,1,100.41,506.91,0
1,0,0,0,8,1,2,2,2,0,0,2,1,2,2,1,1,111.46,889.48,0
0,0,0,0,57,1,0,2,0,0,0,0,2,2,0,1,2,49.13,2800.36,1
0,0,1,0,5,1,0,0,1,0,0,1,0,2,2,1,2,80.72,410.08,0
1,0,1,1,13,1,2,1,2,2,2,1,2,0,1,1,1,44.63,588.4,1
0,0,1,0,66,1,0,0,0,2,0,2,0,2,0,0,2,75.42,4981.13,0
1,0,0,0,37,1,2,0,0,1,2,0,2,2,0,1,3,30.24,1120.5,1
0,1,0,0,29,1,0,1,2,2,0,0,0,2,1,0,1,78.79,2292.77,0
1,1,0,1,69,1,2,1,0,0,1,2,1,0,2,1,0,35.6,2461.4,0
1,0,1,1,32,1,1,2,1,2,2,0,0,0,0,1,1,57.81,1858.18,0
0,0,0,0,48,1,0,0,0,2,0,1,1,0,1,0,1,42.04,2025.58,0
0,0,0,0,2,1,0,0,2,1,0,0,2,0,0,0,0,98.2,192.98,1
0,0,0,0,69,1,0,1,0,1,0,0,0,1,0,0,3,36.51,2511.81,0
1,1,0,1,51,1,2,0,1,0,0,0,0,0,0,1,0,115.07,5872.61,0
1,0,0,1,35,1,0,1,2,0,2,0,0,0,2,1,1,30.22,1066.38,0
1,0,1,0,15,1,2,1,2,0,0,1,1,1,0,0,2,59.84,905.79,1
0,0,0,0,72,1,0,2,1,0,0,2,0,2,0,1,3,95.46,6881.52,0
1,0,0,1,65,1,2,1,1,0,0,1,1,0,0,1,0,30.02,1958.72,0
1,0,1,1,38,1,1,1,0,0,2,1,0,0,1,0,2,49.85,1893.07,0
0,0,1,0,17,1,0,1,2,1,2,2,0,1,0,1,0,63.76,1092.65,0
1,0,0,0,45,1,2,2,2,0,0,2,2,0,0,1,2,94.86,4271.44,0
1,0,1,0,1,1,1,2,2,1,2,0,1,0,0,0,3,97.38,103.99,1
0,0,0,0,3,1,2,0,0,2,2,0,2,0,0,0,2,104.23,308.67,1
1,0,1,0,70,1,0,1,0,2,1,1,1,2,0,0,1,49.05,3433.5,0
0,0,1,1,52,1,2,1,2,0,2,0,0,1,0,0,2,19.79,1021.43,0
0,0,1,0,53,1,0,1,0,2,0,0,0,1,2,0,1,90.56,4792.76,0
0,0,1,0,3,1,0,0,1,0,0,0,2,0,2,1,1,35.64,113.06,0
0,1,1,0,47,1,1,1,1,0,2,0,0,2,1,1,2,57.45,2709.03,0
0,1,0,0,6,1,0,0,0,0,2,0,2,2,0,1,0,99.14,595.39,0
1,1,0,0,46,1,0,0,2,2,0,0,1,2,0,1,3,79.6,3661.32,1
1,0,0,0,61,1,0,0,1,1,2,2,2,2,0,0,1,106.04,6477.28,0
0,0,1,0,43,1,0,0,0,2,2,1,0,0,0,1,0,83.87,3613.03,0
0,0,0,0,56,1,2,0,0,1,2,2,2,2,1,0,0,56.69,3168.29,0
1,1,0,1,70,0,2,1,1,2,2,2,1,2,0,0,0,21.59,1502.14,0
0,1,0,0,20,0,0,2,2,0,1,0,0,2,2,1,3,19.73,403.6,0
0,1,0,0,47,1,0,1,0,1,2,0,2,2,0,0,3,43.55,2047.66,0
0,0,1,1,54,1,0,0,1,1,0,0,0,0,0,0,3,83.24,4497.89,0
1,1,1,1,41,1,2,2,2,1,0,0,2,2,1,1,2,90.02,3691.44,0
1,0,1,0,66,1,0,0,0,1,0,0,2,1,2,0,3,52.84,3492.21,0
0,0,1,0,31,1,2,0,1,0,0,0,0,1,2,1,0,103.25,3208.7,1
0,0,0,1,64,1,1,1,2,0,0,2,2,2,0,0,2,113.06,7245.72,0
1,0,1,0,58,1,0,1,0,0,1,1,2,1,1,0,2,48.22,2794.03,0
1,0,0,0,55,1,2,2,0,1,2,0,2,2,0,1,1,53.61,2948.94,0
0,0,0,0,46,0,0,2,0,1,2,2,0,2,2,1,0,58.99,2721.21,0
0,0,0,1,24,1,0,1,0,1,1,0,1,1,0,0,2,46.18,1107.03,1
1,0,0,0,37,1,2,1,2,0,1,1,0,0,0,1,1,83.24,3077.06,0
1,1,1,1,41,1,0,0,2,0,0,0,2,2,0,0,0,109.6,4502.98,1
1,0,0,0,25,1,0,1,1,1,1,0,0,0,0,1,3,61.21,1534.89,0
0,0,1,0,29,1,2,2,1,2,0,0,2,0,0,0,0,36.35,1054.29,0
1,0,0,0,31,1,0,1,0,2,0,2,0,1,1,1,1,37.87,1179.89,0
0,1,0,0,2,1,1,0,0,1,1,1,1,1,1,1,2,90.79,177.96,0
1,0,0,1,12,1,2,0,0,0,0,0,0,1,2,1,3,92.04,1106.26,0
1,0,1,0,5,1,2,1,0,0,1,2,2,0,1,1,0,66.08,334.61,0
1,0,0,0,61,1,1,1,0,1,0,1,1,0,1,1,2,94.7,5781.02,0
1,0,1,0,56,0,2,1,2,1,1,0,2,1,0,1,0,69.58,3890.4,0
0,0,1,0,71,1,0,1,1,2,0,1,2,2,1,1,0,48.9,3481.79,1
0,1,0,1,37,1,0,1,0,2,0,0,1,1,2,1,3,32.27,1199.07,0
1,0,1,1,36,1,0,1,1,1,0,0,1,2,0,1,1,70.12,2529.18,1
0,0,0,1,29,1,2,2,0,1,0,0,2,1,0,1,0,102.27,2967.55,1
1,1,1,0,38,1,2,2,0,2,1,0,0,2,2,1,2,111.28,4225.5,0
1,1,0,1,41,1,2,0,1,1,2,2,2,0,0,1,2,24.35,998.12,0
1,0,1,1,33,1,0,1,0,0,1,1,1,0,1,1,1,110.55,3646.67,0
1,1,0,0,13,1,0,1,0,0,0,2,0,2,0,0,0,36.14,462.11,1
0,0,0,1,6,1,2,0,0,1,0,0,0,0,1,0,0,79.01,482.56,1
1,0,0,1,66,1,2,2,0,0,0,2,2,2,0,1,3,62.16,4102.71,0
1,0,1,0,8,1,0,0,0,2,0,1,0,2,0,0,0,88.69,700.38,1
0,0,0,1,64,1,1,2,0,2,0,0,0,2,2,1,2,71.5,4574.39,0
1,0,1,0,9,1,2,0,0,2,1,1,2,0,1,1,2,57.42,515.19,0
1,0,1,0,23,1,2,1,0,1,1,0,1,2,0,0,1,25.41,576.16,1
1,0,1,1,71,0,0,0,2,2,0,1,2,1,0,0,2,20.91,1478.53,0
0,0,0,0,21,1,2,1,1,0,0,0,1,2,0,0,3,42.11,875.87,0
1,0,1,0,1,1,0,0,0,0,1,0,0,0,0,0,2,93.2,86.41,1
0,0,0,0,46,1,0,0,0,2,0,0,1,0,0,0,0,80.35,3688.39,0
1,0,0,0,62,1,0,2,2,0,1,2,0,0,2,0,3,60.25,3743.55,0
1,0,1,0,2,1,0,0,0,2,1,0,0,2,0,1,0,72.06,149.64,1
0,0,0,1,44,1,2,1,2,2,0,1,2,1,0,0,2,77.63,3423.18,0
1,0,1,0,5,1,0,1,0,1,0,0,0,0,0,0,3,25.33,119.42,0
1,0,0,0,39,1,0,0,2,0,1,1,2,2,0,1,2,50.69,1980.3,0
0,0,1,0,66,1,2,0,0,0,1,2,2,2,0,0,2,106.62,7044.95,0
0,0,0,0,45,1,1,0,0,1,0,0,2,0,1,0,2,91.96,4147.27,0
0,1,1,1,13,1,2,1,0,0,1,2,0,1,0,0,1,26.93,341.26,0
0,0,1,0,32,0,2,2,2,0,1,0,1,2,2,1,3,45.99,1469.26,0
0,0,1,0,43,1,0,2,2,0,2,1,2,1,0,1,3,38.57,1655.78,1
1,0,1,0,8,1,0,2,2,0,2,0,2,0,0,1,0,56.62,446.7,1
0,1,1,1,59,0,2,1,0,0,2,2,0,2,2,0,1,116.98,6894.91,0
1,0,1,0,11,1,0,2,2,0,2,2,2,0,2,1,2,76.25,836.17,0
1,0,0,0,28,1,1,0,2,1,1,0,0,0,2,1,2,34.13,959.88,0
1,0,0,1,39,1,2,1,0,2,2,0,2,0,1,0,3,97.17,3794.24,0
0,0,0,1,26,1,0,1,0,2,0,2,2,1,1,0,2,77.16,2007.7,0
0,0,0,1,72,1,0,0,0,2,1,0,2,1,1,0,3,104.87,7556.36,0
1,0,0,0,26,0,2,2,1,0,1,0,2,2,0,0,0,67.13,1749.46,1
0,0,0,0,32,0,2,0,0,1,0,2,2,2,0,1,3,107.74,3453.59,1
0,0,0,0,46,1,0,1,0,1,0,0,1,2,0,1,0,104.26,4805.46,0
0,0,1,1,28,1,0,1,0,2,2,0,0,1,1,0,2,24.63,691.23,0
0,0,0,0,7,1,0,0,0,1,2,2,2,1,2,0,3,101.1,713.03,0
1,0,1,0,35,1,2,0,0,1,2,0,0,1,1,1,0,30.1,1060.17,0
1,0,0,0,66,1,2,1,1,0,2,2,2,1,0,1,1,29.25,1938.76,0
0,1,0,1,22,1,0,2,0,0,0,0,0,2,0,0,2,34.35,756.6,0
1,1,1,1,22,1,2,1,0,1,2,0,1,1,0,0,2,110.74,2444.66,0
0,0,0,0,3,1,1,1,0,1,0,1,0,0,2,0,2,68.0,204.78,1
0,0,1,0,46,1,2,0,0,1,1,0,0,1,0,1,2,50.53,2328.24,1
1,0,1,0,50,1,0,1,0,2,0,2,0,0,2,1,1,23.8,1186.96,0
1,0,1,1,8,1,2,0,2,0,0,1,0,1,0,0,2,29.98,249.54,0
1,0,0,0,4,1,2,1,1,1,1,0,2,0,1,1,2,37.27,143.43,1
0,1,0,1,15,1,2,0,0,2,2,2,0,1,2,0,1,36.92,548.96,1
1,0,0,0,44,1,2,1,0,2,1,2,1,2,1,1,3,26.36,1154.87,0
0,0,1,0,39,1,2,1,1,1,2,2,1,0,0,1,0,26.34,1025.68,0
1,0,0,0,29,0,2,1,1,0,0,1,1,1,0,0,2,48.2,1403.16,1
1,0,0,0,62,1,2,1,0,0,2,0,2,0,0,1,0,73.25,4551.18,0
0,0,1,0,34,0,2,1,0,0,2,0,0,2,0,0,1,75.95,2584.65,1
0,0,0,0,26,1,2,0,0,2,2,0,1,0,1,1,0,47.21,1229.81,0
0,0,1,0,18,1,0,1,0,1,1,0,2,0,2,1,2,26.31,474.13,0
0,1,1,0,63,1,0,1,2,1,0,1,1,2,2,1,2,79.42,5011.5,0
0,0,1,1,52,1,0,1,1,2,0,0,2,0,0,1,2,84.2,4375.04,0
0,1,0,0,54,0,0,0,0,2,0,0,1,2,2,1,1,88.42,4768.48,0
0,0,1,1,42,1,2,0,0,0,1,2,2,1,1,1,0,111.5,4677.58,0
0,0,1,1,54,1,0,2,0,0,2,0,2,2,0,0,2,21.9,1189.8,0
1,0,1,0,52,1,1,1,0,2,0,0,2,0,0,0,1,39.4,2042.19,0
0,0,1,0,13,1,0,0,1,1,1,0,2,0,0,0,2,75.72,984.35,0
0,1,1,0,32,0,0,0,0,1,0,0,1,1,0,0,0,19.26,612.75,0
1,0,1,0,66,1,0,0,0,1,0,0,2,2,0,1,1,23.33,1533.45,0
0,0,0,0,58,1,2,0,1,1,1,0,1,0,0,1,0,57.83,3355.58,0
1,0,1,0,39,1,2,1,1,0,0,0,1,2,0,1,1,76.03,2972.27,0
1,0,0,0,27,1,0,1,0,0,1,2,1,1,0,1,1,86.86,2341.61,0
0,1,0,0,54,1,0,2,1,1,2,0,1,1,0,1,2,43.23,2326.81,0
1,0,1,1,72,1,2,2,2,0,1,0,1,1,0,1,3,80.62,5807.1,0
0,0,1,1,43,1,2,1,2,0,0,0,2,1,0,0,1,55.35,2384.85,0
1,0,0,0,52,1,0,2,2,1,0,2,1,2,0,1,2,74.13,3855.94,0
1,1,1,0,14,1,0,1,2,2,1,2,2,0,1,0,1,85.54,1189.91,1
1,0,1,1,8,1,1,1,2,1,1,0,2,2,0,1,2,43.48,337.93,1
0,0,1,0,35,1,0,0,2,2,2,1,2,1,0,0,0,54.27,1891.17,0
0,0,0,0,18,1,0,0,1,0,1,0,0,0,0,0,2,73.83,1337.39,0
1,0,0,0,55,1,2,0,2,2,2,1,2,0,0,1,1,41.52,2285.15,0
1,0,0,0,52,1,2,0,0,1,2,1,2,2,2,0,3,112.72,5858.9,1
0,0,0,0,72,0,0,1,1,1,2,0,0,1,1,1,2,90.98,6544.22,0
0,0,1,0,49,1,2,0,2,0,1,0,0,0,0,0,1,81.4,3992.58,0
1,0,1,0,8,0,2,0,0,1,0,2,2,0,2,0,3,91.54,737.61,0
1,0,1,0,37,1,2,2,2,2,2,0,0,0,0,1,1,41.78,1552.01,0
0,0,1,0,66,1,2,1,2,2,0,0,2,2,0,0,3,18.91,1238.43,0
0,0,1,0,41,1,2,1,1,2,2,2,0,1,0,0,1,83.31,3421.11,0
0,1,1,1,27,1,0,0,1,2,0,2,0,1,0,0,2,115.2,3103.6,0
0,1,1,1,20,1,1,2,1,0,0,0,1,0,0,1,1,84.45,1694.93,0
0,0,1,0,38,1,2,0,1,1,2,0,1,1,2,0,3,35.75,1351.52,0
1,0,1,0,12,1,0,1,2,2,1,2,2,2,0,0,3,104.54,1249.38,1
0,0,0,0,42,1,2,1,1,2,0,1,2,0,0,1,2,76.43,3215.62,0
1,0,0,0,50,1,2,1,0,2,0,0,1,2,2,1,2,80.31,4018.08,0
0,0,0,1,31,1,0,2,1,2,0,2,0,0,0,1,2,69.84,2155.74,0
1,0,1,1,65,0,0,0,2,2,0,0,0,1,1,1,0,92.02,5974.61,0
0,0,1,0,53,1,0,2,0,2,0,0,0,0,0,0,0,114.65,6071.07,0
0,1,1,1,40,1,0,1,0,0,2,2,1,0,0,0,1,55.91,2243.27,0
1,0,1,0,39,1,0,1,2,1,2,0,2,0,0,1,1,76.63,2990.85,0
1,0,1,0,10,1,0,2,0,2,0,0,0,2,0,0,0,104.1,1034.69,1
0,0,0,0,29,1,0,1,2,1,0,1,1,2,1,0,0,106.58,3085.93,1
0,0,0,0,40,1,0,2,0,0,1,1,2,0,0,1,1,100.97,4037.9,1
0,0,1,0,30,1,0,0,0,0,0,0,2,0,0,1,2,74.61,2229.97,0
0,0,1,0,2,1,2,2,2,1,1,2,0,0,0,0,2,112.34,222.94,1
0,0,1,0,28,1,2,1,2,2,0,0,1,2,1,0,0,35.32,994.83,0
1,0,1,0,47,1,0,2,1,1,0,0,1,0,0,1,2,38.67,1815.4,0
1,1,1,0,32,0,0,2,1,2,2,0,0,0,2,0,3,40.07,1287.96,0
0,0,1,1,32,1,2,0,0,0,0,1,0,2,0,1,0,58.69,1880.57,0
1,0,1,0,27,1,1,1,1,2,0,2,1,0,0,1,1,85.31,2301.46,1
1,0,1,0,54,1,0,2,2,0,0,1,2,1,1,1,1,60.54,3277.03,0
1,0,1,1,56,1,0,1,2,0,2,1,1,1,1,0,0,113.71,6366.59,0
0,0,1,1,31,1,0,1,2,1,2,1,2,0,2,1,3,42.43,1320.03,0
1,0,1,1,24,1,0,0,0,0,2,1,0,2,0,0,1,100.1,2408.39,1
0,1,0,0,35,1,0,1,0,0,0,0,1,1,2,1,2,96.84,3397.72,0
1,1,1,0,30,1,0,1,2,1,2,2,0,0,1,1,1,51.51,1540.85,0
0,0,0,1,55,1,0,1,2,0,1,0,2,1,2,0,3,65.55,3599.27,0
1,1,0,0,64,1,0,1,1,0,1,0,1,0,1,1,2,94.79,6065.52,0
0,0,0,0,33,1,2,0,0,1,1,0,0,2,2,1,3,104.1,3442.8,0
0,0,0,0,46,1,0,1,1,1,0,0,2,2,2,0,1,86.84,3991.23,0
1,0,0,0,33,0,0,2,2,1,0,2,2,2,0,0,0,110.93,3656.16,0
0,1,0,1,68,0,2,1,0,0,1,0,2,2,2,0,2,80.57,5469.47,0
0,0,1,0,64,1,0,2,1,0,0,1,2,0,1,1,0,59.04,3782.57,0
0,0,1,0,30,1,0,1,1,2,2,0,0,2,2,0,1,80.86,2429.8,0
0,0,0,0,29,1,0,2,0,1,0,0,0,2,0,0,2,79.76,2319.73,1
0,0,0,0,62,1,2,2,2,1,0,0,1,0,2,1,2,73.77,4573.66,0
0,0,0,0,30,1,2,2,2,2,0,2,0,0,2,1,2,49.04,1479.01,0
0,1,0,1,12,1,0,2,0,2,2,2,2,2,0,0,2,85.31,1015.44,1
0,0,0,0,67,0,0,0,0,2,1,0,2,2,0,0,2,98.72,6615.5,0
1,0,0,0,15,1,0,2,0,0,0,2,2,2,1,1,1,114.61,1718.69,0
1,0,0,1,10,1,2,1,2,2,2,1,1,0,1,0,0,68.25,690.45,0
0,0,0,1,61,1,2,0,0,0,0,1,2,1,1,1,1,93.86,5733.63,0
0,0,0,0,23,0,0,0,0,0,1,0,0,0,2,0,3,98.85,2283.08,0
1,0,0,0,11,1,0,1,1,1,2,0,1,0,1,0,0,85.99,942.93,0
1,0,0,1,16,1,1,2,0,0,2,0,1,1,0,0,3,56.34,899.03,1
1,0,0,0,49,1,0,1,0,0,0,0,2,2,2,0,0,90.22,4414.63,0
0,0,1,0,14,1,2,1,0,0,1,2,2,2,0,0,3,116.49,1635.71,1
1,0,1,0,6,1,0,0,2,2,1,2,2,0,0,1,3,79.2,481.86,1
0,0,0,1,42,1,0,1,0,0,2,0,2,0,0,1,2,92.43,3889.1,1
0,0,0,0,17,1,2,0,2,0,0,1,0,0,2,1,0,42.06,724.83,0
1,1,1,1,42,1,0,1,0,1,2,2,0,1,2,1,2,84.06,3531.76,0
0,0,1,0,10,1,2,2,0,2,0,0,0,0,0,1,2,21.69,211.19,0
0,0,0,0,46,1,2,2,0,1,0,1,2,0,0,0,0,101.73,4681.6,0
0,0,0,0,49,1,0,0,0,2,0,2,0,1,0,0,0,40.46,1979.79,1
0,0,0,0,9,1,2,1,2,1,2,0,2,1,2,0,2,24.82,220.06,0
1,1,0,1,39,1,2,1,0,0,2,1,1,2,0,1,0,36.1,1411.91,0
1,0,1,0,2,1,0,0,1,2,2,0,1,2,0,1,2,65.47,125.0,1
0,0,1,1,68,1,2,2,0,0,1,2,0,0,1,1,1,22.5,1530.9,0
0,0,1,0,52,1,2,1,0,1,2,0,2,2,0,1,2,21.75,1123.82,0
1,0,0,1,11,1,2,1,0,2,2,0,1,1,0,1,1,69.52,772.54,1
0,0,1,0,37,1,2,1,0,2,1,0,1,0,0,1,2,75.37,2780.46,0
1,0,0,0,72,1,0,0,0,1,2,2,2,2,0,0,0,50.26,3627.36,0
0,0,0,0,22,1,0,0,2,0,2,0,0,0,0,1,2,19.94,448.67,1
0,0,0,1,52,1,2,0,0,1,0,0,2,0,0,0,1,64.44,3345.59,0
1,0,0,0,5,1,0,1,0,2,2,1,2,2,0,1,2,110.58,544.75,0
1,1,1,1,2,1,2,0,1,1,0,0,2,0,0,0,2,66.93,124.49,0
1,0,0,0,5,1,0,2,2,0,2,0,0,1,1,1,2,63.81,311.96,1
1,0,1,0,32,0,2,1,2,1,2,2,2,2,1,0,1,74.38,2388.46,0
0,0,1,0,19,1,0,2,1,2,1,1,2,1,2,0,2,34.8,665.8,0
1,0,1,0,4,1,0,2,0,1,0,2,2,0,0,0,1,98.95,387.64,0
0,0,1,1,46,1,2,1,1,0,0,2,2,1,0,1,2,21.59,1002.37,0
1,0,0,0,26,1,2,0,0,0,1,2,1,2,2,1,2,23.91,624.76,0
1,0,0,1,50,1,0,1,0,2,1,1,0,0,0,1,1,23.89,1203.09,1
0,0,1,0,26,1,1,0,0,0,0,0,0,0,0,0,0,97.91,2549.93,0
1,0,1,0,71,1,2,0,2,0,1,1,2,2,2,1,2,55.26,3920.97,0
1,1,0,0,32,1,2,1,0,0,0,2,0,0,2,1,2,82.9,2644.15,0
1,0,0,0,44,1,0,1,2,0,0,0,1,1,1,1,3,26.24,1144.89,0
1,0,1,0,26,1,0,0,0,0,0,0,0,2,0,1,1,94.9,2469.6,1
0,0,0,0,61,1,0,1,1,2,0,0,2,0,0,1,0,51.9,3165.95,0
0,0,0,0,51,1,2,0,0,1,0,0,0,1,2,1,0,39.91,2037.01,0
1,0,0,0,59,1,0,1,2,1,0,0,2,0,2,1,3,90.08,5324.0,0
1,0,1,0,38,1,0,2,1,2,2,1,2,2,2,1,0,24.73,947.81,0
1,0,0,1,26,1,0,1,2,0,0,0,0,0,0,0,2,67.11,1742.0,1
0,0,0,0,45,1,2,2,0,2,2,1,2,0,2,1,0,56.75,2550.12,0
0,0,0,1,31,1,2,1,1,1,1,1,1,2,1,1,0,92.75,2870.93,0
0,0,0,0,70,1,0,0,2,2,2,1,1,2,2,0,0,82.47,5781.71,0
0,0,0,1,45,1,0,1,1,1,2,0,2,0,1,1,2,107.86,4861.86,0
1,0,1,0,31,1,2,0,0,0,0,0,1,0,0,1,2,91.29,2838.73,0
1,0,0,0,61,1,0,1,0,2,2,2,2,2,1,1,1,60.02,3655.86,0
1,0,0,1,48,1,1,1,1,1,1,1,0,1,0,1,2,36.86,1768.68,0
0,0,0,0,45,1,2,2,0,0,1,2,0,0,0,0,3,63.49,2854.15,0
1,0,1,0,60,1,2,1,0,0,2,2,0,2,2,1,1,35.03,2098.26,0
0,0,1,1,61,1,2,2,0,2,2,0,2,0,2,1,0,29.64,1799.97,0
0,0,0,0,52,1,0,1,2,2,2,0,1,0,1,1,2,23.15,1210.61,0
1,0,0,1,52,1,0,0,0,1,0,0,2,0,0,1,3,72.74,3778.42,0
1,0,1,1,62,1,2,1,2,0,1,0,0,2,0,1,1,75.15,4656.32,0
1,0,0,0,26,1,0,2,2,2,0,0,0,0,0,1,1,84.11,2188.98,1
0,0,1,0,67,0,0,1,2,2,2,1,1,2,0,0,0,107.37,7202.31,0
0,0,0,0,49,1,0,1,2,0,2,0,0,0,0,1,2,110.0,5394.48,0
1,0,0,0,44,1,2,1,2,2,2,1,0,0,2,0,1,52.5,2312.86,0
1,0,1,0,36,1,2,1,2,2,1,0,2,0,0,0,1,82.19,2950.75,1
0,0,0,0,53,1,0,0,0,2,2,2,0,0,0,1,1,64.69,3431.04,0
1,0,0,0,44,1,1,0,2,0,2,0,0,2,2,1,2,93.9,4126.93,0
0,1,1,1,22,1,2,0,0,2,1,2,0,0,0,0,3,90.25,1988.29,0
0,0,0,0,2,1,2,1,0,0,0,1,2,2,2,1,2,37.89,72.33,0
1,0,1,0,7,1,2,2,1,2,0,0,0,2,2,0,2,35.73,241.64,1
1,0,0,0,16,1,0,2,0,0,0,0,2,1,1,1,3,29.72,482.41,1
1,0,1,1,44,1,0,0,1,0,0,2,0,2,0,1,2,30.6,1347.49,0
1,0,1,0,65,1,2,1,0,1,0,0,1,0,0,0,1,42.97,2788.67,0
0,0,1,1,71,1,2,1,2,0,0,0,0,1,0,0,1,53.39,3787.84,0
0,0,1,0,69,1,0,1,0,0,2,2,0,1,0,0,1,80.66,5567.9,0
0,0,0,0,61,1,0,1,0,0,1,1,1,1,1,1,2,93.22,5690.01,0
1,0,1,0,30,1,0,0,0,0,2,0,0,1,0,0,0,32.24,966.94,1
0,0,1,0,42,1,0,2,0,2,0,2,2,2,0,0,2,43.63,1832.98,0
1,0,0,0,25,1,0,2,0,2,0,0,0,2,0,1,0,77.71,1934.88,1
1,0,0,1,71,1,2,0,0,2,0,2,0,2,1,1,2,94.45,6698.89,0
1,0,0,0,57,1,0,1,1,0,0,0,1,2,0,1,3,100.72,5735.24,1
1,0,0,0,32,1,0,0,0,1,0,2,1,0,0,1,2,56.79,1817.89,0
1,0,0,0,50,1,0,0,0,2,1,0,1,2,0,1,3,63.07,3151.9,0
1,0,1,0,10,1,2,2,1,0,0,0,2,2,0,1,2,86.38,865.22,1
0,0,1,1,22,1,2,1,1,0,0,1,2,0,0,1,2,46.2,1009.86,0
1,0,0,0,41,1,1,0,0,0,0,2,0,2,1,1,2,26.54,1097.5,0
0,1,1,0,47,1,1,1,1,2,0,0,2,2,1,0,0,62.79,2953.43,0
0,1,1,1,14,1,0,2,0,2,1,2,0,1,0,1,1,117.31,1634.9,0
1,0,1,1,3,1,0,2,0,2,0,2,0,1,0,0,1,55.79,164.78,0
1,0,1,0,53,1,0,0,1,1,0,0,0,2,0,1,0,48.23,2565.79,0
1,0,0,0,16,1,2,2,2,2,1,0,0,0,1,1,2,100.92,1624.05,1
0,0,0,0,61,1,0,2,0,0,0,2,0,2,0,1,0,110.52,6733.12,0
1,0,0,0,28,1,2,1,0,1,0,2,1,2,0,1,2,96.71,2714.5,1
0,0,0,0,35,1,1,1,0,0,0,0,0,2,0,1,3,70.88,2483.64,1
1,1,1,0,2,1,0,0,2,0,2,0,1,2,0,0,1,107.53,208.76,1
1,0,1,0,61,0,0,0,0,0,0,0,1,2,1,0,2,77.53,4736.0,0
0,0,0,1,56,1,0,1,0,0,2,1,2,0,1,1,1,47.92,2686.31,0
0,0,1,0,55,1,0,2,2,0,1,0,1,0,0,1,3,112.41,6174.82,0
1,0,1,1,18,1,2,2,1,0,0,0,2,0,0,0,2,84.26,1523.64,0
0,0,0,0,71,1,0,1,2,0,0,2,0,2,0,0,3,31.68,2254.46,0
0,0,0,0,49,1,1,2,0,0,2,0,1,2,0,0,1,51.99,2537.66,0
0,0,1,0,42,1,2,1,2,1,0,1,0,0,0,1,2,84.55,3546.19,0
0,0,0,1,7,1,2,1,0,1,1,1,2,1,1,1,2,102.4,712.19,1
0,0,0,1,4,0,2,0,1,0,2,0,0,1,1,1,0,117.62,469.67,0
1,1,1,0,43,1,2,1,1,0,0,2,1,2,0,1,0,38.6,1654.41,0
1,0,0,0,59,1,0,0,0,0,2,1,0,1,2,0,2,99.19,5858.76,0
0,0,1,0,49,1,0,0,0,1,1,2,1,0,1,1,2,30.15,1481.39,0
1,0,0,0,60,1,0,0,0,2,0,0,1,0,0,0,2,86.74,5195.0,0
1,0,0,0,6,1,2,1,0,0,0,2,1,1,0,1,0,29.01,178.2,0
0,0,0,1,20,1,0,0,0,2,0,0,2,2,2,1,3,74.56,1500.23,0
1,1,1,1,31,0,1,1,0,0,2,0,0,2,0,1,1,70.76,2193.44,0
0,0,1,1,22,1,0,2,2,1,2,2,2,2,0,1,0,108.12,2372.28,0
0,0,1,0,32,1,1,2,2,2,0,0,0,1,1,1,2,72.21,2318.33,0
1,0,0,1,47,1,0,1,0,2,1,0,2,1,0,0,3,90.25,4244.94,0
0,0,1,1,34,1,0,0,0,2,2,1,2,2,0,0,3,105.06,3570.6,0
0,0,1,0,27,1,0,1,0,0,0,0,1,0,0,1,2,32.41,873.31,1
0,0,1,0,44,1,1,1,0,2,2,1,0,2,2,1,1,30.1,1320.04,0
0,0,1,0,30,1,0,1,0,0,0,0,2,1,2,1,0,30.38,903.53,0
0,0,1,0,33,1,0,1,0,0,0,2,0,1,1,1,0,50.87,1686.15,1
1,1,0,1,27,1,2,1,0,1,0,2,0,0,1,1,0,57.42,1560.0,0
1,0,1,0,56,1,0,2,0,2,0,0,0,1,0,1,3,22.13,1248.2,0
0,0,1,1,23,1,2,0,2,0,1,1,0,0,1,0,3,43.29,989.06,0
0,0,0,0,43,1,0,0,0,2,2,2,0,2,2,0,3,18.94,812.8,0
1,0,0,0,54,1,0,1,1,0,1,1,2,1,2,1,0,37.45,2018.14,0
0,0,1,0,68,1,2,1,0,1,0,0,0,2,0,1,3,57.74,3923.18,0
1,0,1,0,53,1,0,0,0,2,2,2,0,2,2,1,3,94.07,4982.17,0
0,1,0,0,40,1,0,2,2,2,2,2,0,0,0,1,0,118.48,4747.79,0
0,0,1,0,60,1,2,1,2,2,1,2,1,0,0,0,2,38.28,2305.74,0
0,0,0,1,9,1,0,1,2,1,0,0,0,2,0,1,1,88.72,789.29,0
0,1,1,0,10,1,1,1,2,2,0,0,2,0,0,0,2,53.67,537.42,1
0,0,1,1,10,1,2,1,0,2,2,0,2,2,0,0,1,103.63,1039.54,1
0,0,1,0,30,1,1,2,1,0,0,2,0,0,0,0,2,51.76,1547.72,0
0,0,0,0,10,1,2,0,2,2,1,0,0,0,1,1,0,49.35,484.73,1
1,0,0,1,58,1,0,1,2,2,1,0,2,1,1,1,3,72.03,4169.24,0
1,0,1,0,36,1,0,0,1,2,0,2,0,2,0,1,2,118.52,4271.48,1
1,0,0,1,44,1,0,2,0,0,0,1,2,1,0,0,1,53.7,2360.1,0
0,0,1,0,57,1,0,1,0,0,0,2,2,2,2,1,2,38.6,2201.48,0
0,1,1,1,43,0,2,2,1,0,0,0,0,0,0,1,3,88.18,3788.07,1
0,0,0,0,23,1,2,2,0,2,0,2,1,0,0,0,3,108.08,2492.14,1
0,0,1,0,4,1,1,1,0,0,1,2,2,2,0,1,1,101.67,398.55,1
0,0,0,0,12,1,2,0,0,0,0,0,2,2,0,1,0,106.7,1270.71,1
0,1,0,0,49,1,0,1,2,2,0,0,0,0,0,1,2,21.64,1059.19,0
0,0,0,1,24,1,1,0,0,0,2,2,2,2,0,1,3,26.32,629.75,1
1,1,0,0,13,0,2,2,2,0,1,0,2,2,0,1,1,97.88,1262.77,1
0,0,1,1,68,1,0,0,0,1,0,0,1,0,2,0,0,59.71,4066.86,0
1,0,1,0,72,1,0,1,2,0,1,0,1,0,1,1,2,63.61,4580.68,0
1,0,1,0,34,1,0,0,0,1,0,1,0,0,0,0,0,58.2,1985.61,0
0,0,1,0,9,1,0,0,0,1,2,0,2,0,0,1,2,35.2,315.95,0
0,0,0,1,10,1,0,0,0,1,0,1,2,2,2,1,2,112.64,1128.79,0
1,0,1,1,65,1,2,1,2,0,1,0,0,2,0,1,1,91.74,5953.66,1
1,0,0,1,72,1,2,0,0,2,2,1,0,0,2,0,0,50.7,3656.07,0
0,0,1,0,54,1,1,1,0,2,1,0,0,0,0,0,2,77.74,4189.21,0
0,0,0,1,43,1,0,1,1,1,0,2,2,0,2,1,3,71.3,3061.35,1
1,0,0,0,59,1,1,2,1,0,2,2,0,1,0,1,0,66.16,3902.83,0
0,0,0,1,59,1,1,2,2,2,0,0,2,2,2,0,1,114.99,6779.44,0
0,0,1,1,67,1,2,1,0,0,2,1,1,1,0,1,2,63.54,4248.36,0
0,0,0,0,61,1,2,2,0,1,2,2,0,1,0,0,2,79.91,4878.61,0
1,0,1,1,38,1,2,1,0,0,1,0,0,1,0,0,2,44.41,1685.48,0
1,0,1,0,8,1,2,1,1,0,0,0,1,0,0,1,3,55.05,445.2,1
1,0,1,0,65,1,2,1,0,0,2,0,1,1,1,1,3,75.89,4927.63,0
0,0,0,1,5,0,1,0,0,2,2,2,0,1,0,1,2,111.35,556.21,1
0,0,1,0,43,1,0,1,1,2,2,2,0,0,0,1,3,115.99,4984.66,1
1,0,0,0,60,1,0,0,2,1,1,2,2,1,0,1,3,99.58,5973.5,1
1,0,0,1,26,1,2,1,0,1,0,2,2,1,1,1,2,100.77,2629.48,0
1,0,1,1,11,1,0,1,2,1,2,2,0,2,2,1,2,30.41,332.49,0
0,0,0,0,34,1,0,2,2,0,0,2,1,0,0,1,2,109.18,3712.42,1
1,1,0,1,2,0,0,0,2,2,1,2,0,0,0,0,3,113.61,236.41,1
1,0,1,0,21,0,2,1,0,1,1,0,0,2,0,0,3,41.52,862.91,0
0,0,0,0,26,1,2,2,1,1,0,1,0,2,2,0,2,69.27,1797.39,0
0,0,1,1,5,1,0,0,2,1,1,1,1,2,1,1,1,58.0,284.08,0
0,0,0,0,9,0,2,2,0,2,0,2,1,0,0,0,0,93.21,837.93,0
1,0,1,0,50,1,0,2,2,0,2,2,2,2,0,0,0,33.5,1667.38,0
0,0,1,0,10,1,2,1,2,0,1,1,1,0,0,1,3,91.96,918.81,0
0,0,0,0,58,1,0,1,1,0,1,0,2,0,1,1,1,103.46,5996.5,0
1,0,1,0,10,1,0,2,2,0,0,1,0,0,0,1,1,30.28,312.16,0
0,1,1,1,36,0,0,1,2,0,0,0,1,2,0,1,3,41.43,1484.68,1
1,0,1,0,56,1,1,0,2,0,2,1,0,2,2,0,0,30.69,1717.93,0
1,0,1,0,62,1,2,2,0,2,1,0,0,1,1,1,2,99.45,6169.61,0
0,0,0,0,37,1,2,0,0,0,0,0,2,0,0,0,0,20.45,758.71,1
0,0,0,0,41,1,0,0,2,1,0,0,0,1,2,0,0,108.13,4429.95,1
0,0,0,0,48,1,0,2,0,2,2,2,1,2,0,1,2,72.25,3463.33,0
0,0,0,0,22,1,2,0,0,1,2,0,2,2,0,1,2,39.93,876.67,1
0,1,1,0,61,1,0,1,0,1,1,2,2,2,1,0,1,33.41,2029.41,0
0,0,1,0,48,1,0,1,1,1,0,0,0,2,0,1,2,33.71,1614.91,1
1,0,0,0,64,1,1,1,0,2,1,1,2,2,1,1,3,45.12,2889.63,0
1,0,0,1,37,1,2,0,0,2,1,0,0,2,0,0,1,26.35,984.72,0
0,0,1,0,41,1,2,1,0,2,1,2,2,2,0,1,2,98.46,4039.5,0
1,0,1,1,5,0,2,0,2,0,1,2,0,2,0,0,2,45.74,237.63,0
0,0,0,1,52,0,0,0,1,2,0,2,0,0,0,1,3,19.76,1017.63,0
1,0,0,0,17,1,2,0,0,2,1,2,0,0,0,1,2,98.36,1677.58,0
1,0,0,0,62,1,2,0,2,2,0,2,2,2,0,1,1,77.13,4781.34,0
1,0,1,0,52,0,0,2,2,0,0,0,0,1,0,1,0,21.45,1117.76,0
0,0,0,0,20,1,2,1,0,0,1,0,0,2,1,1,3,40.89,814.97,0
1,0,1,1,16,1,2,1,1,0,1,2,0,2,0,1,3,50.67,806.6,0
0,0,1,0,7,1,2,1,0,2,0,0,1,2,2,1,0,112.55,784.88,0
1,0,0,1,66,1,2,2,0,1,0,0,1,2,0,1,3,61.09,4033.91,0
1,0,1,1,12,1,2,1,2,0,0,0,1,0,0,0,2,87.69,1054.63,0
1,1,1,0,43,1,2,1,0,2,0,0,1,2,0,0,2,96.32,4142.8,1
1,1,0,0,40,1,2,0,1,2,0,1,2,0,0,1,2,70.86,2832.54,1
1,0,0,1,1,0,0,1,0,2,1,1,0,2,2,1,1,28.4,34.06,0
0,0,0,0,58,1,0,0,2,2,1,0,2,2,0,0,1,112.16,6511.22,0
0,0,1,0,3,1,2,1,2,0,2,0,1,1,0,1,2,63.46,194.81,1
1,0,1,1,8,1,2,1,0,1,0,0,1,2,0,0,1,35.37,276.41,1
1,0,0,1,61,1,0,1,2,2,2,0,2,1,0,0,3,95.46,5820.43,1
1,0,0,0,5,1,2,0,0,1,1,2,0,2,2,1,2,106.88,542.61,0
1,0,0,1,26,1,0,1,2,1,2,0,1,1,1,0,3,91.86,2387.69,0
0,0,1,0,17,1,2,1,1,0,1,0,0,1,0,1,2,63.09,1072.97,0
1,0,1,0,66,1,2,0,0,2,0,0,0,1,2,0,2,117.09,7734.35,0
0,0,0,0,51,1,0,0,0,0,2,0,2,1,0,1,2,28.3,1452.07,0
1,0,0,0,47,1,2,0,0,1,1,1,0,1,0,0,1,33.01,1560.2,1
0,1,1,0,40,1,2,1,0,2,2,0,2,0,0,0,1,45.89,1830.7,0
1,0,1,1,27,1,2,1,2,0,0,1,0,1,0,1,3,31.54,843.04,0
1,0,0,0,40,1,2,1,1,0,0,1,1,0,1,1,2,63.23,2529.58,0
0,0,1,0,1,1,1,1,0,0,0,1,0,1,0,1,2,78.13,82.07,1
1,0,1,1,46,1,0,1,2,0,2,1,0,1,2,0,3,48.71,2246.02,0
1,0,1,0,11,1,2,1,0,0,0,0,1,0,2,1,3,21.28,237.4,0
1,0,0,1,39,1,2,0,2,0,2,2,2,1,0,1,2,74.58,2900.39,0
0,0,1,1,18,1,0,1,2,0,0,2,1,0,0,1,0,74.6,1339.49,1
1,0,0,0,47,1,1,0,2,0,2,2,2,1,2,1,3,105.77,4961.31,0
1,0,1,0,21,1,0,1,2,0,0,0,2,2,2,0,0,28.62,606.89,0
0,0,0,0,28,1,0,1,0,2,0,0,1,2,0,0,0,55.6,1548.51,0
0,0,1,1,1,1,2,1,1,1,1,1,0,2,0,1,3,41.54,43.56,1
0,0,0,0,14,0,1,0,0,2,2,0,2,2,1,0,2,28.57,396.85,0
1,0,0,1,20,0,0,0,0,2,1,0,2,1,0,0,2,48.54,970.03,0
1,0,0,0,45,1,2,0,2,2,2,1,0,0,2,0,3,99.14,4457.15,0
1,1,0,0,61,1,0,1,2,1,1,2,1,2,1,1,0,41.86,2558.24,0
0,0,0,0,27,1,2,1,0,0,2,2,2,1,2,1,3,110.06,2968.24,0
1,1,0,0,56,1,0,0,1,0,1,1,1,2,0,0,2,87.83,4922.79,0
1,0,0,0,52,1,2,1,2,1,1,2,2,2,0,1,1,27.86,1446.39,1
0,0,0,0,68,1,1,1,0,1,2,2,0,0,0,1,1,40.53,2754.21,0
0,1,1,0,37,1,0,1,1,0,2,0,0,2,0,1,0,21.69,803.44,0
0,0,0,0,31,1,0,1,0,0,0,2,2,2,2,1,3,29.87,924.67,0
0,0,1,0,49,1,2,1,2,1,0,1,2,0,0,1,2,90.73,4447.59,1
0,0,1,0,53,1,0,2,0,2,0,0,2,2,2,1,1,33.77,1798.17,0
1,0,1,0,39,1,1,0,1,0,0,2,0,2,1,0,3,47.65,1855.59,0
0,1,1,1,10,1,2,0,2,1,0,0,1,0,0,0,3,87.02,874.4,0
1,0,0,1,9,1,1,1,0,0,0,2,1,0,1,0,3,82.44,749.43,0
1,0,0,0,13,1,2,1,0,2,2,2,2,2,0,1,0,108.4,1400.84,0
0,0,0,0,18,1,0,2,0,2,2,0,1,2,0,0,2,51.82,933.92,0
0,0,0,0,12,1,0,0,2,1,2,0,2,0,2,1,1,55.13,653.93,0
0,0,0,0,72,1,1,0,0,2,0,0,1,2,0,0,1,27.84,2010.23,1
1,0,0,0,5,1,0,1,2,1,0,0,0,1,0,0,2,46.74,231.12,0
0,0,1,0,7,1,0,0,0,2,1,1,1,2,0,0,1,103.23,722.84,1
0,0,0,0,15,0,0,1,0,0,2,1,0,0,1,0,2,32.18,483.35,0
0,1,0,1,67,1,1,2,2,0,0,0,0,2,2,1,2,55.55,3723.52,0
0,0,0,0,18,1,2,0,0,0,2,2,0,0,2,0,3,103.0,1863.59,0
0,0,0,0,38,1,2,1,1,2,1,0,0,2,0,0,1,40.39,1535.06,1
1,0,0,0,26,1,2,0,1,2,0,2,1,2,2,0,3,34.05,890.3,0
1,0,1,0,38,0,0,1,2,0,0,2,2,1,0,1,3,18.94,729.25,1
1,0,1,1,59,1,2,0,0,0,0,1,1,0,0,0,3,110.51,6525.36,0
0,1,0,1,52,1,0,0,0,0,2,1,1,2,0,1,2,105.68,5502.04,0
0,0,0,0,33,1,2,0,0,2,2,2,0,1,0,0,1,37.2,1218.49,1
0,1,0,1,21,1,0,2,0,0,0,0,2,2,2,1,1,97.39,2038.96,1
1,0,1,1,17,1,2,1,1,0,1,0,2,2,2,1,0,116.06,1976.6,0
0,0,1,0,62,0,2,1,0,2,2,1,1,2,0,1,2,48.93,3041.7,0
0,0,0,0,59,1,2,0,0,2,0,0,0,1,0,0,3,85.41,5030.45,1
0,0,1,0,2,1,2,0,2,0,0,1,1,0,2,0,3,38.89,83.97,0
1,0,0,1,64,1,0,1,1,0,0,1,0,1,2,0,1,77.27,4939.01,0
0,1,1,0,25,1,2,1,0,2,0,0,1,2,0,1,2,51.17,1278.16,1
1,0,1,0,41,1,2,1,0,2,2,0,1,2,0,1,2,80.16,3293.44,0
0,1,0,0,19,1,1,1,1,1,0,0,1,0,2,0,3,85.38,1615.65,0
1,0,1,0,38,1,0,1,0,1,2,0,2,2,0,1,1,90.41,3438.69,0
1,0,0,0,25,0,2,0,0,2,0,0,0,0,2,0,0,109.02,2732.09,0
1,0,0,0,39,1,0,1,1,0,2,0,2,1,0,0,1,29.27,1144.07,1
0,0,1,0,4,1,0,0,2,1,2,0,0,1,2,0,2,45.92,174.24,0
0,1,0,1,3,0,0,0,1,1,2,0,0,2,0,0,2,35.34,109.12,0
1,0,0,1,34,0,2,1,2,2,1,0,2,0,2,1,0,62.09,2104.72,0
1,0,1,1,10,1,2,0,0,1,2,2,2,2,0,0,3,61.6,609.6,1
0,0,1,1,27,1,0,1,2,0,2,0,0,1,2,0,3,51.91,1399.4,0
0,0,1,1,1,1,0,2,2,2,2,0,0,0,0,1,0,117.51,122.96,1
1,0,0,0,44,1,0,0,0,0,2,2,0,2,0,0,3,94.73,4160.07,1
0,0,0,1,52,1,0,1,2,0,0,1,0,1,2,0,2,27.48,1428.69,0
0,0,0,0,25,1,2,1,1,2,1,2,0,0,2,0,3,58.67,1474.53,0
0,0,0,0,65,1,1,0,2,2,1,0,2,0,2,0,1,104.78,6810.35,0
0,0,0,1,11,1,0,1,2,1,1,0,0,1,0,1,2,35.0,381.23,1
1,0,0,0,68,1,2,1,1,1,2,0,2,2,0,0,3,64.9,4408.77,0
0,0,0,1,15,1,0,1,0,2,2,2,2,0,0,0,2,95.96,1449.16,0
0,0,1,0,57,1,2,2,0,0,0,2,0,2,2,1,0,26.88,1524.32,0
1,0,0,0,64,1,2,0,2,2,1,2,0,2,0,1,1,100.4,6423.83,0
1,0,0,1,11,1,0,1,0,0,0,2,2,2,1,1,0,29.37,328.06,0
0,0,0,0,20,1,0,1,0,1,0,2,2,0,1,0,2,64.83,1292.74,0
0,0,0,0,30,0,0,0,1,2,0,0,2,2,0,0,2,114.42,3439.49,1
0,0,1,1,10,1,0,2,0,0,2,2,0,0,2,1,2,69.42,696.51,0
0,0,0,0,54,1,0,0,1,1,0,1,0,0,1,1,1,108.79,5873.88,0
1,0,1,0,58,1,2,1,0,0,2,0,1,1,1,1,3,110.53,6419.24,0
1,0,0,1,29,1,2,1,0,0,0,0,2,2,2,0,3,61.39,1777.8,0
1,0,1,0,1,1,1,1,0,1,0,0,0,0,0,0,2,112.14,121.45,1
0,0,0,1,58,1,2,0,0,1,0,0,0,0,0,0,3,27.26,1572.53,0
0,0,0,0,21,1,1,0,2,0,2,0,1,2,1,1,3,53.07,1105.26,1
0,0,0,1,15,1,2,0,0,2,1,1,2,2,2,1,0,107.14,1598.74,0
0,0,1,0,67,1,0,1,0,0,1,0,2,0,1,1,0,71.66,4792.92,0
1,0,0,0,33,1,1,0,0,0,1,0,0,2,2,0,3,90.22,2971.9,0
1,0,0,1,38,1,2,1,0,2,0,1,0,2,2,1,0,22.54,854.67,0
0,0,0,0,19,1,0,0,0,2,2,0,1,0,2,1,0,85.1,1623.13,0
1,0,1,1,4,1,2,0,1,2,2,0,2,0,0,0,0,103.66,412.45,0
0,0,0,0,58,1,0,1,0,2,0,2,2,0,0,0,0,86.56,5013.01,0
0,0,1,1,70,1,1,1,2,0,2,0,2,2,0,1,2,114.04,7973.42,0
1,0,0,0,12,1,2,1,2,2,2,1,2,2,0,1,1,88.03,1057.51,1
0,0,1,0,17,0,2,0,2,0,0,2,1,0,1,0,2,50.0,844.63,0
0,0,0,0,1,1,1,0,2,2,0,2,0,0,0,0,3,43.81,41.03,1
1,1,0,1,14,1,0,2,2,1,2,1,2,1,1,1,2,81.51,1135.98,0
0,0,1,0,2,1,0,0,0,0,1,0,2,0,1,1,1,27.89,53.89,1
0,0,0,0,4,1,2,1,2,2,0,2,1,0,0,0,1,56.93,237.18,0
1,0,0,0,66,1,0,1,2,0,2,1,0,2,0,1,2,61.99,4100.8,0
0,1,1,0,46,1,2,0,1,0,2,0,0,0,0,0,3,78.73,3625.84,1
1,0,0,0,50,1,2,1,1,0,2,0,0,0,1,0,3,41.66,2077.73,0
0,0,1,0,60,1,0,2,0,1,2,0,0,0,0,0,2,111.47,6695.28,0
1,0,1,0,52,1,0,2,2,0,2,0,2,2,2,0,3,112.93,5862.57,0
1,0,1,1,48,1,2,1,1,1,0,1,2,2,0,1,3,78.29,3758.21,0
1,1,0,0,39,1,2,1,0,2,0,0,1,2,0,0,0,85.8,3353.74,0
0,0,1,0,70,1,0,0,2,0,2,0,2,2,0,1,1,49.12,3436.77,0
1,0,0,1,60,1,2,1,0,2,0,0,0,0,0,1,2,44.03,2636.7,0
1,1,0,0,30,1,2,1,2,1,1,1,1,0,0,1,3,45.35,1363.02,1
1,0,1,0,27,1,2,2,1,2,0,0,0,0,0,0,0,59.08,1601.53,0
1,0,0,0,55,1,0,0,1,2,1,1,0,0,1,0,2,111.63,6143.04,0
1,0,1,1,70,1,0,1,2,1,0,2,1,2,0,0,1,49.26,3443.25,0
0,0,0,1,26,1,2,1,0,2,0,0,2,1,0,1,1,47.23,1220.49,0
0,0,1,0,42,1,2,1,0,2,0,1,0,0,0,0,0,51.0,2137.48,0
0,0,1,1,67,1,2,0,1,0,1,0,2,0,0,1,3,41.82,2794.81,0
0,0,0,0,67,1,2,0,0,1,0,1,2,2,0,0,2,91.4,6132.97,1
0,0,0,0,52,1,0,1,2,0,1,0,0,1,0,1,3,58.78,3053.92,1
0,0,1,1,6,1,0,1,2,2,0,0,0,2,2,1,0,65.29,401.09,0
0,0,0,0,10,1,0,1,2,0,2,1,1,0,0,1,2,90.14,902.93,0
1,1,1,0,38,1,2,1,1,0,2,2,0,2,2,0,0,83.61,3180.99,0
0,0,0,1,12,1,0,1,1,1,2,0,2,1,0,1,0,58.9,715.0,1
1,0,0,0,46,0,2,1,0,0,2,0,1,0,0,0,3,20.58,956.55,1
1,1,1,1,49,0,2,0,2,0,0,0,2,2,2,1,1,107.96,5299.02,0
0,0,1,0,72,0,2,0,0,0,0,0,0,2,0,0,0,29.75,2140.95,0
1,0,1,0,63,1,2,2,1,0,0,2,0,2,0,1,2,102.93,6488.44,0
1,0,1,0,69,1,0,1,2,0,1,2,2,2,0,0,2,93.5,6449.27,0
1,0,1,0,43,1,2,0,0,2,1,1,2,0,0,1,2,102.08,4392.05,0
1,0,0,0,60,1,0,0,2,2,2,1,0,2,1,1,1,108.11,6487.04,0
0,1,0,1,29,0,0,1,0,2,2,1,1,2,1,0,1,22.9,654.47,1
0,0,1,0,11,1,0,1,0,0,0,0,0,0,2,1,0,62.24,691.96,0
0,0,0,0,35,1,0,2,0,2,2,0,0,2,0,1,3,24.06,839.23,0
0,0,0,0,23,1,2,1,0,2,2,1,0,0,1,1,1,50.13,1151.97,0
0,0,0,0,72,1,0,0,1,1,0,0,0,2,2,0,0,32.4,2329.7,0
0,0,0,0,21,1,2,1,0,2,0,1,0,0,1,1,3,76.39,1603.85,1
0,0,0,0,37,1,0,0,2,1,1,2,2,2,0,0,0,80.15,2965.48,0
0,0,1,0,28,1,2,0,0,1,1,0,1,0,1,1,2,75.4,2113.85,1
0,0,1,0,58,1,0,0,1,0,0,0,0,0,1,0,1,40.72,2359.27,0
0,1,1,0,53,0,0,0,0,2,1,0,2,2,0,0,2,42.88,2267.2,0
1,0,1,0,28,1,0,2,0,2,2,2,2,2,1,0,1,49.19,1375.26,0
0,0,1,0,42,1,2,1,0,1,1,0,2,1,2,1,2,33.9,1420.23,0
1,0,0,0,61,1,0,0,2,1,2,2,2,2,0,1,3,61.71,3765.67,0
1,0,1,1,33,1,2,1,2,1,1,0,2,2,0,1,0,89.05,2943.18,1
1,0,0,0,55,1,2,1,0,1,2,0,0,2,1,0,2,99.01,5449.89,0
1,1,1,1,37,1,0,2,0,2,0,0,0,0,0,0,1,20.57,768.92,0
0,0,0,1,47,1,1,2,1,0,0,1,1,2,0,1,0,22.8,1065.71,0
1,1,0,0,36,1,2,0,0,1,0,2,2,2,1,1,2,80.96,2914.63,0
0,0,1,0,28,1,0,2,0,2,2,1,0,0,0,0,1,64.25,1801.49,0
0,1,1,0,10,1,2,0,0,0,0,0,1,2,0,1,2,52.83,528.61,1
1,0,0,0,23,1,0,0,0,2,2,2,0,0,2,1,2,96.65,2225.76,0
0,1,1,0,5,1,2,0,0,2,0,2,2,1,0,1,2,67.62,345.25,1
1,0,1,1,6,1,2,0,1,2,2,1,0,2,0,0,2,77.38,456.12,1
1,0,1,0,42,1,2,2,0,2,0,1,1,0,2,1,1,52.04,2183.14,0
0,1,0,0,47,1,0,1,2,0,2,2,1,1,0,0,3,48.12,2261.75,0
0,0,0,0,28,1,2,1,1,0,0,2,2,0,0,1,0,113.6,3181.26,0
1,0,0,0,13,1,2,2,0,2,1,0,0,2,0,1,1,88.47,1140.35,1
0,0,0,0,25,1,0,1,0,1,1,0,0,2,0,0,2,51.45,1287.79,1
0,1,0,0,7,0,2,0,0,1,2,1,2,1,0,1,1,118.65,834.47,1
0,0,0,1,66,0,0,1,0,2,2,1,2,1,1,1,0,23.68,1560.67,0
1,0,0,0,58,1,2,2,0,2,2,1,2,0,0,0,2,61.45,3572.37,0
1,0,1,0,66,1,2,2,1,2,1,2,2,0,0,0,3,116.85,7715.71,0
0,0,1,0,36,1,0,1,0,0,2,2,2,2,0,1,1,108.68,3915.09,0
0,0,0,0,2,1,0,2,1,0,2,1,0,0,1,1,1,63.84,121.78,0
0,0,0,0,38,1,2,2,0,0,2,0,0,0,0,1,0,90.0,3429.62,0
0,0,1,0,14,1,0,0,1,2,1,0,1,0,0,1,1,55.46,775.74,1
0,1,1,0,27,1,2,1,0,0,1,0,2,0,0,1,3,66.42,1784.04,1
1,0,0,0,15,0,2,0,0,1,0,0,2,2,0,1,3,83.15,1238.73,0
0,0,0,1,12,1,1,1,2,0,1,1,2,0,0,0,2,55.83,666.68,1
1,0,1,1,43,1,0,2,0,0,0,1,1,0,0,0,3,96.13,4124.42,0
0,0,0,1,57,1,0,2,0,2,0,0,1,2,2,0,1,53.21,3026.34,0
1,0,0,1,48,1,2,1,0,2,0,2,2,2,0,1,2,38.91,1871.24,0
0,0,0,0,61,0,0,2,0,0,2,2,2,1,0,0,2,43.79,2668.04,0
1,0,1,0,44,1,0,0,2,0,2,2,1,2,0,0,1,109.07,4797.32,0
0,0,1,1,52,1,2,0,0,0,0,2,0,1,0,1,1,94.06,4900.17,0
1,0,1,0,62,1,1,0,0,2,2,2,0,0,0,1,2,108.58,6734.87,0
1,0,1,1,2,1,0,1,0,0,0,2,0,0,0,0,1,111.74,219.32,1
1,0,0,0,71,1,0,2,0,2,1,0,0,0,0,1,2,19.45,1377.77,1
1,0,1,1,31,1,1,1,0,0,0,0,2,0,0,1,0,37.61,1174.82,1
1,0,0,1,72,1,1,2,0,1,1,1,0,1,0,1,2,57.61,4146.84,0
1,0,1,1,33,1,0,1,0,0,0,2,2,2,1,1,3,39.25,1294.0,1
0,0,1,0,5,1,0,1,1,2,2,0,0,2,0,0,0,23.73,114.15,1
1,0,0,0,58,1,0,1,0,1,2,0,1,2,1,1,0,111.55,6466.32,0
0,0,0,1,11,1,2,2,0,0,2,0,2,2,0,1,1,107.59,1188.66,1
0,0,1,0,23,1,2,0,2,1,2,0,1,1,2,1,1,37.38,866.0,0
0,0,0,1,45,0,0,0,1,0,2,2,0,2,1,1,2,67.61,3037.32,0
0,0,0,0,27,1,0,0,1,0,2,0,2,2,2,0,1,116.52,3154.82,0
0,1,0,0,56,1,0,2,0,0,2,0,0,0,0,1,2,77.62,4343.08,0
1,1,0,1,59,0,0,2,2,2,0,2,2,2,2,0,0,72.6,4287.6,0
1,0,1,0,40,0,0,1,1,0,0,0,2,1,1,0,3,60.91,2438.77,0
1,0,0,0,18,1,2,2,1,0,0,2,2,2,1,1,3,31.01,548.77,0
0,0,0,0,51,1,0,1,0,0,2,0,2,2,1,1,0,29.75,1524.48,0
1,0,1,0,61,1,0,1,0,0,0,2,1,0,0,0,2,106.24,6483.26,1
1,0,1,0,23,1,2,2,1,0,2,2,1,0,0,0,1,42.58,980.93,0
1,0,0,0,36,1,2,1,0,2,1,0,0,2,2,1,2,45.53,1640.12,0
1,0,1,0,38,1,2,1,0,2,2,0,0,0,0,1,1,31.93,1216.64,1
1,0,1,0,72,1,0,0,0,2,1,2,0,2,1,1,2,57.69,4145.33,0
0,0,0,0,56,1,1,0,0,1,2,1,0,2,2,0,0,81.22,4553.47,0
1,0,1,0,39,1,0,1,0,2,1,2,2,0,0,1,1,72.58,2826.73,0
0,0,1,0,69,1,0,0,0,2,1,2,2,1,1,0,0,21.69,1495.04,0
0,0,0,0,28,1,0,1,0,2,0,2,0,2,2,1,2,65.41,1822.31,0
0,0,0,0,21,1,2,1,1,0,0,0,0,1,0,1,0,60.32,1259.47,0
0,0,1,0,62,1,2,1,1,0,2,0,1,0,1,1,0,44.61,2771.96,0
0,0,0,0,23,1,0,1,0,2,2,1,2,2,0,1,1,83.49,1917.6,1
1,0,0,1,21,1,0,2,0,0,2,2,0,2,0,1,2,112.7,2371.25,1
1,0,0,0,16,1,2,0,1,0,0,0,2,1,1,1,1,88.65,1415.86,1
1,0,1,0,62,1,0,1,0,1,2,1,1,2,2,1,0,36.31,2258.59,1
0,0,1,0,65,1,2,2,0,2,0,1,0,2,2,1,2,83.73,5442.26,0
1,1,1,1,5,1,2,0,0,0,0,2,0,0,0,0,3,33.46,163.74,1
1,0,0,1,46,1,2,0,0,2,0,1,0,0,2,1,0,73.18,3372.06,0
0,0,0,0,64,0,2,1,0,0,2,0,0,2,1,0,2,114.89,7354.34,0
0,0,0,0,41,0,0,1,1,0,0,2,2,2,0,0,3,115.89,4752.77,1
0,1,0,0,44,1,2,0,1,0,2,2,1,0,0,0,1,107.01,4712.89,0
0,0,0,0,15,1,0,1,2,2,0,0,0,0,1,1,2,55.16,837.16,0
1,1,1,0,68,1,0,1,0,0,0,0,2,2,0,1,3,89.1,6056.23,0
0,0,0,0,51,1,0,1,0,2,2,2,1,1,2,0,0,35.31,1801.48,0
0,0,0,0,54,1,0,1,0,1,0,2,2,0,0,1,2,111.74,6029.88,0
1,1,0,0,68,1,0,1,1,0,1,2,2,2,0,1,3,63.99,4349.08,0
1,0,1,0,42,1,0,1,0,0,1,1,2,0,2,1,1,75.4,3158.05,0
0,0,0,0,46,1,0,1,1,0,1,2,1,0,0,1,2,56.93,2616.75,0
1,0,1,0,25,1,2,1,0,2,2,0,2,2,0,0,2,59.91,1491.65,0
0,0,1,1,67,1,0,1,2,1,2,0,1,1,0,1,1,55.89,3746.81,0
0,0,0,1,35,1,0,2,0,1,0,1,0,2,0,1,2,66.09,2304.01,1
1,0,0,0,22,1,0,1,0,0,1,0,2,1,2,1,2,104.62,2294.22,1
1,0,1,0,9,1,0,1,0,0,2,0,0,2,1,0,0,103.17,929.28,0
0,0,0,0,24,0,2,0,2,0,1,0,1,0,1,1,1,52.15,1249.79,0
0,1,1,1,23,1,2,2,2,1,0,0,0,1,2,0,3,29.71,681.51,0
0,0,1,0,61,1,0,1,0,2,1,2,2,2,0,0,3,63.44,3870.67,0
1,0,1,0,37,1,0,1,0,0,2,0,2,0,0,0,1,18.79,689.86,0
0,0,0,0,45,1,2,1,1,1,0,2,2,0,0,0,0,93.43,4197.23,0
0,0,0,0,15,1,1,0,0,0,0,0,2,0,0,1,1,18.52,269.53,1
0,0,0,0,57,1,0,1,2,0,0,0,2,2,0,1,0,38.99,2230.02,0
0,1,0,0,14,1,2,0,0,0,0,0,0,2,2,0,3,33.36,472.53,0
0,0,1,0,52,1,2,1,0,1,1,0,0,0,0,1,3,106.02,5510.47,0
1,0,1,1,36,1,1,0,0,0,1,1,0,0,0,0,1,118.7,4268.71,0
0,0,0,1,27,1,0,0,2,0,2,0,2,2,2,0,1,32.95,890.03,0
0,0,1,1,17,1,2,0,2,0,0,2,1,2,0,1,1,75.4,1273.5,1
0,1,0,0,41,1,0,1,2,2,0,0,0,2,0,1,2,101.27,4160.42,0
0,0,0,1,4,1,2,1,0,0,1,0,1,0,0,1,3,53.66,216.17,1
1,0,0,1,3,1,1,0,0,1,0,2,0,1,2,0,2,43.87,140.23,0
1,0,1,1,19,1,0,1,2,1,0,0,2,2,0,1,3,47.52,911.79,0
1,0,0,1,41,1,0,1,0,2,2,0,1,2,0,0,2,50.7,2079.61,0
0,0,0,0,40,1,2,1,1,1,0,0,0,1,0,1,2,44.02,1760.75,0
0,0,1,1,58,1,2,0,0,0,2,0,2,1,0,1,2,24.97,1444.32,1
1,0,0,0,39,1,2,0,0,2,0,2,0,1,0,0,1,110.63,4320.94,1
1,0,1,0,7,1,0,2,2,1,1,0,2,0,0,0,2,108.7,769.84,1
1,0,1,1,36,0,2,2,2,2,2,2,2,1,2,1,1,103.91,3734.29,0
0,1,1,0,20,1,2,1,0,1,0,2,1,0,1,0,0,95.33,1912.28,0
0,1,1,0,29,0,0,1,0,2,1,1,1,2,2,0,2,93.45,2703.71,0
1,0,0,0,68,1,2,1,0,0,2,0,2,2,0,0,1,89.2,6059.17,0
1,0,1,1,66,1,2,0,1,2,2,0,0,2,2,1,2,103.9,6852.65,0
1,0,1,0,47,1,2,2,0,2,0,1,0,2,0,0,2,23.73,1119.15,0
0,0,1,0,23,1,2,0,0,2,1,0,0,2,2,1,2,95.61,2190.43,0
0,0,1,1,6,1,2,1,1,0,0,2,0,0,1,1,1,105.52,629.52,0
0,0,1,1,18,1,2,1,2,0,0,1,0,0,0,1,3,83.45,1502.6,1
1,1,1,0,53,1,0,1,1,2,2,0,0,0,2,1,1,103.54,5493.55,0
1,1,0,0,22,1,2,1,0,2,1,0,2,2,0,1,2,48.15,1055.97,1
0,0,0,0,68,1,0,1,2,0,0,1,0,2,1,1,1,54.58,3711.4,0
1,0,0,0,35,1,2,0,2,1,2,0,0,0,0,0,1,79.57,2787.53,1
0,0,0,1,9,1,2,0,1,1,0,0,2,0,1,1,3,32.48,287.45,0
1,0,1,0,31,1,2,2,0,0,0,0,2,1,0,0,2,37.47,1170.17,0
1,0,0,0,43,1,2,1,2,0,0,2,0,1,0,1,2,118.14,5077.26,1
1,0,0,0,17,1,0,2,2,1,0,1,2,2,0,1,2,97.39,1660.58,1
1,1,1,0,51,1,0,1,0,1,1,1,1,0,2,0,0,29.59,1512.43,0
0,0,0,0,66,1,1,1,2,2,2,0,2,2,2,0,3,29.98,1981.51,0
1,0,1,0,24,1,0,1,2,0,0,2,0,2,1,0,2,57.7,1382.97,0
0,0,1,0,15,0,2,0,0,1,0,0,1,0,2,1,3,118.53,1785.26,0
0,0,0,0,28,1,0,1,1,1,2,0,1,1,0,0,0,116.24,3260.4,1
0,0,1,0,3,1,0,2,1,0,1,0,0,0,0,0,2,65.75,198.53,0
1,1,1,0,29,1,0,2,2,0,2,2,2,2,1,0,3,62.66,1813.4,0
0,0,1,0,52,1,0,1,1,0,2,2,0,2,1,0,0,77.47,4029.62,0
0,0,1,0,54,1,2,1,0,1,2,0,2,1,0,1,0,84.77,4569.32,0
0,0,1,0,58,1,2,2,0,2,2,0,2,1,2,1,3,44.86,2602.72,0
1,0,0,1,45,1,1,1,2,0,2,1,1,1,0,0,3,35.41,1597.44,0
1,0,0,0,50,1,2,2,1,0,0,2,2,0,2,0,3,100.34,5025.42,1
0,0,0,0,22,1,0,1,1,1,0,2,0,0,0,0,1,53.84,1188.84,1
1,0,1,0,52,1,2,2,1,0,2,2,1,1,0,1,2,22.18,1148.05,0
0,0,0,0,53,1,0,0,2,0,1,1,2,1,1,1,3,104.45,5526.88,0
0,0,0,1,31,1,2,1,1,2,2,0,1,1,0,0,1,92.07,2849.88,1
1,0,1,0,71,1,1,0,0,1,0,1,2,0,2,1,1,90.73,6439.77,0
0,0,0,1,48,1,2,1,2,1,2,1,0,2,1,0,2,83.74,4009.8,0
1,0,0,1,31,1,0,1,2,1,0,2,2,2,1,0,3,59.86,1864.58,0
1,0,0,0,4,1,1,0,0,2,2,2,0,2,1,1,2,107.5,431.71,0
0,0,1,0,35,1,1,1,1,0,2,0,0,2,0,0,0,54.97,1932.85,0
1,0,1,0,67,1,0,0,1,2,0,2,1,2,2,1,2,45.17,3023.34,0
1,0,0,0,64,1,2,0,0,0,0,0,0,1,0,0,3,72.49,4643.71,0
0,0,0,1,9,1,1,0,0,2,2,0,0,0,0,0,1,64.84,586.4,1
0,0,0,0,46,1,2,1,0,0,0,0,2,2,2,1,2,21.64,990.33,0
1,0,0,0,56,1,2,0,0,2,2,2,0,2,0,0,2,47.09,2632.51,0
1,0,0,1,56,1,0,0,2,0,2,0,0,1,0,1,1,56.58,3166.56,0
0,0,1,0,26,1,1,0,0,2,2,0,0,2,2,1,0,97.83,2537.47,0
1,0,0,0,60,1,2,0,0,0,0,2,1,0,2,0,0,58.2,3488.59,0
1,0,1,0,72,1,0,0,0,0,1,0,1,2,0,1,1,112.69,8115.1,0
1,0,0,0,48,0,0,1,2,0,0,2,2,2,1,1,1,92.69,4444.0,0
1,0,0,0,58,1,2,1,0,2,0,2,1,0,1,1,2,100.57,5828.8,0
1,1,1,0,63,1,0,2,2,2,2,1,1,0,0,1,2,107.75,6796.17,0
1,0,0,0,58,0,0,0,1,0,0,0,2,0,2,0,2,37.92,2198.8,0
1,0,1,1,3,1,1,2,0,1,2,2,2,2,1,1,3,98.9,300.87,0
0,0,1,0,7,1,2,1,1,0,0,0,1,2,0,0,0,37.67,259.08,1
0,0,1,1,52,1,0,1,2,1,1,2,1,0,2,1,2,73.47,3822.36,0
0,0,1,0,62,1,2,1,0,1,0,2,1,2,0,1,1,49.01,3042.29,0
0,0,1,0,2,1,0,0,1,0,0,0,2,1,1,1,0,68.27,132.61,0
0,1,1,0,33,1,0,1,0,0,0,0,1,2,2,1,3,39.45,1300.6,0
1,1,0,1,12,1,2,2,2,0,0,2,0,0,2,0,3,114.87,1385.3,0
1,0,0,0,48,1,0,2,0,1,2,2,0,2,2,1,0,85.18,4092.72,0
1,0,0,1,53,1,0,2,0,0,0,0,1,0,2,1,2,43.45,2310.73,0
1,0,1,0,41,1,1,2,2,0,0,2,1,2,1,0,0,42.03,1716.93,0
0,0,0,0,58,1,2,1,1,2,0,1,0,2,1,1,3,34.11,1981.84,0
1,0,0,0,68,1,1,1,0,0,0,2,0,0,0,1,1,96.35,6542.11,0
1,0,1,1,23,1,2,2,0,0,2,2,0,1,0,0,2,66.45,1523.17,1
0,0,0,0,36,1,0,1,2,2,1,1,2,1,0,1,2,108.13,3883.85,0
1,0,1,0,21,1,1,0,2,2,0,0,0,0,2,0,3,18.37,390.91,0
1,0,0,0,72,1,1,1,0,0,1,2,1,2,1,0,0,68.17,4908.35,0
0,1,1,0,55,1,2,1,0,2,1,0,2,1,0,1,2,67.2,3696.08,0
1,0,1,1,56,1,2,1,0,0,1,0,1,1,0,1,1,117.0,6550.13,0
1,0,0,0,13,1,2,2,2,0,2,0,2,2,0,1,2,91.12,1175.7,1
1,0,1,0,22,1,0,1,1,2,1,2,2,2,2,1,2,72.44,1598.92,0
1,0,1,0,7,1,0,2,0,2,0,1,2,0,0,0,3,76.66,540.96,1
1,0,0,0,24,1,2,2,2,1,2,0,0,0,0,1,1,88.51,2128.56,1
0,0,0,1,61,1,2,0,0,2,2,0,0,2,0,1,2,110.59,6755.87,0
0,0,0,0,5,1,2,0,2,2,2,0,2,2,0,1,3,24.66,130.07,1
0,0,1,1,50,1,0,1,0,2,2,2,0,0,2,0,3,24.7,1230.34,0
0,0,1,0,62,1,2,2,0,2,2,1,0,0,0,0,0,38.91,2405.33,1
0,0,0,0,55,1,1,0,1,0,1,2,1,1,0,0,2,62.65,3444.74,0
0,0,1,0,26,1,1,1,0,0,1,2,2,2,0,1,0,53.36,1394.02,1
1,1,1,0,10,1,2,1,2,0,0,0,0,0,1,0,1,23.48,227.97,0
0,0,0,1,11,1,2,1,2,0,2,1,2,1,0,0,2,78.39,867.81,0
0,0,1,1,40,1,0,0,2,0,2,0,2,0,0,0,1,102.99,4128.39,0
1,0,1,1,11,1,2,0,1,0,0,1,2,1,2,1,2,23.87,255.34,1
1,1,1,1,4,0,0,0,0,1,0,0,2,2,0,1,2,70.82,286.94,1
0,0,1,0,2,1,1,1,1,1,1,1,2,1,2,1,2,116.9,228.1,1
1,0,1,1,39,1,2,0,0,0,1,0,2,1,0,0,3,23.3,918.61,0
0,0,1,0,23,1,0,2,1,2,1,2,2,2,0,0,3,47.84,1108.15,0
1,0,1,0,45,1,0,1,2,0,2,1,0,0,1,0,2,62.67,2817.58,0
0,0,0,0,42,1,0,1,1,0,2,2,0,0,0,0,3,35.68,1489.44,1
1,1,0,0,42,1,0,2,2,2,2,0,0,0,0,1,2,73.65,3084.2,0
1,0,1,0,29,1,1,1,1,2,2,1,2,1,1,1,2,103.88,3012.37,0
0,0,0,1,16,1,2,0,0,1,1,1,2,0,0,1,1,55.04,889.79,0
0,0,1,0,67,1,0,2,2,0,1,0,0,2,2,1,0,19.13,1288.64,0
0,0,1,0,60,1,0,0,0,2,2,2,1,1,0,0,3,79.93,4795.38,0
0,1,1,0,4,1,2,0,1,0,1,0,0,2,1,0,3,106.92,422.01,0
0,0,0,1,16,1,2,1,0,2,2,0,2,0,0,1,3,97.99,1559.17,1
1,0,0,0,41,1,2,0,0,2,0,1,2,0,0,1,2,83.65,3427.35,0
0,0,0,1,6,1,0,1,0,0,0,2,2,2,2,1,0,96.19,583.47,1
0,0,1,0,42,1,0,1,2,0,2,0,0,0,1,0,2,50.66,2127.42,0
1,0,1,0,57,1,2,1,1,1,0,0,0,1,2,0,0,67.07,3822.47,0
1,0,0,0,28,1,0,0,2,0,2,0,0,0,0,1,2,56.91,1593.0,1
0,0,1,0,23,1,1,1,1,2,0,2,0,0,0,1,2,22.27,506.44,0
1,0,0,0,42,1,2,0,0,2,0,2,1,2,0,0,2,42.91,1808.45,0
1,0,0,0,12,1,0,0,0,0,2,0,2,1,1,1,3,68.18,823.22,0
0,0,0,1,64,1,2,1,1,2,1,0,2,1,0,0,2,83.12,5315.66,0
1,0,0,0,58,1,2,1,0,1,1,0,1,0,0,0,0,20.19,1164.7,0
1,0,0,0,51,1,2,1,0,2,2,1,0,1,0,1,2,111.4,5687.18,0
0,0,0,1,29,1,2,0,0,2,0,2,0,2,1,1,1,78.28,2279.67,0
0,1,0,0,19,1,0,2,2,0,0,0,1,0,0,1,1,102.11,1932.87,1
1,0,1,1,45,1,2,0,0,2,0,0,1,2,0,0,2,36.79,1648.74,0
1,1,0,1,54,1,2,1,2,0,0,0,0,2,0,0,3,81.32,4393.09,0
0,1,1,0,66,1,1,0,0,1,2,0,1,1,0,1,0,26.4,1742.05,0
1,0,1,0,72,1,2,1,2,0,1,0,0,0,0,1,3,63.75,4583.04,0
1,0,1,1,13,1,2,1,1,1,2,0,2,2,2,0,2,88.33,1150.29,0
1,0,1,0,65,1,2,1,0,0,2,0,1,0,0,0,2,84.7,5495.96,0
0,0,0,0,12,0,2,0,1,0,0,1,1,0,0,1,3,41.72,500.5,1
1,0,0,1,71,1,0,1,2,2,0,0,0,1,0,1,1,29.41,2080.43,0
1,0,1,0,14,1,0,1,1,0,1,1,0,0,0,1,2,53.98,753.32,1
0,0,1,0,42,1,0,1,1,0,0,2,1,2,0,1,2,79.6,3352.86,0
1,0,0,1,48,1,0,0,2,0,2,2,0,0,0,0,1,27.26,1305.84,0
1,0,0,0,24,1,0,1,1,2,1,0,0,2,0,1,2,102.38,2454.1,0
0,0,0,1,65,1,0,0,0,0,0,0,2,2,0,0,3,68.89,4476.53,0
0,0,1,0,17,1,2,0,2,0,1,0,2,2,0,0,0,104.45,1776.7,1
0,0,0,0,38,1,0,0,0,2,2,0,0,0,2,1,3,83.48,3162.44,1
0,0,0,1,28,1,0,0,2,0,2,2,0,2,0,1,2,116.15,3258.53,0
1,0,1,0,33,1,0,1,1,1,0,2,1,0,0,1,1,67.65,2228.39,1
1,1,1,0,24,1,2,1,2,2,0,0,2,1,0,1,3,91.18,2195.26,0
0,0,1,0,70,1,2,2,0,0,2,1,0,0,0,0,3,67.51,4718.51,0
0,0,1,0,4,1,2,1,0,1,0,0,1,2,2,1,0,35.26,139.66,0
1,0,0,1,33,0,1,1,1,0,2,0,1,0,0,1,2,27.25,909.01,0
0,0,1,0,10,1,0,1,2,1,2,2,0,0,0,1,1,41.96,413.46,1
1,0,1,0,36,1,2,2,0,2,0,0,1,1,0,1,1,76.37,2749.56,1
0,1,1,0,31,1,0,1,2,2,1,0,1,2,0,0,3,101.98,3157.81,0
1,0,1,0,4,1,2,1,0,2,2,2,0,0,2,1,2,32.49,132.91,1
0,1,0,0,8,1,1,2,1,1,0,2,1,2,1,0,1,111.13,880.48,0
0,0,1,0,27,1,0,0,2,2,2,0,0,0,1,1,1,66.35,1797.56,1
1,0,0,0,36,0,0,1,2,1,2,2,0,0,0,0,2,68.92,2483.87,1
0,0,1,0,9,1,2,0,0,2,0,2,2,2,2,1,1,21.39,199.88,0
1,1,0,0,43,1,0,2,2,2,0,0,1,0,0,1,3,115.69,4979.88,0
1,0,0,1,24,1,0,2,2,2,2,0,2,1,0,1,1,24.35,577.14,1
1,0,0,0,37,0,0,1,2,0,0,0,2,2,1,1,3,47.41,1761.54,0
1,0,0,0,41,1,0,1,0,2,0,0,2,0,0,0,3,81.78,3350.81,0
1,0,0,0,26,1,2,1,2,1,1,1,2,0,0,1,3,82.73,2150.79,1
0,0,1,0,4,1,0,1,0,1,1,1,1,1,1,0,1,61.25,236.21,0
0,1,0,1,1,1,0,2,0,2,2,0,1,2,0,1,0,105.58,100.12,1
1,0,0,0,20,1,0,1,0,0,0,2,1,1,0,1,2,51.69,1029.62,0
0,0,0,1,45,1,0,2,1,0,0,2,2,2,1,1,0,33.81,1527.55,0
1,0,1,0,69,1,0,1,0,1,1,0,2,1,0,0,2,22.45,1548.55,0
0,0,1,0,52,1,0,1,0,2,2,0,2,2,0,1,3,31.95,1658.68,0
0,0,0,0,64,1,2,0,2,0,0,2,0,2,0,1,2,114.24,7320.33,0
0,0,1,0,21,1,2,0,0,2,1,0,2,2,1,1,0,49.41,1032.35,0
0,0,1,0,72,1,0,2,1,0,2,1,1,2,0,1,3,84.26,6066.36,0
1,0,1,0,25,1,2,1,0,2,2,1,1,2,0,0,0,115.6,2885.17,0
1,1,0,0,67,1,2,1,2,0,0,1,2,0,1,1,3,107.26,7181.1,0
0,1,0,1,26,1,0,1,1,1,1,2,0,1,0,0,1,68.94,1800.16,0
0,0,0,0,27,1,0,0,0,0,0,1,0,0,1,1,2,26.74,723.24,0
1,0,1,0,52,1,2,1,2,0,0,0,2,0,0,0,2,90.52,4697.04,0
0,1,1,0,63,1,2,1,0,0,2,0,0,0,0,0,2,31.5,1977.45,0
1,0,1,0,45,1,0,2,0,0,0,2,1,2,0,0,0,33.12,1498.01,0
1,0,0,0,58,1,0,1,0,0,0,1,1,2,0,1,0,106.63,6175.78,1
1,1,0,1,38,1,0,2,0,0,2,2,2,1,0,0,2,85.29,3248.89,0
0,0,1,1,35,1,0,1,2,1,0,2,0,2,0,1,1,111.75,3905.36,1
1,0,0,0,46,1,2,0,0,2,0,2,0,0,0,0,3,114.55,5278.93,0
0,0,0,1,71,1,2,2,1,2,2,0,2,1,0,1,2,64.52,4583.39,0
1,0,1,1,3,1,2,0,2,2,0,0,2,2,2,1,2,85.49,266.09,0
0,0,1,0,6,1,0,1,2,0,0,1,0,1,0,1,1,84.07,504.74,1
0,0,0,0,13,1,0,0,0,2,0,0,1,0,0,0,2,29.58,390.21,1
0,0,1,0,46,1,2,1,1,1,1,0,0,1,0,1,2,80.47,3697.1,0
1,0,0,1,33,1,0,0,2,0,2,0,1,0,0,0,1,29.37,962.33,1
1,0,1,0,62,1,2,1,1,1,2,2,0,0,0,1,3,104.26,6456.22,0
0,0,0,0,63,1,2,2,1,0,0,0,1,0,2,1,1,111.54,7023.66,0
0,0,0,0,56,1,2,1,0,2,2,2,2,1,1,0,2,57.34,3208.76,0
0,0,0,0,39,1,2,1,2,2,1,0,1,2,0,0,0,87.97,3427.23,0
1,0,0,0,60,1,2,1,2,0,0,1,1,1,1,0,2,88.57,5323.42,0
1,0,0,0,24,0,0,2,2,2,2,2,1,0,0,1,2,23.29,551.75,1
1,0,0,0,50,1,2,0,2,1,0,0,0,2,2,1,1,34.65,1726.53,0
1,0,1,0,33,1,0,0,1,1,2,2,0,2,0,0,1,107.27,3533.99,1
0,0,1,0,7,1,2,0,2,0,2,0,2,2,2,0,1,38.16,271.76,0
0,0,0,1,46,1,0,1,0,1,0,0,2,1,1,1,1,94.45,4348.04,0
1,0,0,0,62,1,0,1,0,0,0,1,2,2,2,0,0,77.73,4812.8,0
1,0,1,0,1,0,2,1,1,0,0,1,2,0,0,1,2,89.99,80.51,1
0,0,1,0,65,1,2,1,2,0,0,1,0,0,2,1,3,33.2,2148.79,0
1,1,0,0,45,1,2,1,0,2,1,2,2,0,0,1,2,99.1,4454.37,1
1,0,1,0,55,1,1,1,0,0,2,0,0,1,2,1,2,55.03,3031.77,0
1,0,0,0,66,1,2,1,0,0,1,1,2,0,0,0,1,117.57,7767.56,0
1,0,0,1,67,1,2,0,1,0,2,0,0,0,1,0,2,61.78,4147.32,0
1,0,0,0,54,1,0,0,2,0,2,1,0,1,0,1,3,50.18,2708.37,0
1,1,1,0,63,1,2,1,0,2,0,0,2,0,0,0,1,32.63,2062.12,0
0,0,1,0,54,1,2,2,0,0,1,0,2,1,0,1,2,25.29,1370.03,0
1,0,1,0,52,1,0,1,1,1,2,2,0,0,0,0,0,106.85,5547.64,1
1,0,1,0,54,1,0,0,2,1,0,2,2,0,0,1,0,30.52,1656.51,0
0,0,0,0,67,0,2,0,0,2,0,0,1,2,1,1,3,106.73,7151.76,0
0,0,0,0,37,0,2,1,2,0,0,0,0,2,2,0,1,73.56,2720.98,0
0,0,1,0,12,1,0,1,1,0,2,0,2,1,1,1,3,84.81,1019.45,1
1,0,1,0,59,1,2,0,1,2,0,2,1,2,1,0,2,99.34,5854.6,0
0,0,1,0,20,1,2,0,0,0,2,1,2,2,1,1,0,72.7,1447.19,0
1,0,0,0,32,1,0,0,2,2,2,1,0,2,0,1,3,67.75,2166.72,0
1,0,1,1,71,0,1,1,2,1,0,0,0,0,2,1,2,96.92,6882.8,0
1,0,0,0,44,1,2,0,0,0,0,2,2,2,0,0,1,60.05,2633.34,0
0,0,0,0,66,1,2,1,1,0,1,2,0,0,0,0,2,26.15,1717.6,0
0,0,0,0,55,1,0,2,1,2,2,0,0,0,0,1,0,81.62,4497.9,0
0,0,0,0,16,1,2,0,1,1,0,1,1,2,1,0,0,21.79,345.78,0
0,0,1,0,71,1,2,0,0,1,2,0,0,2,0,0,3,78.49,5564.97,1
0,1,0,1,68,1,2,0,1,1,0,1,0,2,2,1,2,69.58,4724.41,0
1,0,1,0,52,1,1,1,1,0,0,0,1,2,0,1,3,48.91,2541.24,0
1,1,0,0,37,1,1,1,0,0,0,0,2,0,1,1,3,52.95,1966.1,0
1,0,1,0,46,1,2,1,0,2,0,0,1,2,0,0,2,63.98,2940.0,1
1,0,0,0,41,1,2,0,0,2,0,0,1,0,0,1,2,67.62,2777.12,0
0,0,1,1,5,0,0,1,0,2,0,0,0,1,0,1,0,60.91,300.38,0
0,0,0,1,66,1,2,2,1,0,0,0,2,1,0,0,2,57.66,3804.47,1
1,0,1,0,5,0,2,0,2,2,1,1,0,1,2,0,0,50.81,248.97,1
0,0,0,0,63,0,0,0,1,0,2,1,1,1,0,0,2,83.33,5254.46,0
0,0,0,0,3,1,2,1,0,0,2,0,0,0,2,0,0,59.39,183.91,0
1,0,1,0,8,1,0,0,1,1,0,0,1,0,0,0,2,50.17,400.56,0
1,0,0,1,26,1,2,1,2,1,0,0,2,0,1,1,1,108.97,2837.55,0
0,0,0,0,53,1,0,1,0,0,0,1,2,1,0,1,1,36.52,1931.97,0
0,0,1,0,29,1,2,0,2,1,2,1,2,0,0,0,0,32.85,951.84,0
1,0,0,0,14,0,0,2,2,2,1,1,0,2,0,0,2,96.3,1355.72,1
1,0,0,0,5,1,0,1,0,2,0,2,0,2,0,0,1,29.88,140.33,1
1,0,0,0,27,1,0,0,0,0,0,1,1,2,0,0,0,45.52,1228.18,0
0,0,1,0,68,0,2,1,1,0,0,0,2,0,2,1,1,53.51,3629.79,0
1,1,1,1,29,1,0,1,2,1,0,0,0,0,0,1,3,47.03,1362.52,1
1,0,0,0,3,1,0,0,2,0,1,1,0,2,0,0,3,92.06,276.6,0
0,1,1,0,30,1,2,0,2,1,0,0,1,1,0,1,0,38.11,1148.41,0
0,1,0,0,9,1,0,1,0,1,2,0,1,1,2,0,3,87.56,784.16,1
0,0,1,0,1,1,0,1,2,2,1,2,0,0,0,0,2,47.57,53.21,1
0,0,1,0,23,1,2,1,1,0,0,2,0,2,0,1,1,104.35,2391.21,0
0,0,0,0,67,1,2,0,0,1,2,2,0,0,2,0,2,106.28,7115.33,0
1,0,0,0,32,1,0,2,1,0,0,0,2,1,0,0,0,46.28,1483.06,0
1,0,0,1,6,1,2,1,0,0,2,1,0,2,2,1,1,78.21,459.41,0
0,0,1,1,49,1,0,1,0,2,0,1,2,0,1,0,3,99.79,4892.53,0
0,0,1,1,15,1,0,1,1,0,1,2,2,2,0,1,2,25.6,388.38,1
0,1,1,0,58,1,0,1,1,0,0,0,0,1,0,1,2,75.39,4379.46,0
0,0,0,1,53,1,0,2,2,2,0,1,1,1,1,0,0,116.38,6173.4,0
0,0,0,0,30,1,0,0,1,1,1,0,1,2,0,0,3,54.72,1650.28,0
1,0,0,1,40,1,0,1,0,1,1,1,1,2,1,1,0,91.44,3658.21,0
1,1,1,0,59,1,2,1,2,1,0,1,2,2,0,0,1,98.27,5802.79,0
1,0,0,0,63,0,0,2,0,1,0,0,1,2,2,0,3,92.97,5863.34,0
1,0,1,0,48,1,0,1,0,2,1,1,0,1,0,1,0,113.68,5459.33,0
0,0,0,1,68,1,0,1,0,0,2,0,0,2,0,1,2,95.38,6494.45,0
1,0,1,1,7,1,0,2,1,2,2,0,2,2,0,1,2,112.04,783.74,1
0,0,0,0,47,1,0,2,2,1,0,0,0,0,2,0,3,41.46,1943.12,0
0,0,1,0,43,1,2,0,2,1,2,1,2,0,0,0,0,77.68,3335.54,0
0,0,1,0,16,1,2,0,1,2,2,0,0,1,2,0,1,56.27,897.5,0
1,0,1,0,22,1,2,1,0,0,0,1,0,0,0,0,0,90.87,2003.87,1
0,0,1,0,63,1,2,2,0,2,2,1,0,2,0,1,1,33.47,2109.74,0
1,1,1,1,46,1,0,1,1,0,0,1,1,0,0,1,1,36.27,1677.11,0
1,0,1,0,45,1,2,0,1,0,0,2,2,2,1,0,1,31.34,1418.27,0
0,1,1,0,41,1,2,1,2,1,2,1,0,2,0,0,1,45.29,1856.04,0
0,0,0,1,25,1,1,0,0,2,0,1,0,0,2,1,3,37.0,922.92,0
0,0,1,0,50,1,2,1,1,2,0,1,0,0,0,0,2,96.06,4812.41,0
1,0,0,0,67,1,1,1,2,2,1,0,0,2,2,0,3,77.24,5174.71,0
0,0,1,0,52,1,0,1,0,2,0,1,2,0,0,0,2,55.57,2899.46,0
1,0,0,1,31,1,0,2,0,0,2,2,2,1,2,0,0,38.88,1200.01,0
0,0,0,0,37,1,2,1,0,2,2,1,0,0,1,1,2,98.96,3669.33,0
0,0,1,0,22,0,2,0,2,0,1,2,2,0,0,1,3,106.71,2343.01,0
1,0,0,1,27,1,2,1,0,0,0,1,0,2,1,0,2,103.96,2809.78,1
1,0,1,1,2,1,0,0,2,0,1,1,2,0,2,1,2,111.19,232.36,0
1,0,0,0,22,1,2,1,2,1,1,2,0,2,0,1,3,99.43,2188.93,1
1,0,0,0,53,1,1,1,2,0,2,1,2,0,0,1,0,81.84,4344.08,0
1,0,1,0,17,1,0,1,2,2,1,1,2,1,0,1,0,61.48,1040.14,0
1,0,1,0,56,1,2,2,1,2,2,1,0,2,2,0,3,47.43,2657.37,0
0,0,1,0,31,1,0,1,1,1,0,2,0,0,0,1,2,18.89,584.92,1
0,0,1,0,43,1,1,2,0,0,0,0,2,2,2,0,2,101.9,4379.18,0
1,0,0,0,72,1,0,0,0,0,2,0,2,1,0,1,3,62.09,4461.71,0
0,0,1,0,53,1,0,1,2,1,2,2,0,1,0,0,1,105.91,5618.09,0
1,0,1,0,5,1,0,0,2,2,0,0,0,2,1,1,0,50.6,262.53,0
0,0,1,0,2,1,0,0,0,0,0,0,0,1,2,1,2,52.23,106.92,1
0,0,1,1,59,1,0,1,0,0,2,1,2,2,1,1,1,20.38,1193.95,0
1,0,1,0,4,1,0,0,2,1,0,0,2,2,0,1,0,67.04,271.47,1
1,1,0,0,34,1,1,0,1,1,0,2,2,2,2,0,1,67.37,2300.55,0
1,0,1,0,67,0,2,0,1,0,0,2,2,1,1,1,0,84.06,5637.04,0
0,0,0,0,6,1,2,1,1,1,0,2,2,1,0,1,2,93.59,560.01,0
1,1,1,0,58,1,2,0,0,2,1,0,1,2,1,0,1,53.15,3092.27,0
0,1,1,0,47,1,2,1,0,2,1,0,2,1,2,1,0,111.46,5246.84,0
1,0,0,0,5,0,0,1,0,2,1,1,2,2,0,0,0,64.11,326.09,0
0,0,1,0,61,1,2,1,0,2,2,0,0,0,2,0,3,75.91,4639.13,0
0,1,1,1,56,1,2,0,1,0,0,0,1,1,0,1,1,77.94,4370.1,0
1,0,0,0,35,1,1,1,2,2,0,0,1,2,1,1,0,106.34,3731.44,0
0,1,0,0,13,1,1,1,0,0,1,0,0,0,0,0,1,87.89,1147.74,1
0,0,1,0,26,1,2,1,0,0,0,0,2,0,1,0,3,53.79,1391.51,0
1,0,0,0,64,1,0,1,1,2,0,0,2,2,0,1,1,89.21,5701.43,1
0,0,0,0,11,1,2,0,2,0,0,0,2,2,0,0,1,107.97,1182.59,0
1,0,1,0,62,1,2,1,1,0,2,0,2,0,0,1,3,100.87,6246.69,1
1,0,1,1,47,1,0,0,2,0,0,2,0,2,0,0,1,23.01,1082.76,0
1,1,1,0,70,1,0,1,1,0,2,2,1,1,0,1,0,24.89,1745.51,0
1,0,1,1,58,1,2,0,0,2,2,1,2,0,1,1,3,86.5,5009.5,0
0,0,0,0,10,1,0,2,2,1,2,0,0,1,1,1,2,116.87,1158.84,1
0,0,0,1,16,1,2,1,0,2,2,1,1,1,0,1,2,78.49,1259.78,1
0,0,0,0,12,0,1,2,1,0,2,2,0,2,2,1,2,62.02,735.24,0
1,0,1,1,71,1,2,2,0,1,0,2,1,0,0,1,1,76.72,5451.55,0
0,0,1,0,50,1,0,2,0,2,1,0,1,1,0,1,3,63.97,3189.91,1
0,0,0,0,15,0,2,0,2,2,0,0,0,2,0,0,3,39.71,604.92,1
1,0,1,1,59,1,1,1,1,0,2,1,0,2,0,0,1,46.35,2729.64,0
1,0,0,0,70,1,0,1,2,1,2,1,0,0,0,1,0,48.3,3372.35,0
0,0,0,0,62,1,2,1,2,2,0,0,0,0,2,0,1,78.48,4868.2,0
1,1,0,0,72,1,1,0,0,1,1,1,2,0,0,1,3,101.82,7335.49,0
1,0,1,0,62,1,0,0,2,2,2,1,1,2,0,1,2,23.41,1459.9,0
1,0,1,0,50,0,0,1,0,1,0,1,0,2,1,1,3,70.78,3545.52,0
1,0,0,0,54,1,0,2,0,2,0,0,0,1,1,1,2,71.55,3859.33,0
0,0,0,0,54,1,0,1,0,0,1,2,0,2,1,1,0,114.83,6194.82,0
1,0,0,0,28,1,2,0,2,0,0,1,2,1,0,0,3,100.45,2808.71,1
1,0,1,0,51,1,0,2,2,2,1,0,1,2,1,1,2,57.58,2931.41,0
1,0,0,0,33,1,1,1,1,0,2,2,2,0,2,0,2,79.53,2628.89,0
1,0,0,0,1,0,0,2,1,0,2,2,0,2,0,0,2,84.19,88.16,1
1,0,1,1,69,0,2,2,0,1,0,0,0,2,1,1,0,85.59,5906.91,0
1,0,0,0,1,0,2,1,0,0,0,2,0,2,2,0,2,109.52,100.92,1
1,0,0,0,55,1,0,1,2,0,1,0,0,1,2,0,0,76.61,4222.62,0
1,0,1,0,45,1,2,1,1,2,0,0,2,2,0,0,3,40.3,1810.5,1
0,0,1,1,40,1,2,1,1,1,2,1,1,0,2,1,0,82.88,3321.49,0
1,0,0,1,61,1,0,0,0,1,0,0,2,1,1,0,2,41.9,2561.84,0
0,1,1,0,36,1,0,1,1,0,0,1,2,2,1,0,1,29.96,1074.5,0
1,1,0,0,24,1,0,0,0,0,1,2,2,2,0,1,3,79.41,1900.81,1
1,0,1,0,14,0,0,1,2,0,1,1,0,1,1,0,3,46.54,652.26,1
1,0,1,0,1,1,2,1,0,2,2,0,0,0,0,0,1,81.42,78.58,1
1,0,0,1,47,1,2,0,0,2,0,0,1,0,1,0,2,100.71,4741.77,0
0,1,0,0,21,1,2,2,0,0,2,1,2,0,1,1,3,32.93,699.78,0
1,0,1,0,39,1,0,1,0,0,2,2,0,1,0,1,0,24.19,948.84,0
1,0,0,0,3,1,2,1,1,1,2,0,2,2,0,1,1,26.76,70.7,0
0,0,1,0,16,1,0,0,0,2,0,0,0,2,0,1,2,115.52,1855.24,0
0,0,1,1,68,1,0,1,0,0,1,0,1,2,1,1,3,27.21,1853.4,0
1,1,1,1,26,0,2,0,0,2,2,1,0,2,1,1,2,111.07,2888.3,0
0,0,1,0,54,1,0,0,0,0,1,1,1,2,1,1,1,116.26,6275.85,0
0,0,0,0,13,1,0,0,0,2,2,0,0,2,2,1,0,25.43,332.92,0
0,0,0,0,61,1,2,0,1,0,0,1,0,1,1,0,3,72.2,4399.32,0
1,0,0,1,20,1,2,1,2,0,0,1,0,0,0,1,2,88.43,1770.12,1
1,0,0,1,27,1,0,1,1,0,0,0,0,1,0,1,2,21.98,596.48,0
1,0,1,0,2,1,2,1,0,2,2,2,2,1,2,0,1,70.26,144.05,0
0,1,0,0,10,1,2,1,1,2,1,0,2,0,2,0,0,60.52,603.62,0
1,0,0,0,60,1,0,2,1,2,0,2,0,2,2,1,0,69.32,4150.6,1
0,0,0,1,19,1,0,0,0,0,1,0,0,0,0,0,2,73.33,1391.63,0
1,1,0,0,15,1,2,1,2,2,1,0,1,2,1,1,0,90.19,1360.88,1
1,0,0,0,47,1,0,2,1,2,1,2,1,2,2,1,2,30.76,1446.46,0
0,0,1,0,24,1,0,0,1,1,0,2,1,1,1,0,0,118.08,2824.7,0
1,0,0,0,16,1,2,1,2,0,1,0,2,1,0,0,1,46.16,736.04,1
0,0,0,0,60,1,2,1,2,0,1,2,0,1,2,1,3,116.72,7005.52,0
0,0,0,0,49,1,1,0,2,2,2,0,2,2,0,0,1,87.16,4266.44,0
1,1,1,1,4,1,0,0,0,0,1,1,0,2,2,0,3,86.95,341.55,0
0,0,0,0,66,0,2,2,1,2,0,2,2,0,1,0,1,110.9,7320.96,0
1,0,0,0,49,1,0,1,2,0,0,0,0,0,0,1,3,107.28,5258.87,0
1,0,1,0,31,1,2,0,1,0,2,1,0,2,0,1,2,41.08,1272.66,1
0,0,0,0,66,1,2,1,1,1,2,0,2,0,0,0,0,88.28,5818.33,0
1,0,1,0,54,1,0,1,1,2,0,2,0,2,0,0,2,68.99,3730.23,0
0,0,1,0,2,1,2,1,2,0,2,0,0,1,2,1,2,67.74,140.6,1
1,1,1,0,61,0,2,1,0,0,2,0,2,2,1,1,0,19.74,1201.96,0
1,0,0,1,15,1,1,1,1,0,2,0,1,2,2,0,0,71.12,1056.98,0
1,0,1,0,60,1,0,1,2,2,1,2,0,2,0,1,1,27.85,1673.75,0
1,0,0,0,43,1,0,1,2,0,0,2,2,1,0,0,2,45.27,1956.17,0
1,0,1,1,40,1,0,0,1,2,0,0,2,1,0,0,3,19.32,772.54,0
0,0,1,0,30,0,0,0,0,0,1,0,1,0,2,0,2,58.54,1759.95,0
0,0,1,1,63,1,0,0,0,0,2,2,1,2,0,0,3,111.24,7008.67,0
0,0,1,0,24,1,1,2,1,0,2,1,2,2,2,1,1,98.85,2367.15,1
0,0,0,1,44,0,0,2,0,0,2,2,1,2,0,1,1,24.03,1054.13,0
0,0,0,0,14,0,1,1,0,2,1,0,0,2,0,0,3,89.89,1267.67,1
0,0,1,0,28,1,1,1,0,0,0,2,2,2,1,1,0,91.38,2560.54,1
1,0,1,0,14,1,0,0,2,2,0,1,0,1,0,1,2,96.49,1344.62,1
1,0,0,1,56,1,0,1,0,2,0,1,0,0,0,1,0,84.32,4712.92,0
0,0,1,1,34,1,2,0,0,1,2,2,0,1,0,0,1,24.93,838.69,0
0,0,0,0,12,1,0,1,2,1,0,2,0,0,1,1,3,83.84,1006.09,0
1,0,0,0,56,0,2,2,1,0,2,0,0,2,0,1,1,39.86,2224.26,0
1,0,1,0,61,1,1,0,2,0,0,0,0,2,0,1,1,77.88,4757.33,0
1,0,1,1,61,1,2,1,0,1,2,2,0,0,0,0,0,86.44,5269.69,0
0,0,0,0,40,1,0,1,0,2,2,1,2,0,0,0,0,28.92,1154.48,0
0,0,1,1,20,1,2,0,0,0,0,0,0,2,0,1,3,65.16,1300.08,1
0,0,1,0,42,1,1,1,0,2,2,0,2,2,0,0,1,41.68,1751.26,0
1,0,1,0,7,1,2,1,0,0,1,0,1,1,1,1,1,99.4,705.76,0
1,0,0,0,68,1,1,1,1,0,2,0,0,1,2,1,2,111.84,7613.05,0
0,1,0,0,31,1,0,0,0,1,0,0,2,1,0,1,2,70.12,2168.36,1
0,0,1,0,70,1,0,1,0,1,2,0,0,2,0,1,2,74.02,5189.35,0
1,0,0,0,47,1,2,2,1,0,2,0,0,2,0,0,0,26.2,1233.05,0
1,0,1,0,51,1,2,1,2,0,0,0,2,2,2,0,2,57.37,2930.49,0
1,1,0,0,58,1,0,1,1,2,0,2,2,2,0,1,2,32.8,1902.81,1
1,0,1,0,22,1,2,0,0,0,2,0,1,2,1,0,1,89.05,1962.32,0
0,0,0,0,24,1,2,0,0,0,0,1,0,2,0,0,0,114.64,2749.2,1
1,1,0,1,34,1,0,2,0,2,2,1,2,0,1,1,2,99.35,3373.54,0
1,0,1,1,63,1,2,0,1,1,2,2,0,2,0,1,1,57.25,3606.82,0
1,0,1,1,60,0,1,2,2,1,0,0,2,0,2,0,3,84.94,5095.91,0
0,0,1,1,19,1,0,0,0,2,0,1,2,0,0,1,3,118.49,2249.22,1
0,0,1,1,24,1,2,0,0,0,2,2,2,2,0,0,0,22.35,542.18,0
1,0,1,0,64,1,0,0,1,2,0,1,1,0,1,1,2,46.2,2961.15,0
1,0,0,1,20,1,2,1,2,0,0,2,2,2,1,1,3,26.2,519.74,0
1,0,0,0,27,1,2,2,2,0,0,1,0,0,2,0,2,82.37,2217.94,0
0,0,1,0,58,1,2,2,1,1,2,0,2,1,1,1,0,102.88,5957.14,0
0,0,0,1,44,1,0,1,0,2,1,0,0,2,0,1,2,54.79,2420.35,0
0,0,0,1,65,1,0,0,2,1,2,1,0,2,1,1,1,57.85,3757.29,0
1,0,0,1,46,1,1,1,2,1,0,1,0,2,0,1,3,47.8,2201.05,0
0,1,1,1,54,1,2,1,0,0,0,0,0,2,0,1,1,74.87,4047.93,1
1,0,1,0,39,1,0,1,0,0,0,0,0,1,0,0,2,30.96,1201.56,0
1,0,0,0,7,1,0,0,1,0,1,0,1,1,2,0,0,37.17,263.54,0
1,0,1,1,54,1,0,0,2,0,0,2,2,1,1,1,1,26.41,1418.43,0
0,0,0,0,43,1,1,1,1,1,0,0,0,0,0,0,3,32.66,1396.32,0
1,0,0,1,20,0,0,1,1,2,2,1,1,0,2,0,2,103.04,2056.86,0
0,0,1,0,25,1,1,1,0,2,2,0,2,2,1,1,3,36.35,905.16,0
0,0,1,0,43,1,0,0,2,1,1,1,1,2,0,0,3,66.82,2866.86,0
1,0,0,0,27,1,2,2,1,0,2,2,0,2,0,1,3,88.52,2389.39,0
1,0,0,0,25,1,2,0,2,0,2,2,2,2,2,1,3,37.21,932.6,0
0,0,0,1,36,1,2,0,0,2,2,0,2,1,1,1,2,63.39,2290.57,0
1,0,1,0,66,1,0,1,0,0,2,0,2,2,0,1,3,39.78,2629.52,0
0,0,0,0,9,1,2,1,1,0,2,2,2,2,0,0,2,110.19,992.16,1
1,0,0,0,53,1,2,0,0,0,1,0,0,2,0,1,0,21.95,1164.14,0
0,0,0,1,21,1,2,2,0,0,1,1,2,1,0,1,3,77.24,1623.53,1
0,0,1,0,50,1,1,1,1,1,0,0,2,1,0,1,1,106.81,5336.26,1
0,0,1,0,16,0,2,0,1,1,1,2,1,1,2,1,2,97.25,1560.9,0
0,0,1,0,66,1,0,1,0,2,2,0,2,1,0,1,0,41.7,2755.27,0
1,1,0,1,26,1,0,1,0,0,1,0,1,1,0,1,3,72.26,1878.53,0
1,0,0,0,44,1,0,1,1,0,2,0,0,2,0,1,0,24.49,1071.84,0
0,0,0,1,29,1,2,2,1,2,2,1,0,2,0,1,1,46.29,1349.41,0
0,1,0,0,46,1,2,1,0,1,2,2,0,0,0,1,1,56.93,2612.74,0
1,0,1,0,71,1,0,1,0,0,0,0,2,1,1,1,2,25.78,1824.33,0
1,0,1,0,49,0,2,2,2,0,2,1,0,1,0,1,1,35.06,1710.87,0
1,0,1,0,15,1,0,1,0,1,0,2,1,0,0,1,3,103.01,1555.08,1
1,0,1,0,17,1,1,1,1,0,0,0,2,2,0,1,2,65.24,1103.98,0
1,0,0,0,9,1,0,1,2,1,0,0,2,2,1,0,2,112.95,1023.57,1
1,0,0,1,32,1,0,2,0,2,0,1,2,2,0,1,2,33.97,1077.73,1
0,0,1,0,66,1,1,1,0,0,1,2,1,2,0,1,2,85.62,5655.07,0
1,0,0,0,59,1,0,1,1,2,1,0,1,2,0,0,3,95.04,5597.97,0
1,0,0,1,32,0,2,1,0,2,0,2,0,2,2,0,1,96.23,3081.84,0
0,0,1,0,43,1,2,2,0,2,1,2,2,0,1,1,1,94.7,4067.42,0
1,0,1,1,59,1,0,1,2,2,0,1,0,0,2,1,3,35.1,2062.28,0
1,0,1,0,30,1,2,2,0,0,0,0,0,2,2,1,2,63.14,1889.69,0
1,0,1,0,11,1,0,0,0,0,2,0,0,0,0,1,2,107.84,1178.73,0
1,0,0,0,26,1,0,1,0,2,2,0,2,1,1,1,2,75.56,1958.96,1
1,0,1,0,2,1,0,1,0,2,2,2,2,0,2,1,0,55.8,115.34,1
0,0,1,1,34,1,1,1,0,2,0,2,0,2,2,1,3,19.68,675.78,0
1,0,0,0,41,1,0,1,0,0,0,0,2,2,1,0,2,79.34,3251.71,0
0,0,0,1,31,1,0,0,1,0,0,0,0,2,2,1,1,108.15,3350.99,0
0,0,1,0,63,1,0,1,1,2,2,0,2,2,1,1,3,38.73,2439.23,0
1,0,0,0,55,1,2,2,2,1,0,0,0,2,0,0,1,118.25,6503.17,0
0,0,1,0,61,1,2,1,0,1,0,0,2,0,0,1,0,39.4,2398.1,0
1,0,1,1,36,1,2,0,0,2,0,2,2,0,1,0,3,75.58,2730.66,0
0,0,0,0,40,1,2,2,0,2,0,0,0,1,2,1,0,66.52,2664.17,1
0,0,1,0,23,0,1,1,0,0,0,0,1,0,2,1,1,95.68,2206.11,0
1,1,0,0,26,1,2,1,0,1,2,0,2,1,0,1,0,67.43,1752.03,1
1,0,1,1,18,1,0,1,0,2,2,2,2,0,1,1,2,52.06,942.3,0
1,1,1,0,34,1,2,1,2,1,2,2,0,1,1,0,0,114.67,3902.45,0
1,1,0,1,28,1,2,0,0,2,2,2,2,1,0,0,3,75.37,2116.9,0
1,0,1,0,49,1,0,2,2,0,2,1,1,0,1,1,2,22.68,1102.2,0
0,0,0,0,64,1,0,0,0,2,2,2,1,0,0,0,2,62.76,4007.54,0
0,0,0,1,71,1,0,1,1,1,2,0,1,1,2,0,3,68.66,4876.24,0
0,1,0,1,63,1,0,1,0,0,0,0,2,0,0,0,2,21.65,1361.53,0
0,0,0,0,62,1,2,2,0,0,2,0,2,2,0,1,2,86.88,5392.61,0
0,1,1,0,42,1,2,0,2,2,0,2,1,0,1,0,0,66.82,2799.76,0
0,0,0,1,24,1,0,1,0,2,0,2,0,1,0,1,2,29.67,707.09,1
0,0,0,0,35,1,0,1,0,0,0,0,2,1,0,1,3,51.97,1817.36,0
1,0,0,0,55,0,0,1,2,1,0,0,2,1,2,1,1,68.57,3779.23,0
1,0,0,0,49,1,2,2,1,1,0,0,0,2,0,1,0,105.93,5183.22,1
0,0,0,1,59,1,2,0,2,1,2,1,1,0,2,1,1,64.61,3817.51,0
0,0,1,1,22,1,0,1,0,1,2,2,0,2,0,0,0,109.08,2409.53,0
1,0,0,0,61,1,2,0,0,1,0,0,0,1,1,1,3,94.3,5757.3,0
1,0,1,0,30,1,2,2,1,2,0,0,0,1,0,1,2,83.15,2495.51,0
1,0,1,0,69,1,0,0,2,2,0,1,0,1,0,1,1,80.8,5576.37,0
1,0,0,0,60,1,2,2,2,2,1,0,1,2,0,1,3,91.55,5486.28,0
0,0,1,0,6,1,0,0,1,0,0,0,2,0,1,1,0,62.81,375.64,0
1,0,1,1,11,1,1,1,2,1,2,0,1,0,0,0,0,60.7,668.3,1
0,0,1,0,24,1,0,0,0,0,0,2,2,0,1,0,2,40.24,965.73,0
0,0,0,0,51,1,2,1,0,0,1,0,2,0,0,0,1,74.34,3783.57,1
0,0,1,0,19,1,0,1,0,1,0,2,0,1,0,0,2,88.03,1665.6,0
1,0,0,0,50,1,2,0,0,1,1,1,2,1,0,0,0,44.95,2242.54,0
1,0,1,0,3,1,2,0,0,0,2,1,2,0,0,1,2,41.5,124.93,1
0,0,0,0,3,1,2,0,2,1,2,0,1,0,2,1,1,36.96,104.09,0
0,0,1,1,31,0,2,0,1,2,2,2,2,0,1,1,2,24.3,748.88,0
0,0,0,0,47,1,0,0,0,0,0,0,1,0,0,0,3,110.29,5180.47,0
1,0,1,0,8,0,0,1,0,0,0,0,0,0,0,0,3,109.61,880.27,1
0,0,0,0,17,1,0,1,0,2,0,2,1,1,2,1,1,33.58,567.53,0
1,0,0,0,45,1,0,2,1,2,2,0,1,1,1,1,3,100.3,4517.45,0
0,1,0,0,60,1,2,0,1,1,0,0,0,1,0,0,0,58.14,3481.42,0
0,1,0,0,21,1,2,0,0,0,1,0,0,2,0,1,2,76.08,1593.35,1
0,0,1,0,70,1,0,1,1,0,2,0,1,0,0,0,1,72.59,5079.76,0
1,0,0,0,21,1,2,1,0,2,2,0,0,0,2,0,3,88.23,1848.14,0
1,1,0,0,58,1,2,0,1,1,2,0,2,2,0,1,2,79.21,4587.86,0
0,0,0,0,55,1,2,1,2,0,2,0,1,0,0,1,2,44.33,2447.6,1
1,0,0,0,28,1,0,0,0,2,0,0,2,1,1,1,2,56.41,1582.61,0
0,0,0,0,46,1,2,0,0,2,0,0,2,2,1,1,2,54.77,2509.84,0
1,0,0,0,44,1,0,1,0,1,1,2,0,2,1,1,3,111.8,4912.94,0
1,1,1,1,25,1,1,0,2,1,2,0,0,1,2,1,2,22.72,571.2,1
1,0,0,0,71,1,1,2,0,0,2,2,0,2,1,1,3,96.87,6874.86,0
0,0,0,0,49,1,0,2,0,0,0,1,0,1,0,1,2,63.09,3091.6,1
1,0,0,1,46,0,0,1,2,1,2,1,2,2,0,1,0,92.04,4239.83,0
1,0,1,1,63,1,0,0,2,0,2,0,0,0,2,1,0,49.03,3081.21,0
0,1,0,1,12,0,2,0,0,1,2,2,0,0,0,1,2,28.2,341.22,1
0,0,0,0,57,1,2,1,1,0,0,0,0,0,1,0,0,99.13,5650.21,0
0,0,1,0,64,0,2,1,0,1,0,1,1,1,0,1,2,28.71,1831.96,0
0,0,0,1,31,1,0,2,0,0,0,2,1,2,2,1,2,100.06,3098.3,0
1,0,1,0,4,1,2,0,2,0,2,0,0,0,0,0,0,72.02,278.65,0
1,0,0,1,54,1,2,1,1,2,1,2,0,1,0,1,1,86.58,4684.95,0
1,0,1,0,65,1,0,1,2,0,2,1,1,0,2,1,2,44.99,2916.91,0
1,0,1,0,6,1,2,2,0,0,0,1,0,1,1,1,1,86.48,523.81,0
1,0,1,0,65,1,2,1,2,0,0,0,0,0,0,0,0,107.95,7015.52,0
0,0,0,0,22,1,0,1,0,0,2,0,0,0,1,0,0,36.38,799.72,0
1,0,1,0,17,1,2,2,0,0,0,0,0,0,2,0,0,100.65,1712.89,1
1,0,0,0,59,0,2,0,1,1,1,0,1,2,0,1,1,76.4,4515.84,0
1,0,0,1,29,1,2,0,2,0,2,0,2,0,0,0,2,39.73,1153.38,0
0,0,0,0,67,1,2,1,1,2,0,0,0,2,0,0,1,102.25,6856.81,1
0,0,1,0,17,1,2,1,0,2,2,1,1,0,0,0,1,40.83,700.95,1
1,0,0,0,2,1,2,0,0,0,2,1,1,1,0,0,2,106.73,216.45,1
0,0,0,0,32,1,2,0,0,0,2,0,0,0,0,0,2,54.18,1736.53,0
0,0,1,1,22,1,2,0,1,2,0,1,0,0,2,0,3,88.62,1956.9,0
0,0,1,0,58,1,2,1,0,0,2,0,0,0,0,0,1,91.62,5304.98,0
0,0,1,0,53,1,2,1,2,1,2,2,2,0,0,0,2,68.13,3613.63,0
0,0,0,1,47,1,0,2,1,1,2,0,0,0,1,1,2,102.43,4814.63,0
0,1,1,0,4,1,2,1,0,2,2,1,0,2,2,1,0,55.41,216.96,0
0,0,1,0,38,1,0,1,1,2,2,2,2,0,1,1,3,103.96,3956.11,0
1,1,0,0,13,1,0,1,0,2,0,0,1,0,0,0,0,75.51,977.57,1
1,0,0,1,61,1,0,1,0,1,1,1,0,0,2,1,2,22.46,1375.64,0
0,0,0,0,64,1,0,1,2,2,0,2,1,2,1,1,1,63.56,4076.09,1
1,0,0,0,33,1,0,0,0,2,0,0,0,0,0,1,3,100.46,3316.62,0
1,0,1,1,38,1,2,2,0,2,1,2,0,0,1,1,3,44.82,1709.23,0
0,0,0,0,29,1,2,2,0,1,0,0,2,0,2,1,1,89.87,2601.44,0
1,0,1,0,61,1,0,0,2,0,2,0,0,2,0,1,2,63.58,3871.51,0
0,0,0,0,32,1,2,2,0,0,1,0,0,1,1,1,0,49.44,1583.43,0
0,0,0,0,11,1,2,0,2,1,1,2,1,0,0,1,1,107.64,1182.56,1
0,1,1,0,18,1,0,1,0,0,2,1,0,1,0,1,0,66.48,1195.12,0
1,1,0,1,45,1,0,1,2,0,0,0,0,0,1,1,3,94.07,4225.7,1
1,0,0,0,21,0,0,0,0,2,0,1,0,1,0,1,1,64.84,1370.38,0
1,0,1,0,12,1,2,0,0,0,0,0,2,1,0,0,3,48.9,578.96,0
1,0,0,1,20,1,0,1,1,0,1,1,1,2,0,1,0,110.73,2210.43,1
0,0,0,0,7,1,2,1,0,0,0,2,0,1,0,1,3,31.85,222.4,1
0,0,0,0,71,0,0,0,1,2,0,2,0,0,0,0,2,76.6,5443.46,0
1,0,0,0,2,1,0,0,0,2,1,0,0,0,0,1,2,38.03,78.62,0
0,0,0,0,43,1,0,2,0,1,2,2,0,0,0,0,3,29.85,1274.99,0
0,1,1,0,21,1,0,1,0,0,0,0,2,2,0,1,1,27.85,575.76,0
1,0,1,1,29,1,2,0,0,0,0,0,0,0,2,1,2,95.37,2767.15,0
0,0,1,0,32,1,0,1,2,0,1,2,2,2,0,1,2,44.54,1415.52,0
1,0,1,0,45,1,0,0,2,2,1,0,2,1,1,0,3,75.45,3396.52,0
0,0,0,0,59,1,0,0,2,2,0,2,0,0,0,0,0,67.76,3991.48,0
1,0,1,0,3,1,2,2,0,0,0,1,0,2,0,1,3,105.53,310.39,1
0,0,1,0,39,1,2,2,0,0,0,0,0,2,1,1,3,95.21,3706.77,0
0,0,1,0,51,1,2,0,0,1,0,1,0,0,1,0,2,88.09,4498.08,1
1,1,0,1,8,0,2,2,0,2,0,0,2,0,0,0,1,108.88,870.52,1
1,0,0,1,46,1,2,2,0,2,2,0,1,2,0,1,1,77.1,3540.87,0
1,0,1,1,66,1,1,1,0,2,0,0,0,2,2,0,2,99.92,6585.98,0
1,0,0,0,6,1,0,1,2,0,0,2,1,0,1,1,2,104.05,623.18,0
0,0,1,1,58,0,0,0,2,2,2,1,2,2,2,1,2,98.97,5740.84,0
0,0,0,0,41,1,0,0,0,2,0,2,1,1,2,0,2,56.17,2304.84,0
1,0,1,1,54,1,2,1,0,2,1,2,2,0,1,1,0,99.21,5349.08,1
0,0,0,0,41,0,2,2,0,2,1,2,2,1,0,1,2,70.91,2904.8,0
1,1,0,0,48,1,0,1,2,2,0,1,0,1,0,1,1,52.67,2525.05,0
1,0,0,0,70,1,0,0,1,0,0,1,1,2,1,1,0,38.74,2708.39,0
0,0,1,0,27,1,2,0,1,0,0,0,2,0,0,0,3,87.88,2380.53,0
0,0,0,1,47,0,2,1,0,2,2,0,1,0,1,1,2,48.86,2293.67,1
1,0,0,0,23,1,1,1,1,0,2,0,2,2,2,0,2,44.77,1032.46,0
1,0,0,1,14,1,0,0,0,1,0,2,2,0,2,0,2,77.71,1095.59,0
1,0,1,0,61,1,2,1,0,2,2,0,2,0,1,0,2,44.04,2676.54,0
0,0,1,0,67,1,2,1,1,1,0,2,0,2,1,0,2,50.29,3374.26,0
0,0,0,0,25,1,0,0,0,2,0,0,2,1,2,0,2,88.91,2225.76,0
0,0,1,0,65,1,1,0,0,2,1,2,2,2,0,0,1,85.86,5589.1,0
0,0,1,0,24,1,2,0,2,2,0,0,2,0,0,0,2,111.66,2678.93,0
1,0,1,0,53,1,2,2,2,2,1,2,0,2,1,0,2,98.55,5232.29,0
1,0,0,0,50,1,0,1,2,0,0,0,2,2,1,0,3,52.59,2628.8,0
1,0,1,0,1,1,2,1,0,2,1,0,0,1,2,0,0,64.9,56.21,0
1,0,0,0,39,1,0,1,0,1,1,0,2,2,0,1,2,75.27,2940.87,0
1,0,1,1,44,1,2,1,2,0,2,0,0,0,0,0,0,58.27,2554.35,0
1,0,1,0,5,1,2,0,0,0,1,2,0,0,0,1,2,117.23,595.48,1
0,0,1,0,68,1,0,1,0,0,0,2,2,0,1,1,0,21.64,1461.53,0
0,0,1,1,72,1,0,1,0,0,0,0,0,2,0,0,1,83.16,5991.61,0
1,0,0,0,65,1,0,0,1,2,1,0,2,2,0,0,2,80.12,5199.88,0
1,0,0,0,15,1,2,0,0,2,2,0,0,1,0,0,1,111.97,1679.62,1
0,0,0,0,50,1,0,1,0,0,1,2,0,1,1,0,0,108.85,5434.93,0
0,0,1,0,6,1,2,1,0,2,1,0,2,0,0,1,1,110.58,664.96,1
0,0,0,0,66,1,2,0,2,2,1,0,2,0,1,1,2,117.67,7767.39,0
0,0,0,1,69,1,0,1,0,0,1,2,2,0,0,1,1,51.15,3520.72,0
1,0,0,1,39,1,2,2,0,0,2,0,0,0,2,1,3,67.45,2623.48,0
1,0,0,0,29,1,2,0,0,2,0,1,0,1,2,0,2,37.06,1079.02,0
1,0,1,0,46,1,2,1,0,2,0,2,2,0,0,0,0,100.11,4608.38,0
1,0,0,0,31,1,2,1,2,2,2,0,0,0,0,1,0,75.86,2347.46,0
1,0,1,0,24,1,2,0,0,2,1,0,2,0,0,0,1,87.52,2094.13,0
0,0,1,1,15,1,0,1,0,0,2,2,0,2,1,1,2,24.44,370.12,0
1,1,0,0,20,1,2,2,1,0,0,1,2,1,1,1,0,24.16,483.94,0
0,0,0,1,4,1,1,2,1,2,2,1,1,1,2,1,1,25.78,98.15,0
1,0,0,1,58,0,2,0,0,2,2,0,2,1,2,1,1,90.02,5230.73,0
1,1,1,0,61,1,2,2,1,0,0,0,2,2,1,1,1,55.25,3367.81,0
1,0,1,1,10,1,0,1,0,2,0,0,0,0,1,1,1,93.36,937.33,0
1,0,1,0,41,1,1,0,0,2,2,2,2,0,0,1,1,70.31,2890.38,1
1,0,0,1,53,1,0,0,0,0,2,2,1,2,0,0,3,37.53,1998.16,0
0,0,1,1,71,1,0,2,2,2,0,1,1,1,0,0,2,29.76,2120.88,0
0,0,0,0,48,1,2,1,0,1,1,1,0,1,0,0,1,111.44,5350.96,0
0,1,1,0,15,1,2,2,2,0,2,0,1,0,1,0,0,84.38,1259.89,0
1,0,0,1,7,1,1,0,1,0,0,2,0,2,0,1,2,79.03,561.75,1
1,0,0,0,72,1,0,1,0,2,0,1,2,1,0,0,0,79.83,5757.3,0
0,0,1,0,71,1,2,0,2,2,1,1,1,0,0,0,3,54.46,3856.79,0
1,0,1,0,43,1,0,0,1,2,2,0,1,1,0,0,2,28.54,1235.44,1
1,0,0,1,4,1,2,2,1,2,2,0,2,2,0,1,0,106.51,433.77,1
0,1,0,0,51,1,0,0,1,0,2,0,0,0,0,0,2,111.01,5660.53,1
1,1,0,0,71,1,2,1,0,2,1,1,1,0,0,1,1,65.23,4637.22,0
0,0,0,1,59,1,0,2,0,1,1,2,0,2,2,1,1,60.94,3604.46,0
1,1,1,1,41,1,0,2,0,1,1,2,2,2,0,1,1,40.41,1652.99,0
0,0,0,0,61,1,0,1,2,0,0,1,2,0,2,1,2,19.1,1164.51,0
1,0,1,1,30,1,2,1,0,1,2,2,1,1,0,0,2,88.72,2654.4,1
1,0,0,0,18,1,0,1,0,2,2,1,0,1,2,0,0,68.54,1229.57,0
0,0,1,1,30,1,2,0,0,0,1,0,0,0,1,1,1,113.74,3419.88,0
1,0,0,0,7,1,0,0,0,2,0,0,1,2,1,1,2,22.69,152.42,1
1,0,1,0,52,1,0,0,2,1,0,0,2,1,2,1,0,52.12,2719.08,0
0,0,1,1,48,1,0,1,2,0,0,2,0,2,1,1,0,117.25,5629.17,0
1,0,1,0,23,1,0,0,0,2,2,0,0,0,0,1,2,80.66,1859.26,1
0,0,0,0,37,1,0,0,2,0,1,0,2,0,2,1,2,53.58,1980.32,0
1,1,0,1,71,1,0,1,2,2,0,0,0,2,2,0,1,38.21,2707.59,0
1,0,0,0,53,1,2,1,0,0,0,2,1,1,0,1,3,24.82,1315.11,0
1,0,1,0,45,1,2,1,2,1,0,1,2,0,0,0,2,111.0,4991.1,0
1,0,0,0,49,1,2,0,1,2,1,2,1,2,2,0,2,58.58,2870.82,0
0,0,0,1,49,1,0,2,0,0,2,0,1,2,0,1,2,113.22,5539.79,0
1,0,1,0,47,1,0,2,0,0,2,2,1,0,0,1,2,53.56,2525.67,0
0,0,1,0,25,1,1,0,2,0,2,1,0,0,2,1,0,113.01,2820.73,0
1,0,0,0,27,1,0,0,0,0,2,2,1,2,0,0,0,99.62,2692.43,1
1,0,1,0,12,1,0,1,0,1,0,1,0,0,0,0,2,51.12,616.4,1
1,0,1,1,23,1,0,2,1,2,0,2,1,2,1,1,0,61.0,1398.01,1
1,0,0,0,17,1,0,0,0,2,1,2,0,0,0,1,3,113.05,1931.79,0
0,0,1,0,44,1,0,0,0,0,0,0,0,2,0,1,1,93.04,4093.43,0
0,0,0,1,71,1,0,0,2,0,0,1,2,0,0,1,1,99.15,7044.75,0
0,0,0,1,24,1,0,1,0,0,1,0,2,1,2,0,2,81.28,1941.35,1
0,0,0,1,71,1,0,2,2,1,1,1,0,2,0,0,3,24.32,1721.32,0
1,0,0,0,60,1,2,1,2,0,0,2,2,2,2,0,2,104.66,6271.71,0
0,1,1,0,53,1,0,1,0,0,2,1,0,2,1,1,0,96.43,5107.75,0
0,0,0,0,16,1,0,1,2,2,2,2,1,1,0,1,2,75.69,1215.92,1
1,0,1,0,25,0,1,0,0,2,2,0,2,0,2,0,0,88.11,2195.57,0
1,0,0,0,66,1,0,1,1,0,1,2,1,0,0,1,3,41.5,2737.27,0
1,0,0,0,50,1,2,0,0,1,0,1,2,2,0,1,2,111.3,5558.92,0
1,0,0,1,69,1,1,0,0,0,0,1,0,2,0,1,2,39.77,2738.67,0
0,1,0,1,40,1,0,0,2,0,1,0,2,0,1,1,0,85.9,3426.98,0
0,1,1,1,6,1,2,1,0,0,0,0,2,0,2,1,1,66.01,396.22,1
1,0,1,0,64,1,2,1,0,2,2,1,0,1,1,0,1,73.63,4705.64,0
1,0,0,0,28,1,2,1,0,2,2,1,0,0,1,1,1,38.91,1085.64,1
1,0,1,0,9,1,2,0,0,0,1,0,0,0,2,1,0,36.43,325.03,0
0,0,0,0,6,0,1,0,0,1,0,1,1,2,0,0,3,51.26,302.11,0
0,0,1,0,17,1,0,0,2,1,0,0,2,0,2,1,3,21.22,360.3,1
1,0,0,0,40,1,2,0,0,0,2,0,0,0,0,0,0,30.43,1208.97,1
1,0,1,0,45,1,2,1,1,0,2,0,0,1,1,1,2,54.84,2471.94,0
0,0,0,1,43,1,2,0,2,0,2,0,2,0,0,0,2,79.33,3407.02,0
1,0,0,0,46,1,0,1,0,2,0,0,0,0,1,1,2,53.62,2466.75,0
1,0,1,0,63,1,0,1,0,0,0,0,1,0,0,0,3,25.6,1605.1,0
0,0,1,1,1,1,2,1,0,0,1,0,0,1,0,1,2,98.72,89.24,0
1,0,1,1,59,1,0,1,0,2,1,1,0,2,0,1,3,34.13,2010.66,0
0,1,1,0,63,1,0,0,1,2,0,0,0,1,0,1,1,23.86,1506.63,0
1,0,1,0,18,0,2,1,0,0,1,0,2,2,1,1,2,53.64,964.51,0
1,0,1,0,65,1,0,2,0,0,1,2,0,0,1,0,2,64.89,4222.02,0
0,0,0,1,20,1,2,1,0,2,0,0,0,0,0,1,2,107.93,2161.68,0
0,0,1,0,56,1,2,0,1,1,0,2,2,2,2,1,2,43.18,2422.29,0
1,0,0,0,54,1,0,2,1,1,0,0,0,2,0,1,3,77.23,4177.48,0
0,0,0,0,48,1,2,1,1,0,2,0,1,2,0,1,0,45.97,2201.95,0
1,1,1,0,54,1,2,1,2,0,1,0,0,0,0,0,3,30.37,1630.13,0
1,0,1,0,16,1,0,1,2,2,1,0,0,2,0,1,0,82.32,1308.11,1
0,0,0,1,20,1,0,0,0,1,2,0,0,0,1,1,2,93.55,1865.37,1
1,0,1,0,47,1,1,1,2,2,2,0,1,1,0,1,3,72.9,3418.5,0
1,1,0,0,7,1,2,1,0,2,0,0,0,0,1,1,3,52.08,360.27,1
0,0,0,0,23,1,0,2,2,0,0,0,1,2,2,1,3,117.53,2705.24,0
0,1,1,0,33,1,1,0,0,0,2,1,1,0,0,0,2,21.61,718.46,0
1,1,0,0,40,1,0,1,0,1,1,0,0,1,0,1,2,73.78,2944.33,1
0,0,1,0,5,1,1,2,0,0,2,2,0,1,0,0,2,85.47,428.85,1
0,0,1,0,45,1,1,0,2,2,0,2,2,0,1,1,2,60.81,2744.38,1
0,1,0,0,41,1,0,2,1,1,1,0,0,2,0,1,2,31.66,1302.92,0
0,0,0,1,8,1,0,0,0,0,0,0,2,2,0,1,2,36.18,282.54,0
1,0,0,0,50,1,2,0,0,0,0,2,1,1,1,0,3,113.3,5667.86,0
1,0,0,0,31,1,2,0,0,0,1,0,2,0,2,0,3,109.19,3384.46,0
1,0,0,0,4,1,2,1,0,1,1,2,2,0,2,0,2,35.84,138.37,0
0,0,0,0,66,1,0,0,0,2,2,2,1,2,0,0,3,24.13,1593.13,0
0,0,1,0,56,1,2,1,2,2,2,0,0,0,1,0,1,35.6,1986.83,0
0,0,0,0,5,1,0,0,1,0,0,1,2,0,0,1,0,106.51,528.88,0
0,0,0,0,54,0,0,0,0,1,1,2,2,2,0,1,2,28.32,1526.46,0
0,0,1,0,1,1,0,1,0,2,1,0,0,0,1,0,3,34.55,31.26,1
0,1,0,0,61,1,0,0,0,2,2,0,0,2,2,1,0,89.28,5437.91,0
0,0,1,0,7,1,0,0,1,0,0,2,0,1,0,1,2,100.5,701.8,0
1,0,0,1,30,1,1,1,2,0,0,2,0,0,0,0,2,73.02,2197.45,1
1,0,0,0,15,1,0,1,0,0,2,2,2,2,1,0,0,37.9,575.27,0
0,0,0,0,4,1,0,0,1,1,0,1,0,0,1,0,0,99.4,396.02,1
0,1,1,1,63,1,0,1,0,2,0,0,2,1,1,1,3,55.69,3498.72,0
0,0,0,0,70,1,2,0,0,0,2,0,2,1,0,1,0,86.0,6021.6,0
1,0,1,0,38,1,0,1,0,0,0,2,0,2,1,0,0,43.13,1640.86,0
1,1,0,0,47,1,2,2,0,2,1,0,0,2,0,1,0,73.93,3481.84,0
0,1,0,1,60,1,0,2,2,2,1,0,0,0,0,1,1,52.08,3131.56,0
0,0,0,0,2,1,0,0,2,2,1,2,0,2,2,1,3,41.73,88.96,0
1,0,0,0,69,1,2,1,0,2,1,0,0,0,0,1,2,91.53,6322.71,0
1,0,0,0,8,1,2,1,1,0,2,0,0,0,2,1,0,105.42,838.34,0
1,0,1,0,51,1,0,2,0,0,1,2,0,0,0,1,0,106.13,5413.97,1
1,0,1,0,19,1,0,2,0,0,2,0,2,2,1,1,3,62.54,1196.94,0
0,0,0,0,31,1,0,1,0,2,1,0,1,2,2,0,3,109.57,3397.28,0
1,0,0,0,22,1,2,2,1,0,0,0,0,0,0,1,0,70.5,1558.78,1
1,0,1,1,33,1,1,2,1,1,2,0,1,0,2,0,0,53.78,1782.88,0
0,0,0,0,72,1,2,1,0,0,0,1,0,0,0,1,2,94.53,6797.57,0
1,1,1,0,37,1,2,1,2,0,0,0,0,2,0,1,2,45.99,1709.94,1
1,0,1,0,12,1,0,1,0,2,0,1,1,1,1,0,0,59.09,701.1,0
1,1,0,0,69,0,2,1,2,2,0,1,0,2,0,1,3,98.4,6787.64,0
0,1,1,0,64,1,2,1,1,2,1,1,0,2,2,1,0,67.62,4332.72,0
1,0,1,0,25,1,0,1,0,0,0,2,0,0,2,0,2,31.16,770.41,0
0,0,1,0,54,1,0,0,0,0,0,0,0,0,0,0,2,114.13,6160.93,0
0,0,0,0,29,1,2,2,1,0,1,2,0,2,2,0,3,19.49,559.9,0
1,0,0,0,13,1,0,2,1,0,2,0,2,2,0,1,3,42.91,561.94,1
1,0,0,1,26,0,2,0,1,1,0,0,1,0,1,1,0,99.31,2589.44,0
1,0,1,1,22,1,0,2,2,2,1,2,0,2,0,1,2,103.24,2276.63,1
1,1,0,0,10,1,0,1,2,1,0,1,2,2,0,0,2,86.25,863.49,1
0,0,0,0,48,0,2,1,2,0,0,0,1,1,0,0,3,79.86,3840.15,0
1,0,0,0,42,1,0,1,0,2,2,1,1,2,0,1,3,101.95,4289.02,0
1,0,0,0,59,1,0,1,0,0,2,0,0,2,0,1,1,93.15,5495.76,0
1,0,1,0,53,1,2,1,2,0,2,0,0,2,0,1,2,116.77,6195.91,0
0,1,1,1,40,1,2,2,0,0,2,2,1,1,1,0,2,64.54,2589.44,0
1,0,1,0,62,1,0,1,2,2,0,0,0,1,0,1,0,45.44,2807.45,0
1,0,1,0,6,1,2,1,0,0,2,0,1,2,0,0,1,18.69,119.75,1
0,0,0,0,4,1,1,1,0,2,2,1,0,1,0,0,1,51.4,196.71,0
0,0,0,0,55,0,2,2,0,2,1,2,0,2,0,0,2,101.28,5566.39,0
1,0,0,0,69,1,0,0,1,1,2,2,1,0,0,0,0,21.62,1492.87,0
1,0,1,0,3,1,0,1,0,0,0,2,0,0,0,0,1,87.67,257.9,1
1,0,1,0,7,1,2,2,0,0,2,1,0,0,0,1,1,22.75,166.77,1
1,1,1,0,12,1,2,1,2,0,0,0,2,2,0,1,2,66.08,798.73,1
1,1,1,0,17,1,2,2,0,1,2,1,0,1,0,0,3,60.7,1031.58,0
0,0,1,1,67,1,0,0,1,2,2,0,2,0,0,0,0,112.37,7535.54,0
0,1,0,0,70,1,2,2,1,0,1,0,1,1,0,0,3,50.38,3532.95,0
1,0,1,0,36,1,0,2,1,0,0,0,2,2,2,1,0,72.03,2589.67,0
1,0,0,1,17,1,0,2,0,2,0,0,0,0,0,1,3,80.59,1361.32,1
0,0,1,1,1,1,2,1,0,0,2,0,1,2,2,1,1,47.38,49.22,0
1,0,0,0,67,1,1,0,0,0,0,0,2,2,0,1,2,43.16,2897.43,0
1,0,0,0,49,1,0,1,0,0,0,0,0,2,0,1,2,47.03,2313.01,1
1,0,1,1,51,1,2,1,2,1,2,2,1,0,1,0,0,31.16,1579.9,0
1,0,0,0,71,1,2,1,2,1,0,2,2,2,0,1,1,29.88,2119.56,0
1,0,0,0,43,0,2,1,0,1,2,0,2,0,0,1,1,77.75,3346.92,0
0,0,0,0,31,1,0,1,2,2,0,0,1,1,2,0,2,28.36,878.32,0
1,0,0,0,24,1,0,0,1,2,1,0,0,2,0,0,2,37.68,898.8,0
1,1,1,1,37,1,0,1,0,0,2,2,2,0,1,0,2,35.38,1310.95,0
1,0,0,0,65,1,0,0,0,0,0,0,2,0,2,1,2,32.17,2098.6,0
0,0,0,0,63,1,0,0,2,0,0,2,1,1,0,1,3,32.45,2053.24,0
0,0,1,0,56,1,1,1,0,1,2,0,0,1,0,0,2,98.42,5521.37,1
0,0,1,0,18,1,0,1,0,2,1,1,0,2,2,0,2,42.56,763.77,0
0,0,0,0,65,1,0,2,0,2,2,0,0,2,0,1,2,40.28,2612.26,0
1,0,1,0,29,1,2,1,0,2,0,2,1,2,0,1,2,31.2,910.93,0
0,1,0,0,4,1,0,2,1,0,0,1,1,2,1,1,1,88.66,358.4,1
1,0,0,0,12,1,2,0,0,0,2,0,0,2,0,0,1,32.48,394.83,1
1,1,0,1,56,1,0,2,0,2,0,0,1,2,1,1,0,23.86,1333.44,0
0,0,1,0,48,1,0,2,2,0,0,2,0,0,0,0,3,118.46,5680.54,1
0,0,1,1,19,1,0,1,0,0,1,0,2,1,0,1,2,75.39,1437.98,0
0,0,1,0,26,1,0,0,1,2,0,0,2,1,0,1,2,88.46,2298.86,0
0,0,0,0,38,1,0,1,1,2,0,0,0,2,0,1,1,106.59,4054.19,1
0,0,0,0,25,1,2,0,2,1,0,1,2,1,0,1,3,18.5,469.95,0
1,0,0,0,56,1,0,1,1,1,0,0,2,1,1,1,3,99.05,5543.69,0
0,0,0,0,28,1,2,0,2,2,1,2,0,1,2,0,3,87.61,2458.44,0
0,0,1,0,61,1,2,1,0,2,0,1,1,0,0,1,0,51.69,3152.15,0
0,0,1,0,51,1,0,0,1,0,2,2,2,2,0,0,0,23.92,1222.28,0
1,0,0,0,12,1,0,0,0,0,0,0,0,0,0,1,1,73.84,892.65,1
0,1,0,0,8,1,2,0,0,0,0,0,0,1,0,1,2,49.12,388.93,0
1,0,1,0,58,1,2,0,0,0,2,1,1,2,0,0,1,22.01,1283.35,0
0,0,1,0,23,1,2,1,0,0,2,0,2,2,0,0,0,112.1,2572.41,0
0,0,1,0,37,1,2,0,1,1,0,1,0,0,0,1,1,22.99,849.08,0
1,0,1,0,11,1,1,1,1,0,1,0,0,1,2,0,0,68.36,747.47,0
0,0,0,0,17,0,0,1,1,2,2,2,0,2,0,0,1,90.26,1524.75,0
1,0,0,1,56,1,2,0,0,0,0,0,2,1,2,1,2,70.61,3944.4,0
1,0,0,0,53,1,0,0,1,2,0,0,0,2,0,0,3,117.12,6201.27,0
1,0,0,0,67,1,2,1,2,0,2,2,0,2,0,1,1,79.01,5296.59,0
0,0,0,0,2,1,2,2,2,0,1,2,2,2,0,1,2,77.01,154.52,1
0,0,0,0,29,1,0,1,0,0,0,0,1,2,0,1,1,81.62,2363.35,0
0,1,1,0,57,1,0,1,0,2,0,1,2,2,0,1,1,116.08,6615.44,0
1,0,0,0,34,1,2,1,2,1,2,0,2,0,2,1,3,51.0,1737.52,0
0,1,1,0,2,1,0,2,2,0,2,0,2,1,0,1,3,102.35,212.49,1
1,0,1,0,31,0,2,2,0,2,2,2,2,2,1,1,1,26.89,828.77,0
0,0,1,0,44,1,2,1,0,2,0,2,0,0,0,0,0,84.28,3715.92,1
1,1,0,1,56,0,0,0,2,2,1,0,2,0,2,0,3,76.11,4260.37,0
1,1,1,1,54,1,0,1,0,0,0,2,0,1,0,0,2,81.76,4411.73,0
1,0,1,1,53,1,2,0,0,2,0,0,2,2,2,0,3,62.83,3331.36,1
0,0,1,0,46,1,0,1,0,2,1,2,2,2,0,1,3,89.11,4096.18,0
1,0,0,1,54,1,1,1,1,2,1,0,2,2,0,1,3,85.01,4586.36,0
1,0,0,0,31,1,2,1,0,0,0,0,1,1,0,0,1,103.93,3229.83,1
1,0,0,0,24,1,2,1,1,0,2,2,1,0,0,1,1,110.08,2640.02,1
1,0,1,0,25,1,2,0,2,2,2,0,2,0,0,0,2,39.04,969.03,1
1,1,1,1,35,1,0,2,2,1,2,0,2,2,2,1,3,92.83,3247.7,0
1,0,0,0,57,1,2,0,0,1,0,2,2,2,1,1,1,72.99,4156.21,0
0,0,1,0,72,1,2,0,0,2,0,0,2,1,2,0,3,47.91,3449.77,0
0,0,0,0,69,0,0,1,0,0,1,0,0,0,2,1,2,37.48,2588.97,1
1,0,0,0,28,1,2,2,0,0,0,2,0,2,0,1,2,42.43,1178.35,1
0,0,0,0,33,1,0,1,1,0,0,0,2,0,2,1,3,58.86,1948.14,1
0,0,0,0,53,1,0,1,1,0,0,0,0,1,2,1,1,66.93,3546.65,0
1,0,1,0,16,1,0,1,1,0,2,2,2,2,0,0,1,50.07,801.96,1
1,1,1,1,26,0,0,0,0,0,2,1,0,1,0,1,0,56.11,1451.61,0
1,0,0,0,12,0,2,1,0,0,0,0,0,0,0,0,1,109.9,1317.54,0
0,0,1,0,31,0,0,1,1,0,2,0,0,2,0,1,2,37.43,1160.17,0
1,0,1,0,27,1,2,2,1,1,0,1,1,1,0,1,3,22.68,603.18,1
0,1,1,0,36,0,0,0,1,2,2,1,1,0,0,1,1,92.9,3337.93,1
1,0,1,0,59,1,0,0,1,1,0,0,0,0,0,0,1,52.07,3069.48,0
0,0,1,1,3,0,0,1,0,1,2,2,0,0,2,0,2,43.99,125.56,0
1,0,1,0,32,1,0,1,0,1,2,0,2,2,1,1,0,113.47,3627.45,0
1,1,0,0,15,1,0,1,0,2,1,0,1,0,1,0,0,55.29,836.92,0
0,0,0,0,66,1,0,0,1,2,0,0,0,0,0,0,2,60.39,3988.23,0
0,0,0,0,63,1,2,0,0,1,0,0,0,2,0,1,2,79.43,5005.08,0
0,1,0,1,1,1,2,2,2,1,0,0,2,0,0,0,2,57.84,64.73,1
0,0,1,0,5,1,2,1,0,2,0,1,0,0,0,1,3,101.27,501.08,1
0,0,1,1,6,1,2,1,1,0,0,1,1,2,2,0,2,63.27,389.14,0
0,0,1,0,5,1,2,1,1,2,1,2,2,2,0,1,0,56.99,279.34,1
1,0,0,0,28,1,0,1,2,2,2,0,1,2,1,1,2,75.77,2121.41,1
0,0,0,0,69,1,2,1,2,2,1,0,2,0,0,0,3,111.6,7709.67,0
1,0,1,0,44,1,0,1,0,2,1,0,0,1,1,1,3,71.96,3162.91,0
1,0,1,0,16,0,2,0,0,0,2,1,2,0,2,1,1,49.42,784.06,0
0,0,0,0,71,1,2,1,2,2,0,0,0,0,0,1,1,52.58,3731.32,0
1,1,0,1,22,0,0,0,1,1,0,0,0,0,0,1,0,38.1,832.86,0
0,0,0,0,23,1,2,1,0,0,1,1,2,2,0,1,2,81.29,1874.64,1
0,0,1,0,43,1,0,1,0,0,2,2,0,0,0,0,2,21.17,918.72,0
1,0,1,0,68,1,0,0,1,1,0,1,2,1,2,0,3,87.31,5944.22,0
1,0,0,0,43,1,0,1,0,0,1,0,0,0,0,0,0,108.41,4654.5,0
0,0,0,0,26,0,0,0,0,2,2,2,1,0,0,1,0,83.72,2185.74,1
0,0,0,0,41,1,2,2,0,0,2,0,2,0,2,1,2,102.88,4222.79,0
1,1,0,1,70,0,1,0,1,0,1,0,0,0,2,0,2,26.8,1881.16,0
1,0,0,0,31,1,2,2,2,0,1,2,2,2,1,1,3,92.07,2855.17,0
1,1,0,0,17,1,2,1,0,0,0,0,2,1,0,1,3,94.45,1603.12,0
1,1,1,0,9,1,0,0,0,0,0,1,2,1,2,0,3,52.52,467.72,0
0,0,1,1,55,1,0,0,1,0,1,2,0,1,0,0,2,88.83,4885.06,0
0,0,0,0,6,0,0,0,1,0,1,2,0,1,0,1,0,61.79,376.84,1
0,1,1,1,70,1,2,0,2,0,0,0,0,2,0,1,1,90.58,6336.82,0
0,1,0,0,64,1,2,0,2,2,0,1,2,0,0,0,2,88.33,5660.92,0
1,0,0,1,4,1,0,0,2,1,0,0,2,2,1,0,2,48.57,187.21,0
1,0,0,0,67,1,1,0,0,0,2,2,2,2,0,1,2,21.08,1403.35,0
0,0,1,1,56,1,0,1,1,0,2,1,1,1,1,1,3,96.55,5406.86,0
0,1,1,0,18,1,0,1,2,0,1,1,2,0,0,0,1,47.76,868.26,1
0,0,0,0,32,1,2,1,0,2,2,0,2,2,0,0,1,76.06,2440.63,0
0,0,0,1,48,0,2,0,1,0,2,2,2,0,0,0,1,81.07,3884.12,0
0,1,0,1,29,1,0,2,1,0,0,0,0,1,0,0,2,107.2,3101.61,1
0,0,1,1,32,1,2,1,0,0,2,2,2,2,0,0,3,21.14,668.39,1
0,0,1,0,25,1,0,1,1,0,2,2,2,0,0,0,2,71.81,1801.0,1
0,0,0,0,63,1,0,0,0,0,0,2,1,0,0,0,3,81.98,5161.34,0
0,1,0,0,9,1,2,1,0,0,0,1,0,2,0,1,0,79.65,713.52,0
1,0,0,0,71,1,1,1,2,0,2,2,0,1,2,1,3,94.5,6718.0,0
0,0,1,1,14,1,0,2,0,0,0,0,0,0,0,0,2,24.42,344.69,1
1,0,1,0,20,1,0,2,0,2,0,2,2,2,0,1,0,41.3,834.61,1
1,0,1,0,10,1,0,1,0,0,2,0,0,0,1,0,3,82.63,821.09,1
0,0,0,0,11,1,0,1,2,0,1,0,1,2,0,1,1,52.19,578.93,0
0,0,0,0,39,1,2,1,2,0,2,2,2,2,0,1,2,44.34,1721.14,1
1,0,1,0,19,1,0,0,2,0,0,1,1,2,0,1,0,56.14,1069.96,1
1,0,1,0,19,1,0,1,1,1,0,2,1,0,2,1,0,105.3,1999.32,0
0,0,0,0,43,1,0,0,1,2,2,2,1,2,2,1,1,39.61,1693.86,0
1,0,1,1,61,1,0,1,2,2,2,1,0,2,2,1,1,98.67,6010.56,0
0,0,0,0,70,0,0,0,2,0,1,1,2,0,0,1,2,54.48,3822.41,0
0,0,0,1,72,1,2,0,1,2,0,1,2,0,0,0,0,85.52,6163.14,0
0,0,1,0,65,1,2,1,2,1,0,1,0,2,1,0,0,32.77,2136.07,0
1,0,1,0,23,1,0,0,1,2,0,1,2,0,0,0,0,35.05,796.79,1
1,0,0,1,60,1,2,1,0,0,2,1,2,2,0,1,1,31.5,1894.98,0
0,0,1,1,10,1,0,1,0,1,0,2,0,2,2,0,2,103.02,1020.74,1
1,0,1,0,63,1,0,2,0,2,0,1,0,2,0,0,0,88.63,5579.38,0
1,0,0,1,2,1,2,1,2,0,0,0,2,0,2,1,0,106.78,213.52,0
1,0,0,0,36,1,2,1,2,2,0,0,0,0,0,0,2,81.05,2915.64,0
1,0,0,1,57,1,1,2,1,1,0,2,0,2,0,0,0,82.84,4714.7,0
1,0,1,0,66,1,0,0,1,2,2,0,0,0,0,0,3,71.27,4713.48,0
1,0,1,0,20,1,1,1,0,2,0,0,2,0,1,0,0,24.15,474.07,1
1,0,1,1,42,1,0,1,1,1,1,1,0,2,0,1,0,21.8,919.27,0
0,0,1,0,21,1,0,0,1,2,0,0,1,0,0,1,2,67.84,1430.46,1
1,0,0,0,66,1,2,0,2,0,0,2,2,2,2,0,1,68.14,4492.8,0
1,0,1,0,38,1,0,1,0,2,2,0,0,2,1,1,1,40.75,1546.64,0
1,0,0,0,69,1,1,0,2,2,0,0,2,1,1,1,0,77.37,5330.21,0
1,0,1,1,24,0,0,0,2,1,1,0,0,0,0,1,1,108.67,2605.27,0
1,0,1,1,26,1,2,1,0,2,0,2,1,0,1,1,2,96.92,2516.87,0
1,0,0,0,2,1,0,1,2,2,0,2,2,1,1,1,1,75.19,140.98,0
1,0,1,1,46,1,0,1,2,1,1,0,0,2,2,1,1,44.63,2048.26,0
1,1,1,0,34,1,0,0,0,0,2,0,2,2,1,1,2,42.28,1446.07,0
0,0,1,0,62,1,2,0,2,0,0,2,2,1,0,1,3,101.85,6318.24,0
1,0,1,0,41,1,0,1,2,2,0,2,2,2,0,1,0,55.24,2255.13,0
1,0,0,0,15,1,1,1,2,0,0,0,0,0,2,0,3,79.95,1199.61,0
1,0,1,0,55,1,0,2,1,2,2,1,0,1,2,0,1,107.24,5895.17,0
1,0,0,0,3,1,0,1,0,1,0,1,2,2,0,0,2,55.26,175.48,1
0,0,0,1,38,1,0,2,1,0,2,0,1,1,0,1,2,88.91,3387.55,0
0,0,0,0,51,1,1,0,1,0,1,0,2,0,0,1,1,98.81,5043.04,0
0,0,1,0,17,1,0,1,1,2,1,2,1,1,0,1,2,33.24,555.45,1
0,0,0,1,49,1,2,1,2,0,2,0,2,2,0,1,1,26.05,1269.39,1
0,0,1,0,21,1,0,1,1,1,0,0,1,0,2,1,0,101.13,2128.93,0
0,1,0,0,24,1,2,2,0,1,1,0,0,1,1,0,3,108.9,2615.63,0
0,0,0,0,40,1,0,1,2,2,2,2,1,2,0,1,0,58.77,2345.46,1
0,0,1,1,20,1,2,1,0,1,2,0,0,2,0,1,0,67.24,1336.96,0
0,0,0,0,35,1,2,2,0,2,0,2,0,2,0,1,3,92.23,3225.38,1
0,0,0,0,48,1,2,0,2,0,0,0,2,1,2,1,2,37.69,1816.65,0
0,0,0,0,33,1,2,0,2,1,0,0,0,2,0,0,1,19.7,650.88,0
0,0,1,0,56,1,0,1,0,1,1,1,1,2,0,0,1,104.04,5822.07,0
0,0,0,1,41,1,2,0,1,2,1,0,0,1,2,0,1,84.2,3443.98,0
0,0,0,0,54,1,0,1,0,2,1,2,0,0,1,0,3,86.7,4675.42,0
0,0,1,0,44,1,2,2,0,2,2,1,2,0,0,0,0,76.36,3358.18,0
0,0,0,0,72,1,0,1,2,0,2,0,1,0,1,1,1,74.63,5378.51,0
1,0,1,1,11,1,0,1,0,2,1,1,2,0,1,1,3,116.19,1277.79,1
0,0,1,0,14,0,2,0,2,0,0,2,2,0,0,1,1,81.57,1141.4,1
1,0,0,1,42,1,0,0,1,2,0,0,2,1,2,1,1,32.29,1351.74,0
0,0,0,0,12,1,2,0,1,2,0,0,0,2,0,0,2,45.14,536.68,1
0,0,0,0,17,1,2,1,0,1,1,2,0,1,2,1,0,46.12,787.48,0
1,0,0,0,25,1,0,0,1,0,2,1,2,2,2,1,0,39.26,985.78,0
0,0,1,1,26,1,0,1,0,2,1,0,0,2,0,0,3,105.09,2741.57,0
1,0,1,1,47,0,0,1,2,0,0,2,2,0,1,0,1,70.59,3325.72,0
1,0,0,0,25,1,2,1,0,1,1,2,0,1,2,1,1,66.32,1659.71,0
1,0,1,0,60,1,2,0,1,0,0,0,1,2,1,1,1,117.44,7048.62,0
0,0,0,0,60,1,2,0,0,0,0,2,2,2,1,1,3,22.32,1337.03,1
0,0,0,0,27,1,2,1,0,1,0,0,2,0,2,0,2,63.47,1723.15,0
0,0,1,0,43,1,1,2,0,0,0,0,2,1,1,1,2,39.78,1718.88,0
1,0,1,0,20,1,0,1,0,0,0,2,0,2,0,1,1,61.2,1214.85,0
1,0,0,0,63,1,0,1,2,0,0,2,2,2,0,0,3,34.52,2172.2,0
0,1,0,1,25,1,0,2,0,1,2,0,0,0,0,1,2,32.71,815.77,1
0,0,0,0,27,0,0,0,0,0,1,0,1,2,0,0,1,45.11,1213.35,0
0,0,0,0,52,1,0,1,1,1,1,2,2,2,0,0,3,30.81,1600.94,0
0,0,0,0,10,0,2,1,0,0,2,2,2,1,0,1,2,113.52,1134.22,1
0,1,1,1,50,1,0,0,0,0,1,0,0,0,0,0,0,30.85,1548.04,0
1,0,1,0,30,0,0,2,2,0,0,2,0,2,0,1,3,65.08,1960.61,1
1,0,1,0,1,1,1,1,1,1,0,1,1,1,1,1,3,96.58,97.14,0
1,0,1,0,54,1,2,0,0,0,0,0,2,0,0,1,3,103.14,5564.7,0
0,0,1,0,4,1,0,0,0,2,0,0,1,0,1,1,2,114.81,459.96,0
1,0,1,0,7,1,0,1,2,2,0,2,2,0,2,1,2,74.14,512.54,0
1,0,1,0,30,1,2,1,2,0,0,1,2,1,1,1,3,49.6,1485.02,0
1,0,1,0,65,1,0,2,2,2,0,0,1,1,1,0,1,82.4,5356.7,0
1,0,0,1,29,0,0,1,1,0,2,1,0,2,1,1,1,77.93,2269.0,0
1,0,0,1,25,1,2,1,0,2,0,0,2,2,0,0,2,77.57,1938.63,1
0,0,1,1,40,1,0,0,0,0,0,2,2,0,0,1,1,54.04,2151.8,1
1,0,0,0,26,1,0,0,1,2,1,1,2,2,2,1,3,106.54,2762.24,0
0,0,1,0,17,1,0,1,2,2,2,0,2,0,0,1,3,74.02,1256.32,1
0,0,0,0,31,1,0,2,2,0,2,0,0,2,2,1,3,78.99,2442.07,0
0,1,1,1,61,1,2,1,2,0,0,2,0,1,0,1,1,61.74,3762.6,0
0,1,0,1,8,1,1,1,0,2,2,2,1,2,0,1,3,41.61,340.3,1
0,0,1,1,69,1,2,1,1,2,0,0,0,2,1,0,2,40.81,2819.66,0
1,0,0,1,1,0,0,1,1,2,2,2,2,2,2,1,1,81.71,84.43,1
1,1,1,1,71,1,0,0,0,1,0,0,1,2,1,1,1,19.56,1386.62,0
0,0,0,0,46,1,0,1,0,0,0,2,0,0,1,0,3,112.01,5157.89,0
0,0,1,0,20,0,2,1,1,0,0,1,2,0,1,1,3,62.07,1251.37,0
0,0,1,0,40,0,2,1,0,1,2,2,2,0,1,1,2,104.65,4182.66,0
1,0,0,0,2,0,0,1,2,0,1,0,2,2,0,0,2,61.64,126.64,1
0,0,1,0,61,1,2,0,0,1,1,1,1,0,0,1,2,30.02,1825.26,0
1,1,0,0,71,1,0,1,0,0,2,2,0,2,2,0,1,28.89,2043.16,0
0,0,1,0,30,1,0,1,0,2,1,0,0,0,2,0,3,18.4,561.42,0
1,0,1,0,30,1,0,0,2,0,0,0,1,2,0,1,2,47.37,1415.18,0
0,0,0,1,45,1,0,1,0,2,0,0,1,1,0,0,1,61.69,2768.1,1
1,0,1,1,24,1,0,1,0,0,2,2,2,1,1,1,0,20.65,495.26,0
0,0,1,1,56,1,1,2,2,0,0,2,1,2,0,0,1,63.86,3580.09,1
1,0,0,0,61,0,1,2,0,2,2,2,2,1,0,1,2,31.29,1898.7,0
1,0,0,1,13,0,0,1,2,2,0,0,1,2,0,0,1,72.49,940.36,0
1,0,0,0,56,1,0,0,0,2,1,2,1,1,0,1,1,80.1,4484.99,0
1,0,1,1,15,1,2,1,2,1,0,0,0,2,0,1,1,69.27,1038.91,0
1,0,0,0,11,1,2,1,1,2,1,0,0,2,0,1,1,70.27,771.0,1
1,1,1,1,12,1,2,1,2,2,0,0,0,1,0,0,1,34.57,407.9,1
1,0,1,0,3,1,0,0,0,1,2,1,2,2,2,0,1,78.41,239.48,0
0,0,0,1,24,1,0,1,2,2,2,1,2,0,0,0,1,116.42,2796.83,1
0,0,1,1,9,1,2,1,2,1,2,2,2,0,1,1,3,116.32,1037.54,0
0,0,1,0,46,1,0,0,0,0,0,1,1,1,0,1,2,53.34,2455.7,0
0,0,1,0,71,1,0,2,2,1,0,0,0,1,0,1,2,91.46,6498.72,0
0,0,0,1,60,1,0,1,0,2,0,1,0,0,0,1,2,62.63,3750.32,0
1,0,0,0,11,1,2,1,2,2,0,0,2,0,0,1,1,32.09,358.24,1
1,0,0,0,10,1,2,1,0,1,2,0,1,2,0,1,1,92.66,921.8,1
1,0,1,0,3,0,2,0,0,1,2,0,2,2,1,0,3,52.83,162.04,0
1,0,0,0,19,1,2,1,1,0,0,2,2,0,0,1,3,94.72,1803.06,0
1,0,0,0,2,0,2,0,0,0,0,2,2,2,0,0,3,56.38,114.07,1
0,0,1,1,17,1,0,2,1,2,1,2,1,2,0,1,3,35.84,603.73,0
0,0,1,0,2,1,1,1,1,0,0,1,1,2,2,1,3,103.98,203.44,0
0,0,1,0,53,1,1,0,0,0,0,1,1,2,1,1,0,23.46,1242.84,1
0,0,1,0,16,1,0,1,1,0,1,1,0,0,2,0,2,54.99,870.37,0
1,0,0,0,10,1,1,1,0,0,2,1,1,2,0,1,3,85.84,856.73,1
1,0,1,0,68,1,0,1,2,2,1,1,0,1,2,0,3,107.33,7302.31,0
1,0,1,0,43,1,1,1,1,0,2,0,2,2,1,1,2,34.44,1470.97,0
0,1,0,0,58,1,2,0,2,2,1,2,0,2,0,1,1,27.9,1622.98,0
1,1,0,0,60,1,0,2,0,0,2,0,1,2,1,0,3,48.61,2915.22,0
0,0,0,0,24,0,0,0,0,2,0,0,1,0,0,1,3,44.0,1055.74,1
1,0,1,0,16,1,0,1,0,0,1,0,0,0,0,0,2,88.02,1402.76,0
1,0,1,1,9,1,2,0,0,2,2,0,2,2,0,1,3,42.14,377.54,1
0,0,1,0,6,1,2,0,2,2,2,2,0,2,1,0,3,80.96,485.88,1
1,0,1,0,65,0,0,1,0,2,2,2,1,1,0,1,1,84.18,5481.28,0
1,0,1,0,24,1,2,0,2,2,2,0,2,0,2,0,2,99.21,2383.43,0
0,0,0,0,10,1,0,2,2,2,0,2,1,0,2,1,2,78.89,791.51,0
1,1,1,0,27,0,2,1,1,2,1,0,2,0,1,1,0,110.81,3001.81,0
0,0,1,0,3,1,0,2,0,2,2,0,1,0,2,1,0,87.81,254.15,0
1,0,1,0,38,1,0,1,0,2,2,0,0,0,0,1,0,42.62,1626.99,0
1,0,0,1,17,1,1,0,2,1,2,2,2,1,2,1,2,112.71,1921.89,0
1,0,0,1,48,1,0,1,0,2,2,0,2,1,1,0,1,37.34,1783.26,0
1,0,0,0,49,1,2,0,0,0,1,1,1,0,0,0,1,36.94,1808.9,0
1,0,1,0,43,0,2,1,0,0,2,1,0,2,0,1,1,92.85,3992.9,0
1,0,1,0,7,0,0,1,2,0,0,1,0,1,0,1,2,70.41,483.53,1
1,0,1,0,68,1,0,1,0,2,2,1,2,0,1,0,1,34.33,2333.4,0
1,0,1,0,21,1,0,0,0,2,2,0,2,0,2,0,2,29.7,631.31,0
0,0,0,0,25,1,1,1,1,0,2,1,0,0,1,1,2,35.27,872.32,0
0,1,0,0,61,1,2,1,2,0,2,0,0,0,0,0,2,111.36,6799.52,0
1,0,0,0,28,1,0,1,2,0,2,2,1,0,0,1,2,77.19,2168.09,1
1,1,0,0,52,1,0,0,1,0,1,0,0,1,2,0,1,91.53,4749.62,0
0,0,0,0,13,1,2,1,0,0,0,2,2,1,0,0,1,31.12,412.74,1
1,0,1,0,34,1,0,1,0,1,0,2,0,0,0,0,2,56.37,1920.89,0
1,0,0,0,67,1,0,1,1,0,0,0,0,2,1,0,0,74.22,4981.54,0
0,0,1,0,4,1,0,1,0,2,2,2,2,0,1,1,2,69.48,286.5,0
1,1,0,1,44,1,0,1,2,1,2,0,1,0,2,1,2,55.69,2445.33,0
1,0,1,1,15,1,0,0,2,0,2,1,0,0,0,1,0,27.87,418.4,0
0,0,1,1,8,1,1,2,0,0,2,2,2,1,0,1,3,86.88,694.83,0
1,0,0,1,5,1,2,1,1,1,1,0,1,2,2,1,2,78.34,395.88,1
1,0,1,1,66,1,2,1,0,0,2,0,1,0,0,0,2,60.51,3995.3,0
0,0,1,0,46,1,2,1,0,0,0,1,1,2,0,1,2,111.42,5134.6,0
1,0,1,0,65,1,2,0,2,0,0,0,1,1,0,1,3,94.23,6125.04,0
0,0,1,0,66,1,0,1,0,0,0,0,2,0,0,1,3,54.92,3622.19,0
1,0,0,0,26,0,0,1,1,1,0,0,1,1,0,1,3,23.56,622.4,0
1,1,0,0,31,1,2,0,1,2,2,1,0,0,0,1,3,98.69,3061.27,0
0,0,1,0,51,1,0,0,0,0,0,2,0,0,0,0,1,62.48,3184.67,1
0,0,1,0,41,1,1,1,0,2,0,0,1,2,2,1,1,65.71,2691.19,0
1,0,0,0,51,1,1,0,0,2,0,2,0,0,0,0,3,77.28,3945.43,1
0,0,1,0,19,1,2,2,0,0,1,1,1,0,1,1,1,84.63,1615.75,1
0,0,1,0,3,0,1,0,0,2,0,0,0,2,2,1,2,79.42,231.8,0
1,0,1,0,38,1,0,2,0,2,0,0,0,1,2,1,2,46.53,1765.59,0
1,0,0,1,70,1,0,2,2,1,0,0,0,2,0,1,3,36.13,2520.41,0
1,0,1,0,45,1,2,1,2,0,1,0,0,2,0,1,2,21.07,943.63,0
0,0,1,1,71,1,0,2,2,0,0,0,0,2,0,0,0,19.56,1397.11,0
0,0,0,1,41,1,0,2,2,0,1,0,1,0,1,0,0,107.58,4413.68,0
0,0,1,0,25,1,2,0,0,2,2,0,2,2,2,1,1,118.2,2963.24,0
0,0,0,0,50,1,2,2,2,0,1,2,1,0,0,1,0,54.19,2710.64,1
1,1,1,0,1,1,0,0,2,0,0,1,0,2,2,0,3,39.66,49.4,0
0,0,1,0,54,1,0,0,2,0,1,0,1,0,0,1,2,58.39,3155.77,0
1,1,1,0,13,1,2,1,0,2,2,0,2,2,2,1,2,28.63,376.61,0
0,0,1,0,40,1,2,0,0,2,2,1,1,2,1,1,2,81.54,3268.86,0
1,0,0,1,21,1,1,0,1,1,1,0,0,2,0,1,2,40.86,855.15,1
1,0,0,0,41,1,0,2,0,2,2,1,1,2,1,1,1,50.15,2052.08,0
1,0,1,0,61,1,0,2,2,2,0,0,2,2,2,0,2,104.22,6350.88,0
0,0,1,0,33,1,2,2,0,2,1,0,1,0,0,1,0,75.44,2493.65,0
1,0,1,1,29,1,2,1,1,1,2,2,1,2,0,0,0,31.8,928.57,1
1,1,0,1,55,1,0,2,0,0,0,0,0,1,2,1,2,27.85,1529.53,0
0,0,0,0,32,1,0,0,0,1,2,2,0,0,0,1,2,84.0,2678.02,1
1,0,1,0,11,1,2,2,1,1,2,1,0,0,0,0,3,34.6,388.76,1
0,0,0,0,52,1,2,1,0,1,0,2,2,2,2,1,1,38.03,1982.03,0
0,0,0,0,36,1,2,2,1,0,2,0,0,0,1,1,0,78.73,2841.99,0
1,0,0,1,31,1,2,1,1,0,0,0,1,2,1,1,1,109.76,3410.11,0
1,0,1,0,14,1,0,2,0,1,1,1,2,1,1,0,2,72.66,1017.07,0
0,0,1,0,63,0,0,2,0,2,2,0,0,2,1,0,3,65.32,4120.26,0
1,0,1,1,52,1,2,2,2,2,1,0,0,2,2,1,2,104.55,5443.56,0
0,1,0,0,54,1,0,1,0,2,0,2,2,0,0,1,3,47.75,2569.38,0
0,0,0,0,50,1,0,2,0,0,2,2,0,1,2,0,2,21.73,1092.74,0
0,0,0,0,54,1,0,1,0,2,2,0,1,0,0,1,1,74.3,4012.21,0
1,1,1,1,35,1,2,0,2,1,2,2,0,2,0,1,1,31.51,1099.96,0
0,0,1,0,30,0,1,1,0,1,0,1,0,1,2,1,1,24.34,723.63,0
1,0,1,0,55,1,0,0,0,2,0,0,0,0,0,0,2,28.0,1534.5,0
1,0,0,0,1,1,2,2,0,2,0,2,2,2,1,1,3,29.34,35.25,1
1,0,1,1,15,1,2,0,0,2,2,1,2,2,0,1,2,84.14,1269.38,0
1,0,1,0,25,1,2,2,0,0,0,1,2,0,2,1,1,76.78,1928.76,0
0,0,0,0,20,1,0,1,0,0,2,0,2,2,0,0,3,50.43,1001.53,1
1,0,1,0,71,1,1,0,0,0,0,0,1,0,0,1,2,42.68,3030.59,0
0,0,1,0,16,0,0,2,0,1,2,0,0,2,2,0,1,18.32,301.46,0
0,0,1,0,52,1,2,0,0,2,0,2,2,0,1,1,2,34.22,1773.85,0
1,1,0,1,65,1,0,1,1,0,0,0,0,2,0,0,2,76.09,4940.69,0
0,0,0,0,70,1,2,1,0,0,1,0,0,0,0,1,0,74.17,5192.75,0
0,0,0,1,1,1,0,0,1,0,1,2,2,1,0,0,3,92.26,93.68,1
1,0,0,1,16,1,1,1,0,0,0,2,2,0,2,1,2,21.56,338.8,0
0,1,0,0,27,1,0,1,2,0,1,0,2,1,0,0,0,98.16,2650.7,0
0,0,0,1,18,1,2,2,0,2,0,0,0,0,2,1,2,76.72,1389.19,0
0,0,0,0,44,1,2,0,2,2,0,2,2,0,2,1,3,45.68,2011.6,0
0,1,0,0,50,0,2,0,1,0,0,0,1,2,2,1,0,62.03,3107.2,0
1,0,1,0,14,1,0,1,0,0,1,2,2,2,0,1,0,98.59,1385.75,1
0,1,1,0,52,1,2,1,0,2,0,2,2,2,2,0,2,67.06,3484.83,0
0,0,1,0,50,1,2,1,0,1,1,2,1,2,1,0,1,89.41,4476.26,0
0,0,0,1,17,1,1,0,2,1,2,0,2,2,1,0,0,59.2,1012.97,1
0,1,0,0,3,1,2,1,0,0,1,1,0,2,0,1,2,73.16,217.96,1
1,0,0,1,62,1,0,2,1,2,2,1,2,2,1,1,1,101.95,6326.63,0
0,0,1,0,21,1,2,0,1,0,0,0,0,0,0,0,2,68.16,1441.23,1
1,0,1,0,33,0,2,0,0,2,1,1,2,0,0,0,1,74.84,2472.33,0
0,1,1,0,1,1,0,1,0,0,1,2,1,0,0,1,1,60.68,55.66,1
1,0,0,1,70,1,0,0,1,0,2,0,0,0,0,0,3,37.41,2625.47,0
1,0,1,1,56,0,0,1,2,2,1,0,0,0,0,1,0,116.08,6492.88,0
1,0,0,0,4,1,0,0,2,2,2,2,1,1,0,1,3,20.32,81.29,1
1,0,1,0,22,1,0,1,2,0,2,2,2,0,0,0,1,30.73,684.02,1
1,0,1,0,58,0,2,1,1,0,1,1,0,0,2,0,1,89.88,5216.0,0
0,0,0,0,44,1,0,1,2,2,1,0,2,0,1,0,0,92.69,4087.8,0
0,0,1,1,57,1,1,2,0,2,0,2,2,0,2,0,3,33.97,1934.14,0
0,0,1,1,40,1,2,2,0,2,1,0,2,2,0,0,3,81.95,3278.55,1
1,0,0,0,56,1,0,1,2,0,2,0,1,2,0,0,1,107.18,5999.37,0
0,0,1,0,63,0,2,1,1,0,2,1,0,2,1,1,0,98.69,6220.55,0
1,0,0,1,39,1,1,0,0,1,1,0,0,0,0,0,2,18.7,725.38,0
1,1,0,0,7,1,2,1,0,0,0,0,1,2,0,1,0,22.31,151.59,1
0,0,1,0,14,1,0,1,2,0,1,1,0,1,0,1,2,65.13,916.61,1
0,0,0,1,18,1,2,0,0,2,1,0,0,0,0,0,2,53.64,975.03,0
1,0,1,0,55,1,2,0,0,2,0,1,1,0,0,0,1,27.62,1512.52,0
1,0,0,0,56,0,2,0,0,0,0,0,2,1,1,1,1,37.62,2114.19,0
0,0,0,0,57,1,0,0,0,2,0,0,2,0,1,1,0,113.02,6450.87,0
0,0,0,0,58,1,0,1,2,1,2,0,0,2,1,1,0,55.22,3208.15,0
0,0,1,1,25,1,2,2,1,0,0,0,0,1,0,1,3,40.49,1010.13,1
0,1,1,0,70,1,0,1,0,2,1,0,2,1,0,0,2,34.53,2408.35,0
1,0,1,0,3,1,0,1,0,1,0,1,2,2,2,0,3,77.57,223.31,0
0,0,0,0,21,1,0,1,2,2,2,2,2,0,2,0,3,64.93,1365.44,1
0,0,0,0,32,1,0,1,0,2,2,2,1,2,1,1,3,52.53,1686.72,0
0,1,1,0,2,1,0,1,2,2,2,0,1,2,2,1,2,55.25,106.6,1
1,0,0,0,20,1,0,1,0,0,0,0,2,0,1,1,1,38.57,770.3,0
1,0,1,1,18,1,0,0,0,1,0,2,0,2,0,0,0,93.26,1673.69,0
1,0,1,0,54,1,0,1,1,2,0,1,0,1,2,1,0,93.49,5054.71,0
1,0,1,0,36,0,0,1,1,0,0,2,2,0,0,1,3,21.51,780.36,1
0,0,1,0,61,1,2,0,0,2,2,2,1,1,2,1,1,39.88,2437.35,0
1,0,1,0,60,1,2,0,0,1,1,2,0,2,0,0,2,24.43,1472.72,1
0,0,0,0,36,1,0,0,0,1,2,1,2,1,2,0,2,27.07,967.62,0
0,0,1,0,44,1,2,1,2,0,0,0,0,2,0,1,1,114.47,5035.6,0
0,0,1,0,68,1,2,1,1,0,0,2,1,0,2,1,1,63.98,4356.95,0
0,0,0,0,66,1,2,0,0,2,2,0,2,0,0,0,0,38.29,2536.26,0
1,0,1,0,44,1,2,0,0,2,2,0,2,2,1,1,3,115.28,5078.43,0
1,0,0,0,29,1,0,0,1,0,1,1,2,1,0,0,1,66.1,1924.77,1
1,0,1,1,48,1,2,2,1,0,2,1,2,2,0,1,0,87.11,4171.67,1
0,0,0,0,36,1,2,0,0,0,2,2,2,0,0,1,0,114.47,4126.08,1
0,0,0,0,8,1,0,0,0,2,2,0,1,0,0,1,0,111.69,886.34,0
0,0,1,0,5,0,2,1,1,0,1,0,0,2,1,0,1,115.18,580.77,1
0,0,0,1,47,1,0,0,0,0,2,0,0,1,0,0,2,102.61,4814.1,0
0,1,0,0,43,1,0,1,1,2,0,0,2,2,0,1,2,88.68,3809.14,0
1,0,0,1,10,1,0,0,2,1,2,0,2,2,2,1,0,39.28,396.46,0
0,0,1,0,10,1,2,2,0,0,1,0,1,2,2,0,3,36.62,360.07,0
1,0,1,1,6,1,2,2,0,2,1,0,2,2,0,1,2,53.69,327.83,1
0,0,0,0,16,1,0,1,0,2,0,2,1,0,0,0,1,108.74,1731.62,0
0,0,0,1,60,1,0,1,1,2,1,0,0,2,1,1,1,43.08,2591.37,0
1,0,1,1,26,1,0,1,0,2,2,1,0,0,0,1,2,39.37,1025.02,1
1,1,1,0,21,1,0,2,1,0,0,2,2,1,0,1,1,76.14,1589.31,0
0,0,1,1,58,1,2,1,0,1,0,0,0,1,1,0,3,41.52,2403.24,0
0,1,1,0,41,1,2,0,2,1,2,1,1,0,0,1,3,76.48,3135.33,0
0,0,1,0,30,0,2,0,2,2,2,0,2,2,1,0,2,83.72,2514.45,0
0,0,1,0,5,1,2,0,2,1,1,1,2,2,0,0,2,53.83,272.63,0
1,0,1,1,10,1,2,1,0,1,2,0,0,0,0,1,2,63.91,647.0,0
0,0,1,0,11,1,0,0,2,2,2,0,0,1,0,1,3,65.22,716.18,1
1,0,0,0,63,1,0,1,0,1,0,2,0,0,0,1,3,30.36,1902.93,0
0,0,1,0,7,1,0,1,1,1,2,0,0,0,1,1,2,29.55,202.19,0
1,0,1,0,59,1,0,2,2,1,0,1,0,2,2,1,1,33.18,1949.48,0
1,1,1,1,12,1,2,1,2,0,2,0,2,0,0,1,3,94.33,1138.73,0
0,0,0,0,64,1,0,1,0,0,2,0,2,2,1,0,2,95.42,6099.88,0
1,0,0,0,41,1,2,1,0,0,0,0,0,0,0,0,3,61.41,2514.98,1
0,1,0,0,60,1,0,2,1,1,2,1,0,1,0,0,0,20.96,1250.51,0
1,0,1,0,72,1,2,0,0,2,0,2,1,1,0,1,2,19.63,1413.69,0
0,0,0,0,28,1,1,0,1,1,1,0,1,1,2,0,2,114.65,3204.11,0
1,0,1,0,63,1,1,1,2,2,0,1,2,1,2,1,2,41.25,2604.03,1
0,0,1,0,3,0,2,1,0,2,0,0,1,2,0,1,2,35.13,105.21,1
0,0,0,0,32,1,2,1,1,1,2,2,1,0,2,0,2,26.77,856.56,0
1,0,0,0,21,1,2,1,1,1,1,1,0,2,1,0,0,88.54,1868.36,0
1,0,0,0,55,1,2,0,0,0,1,1,2,2,1,1,3,91.36,5021.22,0
1,0,0,0,18,1,0,0,0,1,0,0,1,1,1,1,1,114.56,2059.69,1
1,0,0,0,53,1,0,2,2,1,2,0,1,2,1,0,0,102.94,5457.66,0
0,0,1,1,61,1,2,0,0,1,0,0,0,2,0,1,0,20.75,1262.57,0
1,0,1,0,50,1,0,1,2,0,2,0,0,2,2,1,2,100.01,5007.08,0
0,0,1,0,8,1,2,2,2,1,1,0,0,2,0,0,1,115.47,924.69,1
1,0,0,0,12,1,0,0,0,1,0,0,2,2,1,0,2,71.09,843.13,1
0,0,1,1,51,1,0,0,2,1,0,2,1,0,2,1,1,34.7,1766.14,0
0,0,0,0,66,1,0,0,0,2,2,2,1,1,1,1,1,41.59,2744.92,0
0,0,1,0,41,1,2,1,1,0,2,2,2,1,0,0,2,102.43,4205.24,0
0,1,1,0,22,1,2,0,0,1,0,0,0,0,0,0,1,115.39,2543.39,0
1,0,1,0,9,1,2,0,2,0,0,0,0,1,1,0,3,114.32,1032.28,0
1,0,1,1,11,1,0,0,0,1,0,2,2,0,0,1,1,68.08,755.56,1
0,0,0,0,13,1,0,0,1,1,2,0,1,1,1,0,1,80.24,1037.4,0
1,0,1,0,56,0,2,0,2,1,2,1,2,0,0,0,3,85.48,4786.07,0
1,0,1,0,28,1,0,0,1,2,2,2,2,2,0,0,0,60.89,1705.73,0
0,0,1,0,64,1,0,0,2,2,1,0,1,0,2,0,0,112.59,7215.23,0
1,0,1,1,64,1,0,1,0,2,0,0,2,1,0,1,0,100.56,6445.37,0
1,1,1,0,70,1,0,0,2,0,1,0,0,2,0,1,2,31.77,2223.85,0
1,0,1,1,55,1,0,1,0,2,0,0,1,2,0,1,2,31.56,1728.64,0
0,0,0,0,37,1,2,1,0,2,1,0,0,0,1,0,2,74.6,2767.95,0
1,0,1,0,33,1,2,2,0,2,2,2,2,0,0,0,3,72.11,2370.16,1
0,0,1,0,25,1,0,0,0,1,0,0,2,1,1,1,2,20.14,502.54,0
1,1,0,0,23,1,1,0,1,2,2,0,1,0,0,1,2,64.02,1472.42,1
1,1,1,0,60,1,2,2,2,2,0,2,0,0,1,0,2,113.54,6805.34,0
1,0,1,0,56,1,0,2,0,0,0,1,0,2,2,0,3,63.02,3526.55,1
0,1,0,0,63,0,2,0,2,2,0,0,2,1,0,0,2,85.79,5408.2,0
0,0,1,0,8,1,1,0,0,2,1,2,1,2,1,0,0,89.0,715.97,0
1,1,0,1,17,1,0,2,0,2,0,0,0,0,0,0,1,21.31,367.84,1
0,0,0,0,57,1,2,0,2,0,1,1,0,0,0,0,2,46.27,2638.86,1
1,0,0,0,62,1,2,2,2,2,0,2,0,2,0,0,1,112.53,6972.73,0
0,0,0,0,11,1,0,2,1,1,0,1,0,2,1,1,0,69.53,755.08,0
0,0,1,0,67,1,0,0,0,2,0,0,2,0,0,1,3,116.62,7815.66,0
1,0,1,0,40,1,0,2,0,1,0,0,1,2,1,1,1,108.2,4329.26,0
1,0,1,0,40,1,0,1,0,0,0,1,2,2,0,0,1,46.45,1860.68,0
1,0,1,1,56,1,0,2,2,1,0,0,2,1,0,1,1,45.07,2532.53,0
1,0,0,0,53,1,2,1,2,2,1,2,2,2,0,0,1,53.91,2851.99,1
0,0,0,1,28,1,1,0,0,0,0,0,2,0,1,0,0,69.41,1947.61,1
0,1,0,1,42,1,0,1,2,1,0,0,0,0,0,0,1,108.4,4546.81,1
0,0,0,1,46,1,2,0,1,0,2,0,2,1,2,1,2,68.64,3163.16,0
1,1,1,0,18,1,1,2,1,0,2,2,2,2,1,1,2,96.99,1736.43,1
1,0,0,0,23,0,2,1,0,2,2,0,1,0,1,0,2,76.43,1753.27,0
0,0,0,0,26,0,2,0,2,0,0,2,1,2,0,0,1,41.26,1067.92,1
1,0,0,0,29,1,1,0,0,2,2,2,2,1,0,1,2,60.63,1765.25,1
0,0,1,0,52,1,2,2,2,1,1,2,2,0,2,1,0,59.72,3106.39,0
0,0,0,1,46,1,0,0,0,0,1,1,2,2,1,0,0,117.98,5425.35,1
0,0,1,1,1,1,2,2,2,2,0,1,1,2,0,1,1,73.51,68.4,1
0,0,0,0,63,1,2,0,0,0,2,0,2,2,2,1,2,25.86,1625.64,0
0,0,0,0,16,1,2,1,2,0,0,0,0,0,0,1,0,76.0,1220.43,1
1,0,1,1,25,1,0,2,0,2,0,0,2,0,2,1,2,75.18,1886.5,0
1,0,0,0,62,1,0,0,2,0,2,2,0,2,0,0,2,66.53,4116.7,0
1,0,0,0,16,1,0,0,0,2,0,1,0,2,2,1,1,50.47,797.81,0
0,0,1,0,69,1,2,2,2,0,1,0,0,1,1,1,2,43.17,2979.71,0
0,0,0,1,70,1,2,1,1,0,0,2,2,1,0,1,2,38.91,2730.45,0
0,0,0,0,34,1,1,1,0,0,0,0,0,2,1,1,1,27.42,922.73,0
0,0,0,0,53,1,1,2,2,0,1,0,2,0,0,1,2,56.27,2983.88,0
1,0,0,0,23,1,2,1,0,1,0,1,2,0,2,0,1,90.57,2089.4,0
1,0,1,0,43,1,0,2,2,2,0,1,2,0,2,1,0,76.51,3282.2,0
0,0,0,1,44,1,0,1,0,0,0,2,0,2,0,0,2,19.77,867.12,1
0,0,1,0,32,1,0,1,2,1,1,1,0,0,2,1,3,102.09,3258.9,0
0,0,1,0,23,1,0,0,0,2,1,2,2,2,0,1,0,58.44,1334.89,0
1,0,0,0,20,0,2,2,0,2,0,2,0,2,0,1,0,88.87,1777.28,0
1,0,0,0,19,1,2,2,0,1,0,2,0,2,0,1,3,95.0,1808.3,0
1,0,0,0,72,1,0,0,0,0,2,2,0,2,0,0,3,66.14,4770.53,0
0,0,0,1,29,0,2,1,1,1,0,2,1,0,1,0,1,97.88,2834.69,1
0,0,0,1,18,1,0,1,1,2,2,2,2,0,2,0,3,79.53,1426.75,1
1,0,1,0,69,0,2,1,1,1,0,1,0,2,2,1,0,98.29,6784.47,0
0,0,0,1,12,1,0,2,2,2,0,2,2,0,0,1,1,86.9,1051.75,0
1,1,1,1,10,1,2,0,0,1,0,0,0,2,2,0,2,34.7,340.71,1
0,0,0,0,37,1,0,2,0,1,0,0,0,2,0,1,3,42.45,1563.02,0
1,0,0,0,55,1,0,0,0,0,2,1,0,2,0,1,3,60.93,3358.02,0
0,0,0,1,4,1,2,1,1,0,0,0,0,0,0,1,0,56.34,218.04,0
1,0,1,0,63,1,0,1,2,0,2,2,2,2,2,1,2,49.48,3115.94,0
1,0,0,1,12,1,2,0,0,2,2,1,0,0,1,0,2,64.78,782.99,0
1,0,0,1,18,1,0,1,0,0,2,0,2,2,0,1,0,70.63,1268.85,1
1,0,0,0,8,1,1,2,2,0,0,2,0,1,0,0,0,109.71,880.67,1
1,0,1,1,32,1,2,0,1,1,0,2,1,2,0,1,0,48.4,1554.66,1
1,0,0,0,49,1,2,0,0,1,0,2,2,2,0,1,2,23.77,1165.53,0
0,1,0,0,63,1,0,1,0,0,1,0,0,0,1,1,3,49.73,3126.99,0
0,0,0,0,59,1,1,1,1,0,0,0,2,0,2,1,0,90.23,5318.08,0
0,1,0,1,67,1,0,2,0,2,0,0,2,2,0,0,2,56.62,3803.21,0
1,1,1,0,39,1,0,0,1,0,0,1,0,2,2,0,2,37.76,1478.87,0
1,0,1,1,50,1,0,2,2,0,1,0,2,0,2,1,1,57.18,2855.39,0
0,0,1,1,71,1,2,1,0,1,2,0,1,0,2,1,2,90.61,6426.88,0
1,0,1,0,26,1,2,0,0,0,0,2,0,0,2,1,2,27.66,714.78,0
1,0,0,0,23,1,2,2,0,2,2,2,1,0,2,1,0,88.16,2034.1,0
1,0,1,1,63,1,2,0,2,2,2,0,1,1,0,1,1,31.88,2010.35,1
1,0,1,1,66,1,0,1,0,0,1,1,0,0,2,0,1,116.73,7707.99,0
1,0,1,0,39,1,0,2,2,2,0,0,0,0,2,1,1,62.89,2455.84,0
0,0,0,0,66,1,0,1,2,1,2,0,0,0,0,1,0,57.61,3809.35,0
0,0,1,0,46,0,0,1,0,0,1,2,2,0,1,1,1,77.07,3554.98,0
0,0,1,0,15,1,0,1,0,2,1,2,1,2,2,0,3,32.76,494.01,0
0,0,1,0,16,1,2,0,1,0,2,0,2,2,0,0,2,51.68,828.97,1
0,0,1,1,72,1,2,1,0,0,2,0,0,1,0,0,0,75.72,5444.08,0
1,0,0,0,16,1,2,2,0,0,1,2,0,0,2,0,3,25.19,411.47,0
1,0,1,1,39,1,2,1,2,0,0,1,0,0,0,1,3,44.04,1708.81,0
1,0,0,1,11,1,0,2,2,0,1,0,0,2,0,0,3,68.23,754.08,0
1,0,0,0,36,1,2,1,0,1,0,0,2,0,2,1,0,85.94,3098.7,0
0,0,0,0,18,1,2,1,2,1,0,0,0,0,2,1,1,49.58,889.08,0
0,0,0,1,23,1,2,1,0,0,2,2,1,0,2,1,1,81.08,1856.91,0
0,0,0,0,49,1,1,0,2,1,0,0,0,0,2,0,0,43.51,2130.49,0
1,0,0,0,42,1,2,2,0,2,1,0,2,0,0,1,2,61.92,2595.44,0
0,1,0,1,44,1,2,2,0,1,2,0,0,2,2,0,3,60.7,2672.68,0
1,0,1,1,1,1,1,2,1,2,0,0,2,1,0,1,2,21.82,12.52,1
0,0,1,1,7,1,0,1,0,2,2,1,0,1,0,0,3,112.73,780.07,1
0,0,0,0,48,1,2,2,2,1,0,0,2,0,0,1,3,93.98,4512.5,0
1,0,0,0,16,0,0,1,1,0,2,0,0,0,0,0,0,77.25,1228.76,1
1,0,0,0,48,1,2,1,0,0,0,1,1,2,0,1,0,50.76,2433.67,1
0,0,0,0,43,1,0,2,1,2,0,1,0,2,0,1,2,101.2,4359.1,0
0,1,1,1,51,1,1,1,2,2,0,0,1,0,1,1,2,89.06,4532.55,0
1,0,0,1,66,1,0,1,0,2,0,0,2,2,0,0,2,32.22,2119.51,0
0,0,1,1,31,1,0,0,2,2,0,1,1,0,2,1,0,74.94,2331.25,0
0,0,1,1,39,0,0,2,2,0,2,0,0,0,0,1,3,44.76,1743.24,0
1,0,0,1,9,1,2,0,2,0,0,0,0,0,0,0,3,91.23,818.4,1
0,0,1,0,41,1,2,0,0,0,1,2,0,2,1,1,3,60.7,2489.77,0
1,0,0,1,63,0,2,0,1,0,0,1,0,0,0,1,0,43.75,2755.04,0
0,0,0,0,14,1,1,1,0,1,0,0,2,2,2,1,2,110.54,1553.05,0
1,0,1,0,58,1,0,0,0,2,0,1,1,0,2,0,3,109.78,6362.86,0
0,1,0,0,64,1,1,1,1,2,0,0,2,1,2,1,2,100.75,6441.02,0
1,0,0,1,28,1,0,0,2,1,0,1,2,0,0,1,2,27.88,781.73,1
0,0,1,0,4,1,0,1,2,0,2,2,2,1,0,1,2,94.13,375.93,1
1,0,1,0,34,1,2,0,2,1,1,1,0,2,0,0,3,26.4,894.79,0
0,0,0,1,4,1,0,0,1,0,2,1,1,0,0,0,0,28.76,112.59,1
0,1,1,0,70,1,0,2,0,0,0,1,2,0,0,0,3,34.58,2428.81,0
0,0,0,0,58,0,0,1,0,2,2,0,2,2,2,1,2,87.51,5081.45,0
0,0,1,0,4,1,0,0,1,1,1,1,2,2,0,1,0,56.85,221.4,1
0,0,0,0,50,1,2,2,2,2,0,2,1,2,0,1,2,103.03,5150.36,0
0,0,0,0,5,1,2,0,2,2,2,2,2,0,0,0,3,93.22,471.16,0
0,0,1,0,45,1,0,0,0,2,1,1,2,0,1,1,1,95.38,4292.48,0
0,1,0,0,35,1,2,1,1,0,0,0,2,2,1,1,1,111.8,3921.67,0
0,0,0,0,27,1,0,0,2,2,0,2,1,0,0,0,1,78.0,2110.23,0
1,0,0,0,2,1,0,0,2,1,1,0,2,2,1,0,2,104.0,200.81,0
1,0,0,1,54,0,1,2,0,1,2,0,1,2,2,1,0,44.02,2375.07,0
0,0,0,0,72,1,2,0,2,1,2,0,0,2,0,0,2,110.5,7963.14,0
1,0,0,0,48,1,1,0,0,1,0,2,0,0,1,1,1,112.65,5405.22,0
0,0,0,1,49,1,0,2,0,1,0,0,0,2,0,0,3,57.49,2817.2,0
0,1,0,0,1,1,1,1,0,1,2,1,0,2,0,0,0,51.78,58.08,1
1,1,1,0,33,1,0,0,1,1,1,1,2,2,0,0,2,48.23,1581.99,0
0,0,0,0,35,0,2,1,0,1,0,0,1,0,0,1,2,66.57,2321.5,0
0,0,1,1,54,1,2,0,2,2,1,0,0,0,2,1,0,84.78,4573.42,0
1,0,1,1,56,0,2,1,0,2,2,0,1,0,0,0,0,69.17,3878.84,0
1,1,1,0,15,1,2,1,0,0,0,0,0,2,0,0,1,71.27,1064.57,0
0,1,1,0,69,1,2,2,1,2,2,2,1,0,1,1,2,24.34,1677.74,0
1,0,1,0,4,1,0,0,0,2,0,0,0,2,2,0,1,108.41,430.52,0
1,0,1,0,64,0,0,1,0,0,2,0,0,1,0,0,1,35.78,2295.93,0
0,0,1,1,22,1,0,0,1,0,0,2,1,0,0,1,0,90.81,1999.95,1
1,0,0,1,24,1,0,1,0,0,2,0,2,1,2,0,3,48.69,1162.91,0
1,0,1,0,47,1,0,0,1,1,2,1,2,2,2,0,3,65.49,3085.7,0
0,0,1,1,6,1,2,1,2,0,2,2,0,0,1,1,2,18.96,103.98,1
1,0,1,0,27,1,1,1,2,0,0,0,0,0,1,0,1,100.29,2706.19,0
1,0,1,1,10,1,2,2,0,2,2,0,0,1,0,1,2,114.83,1154.23,1
0,1,1,0,39,1,0,2,2,2,0,2,0,0,1,1,3,30.65,1194.55,0
0,0,0,0,37,1,1,1,0,2,0,0,2,2,0,0,2,37.59,1386.46,1
0,0,0,0,54,1,0,0,0,2,2,0,2,2,2,1,2,25.52,1386.45,0
1,0,0,0,51,1,2,1,0,2,2,0,0,2,0,1,3,26.18,1338.54,0
0,0,0,0,60,1,1,2,1,1,0,1,2,2,1,0,0,73.45,4407.84,0
0,0,1,0,72,1,0,0,0,0,0,0,0,2,2,1,1,34.71,2507.67,0
1,0,1,0,51,1,0,1,1,0,2,2,2,2,0,1,2,40.51,2074.19,0
0,0,1,0,62,1,1,0,0,1,1,1,2,0,1,1,1,63.61,3940.73,0
0,0,0,0,49,1,2,0,0,2,0,2,2,0,0,1,1,66.56,3258.42,0
0,0,1,0,51,1,0,0,0,0,2,0,2,2,0,0,2,47.16,2401.04,0
0,0,0,0,28,1,2,2,1,2,1,0,1,0,1,1,2,116.88,3268.31,0
1,0,1,0,36,1,0,0,2,1,1,1,0,0,2,0,2,29.64,1059.91,0
0,0,1,0,25,1,0,0,0,0,0,0,2,0,2,1,3,37.49,940.07,0
0,0,0,0,36,1,2,2,2,2,1,0,1,0,0,1,1,61.38,2205.68,0
1,0,0,0,60,1,2,1,2,2,2,0,2,2,1,1,1,47.4,2842.96,0
0,0,0,1,7,1,2,1,1,1,1,0,0,2,0,1,1,101.96,713.25,0
1,0,0,0,65,1,0,0,2,2,2,1,0,0,0,0,2,36.02,2344.7,0
1,1,0,0,36,1,1,1,0,1,0,2,1,2,0,1,1,90.06,3248.66,1
1,0,0,0,30,1,2,0,0,0,0,1,2,0,2,1,2,30.9,936.38,0
0,0,0,0,47,1,0,1,1,2,2,0,2,0,1,1,0,45.18,2122.25,0
1,0,1,0,29,1,2,1,0,2,1,0,2,1,2,1,2,92.61,2692.77,0
1,0,0,1,5,1,0,1,2,0,2,0,0,1,0,0,3,27.18,136.56,0
1,0,0,0,65,1,0,1,0,0,1,0,2,1,0,1,0,109.47,7124.24,0
0,0,1,0,69,1,0,2,2,0,2,1,2,1,2,0,0,50.55,3493.15,0
0,0,0,1,63,1,2,1,0,0,0,0,0,2,2,0,3,51.81,3267.75,0
0,1,0,1,56,1,0,1,0,0,2,0,2,1,0,1,1,41.81,2339.71,1
0,0,0,0,17,1,2,0,2,2,0,0,1,2,1,0,0,105.83,1795.18,0
0,0,1,0,51,1,0,2,1,0,1,0,0,1,0,1,1,82.56,4216.7,0
0,1,1,0,37,1,2,1,2,0,0,0,0,0,0,0,3,22.69,841.14,0
0,0,0,0,9,1,0,1,2,0,2,1,2,1,0,0,2,110.26,983.9,1
1,0,0,0,38,1,2,1,2,2,2,2,2,1,2,0,3,111.87,4249.76,0
1,0,1,1,53,1,1,2,0,0,2,2,0,1,1,1,3,73.55,3891.05,0
1,0,0,0,13,0,2,2,0,0,1,1,0,1,0,1,2,49.9,639.25,1
1,0,1,1,53,1,0,0,2,2,0,1,2,2,0,1,0,34.41,1833.57,0
0,0,0,0,49,1,0,1,1,0,0,0,1,1,0,1,0,44.51,2181.84,0
1,0,1,0,70,1,0,0,1,1,2,2,1,2,0,1,2,106.33,7449.35,0
1,0,1,0,35,1,2,0,0,2,0,1,0,0,0,0,3,38.99,1363.66,0
1,0,0,0,16,1,0,2,0,1,0,0,2,0,0,1,2,33.26,534.86,1
1,0,1,0,13,1,0,0,1,0,2,1,0,0,1,1,2,51.15,674.76,0
0,0,1,0,11,1,0,0,0,0,0,2,2,0,0,0,3,48.55,537.14,1
0,1,1,1,2,1,1,1,2,0,2,2,2,0,0,0,2,92.62,178.49,1
0,0,1,1,19,1,2,2,1,0,0,0,2,0,1,1,0,56.85,1085.88,0
1,0,1,0,45,1,0,0,2,2,0,1,2,0,2,0,0,38.7,1750.09,0
0,0,0,0,46,1,0,0,0,1,2,1,2,0,1,0,2,32.72,1501.57,0
1,0,0,0,47,1,0,0,0,0,2,0,2,0,0,0,1,68.07,3193.76,1
0,0,0,1,49,1,0,0,0,0,2,2,1,2,0,1,0,113.49,5556.31,0
0,0,0,0,42,1,0,0,2,0,2,2,2,2,2,1,1,59.93,2510.4,0
0,1,1,0,33,1,0,2,2,0,0,1,2,1,0,1,0,21.95,718.58,0
0,1,1,0,41,1,0,0,1,1,2,0,0,1,0,1,3,45.75,1879.52,0
0,1,1,0,69,1,0,1,1,2,0,1,0,0,0,0,0,51.25,3533.62,0
1,1,0,0,19,1,2,2,0,1,0,0,2,2,0,1,3,80.5,1537.22,1
0,0,0,0,39,1,1,1,0,2,1,2,1,2,1,1,2,105.45,4109.72,0
1,0,1,1,7,0,2,0,0,0,2,0,2,1,0,0,2,115.15,814.42,1
1,1,1,1,39,1,0,1,0,2,2,0,1,1,0,1,2,41.88,1625.98,1
1,0,0,1,34,1,2,2,2,0,2,0,2,0,0,0,3,104.04,3528.04,0
1,1,0,0,44,1,0,0,0,2,0,1,2,0,0,1,0,27.8,1228.86,0
1,0,0,1,69,1,0,0,1,0,0,0,1,1,2,0,3,74.89,5172.76,0
0,0,1,0,68,1,2,0,1,1,0,1,0,2,1,0,2,53.0,3607.96,0
0,0,0,0,63,1,2,1,0,0,2,2,1,0,2,1,2,30.49,1919.3,0
0,1,1,0,71,1,0,0,2,2,2,0,0,1,1,1,2,37.81,2678.5,0
0,0,0,0,48,1,0,1,1,2,0,0,2,1,0,0,2,45.25,2166.61,0
1,0,0,1,3,1,1,1,0,0,2,2,1,2,0,1,2,90.32,276.98,1
0,0,0,1,34,1,2,1,0,2,1,0,2,1,2,1,3,117.8,4014.02,0
0,0,1,1,9,1,2,1,2,2,2,0,0,2,1,1,0,21.47,202.26,0
1,0,1,0,61,1,0,0,0,0,0,2,2,2,1,1,3,98.55,6009.04,0
1,0,1,0,20,0,2,1,0,2,2,2,2,2,2,1,2,69.64,1395.84,0
0,0,1,1,40,1,0,1,0,2,1,0,0,2,0,1,3,29.92,1192.96,0
0,0,0,0,12,1,2,1,0,0,0,1,0,0,2,0,2,41.59,506.14,0
1,0,0,0,28,1,0,0,0,2,2,0,0,2,0,0,2,61.05,1711.25,1
0,0,1,0,48,1,0,1,0,2,0,0,2,1,2,1,1,91.04,4377.14,0
0,0,1,1,7,1,1,1,0,0,0,0,2,1,0,1,2,42.46,302.14,0
0,0,1,0,14,1,2,1,2,2,2,2,0,2,1,1,2,82.53,1150.34,1
0,1,0,0,19,1,2,0,0,2,1,2,1,0,2,1,2,45.75,859.87,0
1,0,0,0,54,1,2,0,2,0,0,0,1,0,2,0,0,101.12,5470.14,0
1,0,1,0,60,1,0,1,0,0,0,0,2,0,0,0,3,48.98,2937.89,0
1,0,1,0,67,1,0,1,0,2,0,0,2,2,0,0,3,100.91,6756.46,0
0,0,0,1,34,1,0,1,0,0,0,0,0,2,2,1,0,50.58,1725.95,0
0,0,0,0,41,0,2,1,0,1,0,2,0,0,1,1,2,73.38,3002.01,0
0,0,1,0,31,1,2,0,0,1,0,0,0,0,0,1,1,97.74,3030.08,0
0,0,0,0,39,1,0,0,2,0,0,0,1,1,0,1,3,27.92,1087.26,0
0,0,0,0,52,0,2,1,0,2,1,0,2,2,0,1,1,35.07,1816.17,0
1,0,0,0,47,1,2,1,0,0,1,2,2,0,2,1,3,114.39,5379.83,0
0,0,0,0,20,1,0,1,0,2,2,1,1,1,2,1,3,36.49,737.46,0
0,0,1,0,52,1,0,2,0,0,0,2,0,1,2,1,2,108.42,5646.42,0
1,0,0,0,71,0,0,1,2,1,2,1,0,2,0,1,3,69.9,4964.02,0
0,0,1,0,62,1,2,0,0,0,2,0,2,0,1,1,2,29.16,1798.22,0
1,1,1,0,5,1,2,1,1,0,2,0,0,2,0,1,1,66.18,328.63,0
1,0,1,0,57,1,2,1,0,2,2,0,0,2,1,1,2,74.58,4252.05,0
1,0,1,0,4,1,2,1,0,2,1,1,0,0,2,0,3,33.78,144.49,0
1,0,1,1,11,1,0,2,1,1,0,2,0,2,2,1,2,95.1,1044.98,0
1,1,0,0,19,0,2,1,0,2,2,0,0,0,2,0,1,29.97,566.47,0
0,0,0,0,27,1,2,1,0,2,2,0,1,2,0,0,0,28.61,780.93,1
1,0,0,0,29,1,2,2,2,0,2,1,0,1,1,0,0,75.86,2198.77,0
1,0,1,0,18,1,0,0,2,0,0,2,2,2,0,1,2,102.04,1845.84,0
0,1,1,0,37,1,2,0,0,2,0,0,2,2,2,0,0,80.02,2957.1,0
0,0,0,0,61,1,2,0,2,0,0,0,1,0,1,1,0,22.92,1403.03,0
1,1,1,0,47,1,2,0,0,2,1,0,0,0,1,1,1,62.2,2930.27,0
0,0,0,0,20,1,2,0,2,0,0,2,2,2,1,1,2,90.81,1823.94,0
0,0,1,1,70,1,0,2,1,2,0,0,2,1,2,1,1,44.74,3127.74,0
1,0,0,0,49,1,2,2,1,0,1,2,2,0,0,0,3,88.25,4333.93,1
1,0,1,0,15,1,0,1,1,2,0,1,2,0,0,0,2,57.85,872.6,0
0,1,0,1,18,1,1,1,1,1,2,2,1,2,2,1,0,115.34,2069.15,0
1,0,0,0,38,1,2,0,1,0,0,1,2,1,1,1,2,66.9,2547.39,0
1,0,0,0,22,1,0,1,0,1,0,0,2,1,2,1,1,103.64,2286.76,0
0,0,0,0,60,1,0,0,0,0,0,2,0,2,1,0,2,53.28,3190.44,0
1,0,1,0,66,1,2,1,2,2,0,2,0,0,0,1,3,92.61,6105.66,0
1,0,0,0,26,1,1,1,0,0,0,0,1,2,2,1,2,51.05,1319.92,0
1,0,1,0,64,1,2,1,1,0,1,0,0,2,1,1,3,46.86,2998.96,0
1,0,0,0,58,1,0,0,0,0,0,0,2,0,0,1,1,35.89,2085.95,0
1,0,1,0,3,1,0,0,0,0,1,2,1,0,2,1,2,82.62,245.44,0
0,0,0,0,30,1,0,1,0,2,0,0,0,1,2,0,2,66.37,1982.26,0
0,0,0,0,19,1,2,1,2,0,0,0,2,1,0,1,2,54.5,1032.69,0
1,0,1,1,10,1,0,0,0,1,1,0,2,0,2,1,1,23.82,242.24,0
0,0,1,1,46,1,2,0,0,2,1,0,1,1,1,1,2,84.51,3879.41,0
1,0,1,1,19,1,2,2,1,1,0,0,2,0,0,0,0,87.15,1656.98,1
1,0,0,0,58,1,2,0,1,2,0,2,2,2,2,0,2,50.42,2926.44,0
1,0,1,0,6,1,0,1,2,2,0,0,2,2,0,1,0,84.52,510.14,0
1,0,0,1,51,1,0,0,1,0,0,2,0,1,1,0,0,106.71,5439.13,0
1,1,0,1,14,1,2,1,1,0,2,1,0,0,2,1,1,53.2,753.35,0
0,0,0,0,58,1,0,1,0,0,0,0,2,0,2,0,2,90.58,5263.54,0
0,1,0,0,8,1,0,2,1,0,2,2,2,2,0,1,2,103.23,832.58,1
1,0,1,1,2,1,0,1,2,2,0,0,2,0,0,1,0,62.24,116.66,0
0,1,0,1,18,1,2,0,1,2,1,1,0,2,0,0,2,33.72,602.32,0
1,0,0,1,57,1,0,2,0,2,2,1,2,1,0,0,0,22.19,1258.85,0
0,0,0,0,35,1,0,1,1,1,2,2,2,2,2,1,0,92.6,3232.06,0
1,0,0,1,66,1,2,2,0,0,1,1,2,0,2,1,1,70.79,4680.06,0
0,0,0,0,56,1,2,1,1,1,0,2,0,2,1,0,0,35.92,2005.29,0
1,1,1,0,43,1,1,1,0,0,0,0,0,1,2,1,2,19.44,833.44,0
1,0,0,0,72,1,0,2,0,2,0,2,1,0,0,1,3,61.13,4398.86,0
0,0,0,1,8,1,0,1,1,0,2,0,2,0,2,1,2,61.41,496.82,0
0,1,0,0,5,1,1,1,0,0,2,2,1,2,1,0,0,116.0,578.96,0
1,0,0,0,13,1,0,1,1,0,1,0,2,0,1,1,0,32.3,417.32,1
0,0,1,0,7,1,0,1,0,0,0,2,1,2,0,1,3,37.0,254.3,1
1,0,0,1,21,1,0,1,1,0,2,0,1,1,0,0,1,114.07,2396.01,1
0,1,0,0,37,1,0,2,0,0,2,2,1,0,0,1,2,27.57,1012.38,0
0,0,1,0,45,1,0,1,2,2,0,2,2,2,0,1,1,100.35,4518.09,1
1,0,0,1,52,1,2,1,0,1,2,0,2,1,0,1,2,101.56,5287.59,0
0,0,1,0,48,1,0,1,2,0,2,0,0,1,1,0,1,40.39,1947.27,0
0,0,0,0,62,0,0,0,1,0,2,0,0,2,1,1,2,54.61,3388.45,0
1,0,1,0,51,1,0,0,0,0,2,0,0,1,0,1,1,109.89,5610.83,0
0,1,0,1,4,0,0,0,0,2,0,1,0,2,0,1,2,82.29,323.69,1
1,1,1,1,56,1,2,1,0,1,1,2,2,0,2,1,3,102.71,5752.04,0
1,0,0,0,34,1,2,2,0,2,0,0,0,2,0,1,1,100.71,3419.82,0
1,0,1,0,45,1,0,1,0,2,2,2,2,1,0,1,2,70.09,3164.05,0
1,0,1,0,16,1,2,2,1,1,2,0,0,2,0,1,1,24.69,392.56,1
1,0,0,0,9,1,2,0,0,2,1,2,1,2,0,0,3,72.43,646.33,1
0,0,1,0,16,1,0,1,0,1,0,0,0,0,0,0,0,21.03,341.92,0
1,1,0,0,31,1,0,0,2,2,0,1,0,0,2,1,0,51.09,1582.98,0
1,1,0,1,13,1,2,0,0,0,1,0,2,0,0,1,0,31.07,396.45,1
0,0,0,0,5,1,2,2,2,2,0,1,2,0,0,0,3,60.51,308.32,1
0,0,0,0,47,1,0,0,0,0,0,0,2,2,0,1,2,27.58,1295.91,1
0,0,1,0,39,1,0,0,0,2,1,1,1,0,2,1,2,58.62,2291.96,0
1,0,1,1,18,1,2,1,1,1,0,1,2,0,0,0,0,21.65,394.72,1
1,0,0,1,20,1,0,2,0,0,0,0,1,2,0,0,0,50.16,1004.6,0
1,1,1,1,2,1,2,1,0,0,0,1,2,0,0,1,0,58.22,120.84,1
0,1,0,0,40,1,1,0,0,2,1,0,0,0,1,1,1,39.85,1601.13,1
1,0,1,0,30,1,1,0,2,1,1,0,0,0,0,0,2,114.68,3439.38,0
0,1,0,1,10,1,0,0,2,1,0,2,0,2,1,1,1,47.46,483.72,1
1,0,1,1,64,1,2,0,1,0,0,1,0,0,0,1,2,79.55,5084.84,0
0,0,0,1,42,0,0,2,0,1,1,1,0,2,0,1,3,46.3,1953.99,1
1,0,1,0,53,1,2,2,2,1,0,1,0,0,0,1,2,98.22,5200.33,0
1,0,1,1,53,1,0,2,2,0,0,2,1,0,0,1,2,87.12,4617.5,0
1,1,0,0,40,1,0,2,0,2,2,2,2,2,1,0,2,97.35,3893.4,0
0,0,1,0,16,1,0,2,0,0,0,0,0,0,1,1,3,34.65,545.61,0
0,0,0,0,48,1,2,2,0,2,2,1,0,1,0,1,1,53.54,2563.74,0
1,0,0,0,61,1,2,2,2,0,0,1,2,1,2,1,3,38.59,2360.59,0
1,0,1,0,38,1,1,2,0,1,0,2,0,1,0,0,2,89.12,3382.08,1
1,0,0,0,44,1,0,1,1,2,0,0,2,1,0,1,0,86.5,3796.13,0
0,0,1,0,15,1,2,0,0,1,0,0,2,2,2,1,2,116.26,1750.39,0
1,0,0,0,61,0,0,1,2,1,0,0,0,0,1,1,2,108.93,6653.77,0
1,0,0,0,7,1,0,1,0,1,0,2,2,0,1,1,1,112.4,787.44,1
1,0,0,0,30,1,0,1,1,0,1,2,1,2,2,1,3,76.49,2296.65,0
1,0,1,0,36,1,2,1,2,0,2,2,0,0,2,0,1,33.18,1186.74,0
0,0,1,0,11,1,2,1,0,1,0,0,0,2,0,1,0,112.04,1241.39,1
0,0,0,0,70,0,1,0,1,2,1,1,1,1,0,1,2,106.01,7414.94,0
1,1,1,0,29,1,0,0,2,0,1,0,2,1,1,0,1,59.83,1736.05,1
1,0,1,1,6,0,2,2,1,0,1,0,2,0,0,0,1,73.83,452.28,0
0,0,0,0,51,1,0,1,0,0,1,1,1,0,0,1,2,28.15,1434.6,0
0,0,0,0,38,1,0,0,0,0,2,0,1,0,0,1,2,55.45,2098.96,0
1,0,1,0,22,1,0,2,1,2,2,0,2,1,0,0,3,99.03,2172.96,1
0,0,1,0,54,1,1,0,2,1,2,0,1,1,1,1,3,116.43,6278.65,0
0,0,1,1,40,1,2,1,0,0,2,2,0,2,1,1,0,66.97,2676.88,0
1,0,1,0,7,0,0,0,1,0,2,0,2,2,1,1,2,46.74,328.96,1
0,0,1,0,40,1,0,2,0,0,1,1,0,2,0,1,2,96.08,3842.18,1
0,0,1,1,24,1,0,1,2,2,0,1,1,2,2,1,3,104.13,2496.01,1
1,0,0,0,41,1,2,1,0,0,2,2,0,1,0,1,0,82.17,3362.3,0
1,0,0,1,51,1,2,2,2,0,0,0,0,0,1,1,1,66.75,3408.23,0
0,0,1,1,39,1,0,2,0,2,2,0,2,0,0,0,3,108.04,4222.86,0
1,0,1,1,43,1,2,1,0,0,2,0,1,2,0,1,2,86.21,3703.64,1
0,0,0,0,69,1,0,2,0,1,2,2,2,0,2,0,2,18.35,1266.57,0
1,0,1,0,59,1,2,1,0,0,0,0,2,0,2,1,2,115.93,6833.17,0
0,0,0,1,25,1,0,1,2,0,1,0,1,0,2,1,2,89.97,2240.74,0
1,0,0,0,25,1,0,1,2,2,2,0,1,1,2,1,3,66.75,1662.09,0
0,0,0,1,24,1,0,0,1,0,0,1,0,0,0,1,0,19.78,466.56,0
0,0,1,0,62,1,0,0,2,1,2,0,2,0,1,0,1,22.81,1416.56,0
0,0,0,1,43,1,2,2,0,0,2,0,0,1,2,1,0,115.53,4970.89,0
1,0,0,1,59,1,2,0,1,2,2,1,1,0,1,0,2,98.26,5807.31,0
1,0,0,1,54,1,2,1,0,2,2,0,0,1,2,0,1,27.99,1521.29,0
0,0,0,0,26,1,1,0,0,0,0,0,2,2,1,1,1,93.43,2428.02,0
0,0,1,0,54,1,2,1,2,0,0,0,1,2,1,1,3,35.61,1917.53,0
1,0,1,0,61,1,0,0,2,2,2,0,1,1,2,1,3,57.25,3492.06,0
1,0,0,1,44,1,2,2,0,0,2,0,0,2,0,1,3,69.12,3049.23,1
1,0,0,0,9,1,2,2,0,0,1,1,1,0,2,1,3,109.11,985.63,0
1,0,0,0,42,1,0,2,1,2,2,1,2,0,0,0,2,23.48,988.54,1
1,0,0,1,29,1,2,1,0,2,0,2,0,0,1,1,1,31.75,924.66,0
1,0,1,1,58,1,1,2,2,0,0,0,2,1,0,1,1,95.83,5551.19,0
0,0,1,1,63,1,0,1,0,0,2,2,1,0,0,1,3,118.36,7454.31,0
1,0,0,0,49,1,2,1,2,0,2,0,1,1,0,1,0,96.27,4711.08,0
0,0,1,0,11,1,0,0,2,0,2,2,1,1,0,1,2,96.4,1069.39,0
1,0,0,0,54,1,0,2,0,0,0,2,0,1,1,1,0,71.52,3855.97,0
1,0,1,1,30,1,0,0,0,1,0,0,0,1,1,0,1,52.87,1579.73,0
0,1,0,0,66,1,0,1,0,1,0,2,1,0,2,0,3,32.47,2151.15,0
0,0,0,0,65,1,1,2,1,1,1,2,0,2,0,0,2,36.56,2385.38,0
1,0,1,1,58,1,2,1,0,0,0,0,2,0,2,0,0,62.81,3647.22,0
0,1,1,0,57,1,1,0,2,1,1,0,2,1,0,1,2,115.09,6570.1,0
0,0,0,0,37,0,2,1,2,2,0,1,1,1,2,1,1,79.27,2924.0,0
0,0,0,1,54,0,2,1,1,2,2,0,2,0,1,1,0,105.3,5690.59,0
0,0,0,0,69,1,0,0,1,1,0,1,2,0,2,0,1,42.81,2947.64,0
1,0,1,0,24,1,2,1,0,1,1,0,0,2,0,0,3,57.72,1382.81,0
0,0,1,0,63,1,0,2,0,1,2,2,1,2,0,1,2,91.75,5776.13,0
1,0,1,0,51,1,0,2,0,1,0,0,2,0,0,0,1,25.12,1288.5,0
1,0,1,1,15,1,0,1,1,0,2,0,2,2,0,1,1,45.94,681.45,0
1,0,0,0,47,1,0,0,2,1,1,0,1,0,2,0,2,74.97,3519.77,0
1,0,0,0,46,1,2,1,1,2,0,1,2,0,0,1,1,88.56,4078.89,0
0,1,1,0,30,1,0,1,1,1,2,2,1,1,0,0,1,62.05,1866.47,0
0,1,1,0,20,1,2,2,0,0,1,0,2,1,0,1,3,105.34,2107.63,0
1,1,1,0,57,1,2,2,0,2,2,0,2,2,1,1,1,76.98,4394.12,0
1,0,0,1,49,1,1,2,0,0,0,1,1,2,0,1,3,83.7,4093.0,0
1,1,0,1,56,0,2,1,2,2,0,0,2,2,1,1,2,45.44,2534.74,0
1,0,0,1,56,1,2,1,2,2,1,2,2,0,1,1,3,51.2,2859.27,0
0,0,1,1,25,1,2,0,1,2,0,1,1,1,2,1,1,22.32,564.37,0
1,0,0,1,9,1,0,1,0,2,1,1,0,0,0,0,3,25.79,232.02,1
0,1,1,0,22,1,0,2,0,0,2,2,2,1,0,0,2,115.1,2529.89,1
1,0,1,0,37,0,0,1,2,0,2,2,0,0,0,1,3,73.58,2717.15,0
1,0,0,0,28,1,2,1,0,1,2,1,1,0,2,1,2,30.48,846.04,0
1,0,0,0,14,1,0,0,0,0,0,0,1,0,0,1,0,49.54,695.15,1
1,0,1,0,30,1,2,0,2,1,2,2,2,1,0,0,0,82.0,2462.81,0
0,0,1,1,39,1,2,1,0,1,2,0,0,2,1,0,0,104.52,4067.28,0
0,0,1,0,57,1,0,2,2,2,1,0,0,2,1,1,2,24.86,1408.48,0
0,0,1,0,5,0,0,0,0,2,2,1,2,2,1,0,1,63.87,323.92,0
1,0,0,1,12,1,2,0,1,0,0,2,0,0,0,0,1,25.14,300.38,0
1,0,0,0,35,1,0,1,2,1,0,0,2,0,0,0,2,64.7,2260.83,0
0,0,1,1,41,0,0,0,2,1,2,2,2,2,0,1,1,90.81,3722.88,0
0,0,1,1,63,1,1,0,0,0,0,2,2,0,0,1,3,95.99,6041.27,0
1,0,1,1,42,1,0,0,0,2,0,2,0,2,1,1,3,45.83,1915.38,0
1,0,0,0,65,1,0,1,0,1,0,1,2,0,0,1,2,45.11,2929.11,0
0,0,1,0,65,0,1,1,0,0,1,2,1,1,2,0,1,117.55,7637.29,0
1,0,0,0,43,1,1,2,2,2,0,0,2,1,0,0,1,29.96,1286.33,0
1,0,1,0,60,0,0,1,0,1,1,0,0,2,0,1,0,83.11,4986.68,0
0,0,0,1,20,1,0,1,2,1,0,0,2,2,2,0,2,92.26,1851.2,0
1,0,0,0,63,1,1,0,2,2,0,1,0,0,0,1,3,95.98,6054.84,0
0,1,0,0,24,1,2,1,0,2,2,0,0,1,0,1,2,85.19,2038.12,0
1,0,0,1,72,1,2,1,0,1,0,2,2,0,0,1,3,59.99,4317.23,0
0,0,0,0,35,1,0,0,2,0,0,2,0,0,0,0,0,30.14,1045.37,0
1,0,0,1,41,0,2,1,2,1,0,0,1,0,1,0,2,75.68,3105.8,0
0,1,1,1,16,1,0,0,0,1,0,1,2,2,1,0,2,77.46,1236.32,0
0,0,1,0,6,1,0,1,0,2,0,2,2,2,0,1,0,83.82,501.55,1
0,0,1,0,20,1,2,1,2,0,0,2,0,0,0,0,2,111.46,2220.53,0
0,0,0,0,56,1,0,1,2,0,0,0,1,0,1,0,0,62.37,3499.58,0
1,0,0,0,8,1,2,2,0,2,0,2,0,1,2,0,2,114.59,921.37,0
1,0,1,0,6,0,2,2,2,2,2,1,0,0,0,1,1,39.85,232.34,0
0,0,0,0,8,1,0,2,0,0,1,2,1,0,0,0,1,43.83,340.76,1
1,0,0,0,62,1,1,2,0,0,1,0,1,0,0,1,1,30.94,1910.62,0
1,0,0,0,14,1,1,0,1,0,0,2,2,2,0,1,2,25.8,361.02,1
1,0,0,0,3,1,0,1,1,2,1,0,0,2,0,0,1,64.88,200.88,1
1,0,0,0,2,1,2,0,0,0,2,0,1,2,1,1,2,82.02,168.43,0
1,0,1,0,22,1,0,0,0,0,2,1,0,0,0,1,1,57.73,1272.83,0
0,1,1,0,70,1,1,1,0,1,0,0,2,1,0,0,3,73.73,5167.08,0
0,0,0,0,71,1,0,2,0,2,1,2,1,2,0,1,1,58.59,4160.13,0
0,0,1,0,6,0,0,1,0,1,0,2,2,0,2,1,2,22.76,139.87,0
0,0,1,1,50,1,0,1,1,0,2,0,0,2,2,1,0,35.75,1794.2,0
1,0,0,0,44,1,0,1,1,0,2,0,2,0,0,1,1,45.18,1989.01,0
1,1,0,0,8,1,2,1,0,2,0,2,1,2,0,1,0,82.05,658.51,0
0,0,0,0,24,1,1,2,1,1,1,2,2,2,0,1,0,105.19,2527.0,0
1,0,1,0,27,1,0,0,0,1,2,2,1,2,2,0,0,36.53,994.89,0
1,1,0,1,53,1,1,2,0,1,0,2,2,0,1,0,1,40.98,2171.04,0
0,0,1,0,51,0,0,0,0,0,1,1,0,0,0,1,0,90.12,4587.93,0
1,1,1,1,28,1,0,2,0,2,0,0,2,2,2,0,3,114.34,3208.93,0
0,0,0,0,59,1,1,0,1,0,2,1,0,2,0,1,2,53.73,3161.19,0
0,1,1,0,69,1,0,1,0,1,1,0,2,1,0,1,0,50.43,3470.59,0
1,0,1,0,25,1,0,2,0,0,0,0,1,1,0,0,2,54.56,1357.9,0
1,0,0,0,44,1,0,1,0,1,0,2,0,0,0,0,2,35.34,1546.43,1
0,1,1,0,47,1,2,1,0,2,2,0,0,1,0,1,0,67.72,3183.28,0
0,0,0,1,13,1,0,1,2,1,0,0,1,1,1,0,3,72.87,954.83,0
1,0,0,1,53,1,2,0,2,0,0,2,2,0,2,0,2,34.05,1799.53,0
0,0,0,0,53,1,0,0,1,1,0,2,0,0,2,0,0,40.75,2150.75,0
0,0,1,1,37,1,2,0,1,0,0,0,2,0,2,1,1,38.56,1421.76,0
0,0,0,1,63,1,0,0,1,0,0,2,2,0,2,1,2,79.13,4981.0,0
1,1,1,0,66,1,0,2,2,0,0,0,0,1,0,1,3,89.76,5931.48,0
0,0,0,0,40,1,2,2,0,1,0,0,2,0,0,0,2,48.96,1961.55,0
1,0,1,0,61,1,2,0,0,0,2,0,0,0,0,1,1,95.17,5798.34,0
0,0,1,1,6,1,2,2,0,1,2,0,2,2,0,0,2,109.62,653.51,1
1,0,0,1,25,1,1,0,0,2,1,0,2,0,2,1,3,70.34,1761.1,0
0,0,1,0,46,1,2,0,2,2,2,2,0,2,0,0,1,109.67,5035.89,0
1,0,1,0,31,1,0,1,2,0,2,0,0,0,2,1,0,81.2,2520.78,0
1,0,1,0,63,1,2,0,2,1,2,0,2,0,0,1,1,37.9,2395.19,0
1,0,0,1,68,1,2,0,0,2,0,0,0,1,0,0,2,44.06,3003.42,0
0,0,1,1,39,1,0,1,0,0,2,0,0,0,2,1,2,77.57,3016.41,0
0,0,1,1,36,1,2,2,1,0,0,0,0,2,2,1,3,40.87,1477.49,0
0,0,1,0,7,1,0,1,2,2,1,0,1,2,1,1,0,18.62,130.37,1
1,0,0,1,66,1,0,0,0,2,1,2,1,0,0,1,2,44.37,2928.43,0
0,0,0,0,55,0,0,1,1,2,2,1,0,0,0,0,2,23.42,1289.67,0
1,0,1,1,72,1,1,1,0,0,2,0,0,2,0,1,1,108.47,7808.01,0
0,1,1,0,42,1,0,1,2,0,2,0,2,2,2,1,2,87.26,3669.2,1
1,0,1,1,27,1,0,2,0,2,2,0,2,2,0,1,0,21.21,569.11,0
1,0,1,0,2,1,0,2,0,1,2,0,0,2,0,0,0,23.11,51.16,0
1,0,1,1,70,1,0,2,2,1,1,2,1,1,2,1,2,21.15,1489.02,0
0,0,0,0,4,1,2,1,1,0,2,0,2,2,1,1,0,98.32,385.84,1
0,1,0,0,21,1,0,1,0,0,0,0,2,0,1,1,2,97.24,2040.94,0
0,0,0,1,1,1,0,1,0,2,0,1,0,0,2,0,2,92.39,82.76,0
1,0,1,0,38,1,0,1,0,0,0,1,2,2,1,1,3,33.36,1266.49,0
1,0,0,0,60,1,2,0,1,1,1,1,0,2,0,1,1,117.41,7043.34,0
0,0,0,0,14,1,1,1,0,1,1,1,2,1,0,1,1,103.22,1449.61,0
0,0,0,0,17,0,2,0,0,2,2,0,1,1,0,0,3,82.86,1405.71,0
0,0,0,0,47,1,0,2,1,2,2,0,1,1,0,0,1,86.6,4077.93,0
1,1,1,1,56,1,0,0,1,1,2,2,2,2,0,0,1,56.83,3180.46,0
1,1,1,1,53,1,0,2,2,2,0,2,2,0,0,1,3,75.6,4007.85,0
1,0,0,0,18,1,1,1,0,0,1,2,1,2,0,0,2,52.9,947.39,1
1,0,1,0,69,1,0,1,2,2,2,0,1,0,0,0,2,90.04,6205.88,0
1,0,1,1,48,1,0,0,2,1,1,0,1,1,0,0,3,52.0,2499.15,0
0,1,1,0,9,1,0,1,1,2,2,0,2,0,1,0,3,113.8,1022.62,0
1,1,1,1,54,1,0,0,0,0,0,0,2,2,2,1,0,115.51,6239.89,0
1,0,0,0,35,1,2,1,0,2,1,2,0,2,1,1,0,43.68,1530.97,0
1,0,1,0,46,1,2,0,2,2,1,2,1,2,0,1,3,101.01,4646.25,1
1,0,1,0,1,1,0,1,1,0,0,1,2,2,0,1,2,28.43,24.47,1
1,0,0,1,41,1,0,2,1,2,2,1,1,1,0,1,3,44.04,1799.58,0
0,0,1,0,32,1,0,1,0,2,0,2,2,0,0,1,3,44.74,1425.33,0
1,0,0,0,40,0,1,0,0,2,2,0,2,1,2,0,0,80.84,3234.34,0
1,0,1,0,11,1,2,1,0,2,2,0,0,0,0,1,2,110.55,1211.98,1
1,0,0,1,62,1,2,2,0,1,1,2,0,0,0,1,2,48.08,2982.14,0
0,0,0,0,46,1,0,1,2,0,0,0,2,0,1,1,2,60.99,2811.47,0
0,0,0,0,48,1,0,0,0,1,0,1,0,2,0,0,3,57.45,2757.6,0
0,0,1,0,43,1,0,0,0,0,1,0,0,0,0,0,0,56.47,2427.63,0
1,0,1,0,51,0,2,1,0,2,2,2,0,2,1,1,1,76.17,3893.67,0
0,0,0,0,61,1,0,0,0,0,0,0,2,2,0,1,0,85.91,5238.03,0
1,0,0,1,42,1,2,1,1,2,0,0,1,1,2,1,0,58.24,2436.67,0
1,0,1,0,26,1,2,1,0,0,1,1,2,2,1,0,2,99.31,2589.69,1
0,0,1,0,11,1,2,0,0,2,0,0,0,0,0,1,1,77.34,845.23,1
1,0,0,0,25,1,0,1,1,0,0,0,0,0,0,1,2,45.56,1140.95,0
1,0,0,0,40,1,0,2,0,1,0,2,1,0,1,1,3,55.59,2232.35,0
1,0,1,1,25,1,0,1,0,1,2,0,2,2,1,0,2,115.1,2882.4,0
0,0,0,0,52,1,2,0,0,0,0,0,2,0,0,0,0,78.81,4104.8,0
1,0,0,0,3,1,0,1,0,0,0,1,2,1,0,0,2,68.57,204.18,1
1,0,0,0,39,1,2,0,2,2,2,2,2,1,1,1,0,43.08,1679.3,0
0,0,0,0,35,1,2,2,0,0,1,0,2,1,0,1,2,71.82,2504.89,1
1,0,1,0,40,1,2,2,1,1,0,2,2,0,0,0,2,26.45,1061.37,0
1,0,0,0,22,1,2,2,0,0,2,2,0,2,0,1,0,58.46,1291.01,0
0,0,0,0,62,1,0,1,0,1,2,1,2,0,0,1,2,105.33,6531.05,0
1,0,0,0,19,1,0,1,0,1,2,0,2,2,2,0,1,61.66,1178.6,0
1,0,1,0,14,1,0,2,1,1,1,0,2,2,0,0,2,102.86,1432.23,0
1,1,0,0,50,1,2,0,0,0,1,2,1,0,0,1,3,22.27,1105.26,1
1,0,1,1,62,1,2,0,0,2,1,0,0,0,2,1,1,32.17,1987.12,0
1,0,1,0,43,1,0,1,0,0,0,0,2,0,0,1,3,91.97,3961.97,0
0,0,0,0,55,1,0,2,0,2,1,0,0,0,0,0,2,93.06,5112.04,0
0,1,0,0,40,1,2,1,2,0,1,0,2,0,0,1,1,83.17,3318.25,0
0,0,0,0,12,1,0,1,2,2,2,1,0,2,2,0,3,110.84,1335.95,0
0,0,1,1,65,1,0,1,2,1,0,2,2,1,0,1,0,71.3,4638.46,0
1,1,0,0,34,1,0,1,0,1,1,1,2,0,0,0,1,91.28,3096.71,0
1,0,1,1,23,1,2,0,0,0,2,1,1,1,1,1,2,45.55,1052.92,0
1,0,0,1,71,1,2,1,0,2,0,2,2,0,0,1,0,79.98,5674.47,0
1,0,1,0,7,1,0,1,0,1,0,1,0,2,1,1,0,95.99,662.52,1
1,0,0,0,65,1,2,1,2,1,0,1,0,0,1,0,3,88.36,5734.1,0
0,0,0,0,18,1,0,1,0,0,0,0,1,0,0,1,0,99.54,1784.14,1
0,0,1,1,8,1,2,1,2,1,0,2,1,2,0,0,1,58.76,476.47,0
1,0,1,0,42,1,1,2,0,2,0,0,2,0,0,1,2,46.66,1957.67,1
1,0,0,0,1,1,0,1,0,0,2,2,1,1,1,1,2,45.94,43.49,0
1,0,0,1,15,1,1,1,2,0,1,2,2,2,2,1,2,99.05,1491.62,1
0,0,0,0,28,1,0,2,0,2,0,0,1,2,0,0,1,104.09,2917.45,0
1,0,0,1,36,1,2,2,1,0,1,0,2,0,0,1,2,39.18,1418.13,0
1,0,1,0,46,1,2,1,0,1,2,0,2,1,0,1,3,55.63,2549.48,0
1,0,1,0,21,1,2,0,0,2,2,2,2,0,0,0,3,110.76,2319.28,0
0,0,1,0,49,1,2,0,2,1,0,2,2,0,0,0,2,19.64,969.44,0
1,0,1,0,39,1,0,0,0,2,0,1,1,2,1,1,3,53.19,2083.62,0
0,0,0,0,38,1,0,0,1,0,2,0,2,2,0,0,2,79.94,3033.62,0
0,0,1,0,9,1,2,1,0,1,0,1,2,1,0,0,1,33.03,288.0,0
0,0,0,0,20,1,0,2,2,2,0,0,2,1,1,1,1,87.13,1732.82,0
0,1,0,0,8,1,1,1,0,0,2,1,2,1,0,0,3,47.64,371.7,0
0,0,0,0,14,0,2,0,2,0,0,0,2,0,0,1,3,113.0,1585.18,0
0,0,0,0,62,1,0,0,1,0,1,0,0,2,0,1,2,25.75,1591.53,0
1,0,1,1,35,1,1,1,1,0,2,0,1,1,2,0,3,105.36,3685.01,0
1,0,0,1,55,1,0,1,0,2,0,1,0,1,0,0,3,78.64,4322.62,0
1,0,1,0,45,1,1,2,1,2,0,2,1,0,0,1,3,80.48,3616.56,1
0,0,1,1,21,1,2,2,2,1,0,0,0,0,0,0,3,19.84,410.24,1
1,0,0,0,53,1,2,2,2,2,0,1,2,0,1,1,2,109.29,5792.82,0
0,1,1,0,54,1,0,1,0,2,2,1,0,2,2,1,2,103.62,5586.85,0
0,0,0,0,43,1,2,1,0,2,1,0,1,0,2,1,3,63.33,2722.35,0
0,0,0,0,6,1,2,0,0,2,2,2,0,2,0,1,3,66.97,400.21,0
1,1,0,0,55,1,0,0,0,2,1,0,0,2,2,1,2,47.44,2605.01,0
0,0,1,1,44,1,2,0,2,2,2,0,0,0,0,0,0,51.32,2249.72,0
0,0,0,0,68,1,0,0,1,2,2,0,1,1,0,1,2,66.22,4506.1,0
1,0,1,0,4,0,2,0,2,2,2,1,0,0,2,0,2,26.13,106.56,0
1,0,0,1,63,1,2,2,0,2,1,0,0,0,2,0,0,26.09,1648.51,0
0,0,1,1,58,1,0,1,2,2,0,2,2,0,0,1,2,100.31,5818.62,1
0,0,0,1,54,1,2,2,2,0,1,0,2,0,0,0,2,56.21,3035.56,0
1,0,1,1,38,1,2,2,2,0,0,0,0,0,2,1,2,116.7,4429.48,0
1,1,1,1,60,1,0,2,0,0,0,0,0,1,0,1,1,27.02,1619.16,0
1,1,0,0,52,1,1,2,0,0,1,0,2,2,2,1,2,112.42,5846.56,0
0,1,1,0,29,1,1,1,0,0,2,2,0,2,1,1,1,83.6,2415.87,0
1,0,0,0,40,0,0,1,0,0,2,0,2,0,0,1,0,49.2,1972.08,0
1,0,1,1,71,1,1,1,1,1,2,2,2,0,0,0,1,45.0,3203.63,0
1,0,1,0,8,1,0,2,2,0,2,0,2,0,0,1,0,114.27,923.55,0
0,0,0,0,35,1,0,2,2,2,2,0,0,0,0,1,2,52.32,1837.44,0
1,1,1,0,16,1,0,2,0,0,2,1,2,0,1,0,0,71.14,1144.43,0
1,0,1,0,18,1,2,1,0,0,0,0,1,1,0,0,0,114.22,2049.27,0
1,1,0,0,59,1,2,1,2,0,0,0,1,2,0,0,0,39.04,2299.91,0
1,0,1,0,34,1,2,2,0,0,2,0,2,0,0,0,0,36.58,1248.95,1
1,1,1,0,4,1,0,2,0,0,0,2,2,0,1,1,2,39.92,150.43,1
0,1,1,1,69,1,2,1,0,2,2,0,2,0,0,1,2,41.94,2885.51,0
0,0,1,0,65,1,2,1,0,0,1,0,0,2,0,1,1,89.1,5794.27,0
0,0,0,0,61,0,2,2,0,1,2,2,2,1,0,1,1,35.58,2169.07,0
1,0,1,1,46,1,2,1,1,0,1,0,2,2,0,1,3,22.27,1028.08,1
0,0,0,0,21,1,2,2,2,2,0,2,2,2,2,1,1,90.58,1897.31,0
0,0,1,0,38,1,0,0,0,0,0,2,2,2,2,1,2,115.08,4364.66,0
0,0,1,0,60,1,1,1,2,1,2,0,0,0,0,0,3,73.07,4390.79,0
1,1,1,1,36,1,0,1,0,1,2,0,1,0,0,0,3,54.78,1977.73,0
1,0,0,1,6,1,1,1,1,0,1,2,1,2,0,1,0,21.36,127.41,1
0,0,0,0,39,1,2,0,2,0,0,2,1,0,0,1,1,75.6,2956.01,0
0,0,0,0,29,1,0,0,0,0,0,2,0,2,2,1,0,51.2,1479.26,0
1,0,0,0,27,1,2,2,1,0,1,2,2,2,2,0,0,83.56,2253.46,0
1,0,1,0,69,1,2,0,0,0,2,2,1,0,0,1,1,114.29,7880.86,0
0,0,1,0,9,1,0,0,0,2,2,2,2,2,1,1,0,20.5,176.23,1
1,0,1,0,24,1,0,1,1,1,0,2,0,2,2,0,2,87.67,2107.14,0
0,0,1,0,63,1,0,1,2,1,0,0,2,0,0,1,0,85.89,5412.9,0
1,0,1,0,19,1,2,2,2,0,0,1,0,0,2,0,0,77.87,1478.42,1
0,0,1,0,30,1,2,1,1,2,1,1,0,0,2,1,1,91.34,2747.4,0
0,0,1,1,58,1,2,1,0,0,2,2,1,0,0,1,3,55.85,3239.17,0
1,0,1,0,40,1,0,1,1,0,0,2,0,0,2,1,2,30.62,1223.81,0
0,0,1,0,68,1,0,2,0,0,0,2,2,1,0,1,2,18.69,1274.55,0
0,1,1,0,32,0,1,0,1,2,1,2,1,1,0,1,1,58.45,1861.16,0
0,0,0,0,65,1,0,1,0,2,2,0,0,2,2,1,1,99.2,6443.57,0
1,0,1,0,34,1,2,2,0,1,0,1,2,2,2,0,2,77.63,2646.09,0
1,0,0,0,31,1,0,1,0,0,2,1,2,0,0,1,0,33.08,1018.08,0
1,0,0,0,59,1,0,1,2,2,0,0,2,0,0,1,3,50.24,2970.54,0
0,1,1,0,26,1,0,0,2,0,2,0,2,2,1,1,0,84.9,2210.09,1
1,0,1,1,22,1,0,1,0,0,1,2,0,0,0,1,2,111.29,2454.4,0
0,0,1,1,34,1,2,0,1,2,0,0,1,0,0,0,1,104.56,3546.6,1
0,0,0,0,13,1,0,0,0,1,0,0,2,0,0,1,3,81.79,1067.38,1
1,0,1,0,55,1,0,1,1,0,1,0,1,1,1,1,0,40.2,2216.57,0
1,0,1,0,8,1,2,2,1,1,0,0,1,0,0,0,3,105.63,835.54,1
0,0,1,0,62,1,0,0,0,2,0,1,1,1,0,1,1,110.78,6872.91,0
0,0,0,1,22,1,2,0,1,0,2,0,0,0,1,1,0,109.63,2411.62,0
1,0,1,0,56,1,2,0,2,0,0,0,0,1,0,1,2,75.15,4198.66,0
1,0,0,0,21,1,2,2,0,1,2,0,2,2,0,0,3,105.81,2224.95,1
1,0,0,1,49,1,0,1,0,0,1,2,0,1,1,0,1,97.97,4795.36,0
0,0,0,1,6,1,2,1,2,2,1,2,2,0,0,0,2,80.46,492.06,1
0,0,0,0,35,1,2,2,1,1,2,0,2,0,0,1,1,116.95,4102.81,0
0,0,0,0,27,1,0,0,2,2,1,0,1,0,0,1,0,42.8,1145.66,1
0,0,0,1,40,1,2,1,0,1,0,0,0,2,0,1,2,80.98,3231.89,0
0,0,0,0,14,1,0,0,2,2,0,0,0,0,0,1,1,20.91,293.03,0
1,0,1,0,52,1,2,0,0,0,0,0,0,0,2,0,3,63.56,3307.69,0
1,0,1,0,40,1,0,0,0,0,0,2,0,1,2,1,1,102.03,4083.85,0
0,0,0,0,43,1,2,1,0,2,1,0,0,2,0,1,2,41.87,1804.83,0
0,1,0,0,58,1,0,1,0,1,1,0,2,2,2,1,1,93.79,5433.32,0
1,0,0,1,3,1,0,0,0,0,0,0,1,2,0,1,0,94.77,280.31,1
1,0,0,1,15,1,0,0,0,0,0,2,0,0,0,1,0,82.03,1231.21,1
1,0,0,0,45,1,0,0,2,2,2,0,0,1,0,1,0,108.04,4854.63,0
1,1,1,0,11,1,0,0,0,2,2,1,2,0,1,1,0,63.41,703.74,0
0,0,0,0,39,1,1,0,1,0,0,2,0,2,0,1,1,39.23,1535.66,0
1,1,1,0,19,1,0,0,0,0,2,1,2,0,1,1,1,83.73,1594.51,0
0,1,0,0,20,1,0,2,0,2,0,0,1,2,1,0,3,113.59,2268.45,1
1,0,0,1,71,1,0,1,2,1,0,0,1,2,2,1,0,81.58,5793.81,0
1,1,0,0,56,1,1,1,0,2,0,1,0,0,2,1,2,106.55,5956.91,0
1,0,1,1,4,1,0,2,1,1,0,2,2,0,2,1,3,105.28,423.12,0
0,1,1,0,9,1,0,1,1,1,0,2,1,1,0,0,2,18.86,160.73,1
0,0,1,1,25,1,0,1,2,1,2,2,0,1,0,0,2,26.03,645.16,0
1,0,0,1,47,1,0,1,0,2,0,0,0,2,0,0,0,73.75,3463.22,1
0,0,0,1,49,1,0,1,0,1,2,1,2,2,0,0,2,104.24,5110.67,1
0,0,1,0,27,1,1,2,0,2,0,2,2,1,0,1,1,56.8,1528.44,0
1,0,0,1,28,1,0,0,0,0,0,1,0,0,0,0,3,107.58,3004.85,1
1,0,0,0,62,1,0,0,0,1,2,0,1,2,2,0,1,53.64,3325.61,0
0,0,1,0,16,1,0,0,1,0,2,2,0,0,1,1,3,60.14,967.26,0
0,0,1,0,46,1,0,2,1,0,2,2,0,2,1,0,1,50.78,2333.69,0
0,0,0,0,46,1,0,1,1,2,1,0,2,0,1,0,1,62.65,2889.07,0
1,0,0,0,40,0,2,2,0,0,0,0,2,1,0,1,3,64.36,2583.23,0
1,0,0,0,34,1,2,1,2,0,0,2,2,2,0,0,1,66.56,2267.32,1
0,0,0,0,10,1,2,1,0,1,1,1,2,0,0,1,2,46.96,475.75,0
1,0,0,0,1,1,0,1,0,2,2,2,2,2,1,1,3,56.95,58.03,1
1,0,1,0,66,1,0,1,1,2,1,0,0,1,0,0,3,78.97,5213.54,0
0,0,0,0,17,1,2,1,1,2,0,0,0,0,2,0,0,19.12,315.77,0
0,1,1,0,47,1,0,1,0,2,1,1,1,2,0,0,3,73.26,3443.84,1
1,0,1,0,24,1,0,1,0,2,2,2,0,2,0,0,2,20.09,482.71,0
1,1,1,0,50,1,0,0,0,2,2,2,2,2,0,1,2,79.28,3965.19,0
0,0,1,0,29,1,0,1,0,0,2,2,0,2,1,1,1,56.29,1626.89,0
1,0,0,1,72,1,1,1,2,2,0,2,2,2,1,1,0,64.82,4664.78,0
1,0,0,1,13,1,2,2,1,0,2,0,1,2,2,0,2,99.69,1304.95,0
0,0,1,0,64,1,2,2,0,2,1,2,0,2,1,1,1,85.81,5498.88,0
0,0,0,0,28,0,1,1,1,1,2,0,2,0,0,1,0,111.74,3127.79,0
1,0,0,1,5,1,2,0,2,2,2,1,0,2,0,0,0,42.99,213.32,1
1,0,0,0,9,1,0,2,2,2,2,0,1,1,0,0,3,58.19,529.38,0
1,0,0,0,14,1,0,0,0,1,0,0,1,0,0,1,0,40.58,566.08,0
0,0,1,0,10,1,2,1,1,0,1,0,2,2,0,1,0,36.39,365.91,0
1,0,0,0,33,1,1,0,0,1,1,2,0,2,1,1,0,85.3,2822.32,0
1,0,0,0,40,1,0,1,1,2,2,2,1,1,0,0,3,84.3,3365.87,1
0,0,0,0,6,1,1,1,0,0,2,2,1,2,2,0,3,67.68,410.91,0
0,0,0,0,17,0,0,1,1,0,0,1,1,2,0,0,2,32.97,570.44,1
1,0,0,0,36,1,0,2,2,0,0,0,1,2,0,0,2,75.26,2700.12,0
0,0,0,0,70,0,2,1,0,0,0,1,0,0,2,1,1,69.42,4849.99,0
0,1,0,0,61,1,2,1,2,0,1,0,1,0,0,1,0,75.4,4603.34,0
1,0,0,0,49,0,0,1,2,0,2,2,2,2,2,0,1,63.35,3103.03,0
0,0,1,1,69,1,0,0,0,0,0,0,1,2,0,1,0,26.48,1820.78,0
0,0,1,1,71,0,2,1,0,0,2,0,2,2,2,1,3,59.55,4228.41,0
1,0,1,0,24,1,2,1,1,0,0,0,0,2,1,0,1,49.94,1206.38,0
0,0,0,0,51,1,2,1,0,0,0,2,0,2,1,0,2,45.34,2312.8,0
1,0,0,0,42,1,0,1,0,0,1,2,1,2,0,1,0,84.85,3572.5,1
1,0,1,0,19,1,0,1,1,2,0,2,2,0,2,0,0,85.65,1628.74,0
0,0,0,0,62,1,2,1,1,0,1,0,1,1,0,1,2,116.1,7191.92,0
0,0,0,1,67,1,2,1,1,1,2,0,0,0,0,1,3,82.03,5502.78,0
0,0,0,0,30,1,0,1,0,0,0,0,0,0,2,0,3,48.16,1442.4,0
1,0,1,0,38,0,2,2,0,0,0,0,1,2,2,1,2,71.89,2733.89,0
0,0,0,0,6,1,0,1,0,0,1,0,0,0,2,1,2,82.03,490.04,0
1,0,0,1,22,0,0,0,2,0,0,0,1,0,0,0,2,59.5,1307.5,0
0,0,0,0,11,0,1,1,0,1,0,0,0,0,0,1,2,82.37,899.54,1
0,0,0,0,72,1,0,1,0,2,0,0,0,1,1,1,1,100.52,7239.95,0
0,0,0,0,29,1,0,0,0,2,1,2,1,1,0,1,3,81.65,2364.17,0
1,1,1,0,8,1,0,1,0,1,2,2,1,2,0,0,1,35.38,280.05,1
0,0,0,1,35,1,2,1,2,0,2,2,2,0,0,0,1,50.78,1771.18,0
0,0,1,0,72,1,0,1,0,0,0,0,2,2,2,0,2,115.06,8281.17,0
1,0,1,0,72,1,0,2,0,0,2,1,0,0,2,0,1,54.61,3938.35,0
1,0,1,0,45,1,0,2,0,0,0,2,1,0,0,1,2,101.68,4584.69,0
0,0,1,0,33,1,0,0,0,0,2,1,0,1,0,0,3,32.35,1066.34,0
0,0,1,0,5,1,0,1,2,0,2,0,0,0,0,1,2,117.25,591.23,1
0,0,0,0,62,1,0,1,1,0,0,2,2,1,1,0,3,39.5,2457.19,0
1,0,0,0,37,1,0,0,2,0,2,0,0,2,0,1,2,114.87,4245.26,1
1,0,1,1,17,1,2,0,0,1,2,0,2,0,1,0,1,23.24,387.75,0
1,0,0,0,22,1,0,0,1,2,2,0,2,2,1,0,2,76.2,1671.27,1
1,0,1,0,32,1,2,0,2,2,2,2,2,2,2,0,3,36.21,1166.53,0
0,0,1,1,14,1,1,2,0,0,1,2,2,0,2,1,2,83.12,1159.8,0
1,0,0,1,20,1,0,0,0,0,0,0,1,1,0,0,0,108.62,2172.91,0
1,0,0,1,22,1,0,0,2,0,1,0,2,1,0,1,3,48.22,1070.14,0
1,0,0,0,30,1,1,0,0,2,0,0,0,0,0,1,2,58.7,1760.52,0
0,0,1,0,54,0,0,1,0,2,1,1,2,2,1,1,3,22.93,1235.54,0
0,0,0,1,33,0,0,0,2,1,0,0,1,0,1,1,3,76.11,2520.08,0
1,0,0,1,5,1,2,0,0,0,2,1,0,2,0,1,1,78.89,386.58,0
1,0,0,0,18,1,2,1,2,2,2,0,2,2,0,1,0,80.36,1450.64,0
0,0,1,1,63,1,0,0,1,0,0,2,2,2,0,1,1,110.09,6934.29,0
0,0,0,0,46,1,0,1,0,2,0,0,2,1,0,1,2,27.55,1273.03,0
0,0,0,0,7,1,1,1,2,0,2,1,0,0,1,0,2,65.6,458.63,0
0,0,0,0,29,1,1,0,1,0,2,0,2,2,0,1,2,48.05,1400.06,0
0,0,1,0,57,1,2,0,0,0,0,0,2,1,2,1,1,42.72,2433.66,0
0,0,0,0,47,0,2,0,2,0,0,1,0,0,0,1,2,52.03,2438.51,1
0,0,1,1,9,1,0,2,2,0,1,0,2,0,1,0,3,112.58,1011.2,0
0,0,0,0,59,1,0,0,0,0,2,1,0,0,1,0,2,43.57,2563.25,0
1,1,1,0,71,1,0,2,2,1,0,0,2,1,0,1,0,26.76,1891.09,0
1,0,1,1,71,1,2,2,2,2,0,0,1,2,1,1,3,59.57,4224.31,0
1,1,0,0,43,0,0,1,0,0,2,2,0,1,0,1,0,45.07,1936.37,0
1,1,1,0,59,1,2,1,1,1,0,0,2,2,0,0,2,47.47,2793.33,0
1,0,1,1,6,1,2,1,0,2,0,1,2,1,1,0,3,63.77,386.5,0
1,1,1,0,53,1,2,1,0,2,0,0,0,0,0,1,2,100.19,5312.73,0
0,0,1,0,64,1,0,1,1,0,0,0,1,0,0,1,2,102.19,6546.25,0
0,0,0,0,4,1,2,1,2,2,2,0,0,1,1,1,2,66.83,262.16,0
1,0,0,0,1,0,2,0,2,1,2,2,2,2,0,0,3,102.47,100.04,0
1,0,0,0,70,1,2,1,1,2,2,1,0,0,0,1,1,34.92,2447.58,0
0,0,1,0,31,1,1,1,0,2,0,0,2,1,2,0,3,45.05,1394.68,0
0,0,0,1,65,1,2,0,2,1,0,1,0,1,0,1,1,34.32,2228.48,0
0,0,0,0,69,1,2,2,0,2,2,2,0,2,1,0,0,110.82,7643.52,0
1,0,0,0,19,1,0,0,1,1,2,1,0,2,0,1,0,94.3,1791.63,1
0,0,0,0,69,1,0,2,2,2,2,0,1,0,1,1,1,95.44,6583.52,0
1,1,0,0,69,1,0,1,0,1,2,2,1,0,0,1,0,87.25,6021.19,0
1,0,0,0,49,1,2,1,2,2,2,2,0,1,2,1,2,19.58,969.16,0
0,0,1,0,31,1,2,2,0,2,0,2,2,0,0,1,1,39.5,1224.21,0
0,0,1,0,60,1,0,2,0,0,2,2,0,0,0,0,3,105.96,6363.1,0
1,0,0,1,71,1,1,1,2,0,1,2,0,2,0,1,2,66.65,4735.52,0
0,0,0,0,55,1,0,1,0,2,0,2,2,0,1,0,1,92.9,5110.64,0
0,0,1,0,38,1,1,0,0,2,0,1,0,0,0,0,0,40.08,1527.81,1
1,0,1,0,33,0,0,1,2,0,2,1,0,0,0,1,2,24.83,822.14,0
0,0,0,0,6,1,2,2,0,1,0,0,0,2,1,0,1,101.42,599.87,0
1,1,0,0,13,1,2,0,0,1,0,0,2,0,0,1,3,41.71,547.14,1
1,0,1,0,20,1,0,0,0,0,2,0,0,1,0,0,2,40.39,815.9,1
0,0,1,1,37,1,2,1,1,2,2,0,2,1,0,1,3,58.44,2168.38,1
1,0,0,1,45,1,0,1,0,0,1,2,2,0,0,1,1,73.14,3288.89,0
1,0,0,1,59,1,0,1,2,2,1,0,0,2,0,0,2,81.29,4804.16,0
0,0,1,0,52,0,2,1,0,2,0,2,2,1,0,0,2,111.21,5774.95,0
0,0,0,1,18,1,0,1,0,0,1,0,0,0,0,1,2,94.29,1694.84,1
0,0,0,0,25,1,0,1,1,1,0,0,2,0,1,1,2,71.18,1769.6,0
1,0,0,0,1,1,0,1,2,1,2,1,2,1,0,1,2,32.73,29.92,1
1,0,0,0,41,1,2,2,0,1,0,1,0,0,1,1,3,31.96,1301.18,0
0,0,0,0,18,1,2,2,0,0,0,1,1,0,0,0,1,31.38,569.85,1
1,0,1,1,1,1,0,1,1,1,0,0,1,2,0,1,2,117.41,112.87,1
0,0,1,0,39,1,0,0,0,0,1,0,1,0,0,1,0,99.86,3895.54,0
0,0,1,1,31,0,2,1,0,1,2,2,0,2,2,0,0,26.92,836.36,0
1,0,1,0,71,1,1,2,2,2,2,0,1,2,0,0,2,48.81,3461.68,0
0,0,1,1,38,1,0,1,0,2,0,2,2,2,0,1,0,50.54,1915.43,0
1,0,1,0,8,1,0,2,2,0,0,2,2,2,2,0,3,49.95,400.62,0
1,0,0,0,34,1,2,1,1,2,0,0,0,0,1,1,2,18.76,632.63,0
0,0,0,0,27,1,2,2,2,2,2,0,2,0,0,0,2,61.68,1658.5,0
1,0,0,0,41,1,0,0,0,2,0,1,0,0,0,0,3,104.38,4284.47,0
0,1,0,1,7,0,2,1,2,1,2,0,2,0,2,0,2,29.16,200.52,1
1,0,1,0,32,1,0,1,1,1,0,0,0,0,1,0,2,24.65,787.75,0
1,0,1,0,16,1,0,2,0,2,0,1,1,0,0,1,0,83.39,1342.49,0
1,0,1,0,2,1,2,1,1,1,0,0,0,0,0,0,0,95.92,184.39,1
0,0,0,0,43,1,0,0,2,1,0,1,2,1,0,1,1,42.71,1827.81,1
1,0,1,1,31,1,2,2,2,2,0,2,0,0,2,1,2,109.42,3390.61,0
0,0,0,0,47,1,1,1,0,0,2,1,1,0,1,1,1,86.79,4081.43,0
1,0,0,0,33,1,0,0,0,1,1,1,2,2,1,1,0,66.17,2182.92,0
1,0,1,0,17,0,2,1,0,1,2,2,0,0,0,0,0,98.59,1666.2,1
0,0,1,0,54,1,0,1,0,0,0,0,0,0,2,1,1,50.8,2741.32,0
0,0,0,0,54,1,0,1,2,2,0,0,0,2,0,0,2,45.36,2449.06,1
0,0,0,1,51,1,0,2,0,1,0,1,1,0,0,0,1,44.57,2282.01,0
0,0,0,1,52,1,2,1,0,0,2,2,2,0,2,0,0,36.73,1901.49,0
0,0,1,0,7,1,1,1,0,2,2,0,0,0,0,1,2,106.51,749.33,0
1,0,0,0,54,1,0,0,0,2,0,0,2,1,0,0,0,57.64,3110.45,0
1,0,1,0,11,0,0,1,2,0,0,2,1,0,0,0,3,106.1,1174.57,1
0,0,0,0,62,1,0,0,1,2,2,1,1,1,2,1,2,107.04,6639.67,0
1,0,0,0,30,1,2,0,1,0,0,0,2,0,1,0,0,31.44,941.08,0
1,0,0,0,57,1,1,0,0,0,2,0,2,2,0,1,3,22.29,1273.32,0
1,0,1,0,46,1,2,0,0,2,1,2,1,0,0,0,2,115.58,5315.61,1
0,1,0,1,70,1,2,0,2,0,0,2,1,0,0,1,0,39.47,2767.25,0
1,0,1,0,66,1,0,1,0,1,2,0,1,0,1,0,2,56.66,3745.36,0
1,0,1,0,55,1,2,0,0,0,0,2,1,1,0,1,3,31.33,1727.02,0
1,0,1,1,58,1,2,0,0,1,2,1,0,1,2,0,2,113.41,6575.25,0
0,0,0,0,10,1,2,2,1,0,0,1,1,2,0,1,3,27.42,264.9,1
1,0,0,0,4,0,0,1,2,2,0,1,1,2,0,1,2,99.38,390.29,1
1,0,1,0,62,1,0,1,2,0,0,0,2,0,0,1,3,104.77,6495.02,0
0,0,0,0,43,1,0,0,0,0,2,0,1,2,2,0,2,111.08,4778.14,0
0,0,1,1,42,1,1,1,0,2,1,1,0,1,2,1,2,64.53,2702.13,0
1,0,1,1,24,1,2,1,2,2,0,0,2,1,0,1,2,74.76,1793.5,0
1,0,1,1,5,1,2,1,0,0,0,0,0,0,0,1,3,69.33,342.37,1
0,0,0,0,68,1,2,1,0,0,2,0,0,1,0,1,1,72.37,4912.52,0
0,0,0,1,45,1,2,1,0,1,0,0,1,1,0,1,3,42.56,1912.27,0
0,0,0,0,59,1,2,2,0,2,0,0,1,1,0,0,3,76.25,4501.41,0
0,1,0,0,65,1,0,2,1,2,0,0,1,0,2,1,0,44.41,2892.17,0
0,0,1,1,63,1,2,0,0,1,1,0,2,2,2,0,1,76.98,4854.97,0
0,0,0,0,67,1,0,1,1,0,2,0,0,2,0,1,2,101.05,6770.56,0
0,1,1,0,49,1,0,0,0,0,2,1,2,2,0,1,1,18.55,900.85,1
1,0,0,0,32,1,2,1,1,0,0,1,0,1,2,0,2,105.0,3361.91,0
0,0,0,0,50,1,2,1,1,2,2,2,0,2,0,1,1,63.02,3142.03,0
0,0,0,0,58,1,2,1,0,1,0,0,0,2,0,1,1,79.59,4614.72,0
1,0,0,0,52,1,0,1,0,2,0,2,2,0,0,1,0,44.06,2294.3,0
0,0,0,0,23,1,2,1,0,2,1,0,0,2,0,1,3,118.62,2720.73,0
0,0,1,1,30,1,0,1,0,2,0,0,0,1,1,1,3,80.06,2404.23,0
1,0,0,0,70,1,0,0,2,0,0,2,2,1,0,1,1,116.03,8125.56,0
0,0,1,0,71,1,0,1,1,2,0,0,1,0,0,1,2,95.9,6816.71,0
1,0,1,0,30,1,0,2,0,2,0,2,0,1,2,0,1,106.29,3183.04,1
1,0,0,1,37,1,0,0,2,2,0,2,0,0,2,0,2,44.23,1642.9,0
1,0,0,0,48,0,2,0,0,2,2,2,1,1,0,1,1,82.99,3980.4,0
1,0,1,0,32,0,1,2,1,2,1,1,2,1,2,0,1,53.83,1720.32,0
0,0,0,1,70,1,2,1,1,0,0,0,0,2,2,1,3,100.42,7038.7,0
1,0,0,0,35,1,1,1,0,2,1,0,1,1,0,0,0,116.35,4072.41,1
1,0,0,1,68,1,0,1,2,0,1,0,2,1,0,0,2,39.71,2707.68,1
0,0,0,1,32,0,0,2,0,0,0,0,2,2,1,0,0,92.25,2955.97,1
1,0,0,0,59,1,2,2,0,0,2,0,2,0,2,1,0,93.12,5492.46,0
1,1,1,0,35,0,2,0,2,2,1,2,1,2,2,1,2,53.43,1860.91,0
1,0,0,0,16,1,0,1,1,0,0,2,0,0,0,0,3,32.64,522.09,1
1,0,0,0,52,1,1,1,2,1,0,0,0,0,0,1,0,50.32,2614.13,0
0,0,0,0,66,1,2,0,0,1,1,2,2,1,1,1,2,35.1,2317.09,0
1,0,0,0,6,1,0,1,2,0,1,0,0,0,0,1,0,107.04,646.86,0
0,0,1,0,14,0,0,1,1,0,2,0,0,0,2,0,1,101.39,1420.2,0
0,0,1,1,29,1,0,2,2,0,2,2,1,2,0,0,3,95.14,2762.48,1
1,0,1,0,26,1,0,2,0,0,2,0,2,1,0,0,3,94.47,2460.21,1
1,0,1,1,18,1,0,0,1,2,0,2,2,2,0,1,2,58.42,1057.15,0
1,0,1,0,4,1,0,2,2,0,0,0,2,1,2,1,2,109.4,440.6,0
1,0,1,1,57,1,0,1,2,1,2,0,0,2,0,1,1,99.68,5689.37,0
0,0,0,1,53,1,2,0,2,0,2,1,0,2,2,0,0,109.3,5788.9,1
0,0,0,0,25,1,0,1,0,2,0,2,0,0,0,1,2,68.42,1717.22,1
0,0,0,0,47,1,2,2,0,1,2,0,1,1,2,1,1,46.76,2200.35,0
1,1,0,0,52,1,0,1,0,0,1,2,0,2,2,1,2,83.43,4340.63,0
0,0,1,0,34,1,0,2,2,0,0,2,0,2,2,1,1,86.81,2945.27,0
1,0,1,1,16,1,1,1,0,0,1,1,0,1,1,1,3,89.24,1434.72,0
1,0,0,0,36,0,2,1,1,0,1,0,1,2,0,1,3,57.19,2060.87,1
1,0,0,0,28,1,2,0,1,2,0,0,0,0,0,1,3,70.07,1955.58,0
1,0,0,0,65,1,2,0,0,0,0,2,1,2,1,1,2,29.46,1905.9,0
1,0,1,0,72,1,2,1,1,2,1,2,0,2,0,1,0,78.56,5656.05,0
0,0,1,0,53,1,2,1,1,0,1,2,1,2,0,1,0,64.92,3436.41,0
0,0,0,0,42,1,2,1,0,2,1,2,1,0,0,1,0,37.36,1565.05,0
1,0,0,0,19,1,1,1,2,0,0,2,2,0,0,1,1,67.77,1279.17,0
0,0,0,0,44,1,0,2,1,2,0,0,1,2,1,0,3,53.24,2337.03,0
1,0,0,0,30,1,0,0,1,2,1,0,0,2,2,1,0,84.03,2530.25,0
1,0,0,0,44,1,2,1,2,2,1,0,1,1,2,1,3,99.4,4374.8,0
1,0,0,0,27,1,0,1,1,1,0,0,1,0,0,1,1,59.4,1604.5,0
0,0,0,0,34,1,2,0,0,0,2,2,0,1,0,0,1,102.04,3469.47,1
1,0,0,0,24,1,0,2,0,0,2,0,0,2,0,0,3,35.73,862.9,0
1,0,0,1,56,1,0,1,0,0,0,2,2,2,2,0,0,82.14,4603.36,0
0,1,0,0,7,1,0,0,0,1,2,0,2,0,0,1,2,61.4,423.63,1
0,0,0,1,68,1,0,2,0,2,2,1,0,0,0,0,0,56.06,3812.11,0
0,0,1,1,51,1,0,2,0,0,2,1,2,2,0,1,2,41.18,2104.36,0
1,0,0,1,8,1,0,2,0,1,2,0,1,0,1,1,1,42.6,339.82,1
1,0,0,1,56,1,1,1,0,0,1,0,2,0,0,0,0,64.31,3602.2,0
0,0,1,0,58,1,2,2,0,1,2,1,0,0,0,1,1,102.51,5937.2,0
1,0,0,0,69,1,0,0,2,0,1,0,0,2,0,1,0,73.67,5073.47,0
0,1,1,0,8,1,1,1,1,1,2,1,0,0,0,0,2,75.77,611.54,0
0,0,0,0,66,1,0,0,0,2,0,0,1,2,2,0,3,89.85,5935.6,0
1,0,0,1,24,1,2,1,0,2,1,2,0,2,0,1,3,47.51,1140.41,1
1,0,1,0,42,1,0,2,0,0,1,1,2,2,1,1,1,56.48,2378.47,0
0,0,1,0,54,1,2,2,1,1,1,2,1,0,2,1,3,103.49,5594.1,0
0,0,0,1,16,1,0,2,2,0,2,0,0,0,0,0,3,23.45,372.35,1
0,0,0,1,4,1,2,1,2,0,1,2,2,0,0,0,0,69.86,279.25,1
0,0,1,0,59,1,0,2,1,0,2,1,0,0,0,0,0,72.05,4250.44,0
1,1,0,1,46,1,0,1,0,1,1,2,0,1,2,0,0,73.73,3381.97,0
0,0,0,0,13,0,2,0,2,2,0,2,2,0,0,0,3,94.77,1222.01,1
0,0,0,1,37,1,2,1,0,0,2,0,1,2,0,0,0,63.61,2360.34,1
0,1,1,1,54,1,2,1,0,0,1,0,2,0,1,0,1,103.05,5574.26,0
1,0,0,1,49,1,0,0,0,0,1,1,0,2,0,0,2,52.33,2569.29,1
1,1,1,0,58,1,1,2,0,0,2,0,2,2,2,1,2,52.37,3028.89,0
0,1,0,1,19,1,0,1,1,2,1,0,0,2,1,1,0,115.13,2189.64,0
1,1,0,1,18,1,1,2,1,1,2,0,0,0,2,1,2,50.86,918.0,0
1,0,1,0,60,1,0,1,1,0,2,0,0,0,0,1,2,37.56,2248.98,0
1,0,0,0,17,1,0,0,0,1,1,0,2,0,0,1,0,73.7,1252.65,0
0,0,1,0,11,1,0,0,0,2,2,1,0,0,2,0,3,113.95,1243.71,1
0,1,0,0,15,1,2,2,0,2,2,0,0,2,2,0,2,96.56,1447.76,0
1,0,0,0,72,0,0,0,0,0,1,1,2,0,0,1,0,62.08,4465.15,0
0,0,0,1,17,1,0,1,0,1,0,2,2,1,0,0,2,69.09,1168.87,0
0,0,0,0,5,0,0,0,0,0,0,1,1,0,0,0,3,118.54,602.19,1
1,0,0,0,61,1,0,1,0,0,0,0,0,2,2,1,2,90.5,5523.96,0
1,0,0,0,4,1,0,0,1,1,0,1,0,1,2,0,2,28.4,121.45,1
0,0,0,0,56,1,0,0,2,0,1,0,1,2,0,1,2,79.53,4446.59,1
1,0,1,1,48,1,2,1,0,0,0,1,1,0,0,1,0,112.92,5414.75,0
0,0,0,0,48,1,0,0,0,2,0,2,2,2,0,0,1,37.65,1815.74,0
0,1,0,0,35,1,0,1,2,2,2,0,1,1,0,1,3,96.0,3355.62,0
1,0,1,0,33,1,0,1,0,0,0,1,2,0,0,1,2,59.95,1985.94,0
0,0,1,0,21,1,0,1,2,2,0,0,2,2,0,1,1,32.66,690.64,1
0,0,1,0,5,1,0,1,0,0,0,0,2,0,0,0,1,102.5,503.26,1
1,0,1,1,64,1,0,1,2,1,2,0,0,2,0,1,2,82.52,5274.32,0
1,0,1,0,69,0,0,2,1,0,1,2,0,2,0,0,2,19.53,1348.72,0
1,1,0,0,21,1,2,1,2,0,2,2,0,0,2,1,2,101.75,2145.09,0
0,0,0,1,32,1,2,1,1,2,2,2,2,0,1,1,1,72.1,2308.72,0
1,0,0,0,18,1,0,2,1,2,2,1,2,2,2,1,1,80.97,1461.43,0
1,0,1,0,58,1,2,2,0,2,0,2,0,0,1,0,2,74.86,4345.36,0
1,0,0,0,24,1,0,1,2,0,2,0,0,0,1,1,2,57.48,1371.8,1
1,0,0,1,5,0,0,2,0,0,1,1,2,2,0,0,2,31.92,166.19,1
0,0,0,0,53,1,0,0,2,2,1,0,1,0,0,1,2,90.5,4801.14,0
0,0,0,1,55,1,0,2,2,0,2,0,0,0,2,1,1,86.99,4780.85,0
1,0,1,0,5,1,1,0,0,0,0,0,2,0,0,1,2,104.6,522.21,0
0,0,0,0,69,1,2,1,0,0,2,0,0,1,0,1,3,80.02,5520.98,0
1,0,0,0,41,1,2,2,0,2,0,0,2,2,0,0,2,22.7,936.59,0
1,0,1,1,7,1,2,0,0,2,0,2,0,0,2,0,0,59.67,426.73,0
0,0,1,0,1,1,0,0,1,0,1,0,0,2,0,1,2,28.75,35.91,0
0,1,1,0,52,1,1,1,2,0,2,0,0,2,0,1,2,78.22,4067.01,0
1,0,1,0,26,1,1,1,2,1,1,2,0,1,1,0,1,38.68,1002.44,0
1,0,1,0,63,1,2,0,0,2,1,0,0,1,2,1,2,113.07,7118.03,0
0,1,0,0,12,1,2,1,1,0,0,1,0,0,0,0,2,33.87,410.17,1
1,0,0,0,70,1,2,1,1,2,0,1,2,2,0,1,3,101.96,7135.55,0
0,0,0,0,19,1,0,0,0,0,0,1,2,2,2,1,0,79.43,1502.02,0
1,0,0,0,4,1,0,1,0,2,2,0,2,0,0,0,0,49.25,187.98,1
1,0,0,0,5,1,0,0,0,2,0,0,0,0,0,0,2,97.78,490.54,1
0,0,0,0,54,1,2,0,2,0,0,2,1,0,0,0,3,115.33,6235.29,0
0,0,0,0,70,1,2,1,0,0,2,2,0,0,0,1,2,32.75,2289.11,0
0,0,1,0,57,1,0,2,0,0,0,2,2,2,0,1,1,102.61,5843.0,0
0,0,0,1,52,1,0,1,0,0,2,0,2,2,1,0,3,99.82,5190.7,0
0,1,0,0,18,1,2,0,1,0,0,0,0,2,1,1,2,94.65,1708.75,1
0,0,1,1,64,1,1,1,1,0,0,1,1,2,1,0,0,45.45,2899.5,0
0,0,0,0,10,1,2,2,2,2,0,1,1,2,0,1,2,95.7,964.53,1
1,0,0,0,23,1,0,1,1,0,2,0,2,2,2,0,1,26.19,612.19,0
1,0,0,0,68,1,0,1,2,0,1,0,1,0,0,0,2,28.85,1960.73,0
1,0,1,0,52,1,2,2,2,0,0,2,2,1,0,0,1,49.09,2559.57,1
0,1,0,1,47,1,2,1,1,2,0,1,1,0,0,1,1,44.1,2071.07,0
0,0,1,0,70,1,0,2,0,2,0,0,1,0,2,1,2,66.07,4617.0,0
0,0,1,0,26,1,2,1,1,2,2,0,2,0,1,1,2,75.09,1952.39,0
1,0,1,0,70,1,2,0,0,2,2,2,2,0,1,1,0,48.47,3386.45,0
0,0,0,0,43,1,0,0,1,1,0,1,2,2,2,0,2,88.18,3785.57,0
0,0,0,0,69,1,0,1,1,1,1,0,0,0,0,1,3,18.95,1313.46,0
1,0,1,0,63,1,0,1,0,0,0,1,2,0,0,1,2,41.26,2591.44,0
0,0,0,0,66,1,0,1,0,2,1,2,0,0,2,1,3,53.74,3542.72,0
1,0,1,0,63,1,2,0,1,1,2,2,0,0,0,0,2,57.83,3640.54,0
1,0,1,0,13,1,0,2,0,0,0,0,2,1,0,0,2,54.85,721.24,0
0,0,0,1,51,1,0,2,0,2,2,2,0,0,0,1,2,19.48,995.68,1
0,0,1,0,5,1,2,1,0,0,0,2,1,1,1,0,2,112.51,553.68,0
0,0,0,0,47,1,0,1,0,0,2,0,2,0,1,1,3,94.99,4460.15,0
1,0,1,0,36,1,2,0,1,2,0,2,0,2,2,1,2,18.83,669.16,0
1,0,1,0,36,1,0,1,2,2,0,0,0,0,0,0,1,53.52,1931.44,0
1,0,0,0,50,0,2,1,0,0,0,0,0,1,0,1,3,62.72,3129.89,0
0,0,0,0,56,1,2,1,0,2,2,2,2,0,2,1,2,40.03,2236.14,0
0,1,1,1,19,1,2,1,0,2,2,0,2,1,0,0,2,110.31,2088.3,0
0,0,0,0,20,1,2,1,2,2,2,2,0,2,1,1,2,91.56,1834.97,0
0,1,0,1,22,0,1,0,0,1,0,0,1,2,0,0,3,105.03,2311.02,0
1,0,0,1,31,1,0,0,1,0,2,2,1,2,2,1,3,92.4,2859.7,0
1,0,1,0,62,1,2,2,0,0,2,2,0,0,2,1,1,53.92,3348.89,0
1,1,0,0,44,1,2,0,0,0,0,0,0,2,0,1,0,66.14,2911.8,0
1,0,0,0,68,1,0,0,0,0,2,2,2,1,0,1,3,24.32,1647.39,0
0,0,1,0,67,0,2,1,0,0,0,0,1,0,2,1,2,60.61,4051.24,0
0,0,0,0,49,1,0,0,0,2,2,2,2,2,2,1,3,98.8,4833.0,0
0,1,0,0,59,1,2,1,0,0,1,0,0,2,0,0,3,93.41,5507.88,0
1,1,0,1,4,1,0,1,2,2,0,1,2,0,0,0,1,97.11,380.01,1
1,0,0,0,39,1,0,0,0,0,0,1,1,1,0,1,0,45.45,1767.42,0
0,0,0,0,7,0,0,0,0,1,1,0,2,2,2,1,3,28.18,188.81,0
0,0,0,0,71,1,0,0,0,2,1,1,0,0,0,1,2,64.49,4570.28,0
1,0,0,1,49,1,0,1,2,0,0,0,0,2,1,1,0,66.54,3256.62,0
0,1,0,0,15,1,0,2,2,2,2,0,2,2,0,1,2,81.0,1215.27,0
1,0,0,0,7,1,0,0,1,1,2,0,2,0,0,1,3,27.72,190.91,1
1,0,1,0,47,1,2,1,0,0,2,0,1,1,1,1,0,22.14,1032.64,0
1,0,1,0,68,1,0,2,2,1,0,0,0,1,0,1,2,93.34,6338.23,0
0,0,0,0,45,1,0,0,2,0,0,1,0,0,0,0,2,82.65,3713.17,1
0,1,1,1,19,1,2,1,2,2,1,0,1,2,2,1,3,40.35,770.64,0
1,0,0,0,47,1,2,1,0,1,0,1,0,2,0,0,0,102.6,4825.57,0
0,0,0,0,53,1,1,1,0,0,0,0,1,0,1,1,1,53.18,2826.43,0
1,1,0,1,27,1,2,2,2,0,2,1,0,2,1,0,2,66.47,1802.94,1
1,0,0,0,5,1,2,1,0,0,0,0,0,0,0,1,2,30.93,160.09,0
1,0,0,0,60,1,2,0,2,2,0,0,2,2,0,1,1,116.0,6950.34,0
1,0,1,0,62,1,2,1,2,0,0,1,1,1,0,0,0,91.14,5642.85,0
0,0,0,1,59,0,2,0,1,0,1,0,2,2,1,1,2,42.38,2505.22,0
1,0,1,1,61,0,0,0,0,1,2,2,0,0,2,1,1,113.66,6939.79,0
1,1,1,1,56,1,2,2,1,2,0,2,0,2,2,0,2,56.64,3174.08,0
0,0,1,0,47,1,2,1,2,0,2,0,0,2,1,1,3,61.0,2864.27,0
1,1,1,0,48,1,0,1,0,1,0,1,2,0,0,1,3,34.83,1665.52,0
1,0,1,1,10,1,0,0,0,2,2,2,1,0,0,0,2,61.13,614.83,0
0,0,1,0,32,1,0,0,0,2,0,2,2,2,2,0,0,116.07,3712.49,0
0,0,0,1,65,1,2,0,0,2,1,2,2,1,1,1,2,61.78,4013.12,0
0,0,0,1,24,1,0,2,0,0,2,2,2,0,0,0,2,88.61,2126.04,0
1,0,1,0,29,1,0,2,2,2,2,1,0,1,2,1,1,116.59,3387.84,0
0,1,1,1,7,1,2,1,0,1,0,2,1,2,2,1,0,80.85,568.8,0
0,0,0,1,17,1,0,0,1,0,1,0,1,2,1,1,1,46.86,797.73,0
1,0,0,0,25,1,2,1,0,0,2,2,0,1,0,1,3,52.79,1316.14,1
1,0,0,0,36,1,0,2,2,1,1,0,0,0,0,1,3,42.03,1509.59,0
1,0,1,0,61,1,0,2,0,2,2,2,0,2,2,1,2,113.41,6927.77,0
1,0,0,0,71,1,1,1,0,0,0,2,0,0,0,1,3,108.01,7668.14,1
1,0,0,0,35,1,0,1,2,0,0,0,1,0,2,0,2,82.18,2870.93,0
0,0,0,0,50,0,0,1,0,2,0,0,2,2,2,1,3,26.2,1314.43,0
0,0,1,0,56,1,2,0,1,1,1,0,2,0,0,0,3,97.81,5482.37,0
0,0,1,0,65,0,2,1,0,0,2,2,2,0,1,1,2,100.41,6524.24,0
1,0,1,0,41,1,2,1,2,1,0,0,2,0,0,1,1,93.67,3846.21,1
1,0,1,0,25,1,2,1,0,1,2,1,1,0,1,1,3,35.51,895.15,0
1,0,0,0,34,1,0,1,2,0,1,2,0,0,0,0,2,46.62,1591.67,1
0,0,0,0,8,1,0,1,2,1,2,0,2,0,1,1,3,99.91,790.73,0
0,0,0,0,56,1,2,1,2,0,0,0,2,1,0,1,3,62.83,3524.33,0
1,1,0,0,30,1,2,0,2,1,2,1,1,1,0,0,3,42.59,1275.72,0
0,0,0,1,68,1,0,2,1,2,1,2,0,0,0,1,0,82.78,5621.17,0
1,0,1,0,21,1,2,1,0,2,2,1,0,2,0,1,1,77.9,1643.74,1
0,1,0,0,10,1,2,1,0,2,2,1,2,2,1,0,2,70.45,704.29,0
0,0,0,1,33,1,2,1,1,2,0,2,2,0,1,1,1,52.82,1750.6,1
0,0,1,0,4,1,2,2,0,0,1,0,0,2,1,1,3,96.11,386.41,1
1,0,1,0,23,1,0,1,0,2,1,0,0,0,1,0,3,75.44,1731.63,1
0,0,0,0,69,1,2,1,2,2,2,0,2,0,2,1,0,105.24,7263.12,0
0,0,0,0,53,1,0,2,0,2,2,0,2,1,1,0,0,101.64,5396.08,0
1,0,1,0,5,1,2,2,0,0,1,0,2,2,0,1,2,113.01,567.49,1
0,0,0,0,18,1,0,1,0,2,2,1,0,2,0,1,0,92.69,1674.7,0
1,0,0,1,17,1,0,0,0,0,0,2,1,2,0,0,2,32.15,553.85,1
1,0,0,0,58,1,0,2,2,2,0,2,1,2,0,1,2,54.98,3186.67,0
1,0,1,0,67,0,0,2,0,0,0,1,0,1,0,0,3,93.9,6284.43,0
1,0,1,0,72,1,0,0,2,2,0,0,1,2,0,0,0,31.81,2299.83,0
1,0,0,0,56,0,2,1,0,2,0,0,2,0,1,0,0,86.27,4838.89,0
0,0,0,0,40,1,0,1,2,2,0,1,2,2,2,1,0,51.26,2052.26,0
1,0,1,0,2,1,0,0,0,1,0,0,2,2,0,1,3,41.96,92.84,0
1,0,1,0,21,1,0,0,0,1,0,0,2,2,2,1,2,73.02,1535.66,0
1,0,1,1,52,1,2,1,0,1,0,1,1,2,0,1,0,27.3,1422.04,1
1,0,1,1,24,1,1,2,2,0,0,0,1,2,1,0,1,87.99,2114.34,0
0,1,0,0,53,1,0,0,2,2,0,2,2,2,0,1,1,59.17,3142.52,0
1,0,0,1,38,1,0,2,2,1,1,0,0,1,0,1,3,78.3,2971.66,0
0,1,1,0,20,1,2,2,0,0,1,1,2,2,0,0,3,27.01,536.41,0
1,0,1,0,50,1,0,2,2,2,2,2,0,2,0,1,1,62.32,3106.65,1
0,0,0,0,39,1,0,1,0,1,0,0,2,2,0,1,2,97.11,3793.47,0
1,0,1,0,60,1,0,1,2,2,1,2,2,0,1,0,0,89.58,5370.07,0
1,0,0,0,39,1,2,1,1,0,0,0,1,2,0,1,2,72.35,2816.03,0
0,1,0,0,71,1,1,2,0,2,0,0,1,0,2,0,2,37.57,2666.98,0
1,0,0,1,33,0,2,1,2,2,2,0,2,2,2,1,2,77.52,2565.32,0
0,0,1,0,29,1,1,0,2,0,2,2,2,2,0,0,2,86.27,2503.8,0
1,0,1,1,10,1,1,0,0,2,0,2,0,0,1,1,2,74.48,751.65,1
0,1,0,1,67,1,1,1,1,1,1,2,0,0,1,0,1,94.19,6300.74,0
1,0,1,0,3,1,2,2,2,0,2,1,2,2,1,1,1,56.01,161.82,1
1,0,1,0,31,1,0,1,1,2,2,0,0,0,1,0,0,57.93,1800.17,0
0,0,0,1,27,1,0,1,0,0,2,0,1,0,2,1,0,112.9,3043.98,0
1,0,0,0,70,1,2,0,1,0,2,1,2,2,2,1,2,109.71,7688.47,0
1,0,0,0,27,1,0,2,1,0,0,1,2,2,2,1,2,36.47,989.8,0
1,1,1,1,9,1,0,1,1,0,2,2,1,0,2,0,0,42.92,390.29,0
1,0,0,0,6,1,0,2,2,1,1,0,1,1,1,1,1,75.28,442.01,0
1,0,0,0,6,1,2,1,1,1,0,0,0,1,0,0,0,74.33,449.81,1
1,0,1,0,26,1,2,1,2,2,0,0,2,0,0,0,2,26.15,680.4,0
0,0,0,0,43,1,2,1,0,1,0,0,1,0,2,1,2,110.11,4728.19,0
0,0,1,1,19,1,1,0,0,0,1,0,2,0,2,1,3,96.03,1826.31,0
0,1,1,1,16,1,0,0,0,1,0,0,2,1,0,0,0,98.33,1565.39,0
1,0,1,1,23,1,0,0,0,0,0,2,0,2,2,0,0,87.76,2018.21,0
0,1,0,0,29,1,0,1,1,0,0,0,1,1,2,0,0,34.99,1008.54,0
1,0,0,1,38,1,0,1,1,2,2,1,1,0,0,1,2,54.84,2074.13,0
1,0,1,1,59,1,2,0,0,0,2,0,0,2,1,0,0,51.05,3009.36,0
1,0,1,1,48,1,1,1,0,0,0,0,1,1,2,1,0,117.58,5641.21,0
1,0,1,0,20,1,2,1,2,0,0,2,0,2,2,0,2,29.63,592.93,0
0,0,1,1,21,1,0,1,0,0,2,0,2,1,0,0,3,74.02,1563.66,0
1,0,1,0,28,1,2,0,0,0,0,0,2,2,2,1,2,95.83,2674.83,0
0,0,1,0,50,1,0,1,0,0,0,0,2,1,0,1,0,59.15,2951.98,1
1,0,1,0,33,1,0,1,1,1,1,1,1,2,0,1,2,71.2,2348.61,0
0,1,0,1,40,1,2,0,0,1,0,0,2,0,0,1,2,34.93,1394.19,0
0,0,0,1,54,1,2,1,1,2,0,1,2,2,0,1,3,39.15,2115.39,0
0,1,0,0,10,0,2,0,0,1,2,0,0,2,2,1,2,88.13,887.38,0
0,0,1,0,34,0,0,2,2,0,2,2,2,1,0,0,2,91.01,3092.7,1
0,0,1,0,36,1,0,2,0,2,0,2,0,0,0,1,2,74.35,2672.78,0
0,0,1,1,7,1,2,1,0,2,0,0,2,0,0,1,0,109.24,759.24,1
1,0,1,1,16,1,0,0,0,1,1,0,0,1,0,1,1,55.68,896.64,0
0,0,1,0,51,1,2,1,2,0,0,0,1,0,2,1,3,91.2,4643.05,0
1,0,0,0,61,1,0,1,0,2,1,2,1,0,1,1,0,91.13,5558.64,0
0,0,0,0,31,1,0,1,2,0,2,1,2,0,1,1,2,64.79,2005.96,0
1,0,1,0,32,1,2,0,1,0,0,0,0,2,0,1,1,101.51,3250.97,1
0,0,1,0,45,1,0,0,1,1,2,2,2,2,0,1,3,71.08,3199.46,0
0,0,0,0,27,1,2,0,0,0,1,2,2,0,2,1,3,81.17,2188.52,0
1,0,1,0,22,1,0,1,2,0,0,1,0,1,2,1,1,22.66,490.63,0
0,0,0,0,15,1,2,2,0,1,2,2,0,0,0,1,2,87.62,1307.03,1
0,0,0,0,8,1,0,1,0,0,2,0,2,0,0,0,3,83.68,673.07,1
0,0,0,0,68,1,0,0,1,2,2,0,2,0,0,1,3,109.38,7437.7,0
1,0,1,0,8,1,2,0,2,0,1,0,2,0,1,0,0,32.4,264.97,0
0,0,1,0,16,1,0,1,0,1,2,0,2,2,0,1,0,37.36,606.26,0
1,0,1,1,48,1,2,0,0,2,0,1,2,1,1,1,0,66.6,3200.29,0
0,0,0,0,34,1,2,0,2,1,2,1,1,0,0,1,1,53.14,1815.0,0
0,0,0,0,57,1,2,0,2,0,0,0,2,1,2,1,1,32.31,1832.22,0
1,0,0,0,5,1,0,1,0,2,1,0,2,2,0,0,2,33.63,168.9,1
0,0,0,1,44,1,1,1,0,2,2,0,2,2,0,1,3,90.11,3960.18,1
0,0,0,0,71,1,2,2,1,2,2,0,1,2,0,1,3,93.48,6631.01,0
1,0,0,1,37,0,2,1,1,2,0,0,0,1,0,1,0,107.87,3986.8,1
0,0,0,0,28,1,2,0,0,2,2,0,2,1,2,1,2,49.45,1390.99,0
1,0,0,0,68,1,0,1,0,2,0,0,0,0,0,1,2,63.83,4343.04,0
1,0,0,1,38,1,2,0,2,0,0,1,1,0,2,0,2,32.19,1228.76,1
1,0,1,1,46,1,0,1,1,0,0,2,2,2,2,0,1,30.7,1412.2,0
0,0,0,0,26,0,2,0,0,0,0,0,0,0,2,1,1,19.37,498.96,0
1,0,1,1,53,1,1,0,0,2,2,0,2,0,2,0,2,35.27,1868.67,0
1,0,1,0,63,0,0,1,1,2,0,0,1,2,2,0,1,46.37,2915.61,0
0,1,0,0,63,1,0,0,2,0,0,0,2,0,1,1,1,75.06,4738.61,0
1,1,0,1,38,0,2,0,0,0,2,2,2,2,1,1,0,80.69,3071.68,0
0,0,0,0,15,1,2,0,0,0,2,1,0,0,0,0,2,73.28,1090.45,0
0,0,1,1,9,1,2,1,2,0,0,0,0,2,1,1,2,21.5,203.46,0
0,0,0,0,22,1,1,0,2,1,0,0,0,1,0,0,2,70.59,1545.98,1
0,0,1,0,70,1,0,1,0,2,0,1,1,0,2,1,2,63.59,4454.46,0
1,0,0,0,56,1,0,1,0,0,0,1,2,2,2,0,1,95.78,5361.26,0
1,1,1,0,37,0,1,0,0,0,2,0,1,2,0,1,2,109.51,4052.74,0
1,0,0,0,57,1,0,2,1,2,0,0,1,2,1,1,0,84.95,4846.44,0
1,0,0,1,60,1,0,2,0,0,1,0,1,0,1,0,0,89.75,5381.05,0
1,0,1,0,12,0,0,2,0,2,2,0,2,0,0,1,3,57.26,679.17,1
0,0,0,0,7,1,0,1,2,0,0,2,2,1,0,0,2,77.72,547.18,0
1,1,0,0,66,1,0,1,2,2,2,0,0,0,0,0,3,73.17,4819.73,0
1,1,1,1,41,1,2,1,0,1,0,1,2,0,1,0,2,116.02,4751.32,0
1,0,1,0,24,0,2,0,0,2,0,0,2,0,0,1,1,91.86,2194.81,0
0,0,1,1,25,1,2,0,0,0,2,1,2,1,0,0,1,46.06,1156.21,1
0,0,1,0,62,1,2,0,0,2,2,2,2,2,0,1,1,107.42,6667.69,0
1,0,0,0,44,1,0,1,2,2,0,2,2,0,2,1,1,72.14,3170.65,1
0,0,0,0,2,1,2,0,0,0,0,2,1,1,2,0,0,34.2,64.7,0
1,0,1,1,42,1,2,1,0,0,0,1,0,2,1,1,3,102.03,4277.21,1
1,0,1,0,33,1,0,0,2,0,0,2,0,2,1,1,3,71.23,2341.44,0
0,0,0,1,17,1,2,1,1,0,2,0,1,0,2,1,2,26.21,440.28,0
0,0,1,0,63,1,0,1,0,1,2,0,0,0,0,0,0,57.54,3632.21,0
1,0,1,1,22,1,1,0,2,2,2,0,0,2,0,1,1,67.26,1481.76,0
1,1,1,0,1,1,2,0,0,2,0,0,2,0,0,0,0,46.08,36.31,0
0,1,0,0,70,1,2,0,1,1,0,0,1,0,0,1,1,47.74,3343.99,0
1,1,0,0,54,1,0,0,0,1,0,2,0,0,0,1,1,31.34,1683.37,0
0,0,0,1,14,1,0,1,0,0,0,0,0,2,1,1,0,89.66,1253.61,0
1,0,1,0,53,1,0,2,0,2,0,2,0,2,1,1,0,23.62,1260.55,0
0,0,0,0,6,1,0,1,0,2,2,2,0,0,0,1,2,46.64,282.39,0
1,0,0,0,64,1,2,2,0,0,0,2,2,0,0,1,2,39.51,2530.88,0
1,0,0,1,33,1,2,2,0,0,1,2,0,0,0,1,1,63.33,2093.38,1
0,0,1,0,72,1,2,1,0,2,0,0,2,2,0,0,0,97.23,6993.34,0
1,0,0,0,44,1,0,0,2,0,0,1,2,2,0,0,1,48.28,2116.19,1
1,1,0,0,34,1,0,2,2,2,2,0,0,2,0,1,2,105.99,3601.11,0
0,0,1,0,34,0,0,1,1,1,0,0,0,0,0,0,0,105.4,3577.39,1
1,0,1,0,24,1,0,2,1,0,0,2,0,1,0,1,2,59.22,1411.74,0
1,0,0,0,2,1,1,1,1,1,0,1,1,2,1,0,3,101.58,199.96,1
1,0,0,1,8,1,2,1,0,0,2,1,1,1,0,1,3,48.36,386.82,1
0,1,0,0,25,1,0,2,2,0,2,1,0,2,0,1,2,44.24,1097.01,1
0,0,0,0,32,0,0,1,0,2,0,0,2,0,0,0,1,105.63,3389.6,0
0,1,0,1,56,1,1,1,0,0,1,0,0,1,0,1,2,85.99,4820.74,0
1,0,1,0,7,1,0,1,0,2,1,0,2,1,1,0,1,42.77,304.14,0
1,0,1,0,48,1,2,2,1,1,0,0,1,0,0,0,0,20.83,1007.44,0
1,0,0,1,54,0,0,1,0,2,0,2,1,2,0,1,2,93.58,5055.13,0
1,0,1,1,63,1,2,1,0,1,2,2,1,2,1,1,0,49.56,3121.04,0
0,0,1,0,2,1,2,1,1,2,2,1,0,2,0,1,1,28.05,55.79,1
1,0,0,1,35,1,2,1,1,2,2,0,0,0,0,1,1,47.24,1647.34,0
1,0,0,1,22,1,1,0,0,2,0,2,0,2,1,1,2,61.81,1357.42,1
1,0,1,0,64,1,0,0,2,0,2,1,2,0,2,0,2,40.19,2578.11,0
0,0,1,0,59,1,0,0,1,0,0,2,1,0,0,1,2,24.29,1433.15,0
1,1,1,0,49,1,2,2,2,2,0,0,2,0,0,0,0,51.75,2529.42,0
1,0,1,0,52,1,2,0,0,2,1,0,1,0,0,1,2,68.65,3577.05,0
1,0,0,0,21,1,0,1,1,0,1,2,1,2,0,1,0,98.15,2064.15,0
1,0,1,0,12,1,0,2,2,2,1,0,2,1,0,0,2,96.89,1164.65,1
1,1,0,0,11,1,0,0,0,1,0,2,0,2,2,0,0,34.39,387.68,0
0,1,0,1,54,1,0,0,0,0,1,2,1,0,0,1,3,65.4,3540.1,0
1,0,0,1,70,1,2,2,0,2,0,2,1,1,0,1,1,105.31,7364.63,0
1,0,1,0,14,1,0,1,1,2,2,2,1,0,1,1,3,23.35,331.75,0
1,0,0,0,33,1,0,0,1,2,0,1,1,0,0,1,2,67.01,2219.4,0
1,1,1,1,26,1,1,2,0,0,1,0,1,0,1,1,0,68.72,1793.95,1
1,1,1,1,14,1,1,2,2,1,0,0,1,1,1,1,2,101.61,1430.32,1
1,1,0,0,48,1,0,2,1,1,2,2,0,1,0,0,2,68.22,3280.69,0
1,0,0,1,65,1,0,0,0,1,2,1,2,1,1,1,1,28.42,1857.08,0
1,0,0,0,46,1,0,1,2,2,2,0,0,2,2,0,0,87.58,4024.13,0
1,1,1,1,55,1,2,1,0,1,2,2,2,2,1,1,2,75.36,4137.98,0
1,0,1,1,68,1,1,1,2,2,1,0,0,0,1,0,1,65.19,4424.44,0
0,0,0,0,12,1,0,0,2,1,0,2,0,1,1,0,2,47.13,572.03,0
0,0,0,0,54,1,2,0,0,2,0,2,1,0,1,0,0,25.95,1400.35,1
0,1,0,0,64,0,0,1,0,2,2,0,2,2,0,0,2,110.52,7068.44,0
0,0,0,0,47,1,0,1,0,0,1,2,0,1,2,0,3,102.86,4837.96,0
1,0,1,0,37,1,0,0,0,2,1,2,1,0,2,0,2,112.7,4159.92,0
0,0,0,0,41,1,0,1,1,0,2,0,0,0,1,0,3,112.79,4618.32,0
0,0,1,0,27,1,0,1,0,0,0,2,0,2,2,0,2,35.69,961.2,0
1,0,0,0,42,1,0,0,0,0,1,2,1,2,1,1,3,50.56,2117.76,0
0,0,0,1,68,1,0,1,0,0,0,0,2,0,0,0,2,66.25,4501.85,0
0,0,0,0,29,1,2,1,0,2,0,2,2,0,0,1,1,59.1,1707.21,0
1,0,0,0,36,1,0,1,0,2,0,1,0,2,1,0,1,115.13,4134.76,0
1,1,1,1,57,1,2,0,0,0,2,0,2,2,2,0,2,47.86,2727.95,0
1,0,0,1,12,1,2,0,2,0,2,2,0,0,1,1,1,30.42,356.45,1
0,0,1,0,45,1,2,1,0,0,0,2,1,0,0,1,1,64.94,2926.71,0
0,1,1,0,20,1,2,2,2,1,1,1,0,1,0,0,0,69.38,1378.83,1
1,0,1,1,45,1,1,0,0,0,0,0,1,1,1,1,3,59.33,2675.18,0
1,0,0,1,23,1,0,1,2,2,2,0,2,2,1,1,1,97.44,2232.35,0
0,0,1,0,62,1,2,0,0,0,0,0,2,2,2,0,1,67.9,4219.26,0
1,0,1,0,34,1,1,0,0,1,0,0,0,1,0,1,3,48.97,1662.21,0
0,0,0,1,21,1,0,0,1,0,2,2,2,2,2,0,0,67.13,1405.73,1
1,0,0,0,51,1,1,2,0,0,2,0,0,2,0,1,1,108.66,5537.77,1
1,0,1,1,9,1,0,0,2,0,0,0,1,0,0,1,1,104.85,938.48,0
0,0,1,0,10,1,0,0,1,0,2,0,0,0,0,0,1,84.1,834.54,0
1,0,0,0,52,1,0,1,0,2,0,2,2,0,2,0,1,83.66,4356.91,0
1,0,0,0,45,1,2,0,2,2,2,2,2,2,0,1,3,78.8,3545.23,1
1,0,1,0,52,1,0,0,0,0,0,1,0,0,0,0,1,41.28,2138.56,0
0,0,0,1,30,1,2,0,2,0,0,0,0,0,0,1,2,80.12,2409.98,0
1,0,0,0,64,1,1,2,0,1,0,2,2,0,1,0,2,78.58,5036.34,0
1,0,0,1,2,1,0,0,1,2,2,2,0,2,0,0,2,75.42,159.31,1
1,0,0,0,49,1,0,2,0,2,2,0,2,2,0,1,3,99.18,4850.75,1
1,0,0,0,45,1,2,0,0,2,2,0,0,0,0,1,0,22.82,1026.38,1
1,1,0,0,17,1,2,0,2,0,2,0,2,2,1,0,2,64.19,1093.32,1
1,1,1,0,28,1,0,2,0,0,2,1,2,2,2,1,3,23.63,668.49,0
0,0,0,1,45,0,1,1,1,0,2,0,2,0,1,1,0,98.23,4422.75,0
0,0,0,0,17,1,2,1,0,2,0,2,0,0,2,1,2,41.67,707.55,0
1,0,1,1,59,1,2,1,0,0,0,2,2,2,2,0,2,54.99,3249.68,0
0,1,0,0,14,0,0,0,0,0,2,1,0,0,0,0,2,51.21,716.21,0
0,0,1,1,10,1,0,1,2,0,2,1,0,2,2,1,0,112.43,1120.01,0
1,0,1,1,18,1,2,1,1,0,2,2,1,2,0,0,1,52.32,943.43,0
0,0,1,1,35,0,1,0,2,2,2,2,2,1,0,1,3,23.45,820.97,0
0,0,0,0,48,1,1,2,0,1,2,1,1,0,0,1,3,22.03,1057.2,0
0,1,0,1,58,1,0,1,1,0,2,2,2,1,1,1,2,39.99,2313.25,0
0,0,1,0,18,1,2,0,0,1,0,2,0,2,1,1,1,27.25,497.41,0
0,0,0,1,52,1,0,0,1,0,1,1,0,0,0,0,1,98.03,5088.7,0
0,0,1,1,30,1,2,2,0,2,0,1,0,2,2,1,3,86.04,2572.27,0
0,0,0,0,37,1,2,1,0,2,2,0,1,2,0,0,1,96.21,3552.57,1
0,0,0,0,40,1,0,1,1,0,0,2,2,2,2,0,3,71.76,2862.64,0
1,0,0,1,6,1,0,2,1,0,0,1,0,1,2,0,3,65.84,402.69,1
1,0,0,1,35,1,2,1,0,0,1,0,0,1,1,0,0,54.63,1917.86,0
0,0,1,0,26,1,0,1,0,2,0,2,0,0,1,1,2,100.0,2595.69,0
0,0,0,0,30,1,0,0,0,2,0,0,2,1,2,1,1,18.43,548.21,0
1,0,0,0,24,1,2,1,2,2,2,1,2,2,0,1,2,70.06,1679.55,0
0,0,1,1,55,1,2,1,2,1,0,2,0,0,1,0,1,55.81,3069.98,0
0,0,0,0,9,1,0,2,2,2,2,0,2,0,0,1,1,33.74,300.27,0
1,0,0,1,62,1,0,0,1,0,0,0,1,0,0,1,3,89.79,5575.09,1
1,1,1,0,18,1,1,0,0,0,1,1,0,2,0,1,0,45.2,804.57,1
1,0,0,0,51,0,2,0,1,0,0,0,0,2,1,0,3,60.23,3080.96,0
0,0,0,0,19,1,2,1,0,1,1,1,2,0,0,1,0,47.38,901.61,0
0,0,0,0,69,0,0,0,0,2,0,0,2,1,1,0,2,79.51,5495.09,1
1,0,1,0,33,1,2,2,2,2,0,0,2,2,0,0,0,19.34,642.13,0
1,0,1,1,38,1,2,2,0,2,0,2,0,0,0,0,3,84.15,3190.73,1
0,0,1,1,13,1,0,1,1,0,0,1,0,2,1,1,2,59.77,780.88,0
1,1,0,0,49,1,2,0,1,0,0,0,2,2,0,0,1,90.03,4420.84,0
0,0,0,0,53,1,0,1,0,0,2,0,1,2,2,1,1,102.56,5435.68,0
0,1,0,1,1,1,2,2,0,1,2,0,2,0,0,0,2,69.93,77.49,1
1,0,1,0,12,0,0,0,0,1,2,0,2,0,0,0,1,105.61,1277.12,0
1,0,1,0,24,1,2,1,2,1,0,0,0,1,2,0,0,31.65,756.37,0
0,0,0,0,1,1,0,1,0,0,0,0,2,0,0,1,2,21.72,19.97,1
1,0,0,0,68,1,1,2,0,2,0,0,2,0,2,1,3,107.24,7287.82,0
1,0,0,0,7,1,0,0,0,2,2,2,0,2,0,0,3,30.09,219.13,1
1,0,0,1,69,1,2,0,1,0,0,0,1,2,1,0,2,36.45,2517.58,0
1,0,0,0,39,1,0,1,0,0,2,0,2,0,0,0,3,30.43,1191.91,0
0,0,0,0,32,1,2,0,2,0,0,1,2,0,0,1,3,35.47,1129.02,0
0,0,0,1,49,1,0,1,1,0,0,0,1,2,2,0,3,108.61,5320.48,0
0,0,1,0,31,1,2,0,0,1,0,0,0,2,0,1,2,103.47,3210.31,1
0,0,0,0,3,1,0,1,2,0,2,0,2,0,1,0,0,44.93,139.51,0
1,0,0,1,47,1,0,1,1,2,0,0,2,2,0,1,2,89.07,4189.43,1
1,0,1,1,15,1,0,1,0,2,0,1,0,0,1,0,2,97.48,1466.39,0
0,0,1,1,51,1,0,2,0,0,1,0,2,1,0,1,3,33.82,1727.14,0
0,0,1,0,21,0,2,2,1,0,0,0,0,1,2,1,0,41.18,858.66,0
1,0,0,0,41,1,2,1,2,2,0,0,0,2,0,1,1,66.27,2717.99,0
0,0,1,0,3,1,0,1,1,2,1,0,0,2,0,1,1,82.23,254.58,1
0,0,1,0,1,1,2,1,0,1,2,0,2,2,0,1,1,60.54,52.96,1
1,0,0,0,21,1,0,0,2,0,0,0,0,2,0,1,2,96.92,2030.05,0
0,1,1,0,21,1,0,1,0,2,2,2,1,2,0,0,3,117.78,2472.19,1
1,0,0,0,49,1,0,0,1,2,1,1,2,2,0,1,3,105.16,5144.31,1
1,0,0,1,65,1,0,0,1,1,0,1,2,2,0,0,3,103.83,6746.53,0
0,0,0,0,41,1,2,1,0,1,0,1,1,0,1,1,2,38.51,1577.25,0
1,0,1,0,67,1,2,1,2,0,2,0,2,0,0,1,1,109.15,7319.49,0
0,1,1,1,42,0,0,0,2,0,0,0,1,0,0,0,3,117.84,4958.99,1
1,0,1,0,69,1,0,1,0,1,2,1,1,0,1,0,3,75.11,5176.39,0
0,0,0,0,57,1,2,2,0,2,0,0,0,2,0,1,3,94.64,5388.65,0
0,1,0,0,43,1,0,1,1,0,2,1,0,0,0,1,3,78.48,3382.87,0
0,0,1,0,12,1,0,1,0,2,2,2,2,1,1,1,0,117.95,1423.2,0
1,0,0,1,64,1,0,0,0,0,2,1,0,0,1,1,1,79.02,5066.53,0
1,0,1,0,51,1,2,2,2,0,2,0,1,2,1,1,1,65.89,3367.21,0
0,0,0,1,60,1,2,0,2,1,0,0,2,0,0,1,1,33.91,2035.53,0
1,0,0,1,71,1,2,2,2,0,2,2,0,1,0,1,3,103.07,7319.5,0
0,0,0,0,28,0,0,2,0,1,2,1,1,1,2,0,2,38.6,1079.35,0
0,0,0,0,71,1,2,1,2,0,1,2,1,2,1,0,2,86.38,6123.19,0
1,0,0,0,14,1,1,2,1,2,2,0,1,2,2,0,2,42.86,599.94,0
0,0,0,0,32,1,2,1,0,1,0,0,0,1,0,0,0,88.44,2837.66,0
1,0,0,0,8,1,0,2,1,0,2,2,2,2,1,0,3,22.88,175.22,1
0,0,0,0,27,1,0,1,0,0,1,0,0,2,0,0,0,35.86,962.4,1
1,1,0,0,50,0,2,0,0,2,0,1,0,0,2,0,3,90.56,4521.48,0
0,0,0,1,59,0,2,0,0,0,0,2,2,0,0,0,1,77.64,4571.0,0
0,0,0,1,57,1,2,1,1,2,0,0,1,1,0,0,0,74.13,4218.19,1
1,0,0,0,3,1,0,2,1,2,1,0,1,0,2,1,1,27.67,82.08,0
0,0,0,0,27,0,2,2,0,2,0,0,0,0,0,1,2,104.85,2837.05,1
0,0,1,1,34,1,2,2,0,0,0,1,2,2,1,1,3,82.01,2779.14,0
1,1,1,1,26,1,2,0,2,1,0,0,0,1,0,0,3,76.33,1983.0,0
0,0,1,1,40,1,2,1,0,0,1,1,2,0,0,1,3,114.76,4597.29,1
1,1,0,0,32,1,0,1,1,2,2,0,2,0,0,1,3,73.65,2365.31,0
0,0,1,1,41,0,0,1,2,1,2,2,0,0,0,1,1,99.41,4067.35,1
1,0,0,1,2,1,2,0,0,0,0,0,1,0,1,0,0,39.83,82.93,1
0,0,0,0,72,1,0,1,0,2,1,1,2,0,0,0,2,51.36,3701.73,0
0,0,0,0,7,1,1,1,1,2,2,0,1,2,0,1,0,84.61,601.64,1
0,0,1,0,19,0,0,1,2,1,2,2,2,0,2,1,2,81.56,1540.27,0
1,0,0,0,33,1,2,1,2,0,2,0,0,1,0,1,3,26.93,894.73,1
1,0,0,1,2,1,0,1,2,2,2,2,1,0,0,1,1,23.73,49.76,1
1,1,0,0,67,1,0,0,2,2,2,0,0,1,2,1,2,39.72,2652.66,0
1,0,1,0,15,1,0,2,0,2,1,2,0,0,0,1,1,71.9,1075.3,1
0,0,0,0,21,1,0,0,2,1,2,0,2,0,2,0,2,95.96,2016.15,0
0,0,0,0,59,1,1,1,0,1,0,1,2,1,0,1,2,57.34,3374.12,0
1,0,0,0,39,1,0,0,1,0,2,2,2,0,2,1,3,43.56,1702.95,0
1,0,0,1,20,1,2,1,2,2,1,1,0,2,2,0,1,77.65,1560.48,0
1,1,0,0,1,1,1,2,2,0,0,2,0,0,2,1,2,28.19,29.15,1
0,0,0,1,9,1,2,0,1,1,0,0,1,2,0,0,2,35.49,323.03,1
1,0,0,0,51,1,2,2,0,1,0,2,2,2,1,0,3,63.76,3254.35,0
1,0,0,0,38,1,0,0,2,1,1,2,0,2,2,0,0,115.4,4376.36,0
0,0,0,0,15,1,0,0,0,0,0,0,0,2,0,1,0,51.05,762.16,0
0,0,1,0,41,1,2,2,1,0,1,0,0,1,0,0,2,103.78,4261.81,0
1,0,1,0,47,1,0,1,2,1,2,0,2,0,0,1,3,116.38,5475.56,0
0,0,1,0,26,1,0,0,0,1,0,2,2,0,1,1,2,100.91,2620.52,1
1,0,1,0,54,1,0,2,2,2,2,0,0,1,0,1,3,62.66,3384.06,0
0,0,1,0,70,1,0,1,0,0,2,2,2,2,1,1,1,99.77,6992.49,0
1,0,1,0,39,1,0,0,1,1,0,0,2,2,0,1,1,22.76,897.24,1
1,0,0,0,17,1,0,2,2,1,1,0,1,1,0,1,1,105.1,1792.79,0
1,0,1,0,70,1,0,1,0,0,2,1,1,0,1,1,3,67.45,4717.04,0
1,0,1,0,9,1,2,0,0,0,0,0,2,0,0,1,0,63.5,563.5,1
0,0,0,0,46,1,2,2,0,0,1,2,0,0,1,1,1,91.88,4234.41,0
0,0,0,0,6,1,0,1,2,0,2,1,0,2,2,1,3,111.83,674.2,0
0,0,0,0,68,1,0,1,0,2,2,2,0,0,1,1,3,43.82,2986.48,0
0,0,0,0,16,1,2,2,0,2,0,0,2,0,0,0,0,60.82,964.66,0
1,0,1,0,29,1,0,2,2,0,2,2,0,2,2,0,3,83.65,2427.11,0
1,0,1,1,41,1,0,0,0,0,0,0,0,1,0,0,0,79.2,3254.68,0
0,0,1,0,68,1,2,2,1,0,2,0,0,2,0,0,3,41.85,2837.03,0
0,0,1,0,62,1,2,1,2,2,2,0,1,2,0,1,0,20.05,1251.73,0
0,1,1,1,40,1,2,1,0,0,0,0,2,2,0,1,1,34.63,1388.36,1
0,1,0,0,62,1,0,2,0,0,1,1,0,2,0,1,3,22.23,1375.62,0
0,0,1,0,24,0,0,1,2,1,2,2,1,1,2,0,3,24.32,587.22,0
1,0,1,0,6,0,0,0,0,0,0,0,1,2,0,0,1,42.94,261.93,0
1,0,1,0,40,1,0,1,0,0,0,2,0,1,0,0,0,91.0,3642.72,1
1,0,0,0,70,1,0,1,0,2,1,1,0,2,1,1,3,44.06,3088.73,0
0,0,1,0,58,1,0,0,0,2,0,1,1,1,0,0,1,40.88,2363.7,0
0,1,1,1,14,1,0,2,1,2,1,2,2,2,2,0,2,82.24,1152.14,0
0,0,1,0,45,1,0,2,2,1,2,0,0,2,2,0,0,74.85,3364.57,0
0,1,1,0,6,1,2,1,0,0,1,0,2,0,0,0,2,69.33,408.56,1
1,0,1,0,23,1,2,1,2,0,1,0,0,2,1,0,3,83.17,1917.01,0
1,0,0,0,62,1,2,0,2,0,1,0,1,0,0,1,2,54.13,3358.07,0
0,0,1,1,17,1,0,2,2,2,1,0,2,0,1,1,3,19.74,345.57,0
1,0,0,0,70,1,0,1,0,2,1,2,1,1,0,1,1,61.47,4309.68,0
1,0,0,0,28,0,2,0,2,2,1,2,2,1,0,0,3,55.11,1541.25,0
0,0,0,1,13,0,2,2,0,2,1,0,2,0,1,1,0,95.82,1251.25,0
0,0,1,0,29,1,2,2,2,2,0,1,1,2,0,1,2,27.32,786.0,0
0,0,1,0,45,0,0,1,0,1,1,1,2,2,1,1,1,96.75,4353.16,0
0,0,1,0,20,1,2,0,0,0,0,0,0,2,2,0,1,89.71,1792.27,0
0,0,0,0,58,1,2,0,2,0,0,1,2,2,0,1,1,51.84,3008.93,1
0,0,0,1,54,1,1,1,0,0,0,2,2,1,0,1,0,81.31,4396.83,0
1,0,1,0,64,1,0,1,2,0,1,0,0,2,0,1,3,71.18,4554.75,0
1,0,0,1,52,1,0,1,2,1,0,0,2,0,0,1,2,39.64,2068.58,0
0,0,0,0,43,1,2,2,1,1,2,0,0,1,2,0,1,109.1,4696.36,0
1,1,0,0,18,1,1,1,0,0,0,1,1,2,0,0,3,37.32,667.16,0
0,0,1,0,54,1,2,1,1,2,2,0,1,0,0,1,0,32.12,1735.14,0
0,0,0,0,60,1,1,2,2,1,0,0,1,0,2,1,2,59.44,3573.41,0
0,0,1,1,71,1,2,1,0,2,1,0,2,1,0,0,1,92.92,6602.39,0
0,1,0,0,1,1,1,2,2,0,1,1,0,2,2,1,3,40.5,46.92,0
1,0,1,0,37,1,0,2,0,0,1,0,1,0,1,0,2,105.35,3893.11,0
0,0,1,0,49,1,2,0,0,2,0,0,1,0,2,1,2,76.31,3744.79,0
1,0,0,1,35,1,2,2,2,1,2,0,2,0,1,0,0,37.36,1305.71,0
0,0,0,0,67,1,2,0,0,1,0,0,0,0,2,1,1,72.79,4886.13,0
0,0,1,0,35,0,0,2,2,1,0,0,2,0,0,1,3,41.63,1456.37,1
0,0,1,0,9,1,0,1,1,2,2,0,2,0,1,0,1,38.58,355.16,0
1,0,0,0,37,1,1,1,0,2,0,2,0,1,0,1,2,33.67,1249.05,0
0,1,0,0,60,0,0,0,0,1,1,0,0,2,2,1,3,77.38,4651.47,0
0,0,0,0,56,1,0,0,1,2,0,0,2,2,0,1,3,19.25,1079.32,0
0,0,0,0,12,1,1,0,2,0,0,2,2,2,1,1,2,114.02,1362.99,1
1,0,1,1,71,1,2,2,0,0,0,2,2,2,0,1,2,20.95,1490.49,0
1,0,0,0,71,1,0,1,2,2,0,1,2,1,2,0,2,111.73,7927.96,0
1,0,0,0,4,1,2,1,2,1,2,2,0,0,0,1,1,51.6,213.41,1
0,0,0,1,61,1,2,2,2,2,1,0,1,1,2,1,3,75.54,4599.65,0
1,0,1,1,45,1,0,0,0,0,0,0,0,1,1,1,1,68.52,3078.2,0
0,0,0,1,50,1,2,1,0,2,0,0,2,2,2,0,1,49.17,2464.17,0
1,0,0,0,50,1,0,1,2,0,0,2,2,0,0,1,2,49.59,2477.85,1
1,1,0,1,48,1,2,0,2,2,1,0,1,2,0,0,3,31.81,1520.05,1
0,0,0,1,23,1,2,2,2,0,2,0,1,1,0,1,3,52.14,1209.11,1
1,0,0,0,8,1,2,1,0,1,1,1,0,0,0,0,1,81.96,654.81,0
0,0,0,0,29,1,2,0,0,1,1,2,2,2,0,1,0,77.73,2253.73,1
0,0,1,0,43,1,0,1,0,0,1,0,1,2,0,1,3,104.13,4474.65,0
1,0,1,0,53,1,0,2,0,0,0,1,0,0,1,0,3,40.73,2150.01,0
0,0,0,0,6,1,0,0,1,1,1,2,0,2,0,0,1,34.49,201.78,0
0,0,0,0,24,1,0,1,0,0,0,1,0,0,0,0,2,99.1,2374.01,1
1,0,1,0,14,1,2,2,0,0,0,2,2,2,2,0,3,99.35,1392.32,0
1,0,0,0,52,1,2,2,2,1,1,2,1,0,0,0,2,91.47,4765.16,0
0,0,1,0,70,0,0,1,2,0,0,1,1,2,0,0,0,32.34,2256.6,0
1,0,1,1,4,1,1,0,0,2,2,0,2,0,0,1,1,108.54,443.65,1
0,0,0,0,58,1,0,1,1,0,2,0,1,2,1,1,3,58.29,3380.3,0
0,1,0,0,37,1,0,1,0,2,0,0,1,0,2,1,1,54.06,2001.88,0
1,0,1,0,48,1,1,0,2,1,1,2,1,0,2,1,1,33.05,1577.1,0
1,0,0,0,39,1,2,1,2,1,1,1,1,2,2,1,1,36.22,1419.6,0
1,1,0,0,66,1,2,1,0,1,1,2,2,1,0,0,0,28.02,1856.66,0
1,0,0,0,13,1,0,2,0,2,2,2,2,2,1,1,0,71.94,940.29,0
0,0,1,0,66,1,2,0,2,1,0,0,2,2,1,1,3,56.32,3710.03,0
0,0,0,0,60,1,2,0,0,0,0,0,2,2,2,1,1,33.44,2004.49,1
1,0,1,0,41,1,0,1,0,1,0,2,0,2,2,1,1,86.39,3551.1,0
1,0,1,0,32,1,2,1,0,0,2,0,2,2,0,1,2,51.03,1631.4,0
0,1,0,0,52,1,0,1,0,2,2,0,2,2,0,1,2,86.17,4477.81,1
0,0,0,0,5,1,0,0,0,2,2,0,2,2,0,0,2,98.63,484.86,0
0,0,1,0,67,1,2,0,2,2,0,0,2,0,0,1,0,81.29,5438.02,0
0,0,0,1,66,1,0,1,0,0,0,0,2,2,0,1,2,19.2,1265.85,0
1,1,0,0,52,1,0,2,1,2,2,1,2,0,0,1,3,46.74,2431.29,0
0,0,0,1,49,1,2,2,1,0,0,1,1,2,1,0,0,20.82,1026.68,0
0,0,0,0,29,1,2,1,2,0,2,1,1,2,1,1,0,54.16,1578.78,0
1,0,1,0,38,1,1,2,0,0,0,2,2,2,2,0,0,102.61,3897.18,0
0,0,0,0,70,1,0,1,1,2,2,0,0,0,1,1,1,99.57,6976.77,0
0,1,1,0,8,1,0,1,0,0,2,0,1,0,0,1,2,34.58,277.51,1
1,0,0,0,59,1,2,0,2,1,0,2,0,2,1,1,0,86.17,5093.48,0
1,0,1,0,55,1,0,2,1,0,2,1,0,1,0,1,0,106.43,5862.23,1
1,0,1,0,2,1,2,1,2,0,0,2,1,0,0,0,2,105.12,214.5,1
0,0,0,0,26,1,2,1,2,0,2,0,2,0,0,0,2,99.05,2569.08,1
0,0,1,1,63,1,0,0,0,0,2,2,2,2,1,0,0,42.54,2688.51,0
1,0,1,1,17,1,0,1,2,2,2,0,0,0,2,1,2,116.19,1967.57,0
1,0,0,0,59,1,0,0,2,2,2,0,0,0,1,1,2,90.48,5344.69,0
0,0,0,1,16,1,0,0,0,0,2,1,2,2,0,0,1,88.11,1409.65,0
1,1,0,0,58,1,2,2,0,0,0,0,1,1,0,0,2,110.6,6417.03,1
1,0,1,1,64,1,2,0,1,2,0,0,1,2,2,0,2,52.8,3386.63,0
1,1,1,0,50,1,0,1,0,0,0,0,2,2,1,1,1,63.43,3177.36,0
0,0,1,0,26,0,2,0,1,2,2,1,0,0,1,0,2,62.02,1603.69,1
0,0,0,0,17,1,0,2,0,0,0,2,1,0,2,0,2,29.94,506.38,0
0,0,0,1,46,1,0,1,0,0,1,0,2,0,2,0,2,47.25,2182.91,0
0,0,1,1,68,0,0,0,0,0,2,2,2,2,0,1,0,88.98,6047.76,0
0,0,1,0,50,1,0,2,0,1,2,1,1,2,0,1,2,22.2,1116.11,0
0,0,1,1,43,1,0,2,0,1,1,2,2,0,0,1,1,64.7,2786.67,1
1,0,1,0,48,1,2,2,2,1,0,2,0,2,2,1,3,90.98,4376.16,0
0,1,1,0,68,1,0,0,0,2,1,1,2,2,0,0,3,92.19,6277.92,0
0,0,0,1,19,1,2,1,0,0,0,0,1,0,0,1,2,110.26,2094.09,0
1,0,1,0,25,1,0,2,2,0,2,1,2,2,1,1,2,74.57,1858.81,0
0,0,0,0,72,1,2,2,1,1,0,0,2,1,2,1,1,39.09,2810.5,0
0,0,0,0,18,1,2,2,0,0,0,0,0,0,0,0,1,95.73,1719.03,0
1,0,1,0,51,1,0,1,0,2,0,0,2,0,1,1,2,69.08,3525.68,0
1,0,0,0,18,1,0,1,2,0,0,2,2,2,2,0,2,100.07,1798.6,0
1,0,0,0,58,1,0,2,0,2,1,2,2,2,1,0,3,40.42,2351.72,0
0,0,1,0,64,1,2,0,1,1,0,0,0,2,0,0,3,18.97,1210.12,0
1,0,0,1,71,1,2,1,2,0,0,0,2,0,1,0,0,46.46,3308.46,0
0,0,1,0,57,1,2,2,0,0,0,1,2,0,2,1,1,36.63,2091.16,0
0,0,0,0,17,1,2,0,0,2,2,2,1,0,0,1,0,90.35,1533.06,1
0,0,0,0,59,1,1,0,0,0,0,0,2,1,2,1,0,68.7,4055.02,0
0,1,0,0,67,1,0,0,0,0,1,2,1,1,0,0,2,55.82,3737.17,0
1,1,0,0,15,0,1,2,0,0,0,0,0,0,2,1,3,25.99,390.16,0
1,0,0,0,26,1,0,2,0,1,0,0,1,0,2,1,3,39.7,1032.72,0
0,0,0,0,48,1,2,1,0,0,0,2,2,1,1,0,0,111.55,5359.71,0
1,1,0,0,14,1,2,2,2,0,2,0,0,2,0,1,2,38.97,544.52,1
0,1,1,0,9,1,2,1,1,1,0,0,0,2,1,1,1,76.52,697.65,0
0,0,0,0,7,1,0,2,2,0,2,0,2,0,0,1,0,100.76,697.29,1
0,0,1,0,55,1,0,0,0,0,2,0,0,2,1,0,3,47.5,2608.92,0
1,1,1,1,12,1,2,1,2,0,0,2,2,2,0,1,0,98.82,1190.78,1
0,0,0,0,17,1,0,0,1,0,0,1,2,2,1,1,2,50.8,865.53,0
0,0,1,1,8,1,0,0,1,0,0,1,1,2,0,1,3,76.07,601.04,1
1,1,1,1,42,1,0,0,0,2,1,0,0,2,0,1,0,46.56,1961.8,1
1,0,0,0,37,1,0,1,2,0,2,0,0,2,0,1,1,76.15,2820.83,1
1,1,1,0,20,1,2,2,0,2,2,2,2,2,0,1,3,39.45,790.68,1
1,0,1,0,1,1,0,1,2,2,1,2,0,0,0,0,0,99.52,107.04,0
0,1,0,0,9,1,2,0,0,2,1,0,2,0,1,0,3,66.55,605.64,1
1,0,0,0,24,1,2,2,1,0,1,2,1,0,0,0,3,110.43,2646.64,1
0,1,0,0,34,1,0,0,0,2,2,2,2,1,0,0,3,81.56,2773.94,0
1,0,0,1,36,1,2,2,1,1,2,0,1,2,0,1,0,101.46,3659.75,1
1,0,0,0,4,1,0,2,2,0,0,2,1,2,1,1,0,103.7,406.1,1
1,0,0,0,29,1,1,1,1,0,1,2,2,1,1,1,2,71.14,2059.63,0
1,0,0,0,16,1,2,0,2,0,2,2,2,2,0,1,2,90.24,1441.61,1
1,0,0,1,8,1,0,1,2,2,1,0,1,0,0,1,0,74.1,588.25,0
1,0,0,1,39,1,0,2,1,1,2,0,0,2,0,1,2,20.53,800.84,1
0,0,1,0,58,1,0,1,0,2,2,2,2,0,0,0,0,90.43,5250.86,0
1,0,1,0,12,1,0,0,1,2,2,0,1,1,1,0,1,118.1,1416.79,0
1,0,1,0,44,1,0,2,1,0,2,2,1,0,0,0,1,105.68,4640.77,1
1,1,0,1,4,1,0,1,0,2,1,2,0,2,1,1,1,23.54,101.24,0
1,0,1,0,25,0,0,0,2,0,0,2,1,0,0,1,3,112.15,2797.85,1
0,0,0,0,70,1,2,2,0,1,2,2,0,2,1,1,2,38.44,2689.43,1
1,0,0,0,67,1,0,2,2,0,2,2,0,1,2,0,2,23.73,1580.32,0
1,0,0,0,39,1,1,1,2,2,0,1,2,2,2,0,1,19.42,756.17,0
1,0,1,1,24,1,0,0,0,1,2,1,1,1,2,1,3,60.75,1455.49,0
1,0,0,0,6,1,2,1,1,0,2,0,2,0,0,0,2,48.48,286.66,1
0,1,1,1,72,1,2,0,0,0,2,2,2,2,0,0,3,36.19,2614.43,0
1,0,0,0,33,1,2,0,0,0,2,0,0,0,0,1,1,26.94,892.59,1
0,0,0,1,48,1,2,2,1,2,1,0,2,2,0,1,0,54.15,2607.51,0
1,0,1,0,67,1,0,2,1,0,0,2,0,0,0,1,0,41.24,2762.41,0
0,0,0,0,2,0,0,1,0,0,0,0,2,1,2,1,2,82.37,165.06,0
0,0,1,0,38,1,0,1,2,1,0,0,2,0,1,1,2,56.12,2141.54,0
1,0,0,0,40,1,2,0,2,0,1,0,0,2,0,1,1,63.47,2537.96,0
1,0,1,1,56,1,0,1,0,2,2,0,0,1,0,0,2,95.29,5326.86,0
0,0,1,0,21,1,2,0,2,0,0,2,0,0,0,1,1,53.31,1122.41,1
0,0,1,0,35,1,2,0,0,0,2,0,0,2,0,1,1,34.89,1215.11,0
1,1,1,0,67,1,2,1,0,0,0,0,0,0,0,1,2,47.88,3217.03,0
0,0,0,0,60,1,2,2,0,2,2,0,0,0,1,1,1,86.53,5183.19,0
0,0,0,1,23,1,2,1,1,0,2,2,2,1,0,1,1,30.12,700.71,1
0,0,0,0,65,0,0,1,0,2,0,1,2,2,0,1,1,84.09,5458.75,0
1,0,1,0,63,1,0,0,2,0,2,0,1,2,0,0,1,91.28,5745.8,0
0,1,1,0,23,1,1,1,0,1,1,0,0,2,0,1,1,82.97,1901.35,1
0,0,0,0,42,1,0,1,1,2,2,0,2,1,0,1,0,54.76,2296.58,0
0,0,1,0,64,1,2,0,2,0,0,2,2,2,0,0,3,83.93,5363.65,0
1,1,0,1,66,1,0,0,2,0,0,0,1,0,0,1,2,101.79,6715.63,0
1,0,0,0,41,1,2,0,0,0,2,2,1,2,0,1,2,49.95,2044.15,0
0,0,1,0,20,1,2,1,0,0,1,0,1,1,0,1,0,45.26,910.04,0
1,0,0,1,9,1,2,0,0,0,0,0,0,2,0,0,2,114.44,1032.19,1
0,0,0,1,57,1,0,2,0,0,1,1,1,1,0,1,3,107.81,6148.84,0
1,0,0,0,17,1,0,2,1,1,2,1,0,0,0,1,2,45.38,771.27,0
1,0,1,1,18,1,0,0,0,0,0,0,0,0,0,0,1,35.41,644.44,0
0,0,1,1,63,1,2,1,2,2,2,2,1,0,2,0,2,60.78,3826.21,0
1,0,1,0,72,0,1,1,0,1,0,0,2,1,0,1,2,69.04,4968.93,0
1,0,1,0,72,1,1,2,0,2,0,2,1,0,0,1,0,35.17,2524.17,0
1,0,1,1,26,1,0,0,1,1,0,0,2,0,0,1,0,20.71,548.44,0
0,0,0,0,72,1,0,1,0,0,2,0,2,1,0,1,3,100.51,7235.76,0
1,0,0,0,72,1,0,1,0,0,0,0,1,0,2,1,3,111.17,8012.55,0
1,1,0,0,13,1,2,1,0,0,1,0,0,0,2,1,1,25.18,334.39,0
0,1,1,0,17,1,2,0,0,2,2,0,0,1,0,0,3,102.73,1741.6,0
1,1,0,0,26,1,2,0,2,0,0,2,0,2,2,1,2,62.71,1630.49,0
1,1,1,1,6,1,0,0,2,0,0,2,1,0,1,1,1,36.16,218.72,1
1,0,0,0,4,1,0,0,0,0,0,2,1,0,2,0,1,57.07,235.18,0
1,0,0,1,7,1,2,0,0,1,2,0,0,0,0,0,3,105.27,728.84,1
1,0,0,1,17,1,2,1,0,0,1,1,0,2,1,1,2,30.52,525.4,0
0,0,0,0,50,1,0,1,0,2,1,0,0,2,0,1,2,28.16,1400.24,1
0,0,0,1,6,1,2,1,1,2,0,1,1,1,2,1,1,115.31,690.84,1
1,0,1,0,30,1,2,0,0,1,0,2,1,0,1,0,0,47.75,1439.74,1
1,0,1,0,56,1,0,0,0,1,1,0,2,2,0,0,2,104.81,5864.03,0
1,1,1,0,39,1,0,2,1,0,1,1,0,0,2,0,0,74.68,2903.44,0
0,0,1,1,14,1,0,0,0,0,0,0,2,2,2,0,1,42.41,584.7,0
0,0,0,0,54,1,2,2,1,1,0,1,0,0,0,1,2,47.9,2580.38,0
1,1,1,0,22,1,0,2,0,2,0,0,2,0,0,1,3,59.65,1313.12,0
1,0,0,0,57,1,2,0,2,0,0,1,1,2,2,1,3,33.28,1904.82,0
0,0,1,0,41,1,2,2,1,0,0,0,0,1,0,0,1,89.6,3677.78,1
1,0,1,1,10,0,0,1,1,2,0,0,1,0,1,1,2,60.22,608.3,0
0,0,0,1,2,1,2,1,0,0,1,2,1,2,0,1,2,107.62,210.17,0
0,0,1,0,67,1,0,2,0,2,2,2,1,1,0,1,3,110.27,7385.74,0
1,0,0,1,48,1,2,1,0,2,2,1,2,2,0,0,1,110.07,5283.85,0
0,0,0,0,42,1,2,1,1,0,2,0,2,0,2,0,1,83.51,3504.77,0
1,0,1,0,11,1,2,1,1,0,1,0,0,0,0,0,3,66.1,732.15,1
1,1,0,0,12,1,0,1,2,2,0,0,1,2,0,1,2,26.73,330.17,0
1,1,1,0,14,1,1,1,0,0,0,0,2,2,2,1,1,94.18,1323.9,0
1,0,0,0,30,0,2,0,0,2,0,1,1,0,0,1,2,27.2,824.8,0
1,0,0,0,60,1,0,0,2,2,1,1,0,0,2,1,3,36.59,2204.97,0
1,1,1,0,30,1,0,2,0,0,0,0,0,2,0,0,0,102.95,3084.93,1
0,1,0,0,38,1,1,0,2,2,0,1,1,2,2,0,2,104.05,3956.22,0
0,1,1,0,65,1,0,1,1,2,2,2,1,2,0,1,3,61.94,4031.43,0
0,1,0,0,47,0,0,1,2,1,0,2,2,2,0,0,3,90.61,4261.05,1
0,0,0,0,39,1,0,0,1,2,2,2,0,0,1,1,1,40.37,1576.4,0
1,0,0,0,49,1,2,0,1,1,1,1,0,2,0,1,3,108.37,5307.5,0
0,0,0,1,58,1,0,0,2,0,0,0,0,2,0,1,1,83.98,4871.44,0
0,0,1,1,17,0,2,1,0,2,2,1,0,0,0,1,2,104.45,1772.46,0
0,0,0,1,6,1,0,2,0,0,2,2,2,0,0,1,3,57.64,340.36,0
1,0,1,1,15,1,0,1,1,1,2,2,2,1,0,1,0,22.27,331.65,1
0,0,0,0,67,1,0,1,1,0,2,0,2,0,2,0,2,118.06,7908.01,0
1,0,1,1,28,1,2,1,0,0,0,2,2,2,0,1,1,94.85,2648.69,1
0,0,0,0,44,1,2,2,1,0,1,1,2,2,1,0,1,34.98,1538.89,0
1,0,0,0,18,1,0,1,2,0,0,0,1,2,0,1,0,82.58,1489.18,0
1,0,0,1,32,1,0,0,0,2,2,0,2,2,2,0,3,113.28,3617.04,0
0,0,1,1,69,0,0,1,1,2,0,0,0,2,0,0,0,108.52,7488.5,1
1,0,0,0,44,1,2,2,2,0,1,0,1,0,0,1,2,112.72,4951.44,0
1,1,0,0,70,1,2,1,1,1,1,0,2,2,0,0,2,29.3,2058.12,0
0,0,0,0,63,1,2,2,0,2,2,0,0,2,1,0,3,104.09,6555.85,0
0,0,1,0,58,0,0,0,0,0,0,1,2,0,0,0,3,107.83,6249.0,0
0,0,0,0,47,1,0,2,0,1,0,0,2,1,1,1,3,36.42,1709.29,0
1,0,1,0,17,1,2,0,2,2,0,0,0,2,2,0,2,89.36,1522.16,0
1,0,1,1,39,0,2,0,2,0,0,0,2,2,0,1,2,87.87,3426.48,0
1,0,1,0,59,0,0,1,0,0,0,0,0,1,2,1,1,87.46,5162.2,0
0,0,1,1,7,1,0,0,1,2,0,1,2,2,0,1,1,75.8,532.52,0
1,0,1,0,63,0,2,1,0,0,2,1,1,2,0,0,2,42.18,2661.25,0
1,0,1,0,57,1,1,2,0,2,0,2,2,2,0,0,2,29.06,1665.06,0
1,1,1,0,34,1,0,2,0,2,1,2,2,1,2,1,2,42.95,1463.36,0
1,0,0,1,53,1,0,1,2,0,2,2,0,2,0,0,1,110.14,5830.72,0
1,0,0,0,66,1,0,1,1,0,0,0,2,1,0,1,2,40.93,2700.51,0
1,0,1,0,48,1,0,2,2,1,2,0,2,0,1,0,1,61.64,2952.53,0
1,0,0,0,60,1,2,1,0,1,0,0,2,1,2,0,2,62.56,3746.33,0
0,0,0,1,43,1,0,2,0,1,1,1,1,0,0,1,3,111.15,4784.34,0
0,0,0,0,4,1,0,2,0,2,0,1,0,0,0,1,1,29.81,112.35,0
0,0,1,0,52,1,2,0,0,2,0,0,2,2,0,0,2,66.34,3455.3,0
1,0,1,0,32,1,2,0,1,2,0,0,1,2,0,0,2,99.6,3187.65,0
1,0,0,0,51,0,2,1,0,0,2,0,0,2,0,0,0,24.46,1245.94,0
0,0,1,0,10,1,2,2,0,2,0,0,2,2,0,1,1,93.19,939.37,1
1,1,1,1,12,1,2,2,1,0,0,2,1,0,0,0,0,27.7,340.4,1
0,0,1,1,39,1,2,1,2,0,1,2,2,0,0,1,0,63.71,2479.0,0
1,0,1,0,68,0,2,0,0,2,0,1,0,2,1,0,3,34.13,2326.84,0
1,0,0,0,10,1,2,0,1,0,0,0,1,0,2,0,1,57.43,576.42,0
0,0,1,1,10,0,2,2,1,2,1,0,2,2,0,1,2,22.0,219.93,1
0,0,0,0,23,1,2,1,0,0,1,1,2,2,0,0,2,102.89,2361.23,0
0,0,0,0,13,1,2,1,2,2,0,2,0,1,0,1,1,31.7,418.15,0
0,0,0,1,48,1,2,2,0,1,0,0,0,2,2,1,2,37.09,1787.95,0
0,0,1,0,44,1,2,2,1,1,1,2,1,2,2,1,2,64.3,2833.8,0
1,1,1,1,64,1,0,1,0,2,2,0,2,2,0,1,1,20.21,1288.96,0
1,0,0,1,40,1,2,1,0,1,2,2,0,1,0,0,0,110.82,4424.22,1
1,0,1,0,6,1,0,1,0,0,2,0,1,2,0,1,0,59.81,358.44,1
0,0,0,0,72,1,0,1,0,0,2,0,0,0,2,1,0,71.49,5142.65,0
0,0,1,1,43,1,2,1,1,0,0,0,0,1,0,1,0,105.63,4538.94,0
0,0,0,0,32,1,0,0,0,0,1,1,1,1,1,0,0,76.14,2433.08,0
0,0,0,1,49,1,0,2,2,2,2,0,0,0,1,0,2,26.26,1280.96,0
0,0,0,1,19,1,0,2,0,2,1,2,1,0,0,1,1,98.96,1889.93,1
0,1,0,1,52,1,1,2,0,0,0,1,2,1,0,1,2,110.3,5742.71,1
1,1,1,1,52,1,1,1,0,0,0,0,0,2,2,0,3,99.48,5164.61,0
1,0,1,1,34,1,2,1,2,0,0,0,2,0,0,1,3,37.36,1277.01,1
1,0,1,0,59,1,2,0,0,1,0,0,1,0,2,0,1,66.6,3919.9,0
1,0,1,0,5,1,0,0,1,2,2,0,0,0,0,0,3,48.35,248.4,1
1,0,0,1,66,1,2,1,0,1,2,0,0,2,2,1,3,78.35,5164.99,0
0,0,1,1,41,1,2,1,1,1,1,2,0,1,1,1,1,102.39,4197.37,0
0,1,1,1,34,1,0,0,0,2,2,1,2,1,0,1,1,58.47,1984.35,0
0,0,0,0,54,1,2,1,0,0,2,0,2,2,1,1,1,77.78,4201.68,0
0,1,1,0,20,1,0,1,2,0,0,0,0,0,0,0,2,19.28,384.53,0
0,0,0,1,54,1,2,0,0,0,1,0,2,2,0,0,2,53.5,2879.71,0
0,1,1,0,66,0,0,0,0,0,0,2,0,1,2,0,0,80.66,5328.58,0
1,0,1,0,18,1,2,1,1,2,0,2,1,0,0,0,0,117.8,2120.03,0
0,0,0,1,44,1,1,1,2,0,0,0,0,2,0,1,3,46.21,2027.44,0
0,0,0,0,48,1,0,1,2,0,1,2,0,0,1,1,0,35.81,1720.79,0
0,0,1,0,35,1,0,1,2,0,2,0,1,1,1,0,2,108.27,3783.12,0
0,0,1,1,39,1,2,0,0,0,2,1,2,0,0,0,1,74.8,2918.07,0
1,0,1,0,3,0,0,0,1,1,2,1,0,2,2,1,3,118.32,353.56,1
1,0,1,0,19,1,0,0,2,0,2,0,2,2,1,0,0,43.79,832.7,0
0,0,1,0,18,1,0,0,0,2,2,1,0,2,0,1,3,37.92,684.03,1
1,1,0,0,5,1,0,2,2,2,0,2,0,2,0,1,3,54.0,260.83,1
1,1,1,0,55,1,2,0,0,0,1,0,1,0,0,1,1,76.33,4200.9,0
0,0,1,0,13,1,0,0,2,0,0,2,0,2,0,1,2,25.93,333.08,1
0,0,0,0,34,0,2,0,0,0,2,2,2,2,1,1,1,57.33,1946.01,0
0,0,1,0,18,1,0,1,0,0,0,0,2,0,0,1,3,24.85,452.77,1
0,0,1,1,68,1,1,0,2,1,0,2,0,0,1,0,0,84.36,5730.11,1
0,0,0,0,72,1,0,0,0,2,1,2,1,2,2,1,2,52.83,3800.53,0
1,0,1,0,43,0,2,0,0,0,1,0,2,1,2,0,3,115.8,4970.76,0
0,0,0,0,65,1,2,2,0,0,0,2,2,0,0,0,1,28.62,1869.61,0
0,1,1,0,41,1,0,2,0,1,0,2,1,2,1,1,2,108.13,4427.87,0
0,0,1,0,38,1,2,1,0,1,0,2,1,1,2,1,3,20.89,801.35,0
1,0,1,1,38,1,2,0,0,2,1,2,0,0,0,0,0,84.07,3196.71,0
0,0,1,0,13,1,0,0,1,0,2,1,2,2,0,0,2,113.52,1474.35,1
0,0,1,0,22,0,0,1,1,2,2,0,2,2,0,0,3,89.34,1967.1,1
0,0,1,0,29,1,0,0,0,2,0,2,1,0,0,1,1,21.33,619.92,1
1,0,0,0,9,1,1,1,1,2,0,2,0,1,0,1,0,84.3,760.64,1
0,0,0,0,68,1,0,1,1,1,2,2,2,2,2,0,3,47.24,3209.09,1
0,0,1,0,17,1,2,1,2,2,0,2,2,0,1,1,0,91.57,1564.39,0
0,0,0,0,37,1,0,1,1,2,2,0,0,2,0,1,2,63.68,2361.76,0
1,0,0,1,64,1,0,1,2,0,0,1,2,0,0,0,1,80.4,5155.16,0
0,0,0,1,67,1,0,1,2,0,0,0,0,1,2,0,1,20.63,1388.89,0
0,0,1,0,4,1,0,1,1,0,0,1,1,2,0,1,2,46.42,182.93,1
0,0,0,0,40,1,0,1,2,2,0,1,1,2,0,0,2,48.59,1939.96,0
1,1,1,0,16,1,2,1,0,0,1,0,0,2,2,1,2,63.24,1011.17,0
0,0,1,1,11,1,1,1,1,2,2,0,2,2,0,0,2,106.75,1165.45,0
0,1,0,0,26,1,2,2,2,1,0,0,2,2,0,0,0,55.35,1436.97,1
0,0,0,1,72,1,0,1,2,1,0,2,2,0,0,1,3,88.96,6395.78,0
1,0,0,0,65,1,2,1,0,2,2,1,2,2,0,0,2,54.11,3510.59,1
1,0,0,0,2,1,0,2,0,0,2,1,2,0,1,0,3,38.45,73.18,0
0,0,1,1,45,1,2,1,1,1,2,0,2,2,0,1,0,64.77,2917.52,0
1,0,0,1,43,1,2,2,1,2,0,0,0,2,0,1,2,42.74,1847.3,0
1,0,1,1,3,1,0,1,2,0,2,0,0,2,0,0,2,23.55,63.88,1
1,0,1,1,34,1,2,1,0,2,2,0,2,2,0,1,3,39.78,1344.5,0
0,0,0,0,65,1,0,1,0,2,0,2,2,2,2,0,0,26.55,1734.25,0
0,0,1,1,64,0,0,0,0,1,0,0,0,0,0,1,2,23.02,1473.22,0
1,0,0,0,7,1,2,1,0,0,2,2,2,1,2,1,2,92.48,649.6,0
1,0,1,0,35,1,0,0,0,1,1,0,2,0,0,1,1,88.11,3074.26,0
1,0,0,0,22,1,0,1,0,0,2,0,0,2,0,1,2,33.68,737.49,1
