customerID,gender,SeniorCitizen,Partner,Dependents,tenure,PhoneService,MultipleLines,InternetService,OnlineSecurity,OnlineBackup,DeviceProtection,TechSupport,StreamingTV,StreamingMovies,Contract,PaperlessBilling,PaymentMethod,MonthlyCharges,TotalCharges,Churn
0001-TELCO,Male,0,Yes,Yes,67,Yes,No phone service,DSL,No,No internet service,Yes,Yes,No,No,Month-to-month,Yes,Bank transfer (automatic),30.21,2014.88,No
0002-TELCO,Female,0,Yes,Yes,41,Yes,No,Fiber optic,No,No internet service,No,No,Yes,No,Month-to-month,No,Electronic check,109.34,4473.42,No
0003-TELCO,Male,1,No,No,46,Yes,No,No,Yes,Yes,No internet service,Yes,No internet service,No,Month-to-month,Yes,Bank transfer (automatic),56.79,2616.97,Yes
0004-TELCO,Male,0,Yes,Yes,55,Yes,No,DSL,No,Yes,Yes,Yes,No,Yes,Month-to-month,Yes,Electronic check,60.21,3310.02,No
0005-TELCO,Male,1,No,No,11,Yes,No,Fiber optic,Yes,No,Yes,No,No,No,Month-to-month,Yes,Credit card (automatic),115.57,1269.86,No
0006-TELCO,Female,0,Yes,No,26,Yes,Yes,Fiber optic,No internet service,No internet service,Yes,No internet service,No,Yes,Two year,Yes,Mailed check,89.11,2308.13,No
0007-TELCO,Male,1,Yes,No,72,Yes,No,DSL,No internet service,No internet service,Yes,No,No,No,Month-to-month,No,Credit card (automatic),109.84,7914.51,No
0008-TELCO,Male,0,No,No,13,Yes,No,Fiber optic,No internet service,No,Yes,No,No internet service,No,Month-to-month,Yes,Mailed check,48.81,630.37,Yes
0009-TELCO,Male,1,No,Yes,36,Yes,Yes,Fiber optic,Yes,Yes,No internet service,No internet service,No,No,Month-to-month,Yes,Mailed check,79.19,2849.24,No
0010-TELCO,Female,0,Yes,No,64,Yes,Yes,Fiber optic,Yes,Yes,Yes,Yes,No,Yes,One year,Yes,Electronic check,65.01,4159.48,No
0011-TELCO,Male,0,Yes,Yes,51,Yes,No phone service,No,No internet service,No,No internet service,No,No,Yes,Month-to-month,No,Electronic check,118.65,6058.79,No
0012-TELCO,Male,0,No,No,22,Yes,Yes,DSL,Yes,No internet service,No,Yes,Yes,Yes,One year,Yes,Mailed check,67.02,1481.1,No
0013-TELCO,Male,1,Yes,Yes,60,Yes,No,DSL,No,Yes,No,No,Yes,No,Month-to-month,Yes,Electronic check,87.33,5236.37,No
0014-TELCO,Male,0,Yes,No,2,Yes,No,No,No internet service,No internet service,No,No,No,No,Month-to-month,Yes,Electronic check,38.5,68.47,Yes
0015-TELCO,Female,1,No,No,56,Yes,No,Fiber optic,No,Yes,No,No,Yes,Yes,One year,Yes,Electronic check,32.36,1813.3,No
0016-TELCO,Male,1,No,No,40,Yes,No phone service,No,No,No,No,No,Yes,No,One year,Yes,Mailed check,28.19,1123.08,No
0017-TELCO,Female,0,No,No,28,Yes,No,Fiber optic,Yes,No,No,No internet service,No,No,One year,No,Electronic check,75.77,2117.74,No
0018-TELCO,Female,0,No,No,3,No,No,Fiber optic,No internet service,No,No,Yes,No,Yes,Month-to-month,Yes,Credit card (automatic),106.06,325.83,Yes
0019-TELCO,Female,0,No,No,63,Yes,No,Fiber optic,No,No,Yes,No,No,Yes,Month-to-month,No,Electronic check,106.07,6687.14,No
0020-TELCO,Male,0,No,No,23,No,Yes,DSL,Yes,No internet service,No,Yes,Yes,No internet service,Month-to-month,No,Electronic check,25.23,578.09,Yes
0021-TELCO,Female,0,No,No,55,Yes,Yes,Fiber optic,No,Yes,No,No,Yes,No,Month-to-month,Yes,Credit card (automatic),98.09,5397.9,No
0022-TELCO,Male,0,No,No,32,Yes,Yes,Fiber optic,Yes,No,Yes,Yes,Yes,Yes,One year,Yes,Electronic check,106.69,3407.91,Yes
0023-TELCO,Female,0,No,No,28,Yes,Yes,No,No,No internet service,No,No internet service,No internet service,No,Month-to-month,Yes,Credit card (automatic),99.38,2785.99,No
0024-TELCO,Female,0,Yes,No,8,Yes,Yes,Fiber optic,No,Yes,No,No,Yes,No internet service,Month-to-month,No,Credit card (automatic),20.7,156.85,Yes
0025-TELCO,Female,0,Yes,Yes,3,Yes,Yes,DSL,Yes,No,No,No,Yes,Yes,Month-to-month,Yes,Credit card (automatic),89.17,270.64,Yes
0026-TELCO,Female,0,No,No,53,Yes,Yes,Fiber optic,Yes,No internet service,Yes,No internet service,Yes,No,Month-to-month,Yes,Mailed check,55.56,2952.41,Yes
0027-TELCO,Female,1,No,No,29,Yes,No,DSL,Yes,No internet service,No,No,No internet service,Yes,One year,Yes,Bank transfer (automatic),91.4,2652.21,No
0028-TELCO,Female,0,Yes,No,59,Yes,No,Fiber optic,Yes,No internet service,No,No internet service,No,Yes,Month-to-month,No,Mailed check,64.37,3794.64,No
0029-TELCO,Female,1,No,No,24,Yes,No,Fiber optic,No,Yes,No,No,Yes,No,Two year,Yes,Credit card (automatic),85.58,2055.09,Yes
0030-TELCO,Female,0,Yes,No,38,Yes,No,Fiber optic,No internet service,No internet service,No,Yes,Yes,No,Month-to-month,Yes,Bank transfer (automatic),45.77,1735.88,No
0031-TELCO,Male,0,No,No,28,Yes,No,No,Yes,No internet service,No internet service,No,No internet service,No internet service,Month-to-month,Yes,Bank transfer (automatic),32.93,917.87,No
0032-TELCO,Male,0,No,No,62,Yes,No,No,Yes,No,No internet service,No internet service,Yes,No internet service,Month-to-month,Yes,Mailed check,110.88,6864.66,No
0033-TELCO,Female,0,No,No,51,Yes,Yes,No,No,Yes,No internet service,Yes,No,Yes,Month-to-month,No,Electronic check,90.49,4610.02,Yes
0034-TELCO,Female,0,Yes,No,7,Yes,No,DSL,No,No,Yes,No internet service,No,No,One year,Yes,Mailed check,113.08,799.44,Yes
0035-TELCO,Female,0,No,No,23,No,No,Fiber optic,No,No,No,Yes,No,No,Two year,No,Electronic check,99.37,2279.09,No
0036-TELCO,Male,0,Yes,No,46,Yes,No phone service,No,No internet service,No internet service,Yes,No,No internet service,Yes,Month-to-month,Yes,Mailed check,41.27,1901.09,No
0037-TELCO,Female,0,Yes,Yes,28,Yes,Yes,Fiber optic,No,No,No,Yes,Yes,Yes,Month-to-month,No,Mailed check,88.67,2485.03,Yes
0038-TELCO,Male,0,Yes,No,24,Yes,No,DSL,Yes,Yes,No,No,No internet service,Yes,Two year,Yes,Bank transfer (automatic),74.55,1783.71,No
0039-TELCO,Male,0,No,No,7,Yes,No,No,Yes,No,No,No,No,Yes,One year,Yes,Bank transfer (automatic),46.06,327.85,Yes
0040-TELCO,Male,0,Yes,No,49,Yes,Yes,No,No,No,No,Yes,No internet service,No,Month-to-month,Yes,Mailed check,105.29,5158.0,No
0041-TELCO,Male,0,Yes,No,3,Yes,Yes,Fiber optic,No internet service,No,No internet service,No,Yes,No,Month-to-month,Yes,Electronic check,96.6,295.74,Yes
0042-TELCO,Male,0,No,No,2,No,Yes,DSL,No,No,No,No,Yes,Yes,Two year,No,Bank transfer (automatic),31.16,52.57,No
0043-TELCO,Female,0,No,No,7,Yes,Yes,DSL,Yes,No,No internet service,No internet service,Yes,Yes,One year,Yes,Bank transfer (automatic),75.53,521.69,Yes
0044-TELCO,Female,0,No,No,21,Yes,No,Fiber optic,No internet service,Yes,No internet service,Yes,No,Yes,One year,No,Credit card (automatic),95.47,2002.38,Yes
0045-TELCO,Female,1,No,No,9,No,Yes,Fiber optic,No internet service,Yes,No,Yes,Yes,No,Two year,Yes,Electronic check,34.45,309.55,No
0046-TELCO,Female,0,Yes,No,12,Yes,No,Fiber optic,No internet service,No,No,Yes,No internet service,Yes,Month-to-month,Yes,Mailed check,117.93,1416.09,Yes
0047-TELCO,Female,0,No,No,24,Yes,Yes,DSL,Yes,Yes,Yes,Yes,No,No,Month-to-month,No,Mailed check,79.02,1902.25,Yes
0048-TELCO,Male,0,No,No,33,Yes,No phone service,DSL,Yes,No,Yes,No,No internet service,Yes,Month-to-month,Yes,Bank transfer (automatic),104.86,3468.44,No
0049-TELCO,Female,0,Yes,No,43,Yes,No,Fiber optic,Yes,No,No,No internet service,No,No,Month-to-month,Yes,Mailed check,73.15,3141.79,No
0050-TELCO,Female,0,Yes,No,5,Yes,No,DSL,No,No,No,No,No,No,Month-to-month,No,Credit card (automatic),49.29,254.19,Yes
0051-TELCO,Male,0,Yes,No,71,Yes,No phone service,Fiber optic,No,No internet service,Yes,Yes,Yes,No internet service,Month-to-month,No,Electronic check,102.22,7252.95,No
0052-TELCO,Female,0,Yes,Yes,14,Yes,No,Fiber optic,No internet service,Yes,No internet service,No,No internet service,No,Month-to-month,No,Electronic check,63.21,876.37,Yes
0053-TELCO,Male,0,No,No,36,Yes,No,Fiber optic,Yes,Yes,No,Yes,No,No internet service,Two year,Yes,Electronic check,76.81,2766.76,No
0054-TELCO,Female,0,No,No,35,Yes,Yes,Fiber optic,No,Yes,No,Yes,No,No,Month-to-month,Yes,Mailed check,76.11,2667.17,Yes
0055-TELCO,Male,0,No,No,50,Yes,No,DSL,No internet service,No internet service,No,No,No internet service,No,One year,Yes,Bank transfer (automatic),24.18,1204.91,No
0056-TELCO,Female,0,No,Yes,11,Yes,No,No,Yes,No,Yes,Yes,No internet service,No internet service,One year,No,Mailed check,52.35,569.24,No
0057-TELCO,Female,0,Yes,No,24,Yes,Yes,No,Yes,Yes,Yes,No,Yes,Yes,Month-to-month,No,Bank transfer (automatic),51.77,1234.42,No
0058-TELCO,Male,0,No,Yes,44,No,Yes,Fiber optic,No,Yes,Yes,Yes,No internet service,No internet service,Month-to-month,Yes,Credit card (automatic),22.64,994.98,Yes
0059-TELCO,Male,0,Yes,No,51,Yes,No phone service,No,No,No internet service,No internet service,No internet service,Yes,Yes,Month-to-month,No,Mailed check,28.77,1465.45,No
0060-TELCO,Male,0,No,No,17,Yes,No,DSL,No internet service,No,No,No,No,No,Two year,No,Credit card (automatic),75.64,1281.58,No
0061-TELCO,Male,0,Yes,No,70,No,Yes,Fiber optic,No internet service,No,Yes,No,Yes,No,One year,No,Electronic check,50.62,3537.82,No
0062-TELCO,Male,0,No,No,8,Yes,No phone service,DSL,No internet service,No internet service,Yes,Yes,No internet service,Yes,Month-to-month,Yes,Electronic check,68.68,540.22,No
0063-TELCO,Male,0,Yes,No,28,No,No,Fiber optic,No,No internet service,No,Yes,No,No internet service,Month-to-month,Yes,Credit card (automatic),66.84,1875.3,Yes
0064-TELCO,Male,0,Yes,Yes,12,Yes,No,Fiber optic,Yes,Yes,No,No,No internet service,No internet service,Month-to-month,No,Electronic check,84.0,1005.82,Yes
0065-TELCO,Male,0,Yes,No,43,Yes,Yes,Fiber optic,No internet service,No,No,No internet service,No internet service,No,Month-to-month,Yes,Credit card (automatic),103.64,4450.84,Yes
0066-TELCO,Female,0,No,No,37,Yes,No,DSL,No internet service,No,Yes,No,No internet service,Yes,Month-to-month,No,Credit card (automatic),41.05,1519.17,Yes
0067-TELCO,Female,0,No,No,63,Yes,No,DSL,No,No internet service,No internet service,No internet service,No internet service,No,Two year,Yes,Bank transfer (automatic),54.59,3446.78,No
0068-TELCO,Male,0,Yes,No,63,Yes,Yes,Fiber optic,No,Yes,No,Yes,No internet service,Yes,One year,Yes,Electronic check,74.25,4672.4,No
0069-TELCO,Female,0,No,No,10,Yes,No,DSL,No,No,Yes,Yes,Yes,No internet service,Month-to-month,Yes,Mailed check,92.77,929.97,No
0070-TELCO,Female,1,No,No,37,Yes,No,Fiber optic,No internet service,No,No,Yes,Yes,No,One year,No,Electronic check,56.79,2109.59,No
0071-TELCO,Female,0,No,No,11,Yes,No phone service,Fiber optic,Yes,No internet service,Yes,No,No,No,Two year,Yes,Mailed check,44.9,491.52,No
0072-TELCO,Female,0,No,No,19,Yes,Yes,DSL,No,No internet service,No,No internet service,Yes,No,Two year,No,Electronic check,86.12,1645.25,No
0073-TELCO,Male,1,Yes,No,52,Yes,Yes,DSL,No internet service,No,No,No,No internet service,Yes,Month-to-month,Yes,Electronic check,84.97,4408.69,Yes
0074-TELCO,Female,1,Yes,Yes,18,Yes,Yes,DSL,No internet service,No,No,No,No internet service,No,Month-to-month,No,Bank transfer (automatic),94.32,1690.14,No
0075-TELCO,Male,1,No,No,32,No,No phone service,Fiber optic,No,No internet service,No internet service,No internet service,Yes,No,Month-to-month,Yes,Credit card (automatic),68.25,2184.66,No
0076-TELCO,Female,0,No,No,23,Yes,No phone service,No,No internet service,No,No,No,Yes,Yes,One year,No,Credit card (automatic),25.83,594.06,No
0077-TELCO,Female,0,No,Yes,12,Yes,No,DSL,Yes,No internet service,No internet service,No,No,No internet service,Month-to-month,No,Mailed check,77.4,938.45,No
0078-TELCO,Female,0,No,Yes,58,Yes,No,No,Yes,No internet service,No,Yes,No,Yes,Two year,No,Mailed check,49.83,2883.0,No
0079-TELCO,Male,0,Yes,Yes,21,Yes,Yes,No,No,No internet service,Yes,No,No,No,Two year,No,Credit card (automatic),118.54,2499.15,No
0080-TELCO,Female,0,No,No,21,Yes,Yes,DSL,Yes,Yes,Yes,No,Yes,Yes,Month-to-month,Yes,Electronic check,76.68,1617.32,Yes
0081-TELCO,Male,0,Yes,No,29,Yes,Yes,No,No,Yes,No internet service,No internet service,Yes,Yes,Month-to-month,Yes,Electronic check,62.69,1812.47,Yes
0082-TELCO,Female,0,No,No,47,Yes,No,Fiber optic,Yes,No,No,No,No,No,Month-to-month,No,Electronic check,94.83,4454.36,No
0083-TELCO,Male,0,Yes,Yes,12,Yes,No,No,No,No,Yes,Yes,No,Yes,Month-to-month,Yes,Mailed check,116.55,1390.99,Yes
0084-TELCO,Female,1,No,No,58,Yes,Yes,Fiber optic,No,Yes,No internet service,Yes,Yes,Yes,Two year,No,Mailed check,67.84,3942.89,No
0085-TELCO,Male,0,No,No,41,Yes,No,DSL,No,Yes,No internet service,No,Yes,No internet service,One year,No,Bank transfer (automatic),51.55,2111.26,No
0086-TELCO,Male,0,Yes,Yes,19,Yes,Yes,No,No,No,No internet service,No internet service,No,No,One year,No,Bank transfer (automatic),66.64,1256.94,No
0087-TELCO,Female,0,Yes,No,12,Yes,No,DSL,Yes,No internet service,No,No,No,Yes,Month-to-month,No,Bank transfer (automatic),87.98,1057.31,No
0088-TELCO,Male,0,No,No,23,Yes,Yes,No,Yes,No,Yes,Yes,No internet service,No internet service,Two year,No,Credit card (automatic),85.91,1971.09,No
0089-TELCO,Female,0,No,No,5,Yes,Yes,DSL,Yes,Yes,Yes,Yes,No,No internet service,Month-to-month,Yes,Bank transfer (automatic),93.12,463.29,No
0090-TELCO,Female,0,Yes,No,26,Yes,No,Fiber optic,Yes,Yes,No,No internet service,No internet service,Yes,Two year,Yes,Electronic check,80.59,2094.73,No
0091-TELCO,Female,1,No,Yes,63,Yes,No,Fiber optic,Yes,Yes,No,Yes,Yes,No internet service,Month-to-month,No,Mailed check,114.16,7183.6,No
0092-TELCO,Female,0,No,No,52,Yes,No phone service,No,No,No internet service,Yes,Yes,No,No,Month-to-month,No,Bank transfer (automatic),54.92,2855.62,No
0093-TELCO,Female,0,Yes,Yes,10,Yes,Yes,DSL,Yes,No internet service,No,No,No,No internet service,One year,Yes,Mailed check,18.38,179.57,Yes
0094-TELCO,Female,0,Yes,Yes,39,Yes,No,Fiber optic,No,No,No,Yes,No,No internet service,Month-to-month,Yes,Bank transfer (automatic),33.27,1301.77,No
0095-TELCO,Female,0,No,No,23,Yes,No phone service,Fiber optic,Yes,No,No,Yes,Yes,No,Two year,Yes,Electronic check,22.67,516.53,No
0096-TELCO,Female,0,No,No,11,Yes,Yes,No,No internet service,No internet service,No,Yes,Yes,Yes,Two year,No,Electronic check,33.53,377.71,No
0097-TELCO,Female,0,No,Yes,72,Yes,Yes,DSL,Yes,Yes,Yes,No internet service,No,No internet service,Month-to-month,Yes,Mailed check,39.84,2873.33,No
0098-TELCO,Female,0,No,Yes,48,Yes,Yes,Fiber optic,No,No,No,Yes,No,No,Month-to-month,Yes,Electronic check,45.57,2179.75,No
0099-TELCO,Female,0,Yes,No,16,Yes,No,Fiber optic,No,No,No internet service,No internet service,Yes,Yes,Month-to-month,No,Mailed check,20.72,324.32,No
0100-TELCO,Male,0,Yes,No,46,Yes,No,DSL,No,No internet service,Yes,No,Yes,No,One year,Yes,Mailed check,46.58,2139.87,No
0101-TELCO,Male,0,Yes,No,47,Yes,Yes,No,No,No,No internet service,No internet service,No internet service,No,Month-to-month,Yes,Electronic check,33.2,1550.95,No
0102-TELCO,Female,0,Yes,No,48,Yes,No,DSL,No,No,Yes,No internet service,No internet service,No internet service,One year,Yes,Electronic check,26.89,1281.7,No
0103-TELCO,Female,0,No,Yes,69,Yes,Yes,Fiber optic,No,No internet service,No,No,Yes,No internet service,Month-to-month,Yes,Electronic check,76.67,5294.6,No
0104-TELCO,Female,0,No,No,25,Yes,Yes,Fiber optic,No,No,No,No,No internet service,Yes,Two year,No,Mailed check,37.64,937.55,Yes
0105-TELCO,Female,0,Yes,Yes,37,Yes,No,DSL,Yes,No internet service,Yes,Yes,No,Yes,Two year,Yes,Mailed check,26.43,971.98,No
0106-TELCO,Female,0,Yes,No,63,Yes,No phone service,Fiber optic,No,No,No,No,No,Yes,Month-to-month,Yes,Electronic check,36.28,2283.0,No
0107-TELCO,Female,0,No,Yes,29,Yes,No phone service,No,No internet service,Yes,No,No,Yes,No,Two year,No,Credit card (automatic),105.47,3068.28,No
0108-TELCO,Female,0,No,No,58,Yes,No,Fiber optic,No,Yes,No,No internet service,No,No internet service,Month-to-month,Yes,Bank transfer (automatic),71.46,4152.73,No
0109-TELCO,Female,1,No,No,31,No,No,DSL,No,No internet service,No internet service,No,No internet service,No,Two year,Yes,Bank transfer (automatic),71.97,2226.16,No
0110-TELCO,Male,1,No,No,68,Yes,Yes,DSL,Yes,Yes,No internet service,Yes,Yes,No,One year,No,Electronic check,45.61,3093.01,No
0111-TELCO,Female,0,No,Yes,41,Yes,No,Fiber optic,No internet service,No,No internet service,No,No,Yes,Month-to-month,No,Electronic check,70.12,2871.48,No
0112-TELCO,Male,0,No,No,50,No,No,DSL,Yes,No,No,No internet service,No internet service,No,Two year,No,Mailed check,92.22,4601.18,No
0113-TELCO,Female,0,Yes,No,44,Yes,No,No,Yes,No,No,Yes,No internet service,Yes,One year,Yes,Bank transfer (automatic),78.2,3435.23,No
0114-TELCO,Female,0,Yes,No,9,Yes,No,Fiber optic,No,No,Yes,No,Yes,Yes,Two year,Yes,Credit card (automatic),72.23,652.56,No
0115-TELCO,Male,0,Yes,No,59,Yes,No phone service,Fiber optic,No,Yes,Yes,No,No internet service,No,Two year,No,Mailed check,54.79,3224.41,Yes
0116-TELCO,Female,0,No,No,27,Yes,No,Fiber optic,No internet service,Yes,Yes,Yes,Yes,Yes,One year,Yes,Bank transfer (automatic),81.62,2197.18,Yes
0117-TELCO,Male,0,No,No,59,Yes,No,Fiber optic,Yes,Yes,No,No,No,No internet service,Month-to-month,No,Bank transfer (automatic),104.39,6157.64,No
0118-TELCO,Female,1,No,No,3,Yes,No phone service,No,No,Yes,No,No internet service,No internet service,No internet service,Month-to-month,Yes,Electronic check,37.41,116.53,Yes
0119-TELCO,Female,0,Yes,No,7,Yes,No,Fiber optic,Yes,Yes,Yes,No internet service,No,No internet service,Month-to-month,Yes,Credit card (automatic),101.08,708.11,Yes
0120-TELCO,Male,0,Yes,Yes,16,Yes,Yes,DSL,No,No,No internet service,No,Yes,No,Month-to-month,No,Credit card (automatic),66.9,1075.06,Yes
0121-TELCO,Female,0,Yes,Yes,49,Yes,No,Fiber optic,No,Yes,No,No,No,No internet service,Month-to-month,No,Bank transfer (automatic),116.67,5708.68,No
0122-TELCO,Male,0,Yes,No,32,Yes,No,Fiber optic,No,Yes,Yes,No,Yes,No internet service,Month-to-month,Yes,Mailed check,44.58,1419.79,No
0123-TELCO,Female,0,No,No,44,Yes,Yes,Fiber optic,No,No,Yes,Yes,Yes,Yes,Two year,No,Credit card (automatic),28.06,1242.45,No
0124-TELCO,Male,1,No,No,19,Yes,Yes,No,No,Yes,Yes,No,No,Yes,Two year,Yes,Electronic check,34.39,662.6,No
0125-TELCO,Male,0,No,No,3,Yes,No phone service,Fiber optic,No,No internet service,Yes,No internet service,No internet service,No,Month-to-month,No,Bank transfer (automatic),20.18,66.95,Yes
0126-TELCO,Female,0,No,No,60,Yes,No phone service,Fiber optic,No,No,No internet service,Yes,No,No,Two year,Yes,Credit card (automatic),54.97,3302.6,No
0127-TELCO,Female,0,No,No,35,Yes,Yes,Fiber optic,No,No internet service,No,No internet service,Yes,No internet service,Month-to-month,Yes,Electronic check,50.43,1756.08,No
0128-TELCO,Male,1,No,No,29,Yes,No,No,No,Yes,Yes,No internet service,No internet service,Yes,Month-to-month,No,Mailed check,82.41,2399.86,No
0129-TELCO,Female,0,Yes,No,70,Yes,No phone service,No,No internet service,Yes,Yes,Yes,Yes,Yes,Two year,No,Electronic check,34.61,2416.92,No
0130-TELCO,Female,0,No,No,45,Yes,No,No,No,No,No,No internet service,No,No,One year,Yes,Credit card (automatic),94.71,4260.18,No
0131-TELCO,Female,0,No,No,27,Yes,Yes,DSL,No internet service,Yes,No internet service,No,No,Yes,Two year,Yes,Credit card (automatic),50.67,1370.66,No
0132-TELCO,Male,0,No,No,69,Yes,No,Fiber optic,Yes,No,Yes,No,No,Yes,Two year,Yes,Electronic check,106.32,7336.93,No
0133-TELCO,Male,0,Yes,No,35,Yes,No,DSL,Yes,No,No,No,No,Yes,Month-to-month,Yes,Electronic check,36.67,1293.27,Yes
0134-TELCO,Male,0,Yes,No,19,No,No,Fiber optic,No,No,No internet service,No,No,Yes,One year,Yes,Credit card (automatic),98.39,1871.27,No
0135-TELCO,Male,0,Yes,No,17,No,No,DSL,Yes,No internet service,No,No internet service,No,Yes,Month-to-month,No,Mailed check,36.96,622.76,Yes
0136-TELCO,Male,0,No,No,35,Yes,No,DSL,No,Yes,No internet service,Yes,No,No,Two year,Yes,Electronic check,20.22,708.97,No
0137-TELCO,Male,1,Yes,Yes,30,Yes,Yes,Fiber optic,Yes,No,Yes,No,Yes,No,Month-to-month,Yes,Electronic check,24.12,720.11,Yes
0138-TELCO,Male,0,No,Yes,48,Yes,No phone service,Fiber optic,No internet service,No,No,No,No internet service,No,Two year,No,Credit card (automatic),100.22,4813.87,No
0139-TELCO,Male,0,No,No,57,Yes,Yes,DSL,No,No,Yes,Yes,Yes,Yes,Two year,Yes,Mailed check,71.77,4081.68,No
0140-TELCO,Male,0,Yes,No,17,Yes,No,DSL,No,Yes,No,No internet service,No,Yes,Month-to-month,Yes,Credit card (automatic),50.54,854.71,Yes
0141-TELCO,Female,0,No,Yes,15,Yes,No,Fiber optic,No internet service,No,Yes,No internet service,Yes,Yes,Month-to-month,No,Bank transfer (automatic),82.72,1241.77,No
0142-TELCO,Male,1,No,No,14,Yes,No phone service,DSL,Yes,No,No,No,Yes,No internet service,Month-to-month,Yes,Bank transfer (automatic),56.16,791.78,No
0143-TELCO,Female,0,Yes,No,14,Yes,Yes,Fiber optic,No internet service,No internet service,Yes,Yes,Yes,Yes,One year,No,Electronic check,100.63,1415.49,Yes
0144-TELCO,Female,0,No,Yes,45,Yes,No,Fiber optic,No,No,No,No internet service,Yes,Yes,Two year,Yes,Electronic check,93.46,4213.99,No
0145-TELCO,Female,0,Yes,No,38,Yes,Yes,No,Yes,Yes,No,No internet service,No internet service,No,Month-to-month,Yes,Credit card (automatic),65.19,2474.79,No
0146-TELCO,Male,0,Yes,No,63,Yes,No,DSL,No internet service,No,No internet service,Yes,No internet service,Yes,Two year,Yes,Electronic check,19.36,1221.43,No
0147-TELCO,Male,0,No,Yes,11,Yes,No,DSL,No,No internet service,No,No,No,No internet service,Two year,No,Bank transfer (automatic),70.45,776.67,No
0148-TELCO,Male,0,No,No,48,Yes,Yes,Fiber optic,No,No,No,Yes,No,No internet service,Month-to-month,No,Electronic check,56.73,2731.03,Yes
0149-TELCO,Male,0,No,No,26,Yes,No phone service,No,No internet service,No,No internet service,Yes,Yes,No internet service,Month-to-month,Yes,Bank transfer (automatic),77.94,2033.36,No
0150-TELCO,Female,1,No,No,67,No,No,DSL,No internet service,No,Yes,Yes,No internet service,No,Month-to-month,No,Bank transfer (automatic),34.4,2303.29,No
0151-TELCO,Male,0,No,No,25,Yes,No,DSL,No internet service,No,No,No,Yes,Yes,Month-to-month,No,Electronic check,85.07,2128.65,No
0152-TELCO,Male,0,No,Yes,61,Yes,No,No,No,Yes,No,No internet service,Yes,Yes,One year,No,Mailed check,38.98,2386.09,No
0153-TELCO,Male,0,No,No,26,Yes,Yes,DSL,No,No,No,Yes,No,Yes,Month-to-month,No,Bank transfer (automatic),116.73,3044.98,Yes
0154-TELCO,Male,0,No,No,34,Yes,No,DSL,Yes,No,No internet service,No,Yes,No internet service,One year,Yes,Credit card (automatic),100.55,3423.47,No
0155-TELCO,Male,0,Yes,Yes,9,Yes,Yes,No,No internet service,Yes,No,No internet service,Yes,No,Two year,Yes,Electronic check,36.46,319.51,No
0156-TELCO,Female,0,No,No,40,Yes,Yes,No,No,No,Yes,No,Yes,No internet service,Month-to-month,Yes,Credit card (automatic),72.93,2925.04,No
0157-TELCO,Male,0,Yes,Yes,7,No,No,Fiber optic,No,Yes,Yes,No internet service,No internet service,No,Month-to-month,Yes,Bank transfer (automatic),63.97,447.35,Yes
0158-TELCO,Female,0,No,No,30,Yes,No phone service,No,No internet service,Yes,Yes,No internet service,No,Yes,Month-to-month,No,Mailed check,99.71,2988.31,Yes
0159-TELCO,Male,0,Yes,Yes,66,Yes,Yes,Fiber optic,No internet service,No,Yes,No,No,Yes,One year,No,Electronic check,92.59,6106.74,No
0160-TELCO,Female,1,No,No,30,Yes,Yes,DSL,No internet service,No internet service,Yes,No,Yes,Yes,Two year,Yes,Bank transfer (automatic),48.0,1446.07,No
0161-TELCO,Male,0,Yes,No,68,Yes,No,Fiber optic,No,No,No,Yes,No,Yes,One year,Yes,Bank transfer (automatic),54.87,3739.13,No
0162-TELCO,Male,0,Yes,No,58,Yes,Yes,Fiber optic,Yes,No internet service,No,No,No,No,Month-to-month,Yes,Bank transfer (automatic),24.3,1413.11,No
0163-TELCO,Female,0,No,No,55,No,Yes,Fiber optic,No internet service,No,Yes,No,No internet service,Yes,Month-to-month,No,Mailed check,75.26,4130.49,No
0164-TELCO,Female,0,Yes,No,14,Yes,No,No,No,Yes,No,No,No internet service,No,Month-to-month,No,Electronic check,94.52,1333.02,No
0165-TELCO,Female,0,No,No,37,Yes,Yes,DSL,No internet service,No,Yes,No,Yes,No,One year,Yes,Bank transfer (automatic),60.36,2234.48,No
0166-TELCO,Male,0,Yes,Yes,44,Yes,No,Fiber optic,No,Yes,No internet service,No internet service,Yes,No,One year,Yes,Bank transfer (automatic),113.29,4991.31,Yes
0167-TELCO,Female,0,Yes,No,6,Yes,No,Fiber optic,No internet service,No,No internet service,No internet service,No,No internet service,Two year,Yes,Electronic check,32.04,196.66,No
0168-TELCO,Male,0,Yes,No,26,Yes,No,DSL,No,No,No,Yes,No internet service,No,Month-to-month,Yes,Electronic check,107.78,2798.99,No
0169-TELCO,Male,0,No,No,14,Yes,No,Fiber optic,No internet service,No,No,No,No,No internet service,One year,No,Credit card (automatic),20.41,294.1,No
0170-TELCO,Female,0,Yes,No,8,Yes,Yes,Fiber optic,Yes,No,No,No internet service,No,Yes,Month-to-month,Yes,Electronic check,110.03,876.34,No
0171-TELCO,Female,0,No,Yes,24,Yes,No phone service,No,No internet service,No internet service,No,No,Yes,No internet service,Month-to-month,Yes,Electronic check,48.96,1184.64,No
0172-TELCO,Male,0,Yes,No,39,Yes,No,No,Yes,No internet service,Yes,No internet service,No internet service,Yes,Month-to-month,Yes,Bank transfer (automatic),29.28,1151.6,No
0173-TELCO,Male,0,Yes,No,49,Yes,Yes,Fiber optic,Yes,Yes,No,No,No,No,Month-to-month,Yes,Electronic check,117.67,5756.69,No
0174-TELCO,Female,0,Yes,Yes,63,Yes,No,DSL,No,Yes,No,No,No,No internet service,Month-to-month,No,Mailed check,93.07,5856.0,No
0175-TELCO,Female,0,Yes,No,26,Yes,No,Fiber optic,No,No internet service,No internet service,No,No,Yes,Two year,Yes,Mailed check,71.54,1854.73,No
0176-TELCO,Female,0,No,No,10,Yes,Yes,Fiber optic,No,No,No internet service,Yes,No,Yes,One year,No,Credit card (automatic),57.82,575.59,No
0177-TELCO,Male,0,No,No,58,Yes,No,DSL,No,No,Yes,No internet service,Yes,Yes,Month-to-month,No,Electronic check,43.89,2548.69,Yes
0178-TELCO,Male,0,No,Yes,14,Yes,Yes,Fiber optic,No,Yes,No,No,Yes,Yes,Month-to-month,Yes,Electronic check,78.3,1093.5,No
0179-TELCO,Male,0,Yes,No,71,Yes,No,Fiber optic,No internet service,No,No,No,Yes,No,Month-to-month,No,Electronic check,63.37,4508.02,No
0180-TELCO,Male,0,Yes,Yes,39,Yes,Yes,Fiber optic,No,Yes,No internet service,No,No internet service,Yes,Month-to-month,No,Electronic check,69.15,2696.37,Yes
0181-TELCO,Male,0,Yes,No,31,Yes,No,No,No,No internet service,No,No,Yes,Yes,Month-to-month,No,Bank transfer (automatic),64.67,2005.92,No
0182-TELCO,Male,0,No,No,50,Yes,No phone service,DSL,No,Yes,No,No,Yes,No internet service,Month-to-month,Yes,Credit card (automatic),82.8,4142.53,Yes
0183-TELCO,Female,0,Yes,No,16,Yes,No,Fiber optic,No internet service,No,No,No internet service,Yes,Yes,Month-to-month,Yes,Electronic check,111.11,1776.27,No
0184-TELCO,Male,0,No,Yes,72,Yes,No phone service,Fiber optic,No internet service,Yes,No,No internet service,No,Yes,One year,Yes,Electronic check,114.01,8211.41,No
0185-TELCO,Male,0,Yes,No,51,Yes,No,Fiber optic,Yes,No,No internet service,No internet service,Yes,Yes,Two year,Yes,Credit card (automatic),102.18,5202.97,No
0186-TELCO,Male,0,Yes,No,15,Yes,Yes,DSL,Yes,No internet service,Yes,No,No internet service,Yes,Month-to-month,No,Credit card (automatic),45.23,678.49,Yes
0187-TELCO,Female,1,Yes,Yes,38,Yes,No phone service,DSL,Yes,Yes,Yes,No,Yes,Yes,Two year,Yes,Electronic check,43.16,1636.68,No
0188-TELCO,Male,0,Yes,No,71,Yes,No phone service,DSL,No,Yes,No,No,Yes,No internet service,Month-to-month,Yes,Credit card (automatic),76.23,5406.37,No
0189-TELCO,Male,0,No,No,72,Yes,No,No,No,No,Yes,Yes,No,Yes,One year,No,Bank transfer (automatic),116.2,8357.15,No
0190-TELCO,Female,0,Yes,No,21,Yes,Yes,No,No,No,No,Yes,Yes,Yes,Month-to-month,No,Credit card (automatic),73.71,1553.53,No
0191-TELCO,Male,0,No,Yes,16,Yes,Yes,DSL,No,No internet service,Yes,No,Yes,No,Month-to-month,No,Electronic check,29.49,464.27,No
0192-TELCO,Male,0,Yes,Yes,67,Yes,No,DSL,No,Yes,No,Yes,No internet service,Yes,Month-to-month,Yes,Credit card (automatic),105.19,7041.15,No
0193-TELCO,Male,0,No,No,65,Yes,Yes,DSL,Yes,No internet service,Yes,No internet service,No,Yes,Month-to-month,Yes,Electronic check,93.3,6057.86,No
0194-TELCO,Male,0,Yes,No,13,Yes,Yes,DSL,No,No,Yes,No,No internet service,Yes,Two year,Yes,Bank transfer (automatic),42.25,558.86,No
0195-TELCO,Male,0,No,Yes,64,Yes,No,DSL,Yes,Yes,No,Yes,Yes,Yes,Month-to-month,Yes,Credit card (automatic),81.56,5214.91,Yes
0196-TELCO,Female,0,No,No,61,Yes,Yes,DSL,No internet service,Yes,No internet service,Yes,No,Yes,Month-to-month,Yes,Electronic check,40.82,2483.75,No
0197-TELCO,Female,1,No,Yes,32,Yes,No,Fiber optic,No,No internet service,No,No,No,No,Month-to-month,No,Mailed check,60.99,1961.06,Yes
0198-TELCO,Female,0,Yes,No,12,Yes,Yes,DSL,No,No internet service,Yes,No internet service,No,No,One year,Yes,Electronic check,42.05,507.14,Yes
0199-TELCO,Male,1,No,No,41,Yes,No,Fiber optic,No,Yes,No,No internet service,No,No,One year,No,Mailed check,78.23,3211.08,No
0200-TELCO,Male,0,Yes,No,66,Yes,Yes,Fiber optic,No,No internet service,No internet service,No,No internet service,No internet service,Two year,Yes,Mailed check,48.72,3221.82,No
0201-TELCO,Male,0,Yes,No,8,Yes,No,No,No,Yes,No,Yes,Yes,No internet service,One year,Yes,Bank transfer (automatic),35.14,282.05,No
0202-TELCO,Female,0,Yes,Yes,59,Yes,No,No,Yes,Yes,No,No internet service,Yes,No internet service,Month-to-month,Yes,Bank transfer (automatic),24.24,1431.02,No
0203-TELCO,Male,0,Yes,No,25,Yes,Yes,Fiber optic,No,No,No internet service,No internet service,No internet service,Yes,Month-to-month,Yes,Bank transfer (automatic),81.75,2053.72,No
0204-TELCO,Male,1,No,No,5,Yes,Yes,DSL,Yes,No internet service,Yes,No internet service,Yes,No internet service,Month-to-month,Yes,Electronic check,78.21,394.85,Yes
0205-TELCO,Female,1,Yes,No,45,Yes,Yes,DSL,No,No,No,Yes,No,Yes,Two year,Yes,Bank transfer (automatic),37.81,1705.68,Yes
0206-TELCO,Male,1,No,No,2,Yes,Yes,DSL,No,No internet service,Yes,No,No,Yes,Two year,No,Electronic check,18.53,28.82,No
0207-TELCO,Female,0,No,No,42,Yes,Yes,Fiber optic,No,No internet service,No internet service,No internet service,No,No,Two year,No,Mailed check,31.93,1333.35,Yes
0208-TELCO,Female,0,No,Yes,38,Yes,Yes,Fiber optic,No,Yes,Yes,Yes,No,No internet service,Month-to-month,Yes,Bank transfer (automatic),48.94,1859.87,Yes
0209-TELCO,Female,0,No,No,3,Yes,No,Fiber optic,Yes,Yes,No internet service,No,No,No internet service,Month-to-month,No,Mailed check,70.82,217.03,Yes
0210-TELCO,Male,1,Yes,Yes,46,Yes,No,DSL,Yes,Yes,No,Yes,No internet service,No,Two year,No,Mailed check,107.25,4938.58,No
0211-TELCO,Male,0,No,Yes,22,Yes,No,Fiber optic,Yes,No,Yes,No,Yes,Yes,One year,No,Mailed check,39.38,872.03,No
0212-TELCO,Male,0,Yes,No,33,No,Yes,DSL,Yes,No,No,No,No internet service,Yes,One year,Yes,Electronic check,39.91,1321.29,No
0213-TELCO,Male,0,No,No,32,Yes,No,DSL,No,Yes,No internet service,No internet service,No,No,One year,Yes,Credit card (automatic),103.09,3291.23,No
0214-TELCO,Male,0,No,No,17,Yes,No,Fiber optic,No,No,Yes,Yes,No,Yes,Month-to-month,Yes,Mailed check,69.33,1185.29,Yes
0215-TELCO,Male,1,No,Yes,56,Yes,No,DSL,No,No,No internet service,No internet service,Yes,Yes,One year,Yes,Mailed check,87.74,4918.77,No
0216-TELCO,Male,0,Yes,No,3,Yes,Yes,Fiber optic,No internet service,No,No,No,Yes,No internet service,Month-to-month,No,Electronic check,53.1,156.77,Yes
0217-TELCO,Female,0,Yes,No,70,Yes,No phone service,No,No,No,Yes,No,No,Yes,One year,Yes,Mailed check,102.56,7177.37,No
0218-TELCO,Male,0,Yes,No,49,Yes,No,No,No,Yes,Yes,No,Yes,No,Month-to-month,Yes,Mailed check,63.45,3110.12,No
0219-TELCO,Female,0,Yes,Yes,55,Yes,No,DSL,Yes,No,No internet service,No,No,No,One year,Yes,Mailed check,108.99,6004.31,No
0220-TELCO,Male,0,Yes,No,31,No,No,Fiber optic,No,Yes,No internet service,No internet service,Yes,No internet service,Month-to-month,No,Mailed check,58.5,1818.38,No
0221-TELCO,Male,0,No,No,21,Yes,No,Fiber optic,Yes,No,No internet service,Yes,No,No,Two year,Yes,Electronic check,99.53,2096.89,No
0222-TELCO,Male,0,Yes,No,16,No,No,No,No,No,No,No,No,Yes,Month-to-month,No,Credit card (automatic),23.85,375.71,No
0223-TELCO,Female,1,No,Yes,17,Yes,No,No,No internet service,No,No internet service,Yes,No internet service,No,One year,No,Electronic check,86.87,1476.91,Yes
0224-TELCO,Female,0,No,No,1,Yes,Yes,DSL,No,Yes,No,Yes,No internet service,Yes,Month-to-month,No,Mailed check,32.47,33.72,Yes
0225-TELCO,Female,0,No,No,72,No,Yes,No,Yes,No,Yes,No,No,Yes,Month-to-month,Yes,Electronic check,108.41,7796.4,No
0226-TELCO,Female,1,Yes,No,65,Yes,No,DSL,No internet service,No internet service,No,Yes,Yes,No,Two year,Yes,Bank transfer (automatic),115.2,7480.23,No
0227-TELCO,Male,0,Yes,Yes,66,Yes,Yes,DSL,No,No,No internet service,Yes,Yes,No internet service,Two year,No,Bank transfer (automatic),50.54,3329.93,No
0228-TELCO,Female,0,Yes,Yes,37,Yes,Yes,Fiber optic,No internet service,No internet service,No,Yes,No,No internet service,One year,Yes,Bank transfer (automatic),74.8,2775.27,No
0229-TELCO,Male,0,Yes,No,24,Yes,Yes,DSL,No internet service,Yes,Yes,Yes,Yes,No,Month-to-month,No,Credit card (automatic),58.43,1407.82,Yes
0230-TELCO,Male,0,No,No,62,No,No,No,No,Yes,No,No,No internet service,No,Month-to-month,No,Credit card (automatic),79.85,4950.43,No
0231-TELCO,Female,0,Yes,No,21,Yes,No,DSL,Yes,No,No,No,No internet service,No,Month-to-month,Yes,Electronic check,53.87,1136.95,No
0232-TELCO,Female,1,No,No,37,Yes,Yes,No,No internet service,No,Yes,No,Yes,No internet service,One year,No,Mailed check,100.57,3721.52,No
0233-TELCO,Female,0,No,Yes,35,Yes,No,No,No,Yes,Yes,No,No internet service,Yes,Month-to-month,No,Credit card (automatic),21.4,757.44,No
0234-TELCO,Female,0,No,No,38,Yes,No,No,Yes,No,Yes,Yes,No internet service,No,Two year,No,Credit card (automatic),92.75,3520.2,No
0235-TELCO,Female,0,Yes,No,53,Yes,No,Fiber optic,No,No,Yes,No internet service,No internet service,Yes,Month-to-month,Yes,Credit card (automatic),19.64,1033.3,No
0236-TELCO,Female,0,Yes,No,15,Yes,Yes,Fiber optic,No,No,No,Yes,Yes,Yes,Two year,Yes,Credit card (automatic),115.02,1716.28,No
0237-TELCO,Female,0,No,No,42,Yes,No,Fiber optic,Yes,Yes,Yes,No,Yes,No internet service,Month-to-month,No,Electronic check,22.33,936.62,No
0238-TELCO,Female,0,No,No,4,Yes,No,No,Yes,No internet service,No,Yes,No,Yes,One year,No,Mailed check,98.15,388.71,No
0239-TELCO,Male,0,Yes,No,39,No,Yes,DSL,Yes,No,No,No,Yes,Yes,One year,No,Electronic check,88.56,3463.19,No
0240-TELCO,Female,0,Yes,No,23,Yes,Yes,Fiber optic,Yes,No,No,No,No,No internet service,Month-to-month,No,Mailed check,104.76,2417.13,Yes
0241-TELCO,Female,1,Yes,No,15,Yes,No,Fiber optic,Yes,No internet service,Yes,Yes,Yes,No,One year,No,Electronic check,31.16,466.0,No
0242-TELCO,Male,0,No,Yes,12,Yes,No,Fiber optic,Yes,Yes,No,No,No internet service,No,One year,No,Credit card (automatic),53.91,637.25,No
0243-TELCO,Female,0,Yes,No,70,Yes,Yes,No,Yes,No,No,No,Yes,Yes,Two year,Yes,Bank transfer (automatic),26.89,1874.18,No
0244-TELCO,Male,0,No,No,54,Yes,No phone service,DSL,Yes,No internet service,No,No internet service,No,No,Month-to-month,No,Electronic check,47.24,2545.27,No
0245-TELCO,Male,0,Yes,No,38,Yes,Yes,Fiber optic,No internet service,No,No,No,No internet service,Yes,One year,No,Electronic check,79.49,3018.46,No
0246-TELCO,Female,0,No,Yes,28,Yes,Yes,Fiber optic,No,No,No,No,No internet service,No,Month-to-month,Yes,Electronic check,115.73,3246.47,Yes
0247-TELCO,Male,0,No,No,19,Yes,No,DSL,No,No internet service,Yes,No,No,Yes,Month-to-month,No,Electronic check,43.8,839.26,No
0248-TELCO,Male,0,No,Yes,69,Yes,No,DSL,No,Yes,No,No,No,No,Month-to-month,No,Bank transfer (automatic),52.49,3631.79,No
0249-TELCO,Male,0,Yes,Yes,64,Yes,No phone service,DSL,Yes,Yes,Yes,No,No,Yes,Month-to-month,No,Mailed check,59.24,3791.98,No
0250-TELCO,Male,1,Yes,No,4,Yes,Yes,No,No internet service,No,No,Yes,No,No,Month-to-month,Yes,Mailed check,21.33,94.28,No
0251-TELCO,Female,1,Yes,No,10,Yes,No,No,No,No,No,No,Yes,No internet service,Month-to-month,No,Electronic check,87.44,877.46,Yes
0252-TELCO,Male,1,No,Yes,12,Yes,No,DSL,No,Yes,No,No,Yes,No,Month-to-month,Yes,Mailed check,30.94,370.84,No
0253-TELCO,Female,0,No,No,69,Yes,No,DSL,No internet service,Yes,No,Yes,No internet service,Yes,Month-to-month,Yes,Mailed check,106.53,7343.27,No
0254-TELCO,Male,0,No,No,7,No,No,DSL,No,No internet service,No internet service,No internet service,No,No internet service,One year,Yes,Bank transfer (automatic),59.94,427.91,No
0255-TELCO,Male,0,Yes,Yes,44,Yes,No,Fiber optic,No,No,No,Yes,Yes,No,Month-to-month,Yes,Electronic check,106.11,4676.72,No
0256-TELCO,Male,0,No,No,23,Yes,No,No,No internet service,Yes,No,No,No,Yes,Two year,Yes,Bank transfer (automatic),92.09,2125.66,Yes
0257-TELCO,Male,0,Yes,No,2,Yes,Yes,DSL,No internet service,No internet service,No internet service,No internet service,No,Yes,Month-to-month,Yes,Bank transfer (automatic),96.53,202.33,Yes
0258-TELCO,Female,0,No,No,37,Yes,No,Fiber optic,No internet service,No,Yes,No internet service,Yes,Yes,One year,Yes,Bank transfer (automatic),56.02,2079.12,No
0259-TELCO,Female,0,Yes,Yes,69,Yes,No,DSL,Yes,No,No,No,No,Yes,Month-to-month,No,Mailed check,99.95,6886.66,No
0260-TELCO,Male,0,No,Yes,20,No,Yes,No,No internet service,No,No,Yes,No,Yes,Two year,Yes,Electronic check,74.62,1496.7,No
0261-TELCO,Male,0,Yes,No,44,Yes,Yes,No,No,No,No internet service,No internet service,No,No internet service,Month-to-month,Yes,Electronic check,35.24,1548.88,No
0262-TELCO,Female,0,Yes,No,70,No,Yes,No,No,No,Yes,Yes,No,Yes,Month-to-month,Yes,Credit card (automatic),107.93,7563.98,No
0263-TELCO,Male,0,No,No,51,Yes,No,DSL,Yes,Yes,No,No internet service,Yes,No,Two year,No,Credit card (automatic),59.15,3022.34,No
0264-TELCO,Male,0,Yes,No,31,Yes,No,Fiber optic,Yes,Yes,Yes,No,Yes,No,Two year,Yes,Electronic check,108.48,3368.94,No
0265-TELCO,Male,0,No,Yes,41,Yes,No,DSL,Yes,Yes,No,No internet service,Yes,No,Month-to-month,No,Electronic check,76.12,3113.1,Yes
0266-TELCO,Female,0,No,No,58,Yes,Yes,Fiber optic,No,Yes,Yes,No,No,No internet service,One year,Yes,Electronic check,23.41,1357.06,No
0267-TELCO,Female,0,No,Yes,5,Yes,Yes,DSL,Yes,No,No internet service,No internet service,Yes,No internet service,One year,Yes,Electronic check,97.13,484.77,No
0268-TELCO,Female,0,Yes,No,33,Yes,Yes,Fiber optic,Yes,No,Yes,No,No internet service,No,Month-to-month,Yes,Credit card (automatic),20.82,686.95,No
0269-TELCO,Male,0,No,No,43,Yes,No phone service,Fiber optic,No internet service,Yes,Yes,No,No,No,Two year,No,Bank transfer (automatic),28.22,1219.38,No
0270-TELCO,Male,0,No,No,19,Yes,Yes,Fiber optic,No,No internet service,No,No,No,Yes,Month-to-month,Yes,Credit card (automatic),52.12,984.69,No
0271-TELCO,Female,0,Yes,No,32,Yes,Yes,No,No,No,No,No,No,No,Two year,No,Credit card (automatic),81.68,2607.35,No
0272-TELCO,Female,1,No,No,3,Yes,No phone service,Fiber optic,No,No,Yes,No,Yes,Yes,One year,Yes,Electronic check,61.25,190.91,Yes
0273-TELCO,Female,0,Yes,Yes,1,No,No,DSL,No,No internet service,Yes,No internet service,Yes,No,Month-to-month,Yes,Mailed check,58.21,64.91,Yes
0274-TELCO,Female,0,Yes,Yes,41,Yes,No,Fiber optic,Yes,No internet service,No internet service,No,Yes,Yes,Two year,Yes,Bank transfer (automatic),61.26,2514.98,No
0275-TELCO,Male,0,Yes,No,48,Yes,No,No,No,Yes,No,No,No,Yes,One year,Yes,Bank transfer (automatic),31.01,1479.73,No
0276-TELCO,Female,1,Yes,No,39,Yes,No,Fiber optic,No,No,Yes,Yes,No,Yes,One year,Yes,Electronic check,88.52,3456.68,No
0277-TELCO,Male,0,Yes,No,5,Yes,Yes,Fiber optic,Yes,No internet service,Yes,No internet service,No internet service,No,Two year,Yes,Credit card (automatic),38.46,184.46,No
0278-TELCO,Female,0,No,Yes,11,Yes,Yes,No,No,Yes,Yes,Yes,No,Yes,Month-to-month,Yes,Bank transfer (automatic),61.97,679.61,Yes
0279-TELCO,Male,0,No,No,22,Yes,Yes,Fiber optic,No,Yes,No,Yes,No internet service,No,Month-to-month,Yes,Electronic check,115.72,2552.63,No
0280-TELCO,Female,1,Yes,No,64,Yes,No,No,No,Yes,No internet service,No,No internet service,No internet service,Two year,No,Mailed check,111.49,7125.97,No
0281-TELCO,Female,0,No,Yes,12,Yes,No,DSL,Yes,Yes,No internet service,No internet service,No internet service,Yes,Two year,Yes,Electronic check,95.48,1148.45,No
0282-TELCO,Female,0,No,No,53,Yes,Yes,Fiber optic,No,No internet service,No,No,No,No internet service,Month-to-month,No,Bank transfer (automatic),107.29,5687.42,No
0283-TELCO,Female,0,No,No,55,No,No,DSL,No,No internet service,No,No,Yes,No,One year,Yes,Electronic check,87.14,4790.24,Yes
0284-TELCO,Male,0,No,Yes,53,Yes,No phone service,Fiber optic,No,Yes,No,No,Yes,No,Two year,Yes,Mailed check,100.63,5327.65,No
0285-TELCO,Female,0,No,Yes,21,Yes,Yes,DSL,No internet service,No internet service,No,No,No internet service,Yes,One year,Yes,Electronic check,43.2,900.51,No
0286-TELCO,Male,0,Yes,Yes,19,No,No,DSL,No internet service,Yes,No,No internet service,Yes,No internet service,One year,Yes,Credit card (automatic),63.96,1222.04,No
0287-TELCO,Male,0,Yes,Yes,69,Yes,No phone service,DSL,No,No,Yes,No,Yes,No internet service,Month-to-month,No,Credit card (automatic),47.11,3242.8,No
0288-TELCO,Male,0,Yes,No,72,Yes,No phone service,DSL,Yes,Yes,Yes,No,No,Yes,Two year,No,Credit card (automatic),22.07,1598.34,No
0289-TELCO,Male,0,No,Yes,66,Yes,Yes,DSL,No,Yes,Yes,No,No,Yes,One year,No,Bank transfer (automatic),42.4,2792.32,No
0290-TELCO,Female,1,Yes,Yes,59,Yes,No,No,No,Yes,No internet service,Yes,No internet service,No,Month-to-month,No,Credit card (automatic),44.02,2601.61,No
0291-TELCO,Male,0,No,No,49,Yes,No,DSL,No,No,No,No,No,No,Two year,Yes,Electronic check,87.06,4267.08,No
0292-TELCO,Male,0,Yes,No,59,No,Yes,Fiber optic,No internet service,Yes,Yes,No internet service,Yes,No internet service,Month-to-month,Yes,Credit card (automatic),52.69,3106.2,No
0293-TELCO,Male,0,No,No,23,Yes,No,DSL,No,No internet service,Yes,No,No,No internet service,Month-to-month,Yes,Bank transfer (automatic),39.96,927.36,Yes
0294-TELCO,Female,0,Yes,No,3,Yes,No phone service,DSL,No,Yes,No,No,No,No internet service,Month-to-month,Yes,Bank transfer (automatic),19.55,49.33,No
0295-TELCO,Female,0,Yes,No,56,No,No,No,Yes,No,No,Yes,Yes,No,Two year,No,Mailed check,58.46,3279.1,No
0296-TELCO,Female,0,Yes,Yes,58,No,No phone service,No,No,No internet service,No internet service,No internet service,No internet service,Yes,Month-to-month,Yes,Bank transfer (automatic),95.72,5556.55,No
0297-TELCO,Female,0,Yes,No,62,Yes,No phone service,No,No,Yes,No internet service,No,No,No internet service,Month-to-month,No,Electronic check,81.3,5047.31,No
0298-TELCO,Male,0,Yes,No,18,Yes,Yes,Fiber optic,No,No,No internet service,No,Yes,No,Month-to-month,Yes,Mailed check,108.46,1960.11,Yes
0299-TELCO,Male,0,No,No,61,Yes,No,DSL,No,No,No,No,Yes,No,One year,Yes,Credit card (automatic),75.92,4630.27,No
0300-TELCO,Female,0,Yes,No,37,Yes,Yes,DSL,No,Yes,No internet service,No,Yes,Yes,Month-to-month,Yes,Bank transfer (automatic),23.06,856.72,Yes
0301-TELCO,Male,0,Yes,No,54,Yes,No,Fiber optic,No,Yes,No,No internet service,No internet service,Yes,Month-to-month,No,Bank transfer (automatic),62.04,3351.66,No
0302-TELCO,Male,1,No,No,65,Yes,No,No,No internet service,No,Yes,Yes,No,Yes,One year,No,Electronic check,60.43,3929.78,No
0303-TELCO,Male,0,Yes,Yes,14,Yes,No,No,No,Yes,No,No,Yes,No,Month-to-month,Yes,Credit card (automatic),103.61,1441.04,Yes
0304-TELCO,Female,1,No,Yes,5,Yes,No phone service,DSL,No internet service,Yes,No,Yes,Yes,No,One year,Yes,Credit card (automatic),84.26,430.56,Yes
0305-TELCO,Female,0,No,No,62,Yes,No,DSL,No,No,No,Yes,No,No,Two year,No,Electronic check,44.97,2781.38,Yes
0306-TELCO,Male,1,Yes,No,1,Yes,No,DSL,No,No internet service,No,No,Yes,No internet service,Two year,No,Mailed check,88.73,87.02,No
0307-TELCO,Female,0,Yes,Yes,63,Yes,No,Fiber optic,No,Yes,No,No internet service,No,No,Month-to-month,No,Bank transfer (automatic),101.81,6418.04,No
0308-TELCO,Female,0,Yes,No,67,No,Yes,DSL,No,No,Yes,No,No,Yes,Month-to-month,Yes,Credit card (automatic),23.99,1601.59,No
0309-TELCO,Female,0,No,Yes,20,Yes,No phone service,Fiber optic,No,No internet service,Yes,No internet service,No internet service,Yes,Month-to-month,No,Mailed check,90.76,1807.52,No
0310-TELCO,Female,0,No,Yes,43,Yes,No,No,No,Yes,No,No internet service,No,No,Two year,Yes,Mailed check,98.15,4228.36,No
0311-TELCO,Female,0,No,No,42,No,Yes,Fiber optic,No,No,Yes,No internet service,Yes,No,Month-to-month,No,Electronic check,54.57,2293.55,Yes
0312-TELCO,Male,0,No,Yes,69,Yes,No,DSL,No internet service,Yes,No,No,Yes,Yes,Month-to-month,Yes,Mailed check,113.85,7848.34,No
0313-TELCO,Female,0,Yes,Yes,39,Yes,Yes,DSL,Yes,No internet service,Yes,No,No,Yes,One year,Yes,Electronic check,101.88,3980.78,No
0314-TELCO,Male,0,No,Yes,62,Yes,Yes,No,No,Yes,No internet service,No,No,Yes,Two year,Yes,Credit card (automatic),44.69,2764.55,No
0315-TELCO,Male,0,No,No,48,Yes,Yes,Fiber optic,No,Yes,No,No,No,No internet service,Month-to-month,No,Bank transfer (automatic),57.78,2776.59,Yes
0316-TELCO,Female,0,No,Yes,6,Yes,No,Fiber optic,No,No,Yes,No,No internet service,Yes,Month-to-month,Yes,Electronic check,109.53,664.29,Yes
0317-TELCO,Male,0,No,No,42,No,Yes,DSL,No internet service,No internet service,No,Yes,Yes,Yes,Two year,No,Credit card (automatic),101.91,4282.61,No
0318-TELCO,Male,0,No,No,58,Yes,Yes,No,No internet service,No,No,No,Yes,No,Month-to-month,Yes,Bank transfer (automatic),99.36,5753.02,No
0319-TELCO,Male,0,Yes,No,43,Yes,Yes,Fiber optic,No,No,Yes,No,No,Yes,Month-to-month,Yes,Bank transfer (automatic),115.86,4984.97,No
0320-TELCO,Female,0,Yes,Yes,10,Yes,Yes,No,No,No internet service,No internet service,Yes,No,No,Two year,No,Credit card (automatic),25.73,258.65,No
0321-TELCO,Female,0,No,No,39,Yes,No,Fiber optic,No,No internet service,No,No,No internet service,No,Month-to-month,Yes,Bank transfer (automatic),24.54,957.62,No
0322-TELCO,Male,0,Yes,Yes,13,Yes,Yes,DSL,Yes,No,Yes,No,Yes,Yes,One year,No,Credit card (automatic),61.97,801.73,No
0323-TELCO,Female,0,No,No,39,Yes,No,DSL,No,No internet service,No internet service,No,No internet service,Yes,Two year,Yes,Mailed check,109.98,4291.75,No
0324-TELCO,Female,0,Yes,No,11,Yes,Yes,No,No,No internet service,Yes,No internet service,Yes,No,One year,Yes,Electronic check,71.87,780.9,No
0325-TELCO,Female,0,No,Yes,16,Yes,No,DSL,No internet service,No,No internet service,Yes,Yes,No internet service,Month-to-month,No,Credit card (automatic),112.08,1793.64,Yes
0326-TELCO,Female,0,No,No,33,Yes,No,DSL,No internet service,No internet service,No,No,Yes,No,Two year,No,Mailed check,33.86,1113.94,No
0327-TELCO,Male,0,Yes,Yes,60,No,No,DSL,No,No internet service,No,No internet service,Yes,No internet service,Month-to-month,No,Bank transfer (automatic),92.34,5531.36,No
0328-TELCO,Male,0,No,Yes,59,Yes,Yes,Fiber optic,No internet service,No,No,Yes,No internet service,No internet service,Month-to-month,Yes,Mailed check,50.66,2984.19,No
0329-TELCO,Female,1,No,No,51,Yes,Yes,No,No internet service,No,Yes,Yes,Yes,No,One year,Yes,Bank transfer (automatic),86.31,4408.54,No
0330-TELCO,Female,0,No,No,15,Yes,Yes,No,No,Yes,No,No,No,No,Month-to-month,Yes,Electronic check,61.29,914.52,Yes
0331-TELCO,Male,0,Yes,Yes,43,Yes,Yes,Fiber optic,Yes,Yes,Yes,Yes,Yes,No internet service,Month-to-month,No,Electronic check,48.78,2096.98,Yes
0332-TELCO,Male,0,Yes,Yes,27,Yes,No,No,No,No,No,Yes,Yes,No,Month-to-month,Yes,Credit card (automatic),104.21,2814.97,No
0333-TELCO,Female,0,Yes,Yes,56,Yes,No,DSL,No,No,Yes,No internet service,No internet service,Yes,Month-to-month,Yes,Mailed check,57.41,3210.7,No
0334-TELCO,Male,0,Yes,No,60,No,No,No,No,No,Yes,No,No internet service,Yes,Month-to-month,No,Electronic check,41.19,2472.27,No
0335-TELCO,Female,0,No,No,70,Yes,No phone service,Fiber optic,Yes,No internet service,No,Yes,No,Yes,Month-to-month,No,Credit card (automatic),33.44,2349.91,No
0336-TELCO,Female,0,No,Yes,47,No,Yes,Fiber optic,No,No,No internet service,No internet service,No,No,Two year,No,Credit card (automatic),36.05,1688.03,No
0337-TELCO,Male,1,No,Yes,8,No,Yes,DSL,No,Yes,No,No,No internet service,Yes,Two year,Yes,Bank transfer (automatic),70.75,573.84,No
0338-TELCO,Male,0,No,No,63,Yes,No,DSL,No,No,Yes,No,No internet service,Yes,Month-to-month,Yes,Mailed check,23.68,1493.06,No
0339-TELCO,Female,1,No,No,7,Yes,No phone service,DSL,Yes,Yes,No,No,No,No,Month-to-month,Yes,Credit card (automatic),25.85,186.54,No
0340-TELCO,Female,0,Yes,No,2,Yes,No,DSL,No,No,No,No internet service,No,No internet service,Two year,Yes,Electronic check,63.63,129.24,No
0341-TELCO,Male,0,No,No,17,Yes,No,Fiber optic,No,No,No,Yes,No,No,Two year,Yes,Bank transfer (automatic),88.69,1503.84,No
0342-TELCO,Female,0,Yes,Yes,4,Yes,No,DSL,Yes,No,No,No,No,Yes,Month-to-month,Yes,Credit card (automatic),87.51,351.53,Yes
0343-TELCO,Male,0,No,No,26,Yes,No,DSL,No,No,No,No internet service,No,No internet service,One year,Yes,Bank transfer (automatic),108.65,2823.42,No
0344-TELCO,Female,0,Yes,No,72,Yes,No,No,Yes,Yes,No,Yes,No,No,Month-to-month,Yes,Bank transfer (automatic),69.12,4978.52,No
0345-TELCO,Male,0,Yes,No,69,Yes,Yes,No,No,Yes,Yes,No internet service,No internet service,No,Month-to-month,Yes,Credit card (automatic),40.16,2772.35,No
0346-TELCO,Male,0,No,Yes,5,Yes,No,No,No,No,No internet service,No internet service,Yes,No,Month-to-month,Yes,Electronic check,98.7,497.06,No
0347-TELCO,Male,1,No,No,5,Yes,Yes,Fiber optic,No,No,No,No internet service,Yes,No internet service,One year,Yes,Mailed check,33.08,169.9,No
0348-TELCO,Female,0,No,No,69,Yes,Yes,Fiber optic,No,No,No,No internet service,Yes,No internet service,Month-to-month,Yes,Electronic check,85.95,5931.5,No
0349-TELCO,Female,0,No,No,3,Yes,No,No,Yes,Yes,Yes,No,No,No internet service,Month-to-month,Yes,Electronic check,88.48,271.65,Yes
0350-TELCO,Male,0,Yes,No,38,Yes,Yes,Fiber optic,Yes,No internet service,No,No,No,No,Month-to-month,Yes,Credit card (automatic),37.68,1435.56,Yes
0351-TELCO,Female,0,No,No,1,No,Yes,DSL,No internet service,No internet service,Yes,No internet service,Yes,No,Month-to-month,No,Credit card (automatic),23.76,18.84,Yes
0352-TELCO,Male,0,Yes,No,8,Yes,No phone service,DSL,No,Yes,No,Yes,No,Yes,Two year,Yes,Electronic check,37.11,305.66,No
0353-TELCO,Male,0,No,No,13,No,No phone service,DSL,No internet service,No,Yes,No,No,No,One year,No,Bank transfer (automatic),98.0,1265.42,No
0354-TELCO,Female,1,No,No,70,Yes,Yes,No,No internet service,Yes,Yes,Yes,Yes,Yes,Month-to-month,No,Electronic check,102.11,7150.36,Yes
0355-TELCO,Female,0,Yes,Yes,50,Yes,No,Fiber optic,No internet service,No,No internet service,No,Yes,No internet service,Month-to-month,No,Mailed check,44.58,2231.25,No
0356-TELCO,Male,0,No,No,8,Yes,No,Fiber optic,No,No,Yes,No internet service,No internet service,No,Month-to-month,Yes,Electronic check,70.48,562.73,No
0357-TELCO,Female,0,No,No,30,Yes,No,DSL,Yes,No,No,No,No,No internet service,Two year,Yes,Mailed check,23.92,717.14,No
0358-TELCO,Female,0,Yes,No,40,Yes,No,DSL,No internet service,Yes,Yes,No internet service,No,No,Month-to-month,Yes,Bank transfer (automatic),37.74,1515.15,No
0359-TELCO,Male,0,No,No,33,Yes,Yes,Fiber optic,Yes,No internet service,No,No,No internet service,No,Month-to-month,No,Credit card (automatic),75.21,2486.37,Yes
0360-TELCO,Male,0,No,No,52,No,Yes,Fiber optic,No,Yes,Yes,No,Yes,Yes,One year,No,Mailed check,41.64,2163.57,No
0361-TELCO,Female,0,No,No,33,Yes,No,Fiber optic,No internet service,No internet service,No,No,Yes,Yes,Month-to-month,Yes,Credit card (automatic),23.37,765.49,Yes
0362-TELCO,Male,0,Yes,Yes,37,No,No,DSL,No,Yes,Yes,No internet service,No,Yes,Month-to-month,No,Electronic check,107.64,3973.92,No
0363-TELCO,Male,0,Yes,Yes,70,Yes,Yes,Fiber optic,Yes,Yes,No internet service,No internet service,Yes,No,Month-to-month,No,Mailed check,41.61,2917.18,No
0364-TELCO,Female,0,No,Yes,69,No,Yes,No,No,No,No,No internet service,No internet service,No internet service,Month-to-month,No,Credit card (automatic),96.3,6648.63,No
0365-TELCO,Male,0,Yes,No,4,Yes,Yes,No,No internet service,No internet service,Yes,No internet service,Yes,No,Month-to-month,No,Electronic check,60.7,238.49,Yes
0366-TELCO,Male,0,No,Yes,60,Yes,No phone service,DSL,No internet service,No,No,No internet service,Yes,No internet service,Month-to-month,Yes,Bank transfer (automatic),89.18,5359.86,No
0367-TELCO,Female,0,Yes,Yes,31,Yes,No,Fiber optic,No,Yes,No,No internet service,Yes,No internet service,Month-to-month,No,Electronic check,54.06,1678.88,Yes
0368-TELCO,Female,0,No,Yes,14,No,Yes,DSL,No internet service,No internet service,No internet service,Yes,No internet service,Yes,Month-to-month,Yes,Credit card (automatic),78.82,1106.8,Yes
0369-TELCO,Male,0,No,No,60,Yes,No,Fiber optic,Yes,No,No,Yes,No,No,Month-to-month,No,Bank transfer (automatic),84.24,5055.67,No
0370-TELCO,Male,0,Yes,No,68,Yes,Yes,Fiber optic,Yes,Yes,No,No internet service,No,No,Month-to-month,Yes,Bank transfer (automatic),30.67,2088.48,No
0371-TELCO,Female,0,Yes,Yes,26,Yes,Yes,DSL,No,No,No,No,Yes,Yes,Month-to-month,Yes,Credit card (automatic),107.08,2794.06,No
0372-TELCO,Female,0,No,No,24,Yes,No,No,Yes,No,No internet service,No internet service,Yes,Yes,Month-to-month,Yes,Bank transfer (automatic),53.72,1295.31,No
0373-TELCO,Female,0,No,No,56,Yes,Yes,Fiber optic,No,No,No,No,No internet service,Yes,Month-to-month,Yes,Electronic check,97.37,5451.17,No
0374-TELCO,Female,0,Yes,Yes,9,Yes,No,No,Yes,No,No,Yes,No,No,Month-to-month,Yes,Electronic check,73.77,657.83,No
0375-TELCO,Male,0,No,No,35,Yes,Yes,DSL,No,No internet service,No,No internet service,Yes,Yes,Month-to-month,Yes,Bank transfer (automatic),36.65,1287.82,No
0376-TELCO,Female,0,Yes,No,24,Yes,Yes,DSL,Yes,No internet service,No internet service,No,No,Yes,One year,Yes,Mailed check,53.96,1302.62,No
0377-TELCO,Female,0,Yes,Yes,31,No,Yes,Fiber optic,Yes,No,No internet service,No,No,No internet service,Month-to-month,Yes,Credit card (automatic),26.82,831.87,Yes
0378-TELCO,Male,1,No,Yes,66,No,Yes,Fiber optic,No internet service,Yes,No internet service,No,Yes,Yes,One year,No,Mailed check,45.53,3013.45,No
0379-TELCO,Female,0,Yes,No,66,Yes,No,Fiber optic,Yes,No,No,No,No,No,Month-to-month,Yes,Mailed check,39.07,2579.79,No
0380-TELCO,Male,0,No,No,41,Yes,Yes,No,Yes,No internet service,Yes,No,Yes,No internet service,Two year,No,Mailed check,45.77,1870.9,No
0381-TELCO,Female,0,Yes,Yes,36,Yes,Yes,Fiber optic,Yes,Yes,Yes,No internet service,No internet service,No,Month-to-month,Yes,Electronic check,98.96,3561.08,Yes
0382-TELCO,Female,0,Yes,No,34,Yes,No phone service,Fiber optic,No internet service,No,No internet service,No internet service,No,No,Month-to-month,Yes,Electronic check,26.29,892.29,Yes
0383-TELCO,Female,1,Yes,No,39,Yes,No,No,No,No,No internet service,Yes,No internet service,Yes,Month-to-month,Yes,Bank transfer (automatic),81.77,3182.51,No
0384-TELCO,Male,0,No,No,23,Yes,Yes,Fiber optic,No,No,No,Yes,No,No,Month-to-month,Yes,Mailed check,53.8,1241.15,Yes
0385-TELCO,Male,1,No,Yes,44,Yes,No phone service,Fiber optic,Yes,No internet service,Yes,Yes,No,Yes,Month-to-month,Yes,Mailed check,66.87,2949.13,No
0386-TELCO,Female,1,No,No,70,Yes,Yes,Fiber optic,No,No,Yes,No,No,No,Month-to-month,Yes,Credit card (automatic),39.64,2768.98,No
0387-TELCO,Male,1,Yes,No,58,Yes,No,Fiber optic,Yes,No,No,No internet service,No,No internet service,Month-to-month,Yes,Credit card (automatic),114.08,6622.0,Yes
0388-TELCO,Male,0,Yes,No,59,Yes,No,DSL,No,Yes,Yes,No,No,Yes,Month-to-month,Yes,Mailed check,84.95,5004.97,No
0389-TELCO,Male,0,No,No,26,Yes,No,DSL,No,No internet service,No,Yes,No,No,One year,No,Bank transfer (automatic),38.54,998.68,No
0390-TELCO,Male,0,Yes,No,22,Yes,Yes,Fiber optic,No internet service,Yes,No,No internet service,No,No internet service,One year,No,Credit card (automatic),67.54,1490.67,No
0391-TELCO,Male,0,No,No,40,Yes,Yes,DSL,Yes,No internet service,Yes,Yes,No internet service,No,Month-to-month,Yes,Electronic check,33.86,1352.4,Yes
0392-TELCO,Male,0,Yes,No,11,Yes,No,No,No,Yes,No internet service,Yes,No,No,Two year,Yes,Credit card (automatic),109.66,1196.42,No
0393-TELCO,Female,0,No,No,9,Yes,Yes,DSL,Yes,Yes,Yes,Yes,No internet service,No internet service,Two year,No,Mailed check,65.58,596.51,No
0394-TELCO,Female,0,Yes,No,12,Yes,No,DSL,No,No,No internet service,No internet service,No internet service,No internet service,Month-to-month,Yes,Bank transfer (automatic),25.68,302.65,Yes
0395-TELCO,Male,0,No,Yes,26,Yes,Yes,Fiber optic,Yes,No,No,No,No,Yes,Month-to-month,Yes,Bank transfer (automatic),33.41,875.76,No
0396-TELCO,Female,0,Yes,No,38,Yes,Yes,Fiber optic,No internet service,No,Yes,Yes,No internet service,Yes,Two year,Yes,Bank transfer (automatic),68.29,2590.11,No
0397-TELCO,Female,0,Yes,Yes,3,Yes,No,Fiber optic,Yes,No,No internet service,No internet service,No,No internet service,Two year,Yes,Credit card (automatic),38.0,109.1,No
0398-TELCO,Female,0,Yes,No,15,Yes,No,Fiber optic,No,No,No internet service,No,No internet service,Yes,Month-to-month,No,Bank transfer (automatic),89.72,1353.48,Yes
0399-TELCO,Female,0,Yes,No,47,Yes,No,No,Yes,No internet service,No internet service,No,Yes,No internet service,Month-to-month,Yes,Electronic check,61.05,2866.34,No
0400-TELCO,Male,1,Yes,No,5,Yes,No phone service,Fiber optic,No,No internet service,No,Yes,Yes,Yes,One year,No,Bank transfer (automatic),74.97,378.18,Yes
0401-TELCO,Female,0,No,Yes,54,Yes,No,Fiber optic,No,Yes,No,No,No,Yes,Month-to-month,Yes,Mailed check,80.38,4337.66,No
0402-TELCO,Female,0,No,No,24,No,No,No,Yes,No,No internet service,Yes,Yes,No,One year,No,Credit card (automatic),113.53,2725.55,No
0403-TELCO,Male,1,No,No,11,Yes,Yes,DSL,No internet service,No,Yes,No,No,Yes,Month-to-month,No,Electronic check,112.07,1238.19,Yes
0404-TELCO,Male,0,No,Yes,33,Yes,No,No,No internet service,No,Yes,No,Yes,Yes,One year,No,Electronic check,56.03,1857.36,No
0405-TELCO,Female,1,No,No,57,Yes,No,Fiber optic,Yes,Yes,Yes,No internet service,No internet service,No,Two year,Yes,Electronic check,108.28,6175.0,No
0406-TELCO,Female,0,Yes,No,52,Yes,Yes,No,No,No,No internet service,No,No,Yes,Two year,Yes,Credit card (automatic),118.14,6140.89,Yes
0407-TELCO,Female,0,Yes,No,64,Yes,Yes,DSL,No,No,No,No internet service,Yes,Yes,Month-to-month,Yes,Credit card (automatic),106.68,6825.4,Yes
0408-TELCO,Female,0,Yes,No,43,Yes,Yes,No,No,Yes,Yes,No,No,Yes,One year,Yes,Electronic check,23.36,997.6,No
0409-TELCO,Female,0,No,No,44,Yes,Yes,Fiber optic,No,No,Yes,No,No internet service,No,Month-to-month,No,Mailed check,51.13,2251.03,No
0410-TELCO,Female,0,Yes,No,36,Yes,No phone service,Fiber optic,Yes,Yes,No,No internet service,No internet service,No internet service,Month-to-month,No,Mailed check,29.27,1060.56,No
0411-TELCO,Male,0,Yes,Yes,12,Yes,Yes,Fiber optic,No internet service,No internet service,No internet service,No,No,Yes,Month-to-month,No,Credit card (automatic),86.99,1036.48,No
0412-TELCO,Female,0,No,Yes,56,Yes,No phone service,No,Yes,No internet service,No internet service,No,Yes,No,Two year,Yes,Mailed check,53.38,2984.5,No
0413-TELCO,Female,0,Yes,No,3,Yes,Yes,Fiber optic,Yes,Yes,No internet service,No,No internet service,No,Month-to-month,Yes,Mailed check,37.2,101.99,Yes
0414-TELCO,Male,1,No,No,50,Yes,No,Fiber optic,No,No,No,No,No internet service,Yes,Month-to-month,No,Mailed check,39.08,1954.52,No
0415-TELCO,Male,1,No,Yes,29,Yes,Yes,No,Yes,No,Yes,No,Yes,Yes,Two year,Yes,Mailed check,55.95,1613.71,Yes
0416-TELCO,Male,0,Yes,Yes,16,Yes,No,DSL,Yes,No,No,No,Yes,Yes,Month-to-month,No,Bank transfer (automatic),78.1,1251.18,Yes
0417-TELCO,Male,0,Yes,No,40,Yes,No,DSL,No,No,No,No internet service,No,No,One year,Yes,Credit card (automatic),86.69,3463.28,No
0418-TELCO,Female,0,No,No,27,No,Yes,Fiber optic,No internet service,No,No,Yes,No,No internet service,Two year,Yes,Mailed check,20.43,557.66,No
0419-TELCO,Female,0,No,Yes,70,Yes,Yes,DSL,Yes,No internet service,No,No,No,No,Month-to-month,Yes,Mailed check,116.86,8180.9,No
0420-TELCO,Female,0,Yes,No,42,Yes,No,No,No,No,No,Yes,Yes,Yes,Month-to-month,No,Electronic check,22.35,938.33,No
0421-TELCO,Female,1,No,Yes,57,Yes,Yes,Fiber optic,No,Yes,Yes,No internet service,Yes,Yes,Month-to-month,No,Electronic check,116.76,6649.95,No
0422-TELCO,Female,0,No,No,10,Yes,No,Fiber optic,No,Yes,No internet service,Yes,No,No internet service,Two year,Yes,Credit card (automatic),45.27,461.21,No
0423-TELCO,Female,0,Yes,No,38,Yes,Yes,DSL,No,No internet service,No,Yes,Yes,Yes,One year,No,Electronic check,107.92,4110.01,No
0424-TELCO,Male,0,Yes,No,8,Yes,Yes,No,No,Yes,No,No internet service,Yes,No,Month-to-month,Yes,Electronic check,106.71,858.76,Yes
0425-TELCO,Female,1,No,No,18,Yes,No,No,No,No,Yes,No,No,Yes,One year,Yes,Electronic check,66.9,1200.33,No
0426-TELCO,Male,0,Yes,No,17,Yes,No,Fiber optic,No,No,No,No internet service,Yes,Yes,Month-to-month,No,Bank transfer (automatic),93.74,1599.35,No
0427-TELCO,Male,0,No,Yes,58,Yes,No,Fiber optic,No,Yes,No internet service,No,No,Yes,Month-to-month,No,Mailed check,85.04,4936.81,No
0428-TELCO,Female,0,Yes,Yes,66,Yes,No,DSL,No,No,Yes,No,No,No internet service,Two year,Yes,Bank transfer (automatic),100.85,6650.33,No
0429-TELCO,Male,0,No,No,44,Yes,Yes,Fiber optic,No,No internet service,Yes,No internet service,Yes,No,Month-to-month,No,Credit card (automatic),74.13,3253.35,Yes
0430-TELCO,Female,0,No,No,9,Yes,Yes,Fiber optic,No,Yes,Yes,No internet service,No,Yes,Two year,No,Electronic check,52.08,462.58,No
0431-TELCO,Male,1,No,No,48,Yes,Yes,DSL,No internet service,Yes,No,No,No,Yes,Two year,Yes,Electronic check,60.21,2897.42,No
0432-TELCO,Female,0,Yes,No,39,Yes,No,No,No internet service,No internet service,No,No internet service,Yes,No,Month-to-month,Yes,Bank transfer (automatic),32.26,1251.27,No
0433-TELCO,Male,0,Yes,No,6,No,No,No,No,No,Yes,No internet service,No,Yes,Two year,Yes,Electronic check,47.09,288.38,No
0434-TELCO,Female,0,No,Yes,30,No,No,DSL,No internet service,No,No,No,Yes,No,Month-to-month,No,Bank transfer (automatic),115.47,3460.47,No
0435-TELCO,Female,0,Yes,No,18,Yes,Yes,Fiber optic,No,No,No internet service,No internet service,Yes,No internet service,Two year,No,Credit card (automatic),61.39,1109.49,No
0436-TELCO,Female,0,Yes,No,43,Yes,No phone service,No,Yes,No,Yes,Yes,Yes,No,Month-to-month,No,Bank transfer (automatic),89.96,3876.27,Yes
0437-TELCO,Female,0,No,No,33,Yes,Yes,No,No,Yes,No,No internet service,No,No internet service,Month-to-month,No,Electronic check,49.49,1638.93,No
0438-TELCO,Female,0,Yes,No,53,Yes,No,DSL,Yes,No,No,No,No,No internet service,Two year,Yes,Credit card (automatic),90.56,4800.43,No
0439-TELCO,Male,0,Yes,No,56,Yes,Yes,Fiber optic,No,Yes,Yes,Yes,Yes,No,One year,No,Mailed check,66.17,3695.62,Yes
0440-TELCO,Male,0,Yes,No,19,Yes,No,No,No,No,No,No internet service,No internet service,No internet service,One year,Yes,Credit card (automatic),97.53,1845.83,No
0441-TELCO,Male,0,No,No,69,Yes,Yes,DSL,No,No,Yes,No internet service,Yes,Yes,Month-to-month,No,Credit card (automatic),58.37,4033.2,No
0442-TELCO,Female,1,No,No,26,Yes,No,Fiber optic,No,No internet service,No internet service,Yes,Yes,Yes,Two year,Yes,Mailed check,115.17,2986.36,No
0443-TELCO,Male,0,Yes,No,29,Yes,Yes,Fiber optic,No,No internet service,Yes,No,Yes,No,Month-to-month,No,Mailed check,36.76,1075.5,No
0444-TELCO,Female,0,Yes,No,24,Yes,Yes,Fiber optic,No,No internet service,No,No,Yes,Yes,Two year,No,Electronic check,69.05,1666.61,No
0445-TELCO,Female,0,Yes,No,6,Yes,No,DSL,Yes,No,Yes,No,No internet service,Yes,Two year,Yes,Electronic check,34.76,204.44,No
0446-TELCO,Male,0,No,No,54,Yes,No phone service,No,No,Yes,No internet service,Yes,No,Yes,Month-to-month,No,Bank transfer (automatic),44.7,2404.48,No
0447-TELCO,Male,0,Yes,No,39,Yes,Yes,DSL,No,No,No,No,No internet service,No internet service,One year,No,Bank transfer (automatic),70.44,2752.1,No
0448-TELCO,Female,0,No,No,4,Yes,No,Fiber optic,No internet service,No,No internet service,No,No,No internet service,Month-to-month,Yes,Mailed check,35.86,137.26,No
0449-TELCO,Male,0,Yes,No,58,Yes,Yes,Fiber optic,No internet service,No,No internet service,No,No,No,One year,Yes,Bank transfer (automatic),29.13,1694.21,No
0450-TELCO,Female,0,No,Yes,48,Yes,Yes,DSL,No,Yes,Yes,Yes,No internet service,No internet service,Month-to-month,Yes,Electronic check,103.41,4960.38,No
0451-TELCO,Female,0,Yes,No,60,Yes,No,DSL,No,No internet service,No internet service,No internet service,Yes,No internet service,Month-to-month,No,Electronic check,54.99,3296.86,No
0452-TELCO,Female,0,No,No,26,Yes,Yes,No,No,Yes,No,No,Yes,Yes,Two year,No,Electronic check,89.76,2335.78,No
0453-TELCO,Female,1,Yes,Yes,40,No,Yes,Fiber optic,Yes,No,Yes,No internet service,Yes,No,One year,Yes,Mailed check,66.44,2650.88,No
0454-TELCO,Female,0,Yes,No,56,Yes,Yes,Fiber optic,No,No,Yes,No,Yes,No,Month-to-month,Yes,Electronic check,93.24,5230.83,No
0455-TELCO,Male,0,No,No,39,Yes,Yes,No,No,No,No internet service,No,No,Yes,Month-to-month,Yes,Credit card (automatic),44.56,1728.71,No
0456-TELCO,Male,1,No,No,39,Yes,No,DSL,No,No,No,Yes,Yes,Yes,Month-to-month,No,Bank transfer (automatic),28.2,1108.76,No
0457-TELCO,Female,1,Yes,No,48,Yes,Yes,Fiber optic,No,Yes,No,Yes,No internet service,No,One year,No,Credit card (automatic),70.76,3392.45,No
0458-TELCO,Female,0,No,No,25,Yes,No,DSL,No,No internet service,No internet service,No,Yes,Yes,One year,Yes,Bank transfer (automatic),82.05,2054.58,Yes
0459-TELCO,Male,0,No,Yes,34,No,Yes,Fiber optic,No,No internet service,No internet service,No,Yes,No internet service,Month-to-month,Yes,Electronic check,113.62,3873.04,No
0460-TELCO,Male,0,No,No,21,Yes,No,DSL,Yes,No,Yes,No,No internet service,No,Month-to-month,Yes,Electronic check,95.96,2009.9,No
0461-TELCO,Female,0,Yes,Yes,25,Yes,No phone service,No,No,Yes,No,No internet service,No,Yes,One year,Yes,Mailed check,106.14,2653.0,No
0462-TELCO,Male,0,No,Yes,22,Yes,No,Fiber optic,No,Yes,No internet service,No,No,Yes,One year,No,Bank transfer (automatic),91.61,2005.89,No
0463-TELCO,Female,0,No,No,23,Yes,No,Fiber optic,No,Yes,No internet service,No,Yes,No,Month-to-month,No,Credit card (automatic),118.23,2713.58,No
0464-TELCO,Male,0,Yes,No,25,No,Yes,Fiber optic,No,No,No,No internet service,Yes,Yes,Month-to-month,Yes,Bank transfer (automatic),92.69,2310.02,No
0465-TELCO,Female,0,No,No,26,Yes,No,DSL,No,No,Yes,No,No internet service,Yes,Month-to-month,No,Electronic check,83.91,2186.74,No
0466-TELCO,Male,0,Yes,No,30,Yes,No phone service,No,No,No,No,No,No,No,Month-to-month,Yes,Electronic check,50.08,1506.25,Yes
0467-TELCO,Female,0,Yes,No,38,Yes,No phone service,DSL,No,No,No,Yes,No,No,One year,Yes,Credit card (automatic),43.07,1636.44,No
0468-TELCO,Male,0,No,No,34,Yes,No,Fiber optic,No,No internet service,Yes,No,Yes,No internet service,Month-to-month,Yes,Bank transfer (automatic),46.3,1564.24,No
0469-TELCO,Male,0,No,No,15,Yes,No,DSL,Yes,Yes,No,Yes,Yes,No,Month-to-month,No,Electronic check,20.97,308.67,No
0470-TELCO,Female,0,Yes,Yes,44,Yes,No,No,Yes,No,Yes,No internet service,No internet service,No internet service,Month-to-month,No,Credit card (automatic),41.8,1842.73,No
0471-TELCO,Male,1,Yes,Yes,10,Yes,No,Fiber optic,No,No,No,No,No,Yes,One year,Yes,Bank transfer (automatic),46.93,459.57,Yes
0472-TELCO,Female,0,No,No,37,Yes,No phone service,DSL,No internet service,No internet service,No,No internet service,No,Yes,Two year,Yes,Credit card (automatic),26.85,995.1,No
0473-TELCO,Male,0,Yes,Yes,7,Yes,No,Fiber optic,Yes,No,Yes,No internet service,No,No,One year,No,Bank transfer (automatic),19.42,129.16,No
0474-TELCO,Female,0,No,No,32,No,No,No,No,No,No,Yes,No internet service,No,One year,Yes,Mailed check,68.78,2202.6,No
0475-TELCO,Male,0,No,No,11,Yes,Yes,Fiber optic,No internet service,No,Yes,No,No,Yes,One year,Yes,Bank transfer (automatic),36.45,406.77,No
0476-TELCO,Female,1,Yes,Yes,48,Yes,Yes,Fiber optic,Yes,No internet service,Yes,No internet service,No,No,Month-to-month,Yes,Mailed check,41.62,2005.24,No
0477-TELCO,Male,0,No,No,68,Yes,Yes,DSL,Yes,No internet service,Yes,Yes,Yes,Yes,Month-to-month,Yes,Electronic check,116.83,7943.09,No
0478-TELCO,Female,0,No,Yes,48,Yes,Yes,DSL,No internet service,Yes,No,Yes,No,No internet service,Two year,Yes,Credit card (automatic),33.16,1593.75,No
0479-TELCO,Male,0,Yes,No,45,Yes,Yes,DSL,Yes,No,Yes,No,Yes,No,Two year,No,Credit card (automatic),23.27,1047.81,No
0480-TELCO,Female,0,No,No,33,Yes,No,Fiber optic,No,No internet service,Yes,No,No internet service,Yes,Month-to-month,Yes,Electronic check,101.18,3339.74,No
0481-TELCO,Female,0,No,No,4,Yes,No,Fiber optic,No,No,No internet service,Yes,Yes,Yes,Month-to-month,No,Credit card (automatic),45.45,179.52,Yes
0482-TELCO,Female,0,No,Yes,47,Yes,Yes,No,Yes,No,Yes,No,Yes,No internet service,Two year,Yes,Credit card (automatic),68.97,3247.37,No
0483-TELCO,Male,0,No,No,53,Yes,Yes,No,Yes,Yes,No,Yes,Yes,No internet service,Month-to-month,No,Electronic check,102.02,5403.82,No
0484-TELCO,Female,0,Yes,Yes,31,Yes,No,DSL,No,No,Yes,Yes,Yes,No,Two year,Yes,Electronic check,69.18,2146.42,No
0485-TELCO,Male,0,Yes,No,31,Yes,No,Fiber optic,No,No,No internet service,Yes,Yes,Yes,Month-to-month,No,Bank transfer (automatic),107.99,3346.8,Yes
0486-TELCO,Female,1,Yes,No,27,Yes,Yes,Fiber optic,Yes,No,No,Yes,Yes,Yes,Month-to-month,Yes,Mailed check,84.96,2290.78,No
0487-TELCO,Male,0,Yes,No,48,Yes,Yes,Fiber optic,No,No internet service,Yes,Yes,Yes,No,Two year,Yes,Credit card (automatic),80.2,3846.9,No
0488-TELCO,Female,0,Yes,No,36,Yes,No,Fiber optic,No,Yes,No,No,No,No,One year,No,Electronic check,94.29,3393.11,No
0489-TELCO,Male,0,No,No,49,Yes,Yes,DSL,No,No,No internet service,No internet service,No internet service,No internet service,Month-to-month,Yes,Mailed check,40.25,1970.41,Yes
0490-TELCO,Male,1,No,Yes,31,Yes,Yes,DSL,No,No internet service,No internet service,No internet service,Yes,No,Month-to-month,Yes,Bank transfer (automatic),35.52,1105.3,Yes
0491-TELCO,Female,0,No,Yes,44,Yes,No,Fiber optic,Yes,No,No,No internet service,Yes,Yes,Two year,No,Credit card (automatic),102.71,4520.53,No
0492-TELCO,Male,0,No,No,59,Yes,Yes,DSL,No,No,Yes,No,No,Yes,Month-to-month,No,Electronic check,108.71,6414.1,No
0493-TELCO,Male,0,No,Yes,23,Yes,Yes,Fiber optic,No,Yes,No,No internet service,No internet service,No,Month-to-month,Yes,Electronic check,34.38,784.17,Yes
0494-TELCO,Female,0,No,No,68,Yes,No phone service,Fiber optic,No,No,No,No internet service,Yes,Yes,Two year,Yes,Electronic check,71.63,4870.27,No
0495-TELCO,Male,0,No,No,42,Yes,Yes,No,No,No internet service,No,No,Yes,No internet service,One year,Yes,Mailed check,35.28,1481.43,No
0496-TELCO,Male,0,Yes,No,42,No,No,No,No,No internet service,No,No,No internet service,Yes,Two year,Yes,Mailed check,21.3,898.75,No
0497-TELCO,Male,0,No,No,13,Yes,Yes,No,No,No,No,No,Yes,No,Month-to-month,Yes,Bank transfer (automatic),68.52,889.51,Yes
0498-TELCO,Female,0,No,No,1,Yes,Yes,No,No,No,Yes,Yes,No internet service,Yes,One year,Yes,Credit card (automatic),78.69,79.08,Yes
0499-TELCO,Male,0,Yes,No,53,Yes,No,No,No internet service,Yes,No,Yes,No,Yes,Month-to-month,Yes,Electronic check,65.4,3464.22,No
0500-TELCO,Female,0,No,No,40,Yes,No,Fiber optic,No internet service,No,No,No,No,Yes,Two year,No,Mailed check,96.79,3881.17,No
0501-TELCO,Male,0,No,No,46,Yes,Yes,No,No,Yes,No internet service,Yes,No,Yes,Month-to-month,No,Mailed check,41.46,1914.28,Yes
0502-TELCO,Male,0,Yes,No,22,Yes,Yes,Fiber optic,No,No internet service,Yes,No internet service,Yes,Yes,Month-to-month,Yes,Credit card (automatic),110.75,2427.36,Yes
0503-TELCO,Male,0,No,No,52,Yes,No phone service,No,No,No,No internet service,No,Yes,No,Month-to-month,Yes,Mailed check,74.85,3899.35,No
0504-TELCO,Female,0,Yes,No,28,Yes,Yes,DSL,Yes,No,Yes,Yes,Yes,Yes,One year,Yes,Electronic check,71.76,2006.57,Yes
0505-TELCO,Male,0,Yes,No,53,Yes,No phone service,Fiber optic,No,Yes,Yes,No,No,Yes,Month-to-month,Yes,Credit card (automatic),63.73,3374.34,Yes
0506-TELCO,Male,0,No,Yes,63,No,No,No,No,No,Yes,No,No internet service,No,Month-to-month,No,Credit card (automatic),39.87,2503.72,No
0507-TELCO,Female,0,No,No,17,Yes,Yes,Fiber optic,No internet service,No,No,Yes,Yes,No internet service,Month-to-month,Yes,Electronic check,46.71,802.19,Yes
0508-TELCO,Male,0,No,No,64,Yes,Yes,DSL,No internet service,Yes,No,Yes,Yes,No,Two year,No,Credit card (automatic),73.8,4730.75,No
0509-TELCO,Female,0,No,No,6,Yes,Yes,Fiber optic,No internet service,No,No,No,No,No internet service,One year,Yes,Credit card (automatic),92.81,565.56,Yes
0510-TELCO,Female,0,Yes,Yes,14,No,No phone service,Fiber optic,No,No,No,No internet service,No,No internet service,Month-to-month,No,Bank transfer (automatic),32.4,459.02,Yes
0511-TELCO,Male,0,No,No,17,Yes,No,Fiber optic,No,No,Yes,No,Yes,Yes,Month-to-month,No,Mailed check,70.77,1195.21,Yes
0512-TELCO,Female,0,No,No,38,Yes,Yes,Fiber optic,No,Yes,No,No,No internet service,No,Two year,No,Electronic check,21.28,799.17,No
0513-TELCO,Male,0,No,No,69,Yes,No phone service,DSL,No internet service,No internet service,No,No,No internet service,Yes,One year,Yes,Electronic check,36.67,2538.44,Yes
0514-TELCO,Female,0,Yes,No,13,Yes,No phone service,No,No,Yes,No,No,No internet service,No internet service,Month-to-month,Yes,Electronic check,99.02,1288.25,No
0515-TELCO,Female,0,No,Yes,53,Yes,Yes,Fiber optic,No,No,No,Yes,Yes,Yes,Month-to-month,Yes,Electronic check,46.02,2433.81,No
0516-TELCO,Male,0,No,No,9,Yes,Yes,DSL,Yes,No,Yes,Yes,Yes,Yes,Month-to-month,No,Bank transfer (automatic),46.68,411.86,No
0517-TELCO,Female,1,No,No,44,Yes,No,No,No,No,No internet service,No internet service,No,No internet service,Month-to-month,Yes,Electronic check,71.62,3144.19,No
0518-TELCO,Female,1,No,No,26,Yes,No,Fiber optic,No,No,No internet service,No internet service,Yes,No internet service,One year,Yes,Electronic check,55.56,1437.71,No
0519-TELCO,Female,0,Yes,No,19,Yes,Yes,DSL,Yes,Yes,No,No,Yes,Yes,Month-to-month,Yes,Electronic check,102.8,1956.0,Yes
0520-TELCO,Female,0,No,Yes,48,Yes,Yes,No,No,No internet service,No,No,No,Yes,Two year,No,Bank transfer (automatic),63.87,3060.9,No
0521-TELCO,Female,0,No,No,30,Yes,No phone service,No,Yes,Yes,No,Yes,No,No internet service,Month-to-month,No,Electronic check,104.28,3124.52,Yes
0522-TELCO,Male,0,Yes,Yes,32,Yes,No,Fiber optic,No internet service,Yes,Yes,No,No,Yes,Month-to-month,No,Electronic check,19.15,614.77,No
0523-TELCO,Female,0,No,No,69,No,No,DSL,No,No,No,Yes,Yes,No internet service,Month-to-month,Yes,Credit card (automatic),99.5,6871.31,No
0524-TELCO,Male,0,No,No,11,Yes,Yes,DSL,No,No internet service,No internet service,Yes,No,No internet service,Month-to-month,Yes,Electronic check,21.17,230.89,Yes
0525-TELCO,Female,0,Yes,No,26,Yes,No,No,Yes,Yes,No,No,No,Yes,Two year,Yes,Bank transfer (automatic),105.64,2737.41,No
0526-TELCO,Male,0,No,No,26,Yes,Yes,No,No,No,No,No,Yes,Yes,Two year,Yes,Credit card (automatic),113.89,2964.19,No
0527-TELCO,Male,0,Yes,No,17,Yes,No,Fiber optic,Yes,No,No internet service,No,No,Yes,Month-to-month,No,Electronic check,107.32,1828.13,Yes
0528-TELCO,Female,0,Yes,No,44,Yes,No,DSL,No,Yes,No internet service,No,No,Yes,One year,Yes,Mailed check,107.78,4739.05,No
0529-TELCO,Female,0,No,No,23,Yes,Yes,DSL,No internet service,No,No,No,Yes,No,One year,No,Mailed check,73.87,1689.03,No
0530-TELCO,Female,0,Yes,No,25,Yes,No,No,Yes,No,Yes,No internet service,No,No,Month-to-month,No,Bank transfer (automatic),113.4,2836.43,Yes
0531-TELCO,Male,0,Yes,No,37,Yes,Yes,DSL,Yes,No,Yes,No internet service,Yes,No,Month-to-month,No,Credit card (automatic),30.36,1128.82,No
0532-TELCO,Female,0,Yes,No,65,Yes,No,Fiber optic,Yes,Yes,No internet service,No,No internet service,Yes,Month-to-month,Yes,Electronic check,29.51,1912.54,No
0533-TELCO,Male,0,Yes,No,2,Yes,No,Fiber optic,No,No internet service,No internet service,No,No,Yes,Month-to-month,No,Mailed check,45.97,92.19,No
0534-TELCO,Male,1,No,Yes,32,Yes,No,DSL,No internet service,Yes,No,No internet service,No,Yes,Month-to-month,Yes,Mailed check,73.15,2344.75,No
0535-TELCO,Male,0,No,No,55,Yes,No,DSL,No,No,Yes,No internet service,Yes,No,Month-to-month,No,Credit card (automatic),35.14,1934.48,No
0536-TELCO,Female,1,No,No,50,Yes,No,Fiber optic,No,No internet service,No,No,No internet service,No internet service,Month-to-month,No,Bank transfer (automatic),106.53,5331.93,No
0537-TELCO,Female,1,No,No,65,Yes,Yes,Fiber optic,Yes,Yes,No,No,No internet service,No,Two year,Yes,Credit card (automatic),44.43,2886.11,Yes
0538-TELCO,Male,0,Yes,No,32,Yes,No,No,No,Yes,Yes,No internet service,Yes,No internet service,Month-to-month,No,Electronic check,110.18,3533.16,No
0539-TELCO,Male,0,No,No,37,Yes,Yes,Fiber optic,Yes,Yes,No internet service,Yes,No internet service,Yes,Two year,No,Electronic check,47.01,1735.74,No
0540-TELCO,Female,0,No,No,13,Yes,No,DSL,No,No internet service,Yes,No internet service,No,No internet service,One year,No,Credit card (automatic),32.17,411.29,No
0541-TELCO,Male,1,No,No,54,Yes,No,Fiber optic,No,No,No,No internet service,No internet service,Yes,One year,Yes,Mailed check,92.92,5023.37,No
0542-TELCO,Female,0,No,No,3,No,No,DSL,No,No internet service,No,No,Yes,No internet service,Month-to-month,Yes,Bank transfer (automatic),23.38,60.34,Yes
0543-TELCO,Male,0,No,No,42,Yes,Yes,DSL,No,No,No internet service,No,Yes,No internet service,Two year,No,Electronic check,96.5,4062.02,No
0544-TELCO,Female,0,No,Yes,40,Yes,No phone service,Fiber optic,No,No internet service,No,Yes,No,No,Month-to-month,No,Mailed check,112.17,4478.27,No
0545-TELCO,Male,0,Yes,No,66,No,No,No,Yes,No,Yes,Yes,Yes,Yes,Two year,Yes,Credit card (automatic),41.48,2743.43,No
0546-TELCO,Female,0,No,No,60,Yes,No phone service,No,No internet service,No internet service,No,No,No internet service,No,Month-to-month,Yes,Bank transfer (automatic),100.01,5993.02,Yes
0547-TELCO,Male,0,Yes,No,11,Yes,No,Fiber optic,No internet service,No,Yes,No internet service,No internet service,No,Month-to-month,Yes,Mailed check,110.53,1211.44,Yes
0548-TELCO,Female,0,Yes,Yes,1,Yes,No,Fiber optic,No,Yes,No,Yes,No,No,One year,Yes,Credit card (automatic),50.75,52.77,Yes
0549-TELCO,Female,1,Yes,Yes,26,Yes,No phone service,No,Yes,Yes,No,Yes,Yes,No internet service,One year,Yes,Electronic check,96.55,2503.1,No
0550-TELCO,Male,0,Yes,No,42,Yes,No,Fiber optic,No,Yes,No,No,No,No,One year,Yes,Mailed check,28.26,1178.87,No
0551-TELCO,Male,1,Yes,Yes,62,Yes,No,Fiber optic,No internet service,Yes,Yes,No,Yes,Yes,One year,No,Bank transfer (automatic),105.26,6534.75,No
0552-TELCO,Female,0,Yes,No,61,Yes,Yes,Fiber optic,No,No,Yes,No,No internet service,Yes,Month-to-month,Yes,Electronic check,65.0,3969.41,No
0553-TELCO,Male,0,No,No,62,Yes,Yes,DSL,No internet service,Yes,Yes,Yes,No,Yes,Month-to-month,Yes,Electronic check,43.15,2667.7,No
0554-TELCO,Female,0,No,No,12,Yes,Yes,Fiber optic,No,No,No,Yes,Yes,No,Two year,No,Bank transfer (automatic),71.15,854.18,No
0555-TELCO,Male,0,No,Yes,27,Yes,No,No,No internet service,Yes,No,No,No,Yes,Month-to-month,No,Bank transfer (automatic),44.12,1197.94,Yes
0556-TELCO,Female,0,Yes,No,67,Yes,No,Fiber optic,No internet service,No,No,No,Yes,Yes,Month-to-month,Yes,Credit card (automatic),98.42,6585.88,No
0557-TELCO,Female,0,No,No,28,Yes,Yes,DSL,Yes,No internet service,No internet service,Yes,Yes,No,Month-to-month,Yes,Electronic check,50.59,1422.73,No
0558-TELCO,Female,0,No,No,66,Yes,No,Fiber optic,No,No,No,Yes,Yes,No,One year,Yes,Mailed check,25.6,1696.46,Yes
0559-TELCO,Female,1,Yes,No,28,Yes,No,Fiber optic,Yes,Yes,No internet service,No internet service,No internet service,No internet service,Month-to-month,No,Bank transfer (automatic),21.77,606.39,Yes
0560-TELCO,Female,1,No,No,21,Yes,Yes,No,Yes,Yes,No internet service,No,No,No internet service,Two year,No,Bank transfer (automatic),44.39,942.1,No
0561-TELCO,Female,0,No,Yes,7,Yes,Yes,DSL,No,No internet service,No internet service,No,Yes,Yes,Two year,Yes,Mailed check,71.73,499.97,No
0562-TELCO,Male,0,Yes,No,14,Yes,Yes,Fiber optic,No internet service,Yes,No internet service,Yes,Yes,No,Month-to-month,Yes,Bank transfer (automatic),82.07,1157.03,No
0563-TELCO,Male,0,No,No,39,Yes,Yes,Fiber optic,No internet service,No,No,No,No,No internet service,Two year,Yes,Electronic check,69.12,2703.64,No
0564-TELCO,Male,0,No,No,62,Yes,Yes,No,Yes,No internet service,No,No,No,No,Two year,Yes,Bank transfer (automatic),88.46,5488.79,No
0565-TELCO,Female,1,Yes,No,12,Yes,Yes,Fiber optic,Yes,Yes,No,Yes,Yes,Yes,Two year,No,Mailed check,86.7,1030.42,No
0566-TELCO,Female,0,Yes,No,38,Yes,No,No,No,No,Yes,No internet service,No,No internet service,Month-to-month,No,Bank transfer (automatic),75.95,2889.76,No
0567-TELCO,Female,0,Yes,Yes,58,Yes,Yes,DSL,Yes,Yes,Yes,No internet service,Yes,No internet service,One year,Yes,Bank transfer (automatic),86.78,5025.13,No
0568-TELCO,Female,1,Yes,No,56,Yes,Yes,DSL,No,Yes,Yes,No internet service,No internet service,Yes,Month-to-month,No,Electronic check,104.86,5862.88,No
0569-TELCO,Male,0,No,No,39,No,No,Fiber optic,No internet service,Yes,Yes,No,Yes,No internet service,Month-to-month,Yes,Bank transfer (automatic),22.3,863.31,No
0570-TELCO,Male,1,No,No,4,Yes,No,Fiber optic,No internet service,No,No,No,No internet service,Yes,Month-to-month,No,Credit card (automatic),101.95,408.03,Yes
0571-TELCO,Female,0,Yes,No,48,No,No phone service,Fiber optic,No internet service,No internet service,No internet service,No,No,Yes,Month-to-month,Yes,Electronic check,54.03,2592.65,No
0572-TELCO,Male,0,No,No,7,Yes,Yes,DSL,No,No,No,Yes,No internet service,Yes,Month-to-month,Yes,Electronic check,48.96,340.51,No
0573-TELCO,Male,0,Yes,No,60,Yes,No,Fiber optic,No,No,No internet service,Yes,No,No,Two year,Yes,Electronic check,104.99,6300.1,No
0574-TELCO,Female,0,Yes,No,40,Yes,No,Fiber optic,No,Yes,Yes,No,No internet service,No,Two year,No,Electronic check,79.24,3164.89,No
0575-TELCO,Male,0,Yes,Yes,8,Yes,No,Fiber optic,Yes,Yes,No internet service,No,Yes,Yes,Month-to-month,Yes,Credit card (automatic),24.14,189.38,Yes
0576-TELCO,Female,0,No,No,58,Yes,Yes,DSL,No internet service,No,Yes,Yes,Yes,Yes,Month-to-month,No,Credit card (automatic),37.41,2163.96,No
0577-TELCO,Male,0,Yes,No,57,Yes,Yes,No,Yes,No internet service,No internet service,No,Yes,Yes,Month-to-month,Yes,Mailed check,112.27,6398.44,No
0578-TELCO,Female,0,Yes,No,35,Yes,No,Fiber optic,No internet service,Yes,No internet service,No,Yes,No internet service,Month-to-month,Yes,Credit card (automatic),59.71,2094.14,No
0579-TELCO,Female,0,Yes,Yes,13,Yes,No,DSL,No,No,No internet service,No internet service,No internet service,Yes,Month-to-month,No,Electronic check,45.67,593.94,No
0580-TELCO,Female,0,No,No,39,Yes,No phone service,Fiber optic,No,No internet service,No internet service,No,No,No,One year,Yes,Mailed check,38.14,1494.48,No
0581-TELCO,Female,0,No,No,21,Yes,No phone service,DSL,No,No,No,Yes,No internet service,No,Month-to-month,No,Mailed check,74.19,1557.82,Yes
0582-TELCO,Male,0,Yes,No,47,No,Yes,Fiber optic,Yes,No,Yes,No internet service,No,No,Month-to-month,No,Electronic check,115.55,5424.89,No
0583-TELCO,Female,0,Yes,No,2,Yes,No,Fiber optic,No,No,No internet service,No internet service,No internet service,No,One year,Yes,Bank transfer (automatic),31.74,63.72,No
0584-TELCO,Female,0,No,No,44,Yes,No,No,No,Yes,No,No,No,Yes,Month-to-month,Yes,Credit card (automatic),42.3,1858.63,No
0585-TELCO,Female,0,No,No,30,Yes,No,No,No,Yes,No internet service,No internet service,Yes,No internet service,Month-to-month,Yes,Credit card (automatic),68.05,2041.33,No
0586-TELCO,Male,0,Yes,No,55,Yes,No phone service,DSL,No internet service,Yes,No,Yes,Yes,Yes,Month-to-month,Yes,Electronic check,39.89,2185.92,No
0587-TELCO,Female,0,No,No,40,Yes,Yes,DSL,Yes,Yes,Yes,No internet service,No,Yes,Two year,No,Credit card (automatic),118.7,4753.53,No
0588-TELCO,Male,0,No,Yes,24,Yes,No,DSL,No,No,Yes,Yes,No internet service,No,Month-to-month,Yes,Bank transfer (automatic),59.39,1422.3,No
0589-TELCO,Female,1,Yes,No,42,Yes,No phone service,Fiber optic,No internet service,No,No,No,Yes,No,Two year,Yes,Bank transfer (automatic),62.53,2616.6,No
0590-TELCO,Male,0,No,Yes,28,Yes,No,DSL,No,No internet service,Yes,No,No,No internet service,Month-to-month,Yes,Electronic check,40.28,1129.16,No
0591-TELCO,Male,0,No,No,51,No,No phone service,No,No internet service,Yes,No,No,Yes,Yes,Month-to-month,No,Bank transfer (automatic),98.23,5013.41,No
0592-TELCO,Female,0,No,No,22,Yes,No,Fiber optic,No,No internet service,No,Yes,No internet service,No internet service,Two year,No,Electronic check,65.0,1421.45,No
0593-TELCO,Male,0,Yes,Yes,8,Yes,No,Fiber optic,No internet service,Yes,No,No,No internet service,No internet service,Two year,Yes,Mailed check,83.42,664.86,No
0594-TELCO,Female,1,Yes,No,14,Yes,Yes,Fiber optic,No internet service,Yes,No internet service,No internet service,Yes,No,Month-to-month,Yes,Electronic check,35.76,500.23,No
0595-TELCO,Female,0,Yes,No,45,Yes,No,No,No internet service,No,Yes,No internet service,No,Yes,Month-to-month,Yes,Electronic check,31.25,1406.3,No
0596-TELCO,Female,0,Yes,No,38,No,No,DSL,No internet service,No internet service,No,No,No,No,Month-to-month,No,Bank transfer (automatic),74.61,2825.89,Yes
0597-TELCO,Male,0,No,Yes,32,No,Yes,Fiber optic,Yes,No,No,No,No,Yes,Month-to-month,No,Bank transfer (automatic),36.14,1159.14,No
0598-TELCO,Male,0,No,No,62,Yes,No,Fiber optic,No,No,No internet service,No internet service,Yes,No internet service,Month-to-month,Yes,Mailed check,70.03,4333.74,No
0599-TELCO,Female,0,No,Yes,67,Yes,Yes,Fiber optic,Yes,No,Yes,Yes,No internet service,No,Month-to-month,Yes,Bank transfer (automatic),118.67,7947.9,No
0600-TELCO,Female,0,No,Yes,61,Yes,No,Fiber optic,Yes,No,No,No internet service,Yes,No,Month-to-month,No,Credit card (automatic),62.65,3821.8,No
0601-TELCO,Male,0,Yes,Yes,13,Yes,No,DSL,No,Yes,No internet service,Yes,No,No internet service,Month-to-month,No,Electronic check,20.76,274.9,No
0602-TELCO,Female,0,No,No,47,Yes,No,Fiber optic,No internet service,No,No,No internet service,Yes,No,Two year,Yes,Electronic check,82.0,3851.31,No
0603-TELCO,Female,0,No,Yes,54,Yes,No,No,No,No,No internet service,No internet service,No,Yes,Month-to-month,No,Electronic check,44.27,2397.0,No
0604-TELCO,Female,0,Yes,Yes,71,Yes,Yes,DSL,No internet service,No,No internet service,Yes,No internet service,Yes,Month-to-month,No,Bank transfer (automatic),112.79,8013.55,No
0605-TELCO,Male,0,No,No,52,Yes,No phone service,Fiber optic,No internet service,Yes,No internet service,No internet service,Yes,No internet service,Two year,Yes,Bank transfer (automatic),41.74,2168.58,Yes
0606-TELCO,Male,0,Yes,No,72,Yes,Yes,DSL,Yes,No,No,No,No internet service,No internet service,Two year,No,Mailed check,111.98,8070.1,No
0607-TELCO,Male,1,No,Yes,25,Yes,Yes,Fiber optic,Yes,No,No,No internet service,No,No internet service,Month-to-month,No,Bank transfer (automatic),20.09,511.49,No
0608-TELCO,Female,0,No,No,23,Yes,No phone service,No,No,No,Yes,Yes,Yes,Yes,Month-to-month,No,Mailed check,116.58,2676.76,Yes
0609-TELCO,Female,1,Yes,No,30,Yes,Yes,Fiber optic,No,No,Yes,No internet service,Yes,Yes,Month-to-month,Yes,Credit card (automatic),45.73,1378.33,Yes
0610-TELCO,Female,0,No,Yes,11,Yes,No,DSL,Yes,No,Yes,No,No,Yes,Month-to-month,Yes,Electronic check,96.8,1060.52,No
0611-TELCO,Male,0,No,No,35,Yes,Yes,DSL,No internet service,No,Yes,No,Yes,No internet service,One year,No,Bank transfer (automatic),65.12,2282.92,Yes
0612-TELCO,Female,0,Yes,Yes,27,Yes,Yes,No,Yes,Yes,Yes,No,No internet service,Yes,Two year,Yes,Electronic check,55.48,1501.32,No
0613-TELCO,Female,0,Yes,Yes,67,Yes,No,DSL,Yes,No internet service,Yes,No,Yes,No,Two year,Yes,Electronic check,114.53,7679.32,No
0614-TELCO,Female,0,Yes,No,47,Yes,No,DSL,No,No internet service,Yes,No,No,Yes,Month-to-month,Yes,Electronic check,112.9,5300.65,Yes
0615-TELCO,Female,0,No,Yes,50,Yes,No,Fiber optic,No,Yes,Yes,No internet service,No,No internet service,Month-to-month,Yes,Bank transfer (automatic),78.95,3956.18,No
0616-TELCO,Male,0,No,Yes,8,No,No,DSL,No internet service,No internet service,Yes,No,Yes,No,Month-to-month,No,Electronic check,112.65,899.79,Yes
0617-TELCO,Male,1,No,No,55,No,No phone service,No,No internet service,No,No,No internet service,No internet service,No internet service,Month-to-month,Yes,Electronic check,97.51,5353.1,No
0618-TELCO,Female,0,No,No,42,Yes,Yes,DSL,No internet service,No,No internet service,Yes,Yes,No,Month-to-month,Yes,Bank transfer (automatic),54.77,2305.8,Yes
0619-TELCO,Male,0,No,No,67,Yes,No,Fiber optic,Yes,No internet service,No internet service,No internet service,No internet service,No,Month-to-month,Yes,Electronic check,108.3,7264.73,No
0620-TELCO,Male,0,Yes,No,20,No,No phone service,DSL,No,No internet service,No internet service,No internet service,Yes,Yes,Month-to-month,Yes,Mailed check,54.3,1095.37,No
0621-TELCO,Female,0,No,No,45,Yes,No phone service,Fiber optic,No,Yes,No,Yes,Yes,Yes,Two year,No,Credit card (automatic),113.34,5097.56,No
0622-TELCO,Female,0,Yes,No,35,Yes,No,Fiber optic,Yes,No,Yes,No,No internet service,Yes,One year,No,Credit card (automatic),70.1,2443.91,No
0623-TELCO,Male,0,Yes,No,20,Yes,No phone service,No,No,No internet service,No,No,No,Yes,Month-to-month,No,Bank transfer (automatic),92.49,1846.64,No
0624-TELCO,Female,1,No,No,24,No,No,Fiber optic,No,No,No,No,No,No,Two year,Yes,Electronic check,82.27,1982.15,No
0625-TELCO,Male,0,Yes,No,57,Yes,No phone service,DSL,No,Yes,No,Yes,Yes,No,Month-to-month,Yes,Credit card (automatic),91.97,5249.16,No
0626-TELCO,Female,0,No,Yes,55,Yes,No phone service,DSL,Yes,No internet service,No internet service,Yes,Yes,No,Month-to-month,Yes,Mailed check,36.4,1999.58,No
0627-TELCO,Male,0,No,No,9,Yes,Yes,No,No internet service,Yes,Yes,No internet service,No,No,Month-to-month,Yes,Electronic check,107.62,961.64,Yes
0628-TELCO,Female,1,Yes,No,16,Yes,Yes,Fiber optic,No,No,No,No,No,Yes,Two year,Yes,Credit card (automatic),100.9,1617.29,No
0629-TELCO,Male,0,Yes,No,55,Yes,No,Fiber optic,No,No,No,Yes,Yes,No,Two year,Yes,Electronic check,81.66,4494.58,No
0630-TELCO,Male,0,No,No,72,No,Yes,No,No internet service,No,No internet service,No,Yes,No,Month-to-month,No,Bank transfer (automatic),39.54,2849.49,No
0631-TELCO,Male,0,No,No,58,Yes,No phone service,DSL,No internet service,Yes,Yes,No internet service,No internet service,Yes,Month-to-month,Yes,Mailed check,75.84,4391.73,No
0632-TELCO,Female,0,Yes,No,64,Yes,Yes,Fiber optic,No internet service,Yes,Yes,No,No internet service,Yes,Two year,Yes,Credit card (automatic),62.08,3979.61,No
0633-TELCO,Male,0,Yes,No,49,No,No phone service,DSL,No,Yes,No,Yes,Yes,Yes,Month-to-month,No,Mailed check,20.06,973.67,No
0634-TELCO,Male,0,No,No,29,Yes,Yes,DSL,No,No,No internet service,No,No internet service,No,Month-to-month,No,Credit card (automatic),111.03,3229.27,No
0635-TELCO,Female,0,No,No,7,Yes,Yes,DSL,No,No,Yes,No internet service,Yes,Yes,One year,Yes,Mailed check,95.55,676.88,No
0636-TELCO,Female,0,Yes,No,69,Yes,Yes,No,No,No internet service,No,No internet service,No internet service,No,One year,No,Electronic check,108.46,7493.62,No
0637-TELCO,Male,0,Yes,No,2,Yes,Yes,Fiber optic,No internet service,No,Yes,No,Yes,No,One year,No,Credit card (automatic),78.86,159.71,Yes
0638-TELCO,Male,0,No,No,33,Yes,No,DSL,No,Yes,Yes,Yes,No,No internet service,Two year,Yes,Mailed check,51.65,1706.52,No
0639-TELCO,Female,0,No,Yes,48,No,No,DSL,No,No internet service,No,No internet service,No,No internet service,Month-to-month,No,Credit card (automatic),62.43,2994.33,No
0640-TELCO,Female,0,No,No,37,Yes,Yes,DSL,No,Yes,No,No internet service,Yes,Yes,One year,Yes,Credit card (automatic),101.59,3751.09,No
0641-TELCO,Female,0,No,No,30,Yes,No,No,No,No,No internet service,No internet service,No,Yes,Two year,No,Bank transfer (automatic),38.29,1153.8,No
0642-TELCO,Female,0,No,No,41,Yes,No phone service,Fiber optic,No internet service,No,No,No,Yes,Yes,Month-to-month,Yes,Mailed check,33.47,1372.1,No
0643-TELCO,Female,0,Yes,No,4,Yes,No,No,Yes,Yes,No,No,Yes,Yes,Two year,Yes,Electronic check,28.34,110.65,No
0644-TELCO,Male,0,No,No,39,Yes,Yes,No,No,Yes,Yes,Yes,No,Yes,One year,No,Bank transfer (automatic),28.25,1109.26,No
0645-TELCO,Female,1,Yes,Yes,24,Yes,No phone service,No,No,No internet service,Yes,No,No internet service,Yes,Month-to-month,No,Bank transfer (automatic),67.15,1601.64,Yes
0646-TELCO,Male,0,No,No,50,Yes,Yes,DSL,Yes,Yes,No,No,No internet service,Yes,One year,No,Electronic check,92.24,4611.57,No
0647-TELCO,Male,0,Yes,No,37,Yes,Yes,DSL,No,No,Yes,Yes,No internet service,Yes,Two year,No,Credit card (automatic),107.73,3989.06,No
0648-TELCO,Male,0,Yes,No,53,Yes,No,Fiber optic,No,No internet service,Yes,Yes,No internet service,No internet service,Two year,Yes,Mailed check,75.32,3982.04,No
0649-TELCO,Female,0,No,No,25,Yes,No,Fiber optic,No,No internet service,No,No internet service,No,No internet service,Month-to-month,Yes,Bank transfer (automatic),68.12,1707.55,Yes
0650-TELCO,Male,0,No,No,31,Yes,Yes,Fiber optic,Yes,Yes,No internet service,Yes,Yes,Yes,Two year,No,Credit card (automatic),57.16,1765.28,No
0651-TELCO,Male,0,Yes,No,38,Yes,Yes,DSL,No internet service,Yes,Yes,No,No internet service,No,Month-to-month,No,Credit card (automatic),48.47,1848.77,No
0652-TELCO,Female,0,No,No,58,Yes,No,No,No internet service,No,No,No,Yes,Yes,Month-to-month,Yes,Credit card (automatic),21.62,1259.25,No
0653-TELCO,Male,0,Yes,No,53,Yes,No,DSL,No,Yes,Yes,No,No internet service,Yes,One year,Yes,Credit card (automatic),91.7,4852.9,No
0654-TELCO,Male,0,Yes,Yes,50,Yes,No,DSL,No,No,Yes,Yes,No,No,Month-to-month,No,Credit card (automatic),25.37,1269.98,Yes
0655-TELCO,Female,0,No,No,4,Yes,No phone service,Fiber optic,Yes,No,No internet service,No,No,Yes,Month-to-month,Yes,Bank transfer (automatic),94.44,382.91,No
0656-TELCO,Male,0,Yes,No,52,Yes,No,DSL,No,No,No,No,Yes,No,Month-to-month,No,Electronic check,89.98,4669.55,Yes
0657-TELCO,Male,0,No,No,31,Yes,Yes,DSL,Yes,No,Yes,No internet service,Yes,Yes,One year,Yes,Electronic check,117.49,3643.09,No
0658-TELCO,Male,1,Yes,Yes,14,Yes,Yes,DSL,No,No internet service,No internet service,No,No,No,Month-to-month,Yes,Bank transfer (automatic),20.26,274.65,Yes
0659-TELCO,Female,1,No,No,1,No,Yes,DSL,No internet service,Yes,No,No,Yes,No,Month-to-month,No,Bank transfer (automatic),42.66,45.05,No
0660-TELCO,Female,0,No,No,43,Yes,No,DSL,Yes,No,No,No,Yes,No internet service,Month-to-month,No,Mailed check,26.52,1148.0,No
0661-TELCO,Female,0,Yes,No,59,Yes,No,DSL,No,Yes,No,No internet service,Yes,Yes,Month-to-month,Yes,Credit card (automatic),112.0,6605.9,No
0662-TELCO,Male,0,Yes,No,61,Yes,Yes,Fiber optic,Yes,Yes,Yes,No,No,No,Month-to-month,Yes,Electronic check,69.91,4263.23,No
0663-TELCO,Male,0,No,No,41,Yes,Yes,Fiber optic,No,Yes,No,No,No,No,One year,No,Electronic check,114.3,4695.85,No
0664-TELCO,Female,0,No,No,18,Yes,No,Fiber optic,Yes,No,Yes,Yes,No,No internet service,Two year,No,Credit card (automatic),33.86,608.6,No
0665-TELCO,Male,0,Yes,No,60,Yes,Yes,Fiber optic,No,No internet service,Yes,No,Yes,Yes,Month-to-month,Yes,Mailed check,51.41,3080.31,No
0666-TELCO,Male,0,No,No,69,Yes,Yes,DSL,No,No,No,Yes,No,Yes,Month-to-month,Yes,Electronic check,82.46,5699.67,No
0667-TELCO,Female,0,Yes,No,59,Yes,Yes,DSL,Yes,Yes,Yes,Yes,Yes,Yes,Month-to-month,Yes,Electronic check,45.93,2713.48,No
0668-TELCO,Female,0,Yes,No,42,Yes,No,No,No internet service,No,No,No,Yes,Yes,One year,No,Bank transfer (automatic),110.9,4659.43,No
0669-TELCO,Male,0,No,Yes,36,Yes,Yes,Fiber optic,No internet service,Yes,No,No,No,No internet service,Month-to-month,Yes,Electronic check,62.35,2247.79,Yes
0670-TELCO,Male,0,Yes,Yes,40,Yes,No phone service,DSL,No internet service,No,No,No,No,No,Month-to-month,No,Mailed check,79.94,3203.41,No
0671-TELCO,Male,0,No,No,30,Yes,Yes,No,Yes,No internet service,No,No,No,No,Month-to-month,Yes,Credit card (automatic),53.52,1596.35,Yes
0672-TELCO,Female,1,No,No,11,Yes,No,Fiber optic,Yes,Yes,No internet service,Yes,No,No internet service,One year,Yes,Mailed check,39.24,425.64,No
0673-TELCO,Female,0,No,Yes,25,Yes,No,DSL,No,Yes,No internet service,No,No,Yes,Month-to-month,No,Mailed check,98.47,2452.48,No
0674-TELCO,Female,0,No,Yes,45,Yes,No phone service,No,No internet service,Yes,No internet service,No internet service,Yes,No internet service,Month-to-month,Yes,Electronic check,97.94,4403.31,No
0675-TELCO,Female,1,No,No,51,Yes,No,Fiber optic,No,Yes,No,No internet service,Yes,No,One year,Yes,Electronic check,100.2,5115.38,No
0676-TELCO,Male,1,No,No,43,Yes,Yes,No,No,No,No,No,Yes,Yes,Month-to-month,Yes,Mailed check,51.43,2209.56,No
0677-TELCO,Female,0,No,Yes,66,Yes,No,DSL,No internet service,Yes,Yes,No,No internet service,No,Month-to-month,No,Electronic check,104.1,6874.53,No
0678-TELCO,Female,0,No,No,47,Yes,Yes,DSL,Yes,Yes,No,No,Yes,No internet service,One year,No,Mailed check,50.31,2360.68,No
0679-TELCO,Female,0,No,No,24,Yes,No,Fiber optic,No internet service,No,No,Yes,No internet service,No,Month-to-month,No,Bank transfer (automatic),54.54,1318.61,Yes
0680-TELCO,Female,0,Yes,No,37,Yes,No,DSL,No internet service,No internet service,No,No,No internet service,No internet service,Two year,Yes,Electronic check,48.34,1780.4,No
0681-TELCO,Female,0,No,No,56,Yes,No,DSL,No internet service,No,No,No internet service,No,No internet service,Month-to-month,Yes,Electronic check,61.53,3447.18,No
0682-TELCO,Male,0,No,Yes,46,No,No,No,Yes,No,No,No,No,No,One year,Yes,Credit card (automatic),20.92,964.34,No
0683-TELCO,Male,0,No,Yes,28,Yes,Yes,DSL,No,Yes,No internet service,No,No,Yes,Month-to-month,Yes,Bank transfer (automatic),43.44,1220.92,No
0684-TELCO,Female,0,No,Yes,52,Yes,No,No,No,No,Yes,No,Yes,Yes,One year,No,Bank transfer (automatic),43.9,2273.03,No
0685-TELCO,Male,0,No,Yes,15,Yes,Yes,Fiber optic,Yes,Yes,No,No,Yes,No,Month-to-month,Yes,Mailed check,103.87,1553.28,No
0686-TELCO,Female,0,No,Yes,45,Yes,No,No,No,No internet service,No,No,Yes,No,One year,Yes,Bank transfer (automatic),88.01,3959.32,No
0687-TELCO,Female,0,Yes,Yes,58,Yes,No,Fiber optic,No,Yes,Yes,No,No internet service,Yes,Month-to-month,Yes,Mailed check,44.66,2590.81,No
0688-TELCO,Male,0,No,No,67,Yes,No,Fiber optic,No,Yes,No internet service,Yes,No,No internet service,Month-to-month,No,Electronic check,54.7,3656.23,No
0689-TELCO,Male,0,Yes,Yes,72,Yes,Yes,DSL,No,Yes,No,No,No,No internet service,One year,No,Mailed check,115.0,8286.32,No
0690-TELCO,Female,0,No,No,41,Yes,Yes,Fiber optic,Yes,No internet service,No,No,No internet service,No,One year,No,Bank transfer (automatic),78.22,3199.71,No
0691-TELCO,Female,0,No,No,65,Yes,No,DSL,No internet service,No,No,No,No,No,Month-to-month,Yes,Electronic check,88.53,5755.96,No
0692-TELCO,Female,1,Yes,No,40,Yes,No,DSL,No internet service,No internet service,Yes,Yes,Yes,No,Month-to-month,Yes,Bank transfer (automatic),115.84,4630.16,Yes
0693-TELCO,Male,0,Yes,Yes,5,No,Yes,DSL,No,No,No,Yes,No internet service,Yes,Month-to-month,Yes,Electronic check,84.54,422.69,No
0694-TELCO,Female,0,No,Yes,28,Yes,Yes,DSL,Yes,No internet service,Yes,Yes,Yes,Yes,Two year,No,Electronic check,58.45,1627.52,No
0695-TELCO,Female,0,Yes,No,38,Yes,No,DSL,No,Yes,No,No,Yes,No,Two year,Yes,Bank transfer (automatic),56.74,2163.04,No
0696-TELCO,Female,0,Yes,No,18,Yes,Yes,Fiber optic,Yes,Yes,Yes,No,Yes,No,Month-to-month,No,Electronic check,29.51,526.77,Yes
0697-TELCO,Male,0,No,No,37,No,No,DSL,No,No,No internet service,No,No,No,Month-to-month,Yes,Bank transfer (automatic),28.4,1046.6,No
0698-TELCO,Female,0,Yes,No,27,No,No,DSL,No,No,No,No internet service,No internet service,No,Month-to-month,No,Bank transfer (automatic),56.23,1516.82,No
0699-TELCO,Female,0,No,No,25,Yes,Yes,No,No internet service,No,No internet service,No internet service,No,Yes,Month-to-month,Yes,Electronic check,60.38,1504.87,Yes
0700-TELCO,Male,0,No,No,69,Yes,Yes,Fiber optic,Yes,No,No,No internet service,No,Yes,One year,No,Mailed check,84.27,5816.26,No
0701-TELCO,Female,1,Yes,No,27,Yes,Yes,No,Yes,No,No internet service,No internet service,No,No internet service,Month-to-month,Yes,Credit card (automatic),64.56,1750.4,Yes
0702-TELCO,Female,0,Yes,No,54,Yes,No,No,No internet service,No internet service,No,No,No,No,Month-to-month,No,Bank transfer (automatic),91.27,4927.41,No
0703-TELCO,Male,0,No,No,7,Yes,No,DSL,No internet service,No internet service,No,Yes,No,Yes,Month-to-month,Yes,Electronic check,28.33,190.57,Yes
0704-TELCO,Female,1,No,No,27,Yes,Yes,No,No,Yes,Yes,No,Yes,Yes,Month-to-month,No,Electronic check,49.98,1356.99,No
0705-TELCO,Male,0,No,Yes,59,Yes,Yes,DSL,Yes,No,No internet service,Yes,No,Yes,Two year,No,Credit card (automatic),109.07,6435.58,No
0706-TELCO,Male,0,No,No,72,Yes,Yes,No,No,No,No,No,Yes,Yes,Two year,Yes,Mailed check,22.65,1639.99,No
0707-TELCO,Female,0,No,No,31,Yes,No,Fiber optic,No,No,No internet service,Yes,No,Yes,Month-to-month,No,Electronic check,84.33,2621.65,No
0708-TELCO,Female,0,Yes,No,68,Yes,No,Fiber optic,No internet service,Yes,No,Yes,No,Yes,Month-to-month,No,Mailed check,73.94,5035.27,No
0709-TELCO,Female,0,Yes,No,4,Yes,No,Fiber optic,No,No,Yes,No,No,Yes,Month-to-month,No,Bank transfer (automatic),24.32,89.71,No
0710-TELCO,Female,0,Yes,No,18,No,No,No,Yes,No internet service,Yes,Yes,Yes,No,Two year,No,Bank transfer (automatic),31.48,567.13,No
0711-TELCO,Male,0,Yes,Yes,63,Yes,No,Fiber optic,No,Yes,No internet service,No,Yes,Yes,Month-to-month,No,Bank transfer (automatic),47.1,2974.24,No
0712-TELCO,Female,0,No,Yes,52,No,No,Fiber optic,Yes,No internet service,Yes,No internet service,No,No,Month-to-month,No,Bank transfer (automatic),28.51,1488.28,Yes
0713-TELCO,Male,0,No,Yes,63,Yes,Yes,DSL,Yes,Yes,Yes,Yes,Yes,No internet service,One year,Yes,Mailed check,55.42,3491.92,No
0714-TELCO,Female,0,Yes,No,45,Yes,Yes,No,No,No,Yes,Yes,No,Yes,Month-to-month,Yes,Mailed check,85.61,3862.33,Yes
0715-TELCO,Female,0,No,No,12,Yes,Yes,DSL,Yes,No,Yes,Yes,No internet service,No,One year,Yes,Mailed check,91.94,1111.65,No
0716-TELCO,Female,0,Yes,No,8,Yes,Yes,Fiber optic,No internet service,No,Yes,No,Yes,Yes,Two year,Yes,Electronic check,55.12,439.45,No
0717-TELCO,Male,0,Yes,No,22,Yes,No,Fiber optic,No,No internet service,No internet service,Yes,Yes,Yes,Month-to-month,No,Bank transfer (automatic),106.91,2346.74,No
0718-TELCO,Female,0,No,Yes,41,Yes,Yes,Fiber optic,No,No internet service,No,No internet service,No internet service,No,One year,No,Bank transfer (automatic),106.14,4349.33,No
0719-TELCO,Female,0,Yes,Yes,41,No,Yes,Fiber optic,No,No,Yes,No,Yes,No internet service,Month-to-month,No,Credit card (automatic),32.67,1335.12,No
0720-TELCO,Female,0,Yes,No,57,Yes,Yes,Fiber optic,No internet service,No,No,Yes,No internet service,No,Month-to-month,Yes,Electronic check,85.97,4903.27,No
0721-TELCO,Female,0,Yes,No,32,Yes,No,No,No internet service,No,Yes,Yes,No internet service,Yes,Month-to-month,Yes,Bank transfer (automatic),45.13,1448.3,No
0722-TELCO,Male,0,Yes,No,55,Yes,No,DSL,No internet service,Yes,No,No,No,Yes,Two year,No,Mailed check,77.93,4278.92,No
0723-TELCO,Female,1,No,No,6,Yes,Yes,No,No,Yes,No,No internet service,No,No,Month-to-month,Yes,Credit card (automatic),56.05,332.05,Yes
0724-TELCO,Male,0,No,No,39,Yes,Yes,No,Yes,No,Yes,No,Yes,No,Two year,No,Electronic check,75.37,2948.11,No
0725-TELCO,Male,0,Yes,Yes,9,Yes,Yes,No,No,No,Yes,Yes,Yes,Yes,Month-to-month,Yes,Credit card (automatic),81.36,734.98,No
0726-TELCO,Male,0,Yes,No,32,Yes,Yes,No,No,Yes,No,No,No,No,Two year,Yes,Credit card (automatic),33.41,1073.07,No
0727-TELCO,Male,0,No,No,36,Yes,No,Fiber optic,Yes,No internet service,Yes,No internet service,No,No,Month-to-month,No,Mailed check,68.78,2467.03,No
0728-TELCO,Male,0,No,No,16,Yes,Yes,DSL,Yes,Yes,No internet service,No,No internet service,Yes,Month-to-month,No,Electronic check,34.76,554.45,No
0729-TELCO,Male,0,Yes,No,12,Yes,Yes,Fiber optic,No,Yes,No internet service,No,No,No,Two year,Yes,Electronic check,36.39,445.67,No
0730-TELCO,Female,0,Yes,Yes,41,Yes,Yes,Fiber optic,No,No internet service,No,No,No,No,Month-to-month,Yes,Credit card (automatic),93.12,3823.69,No
0731-TELCO,Male,0,No,Yes,67,Yes,Yes,No,No,No,Yes,No,Yes,No internet service,Month-to-month,Yes,Bank transfer (automatic),110.09,7381.66,No
0732-TELCO,Male,0,No,No,58,No,No phone service,Fiber optic,No,No,No,No internet service,No,Yes,Two year,No,Credit card (automatic),62.6,3638.74,No
0733-TELCO,Male,0,Yes,No,9,Yes,Yes,No,No,Yes,Yes,No,Yes,Yes,Two year,No,Bank transfer (automatic),94.26,842.44,No
0734-TELCO,Female,1,No,No,17,Yes,No,Fiber optic,No,No internet service,Yes,No internet service,No,No internet service,One year,Yes,Electronic check,76.11,1303.59,No
0735-TELCO,Female,0,Yes,Yes,5,No,Yes,DSL,No,Yes,No internet service,No,No internet service,Yes,Two year,Yes,Electronic check,106.37,530.71,No
0736-TELCO,Male,0,No,No,26,Yes,Yes,DSL,No internet service,Yes,Yes,No internet service,No,No,Month-to-month,Yes,Mailed check,111.79,2913.41,Yes
0737-TELCO,Female,0,No,Yes,1,Yes,Yes,Fiber optic,Yes,Yes,Yes,No,Yes,Yes,One year,No,Mailed check,102.27,98.36,Yes
0738-TELCO,Male,0,No,Yes,1,Yes,Yes,DSL,No,No,No internet service,No,No,No internet service,One year,No,Electronic check,111.04,114.05,No
0739-TELCO,Male,0,Yes,Yes,35,Yes,No phone service,DSL,No,No internet service,Yes,No internet service,No internet service,Yes,Two year,Yes,Bank transfer (automatic),43.36,1508.85,No
0740-TELCO,Female,0,Yes,No,9,Yes,No,Fiber optic,Yes,Yes,No,Yes,No,Yes,Two year,Yes,Electronic check,47.31,434.96,No
0741-TELCO,Male,0,Yes,No,38,Yes,Yes,No,No,Yes,No internet service,Yes,No,No,Month-to-month,No,Mailed check,77.22,2926.7,Yes
0742-TELCO,Female,0,No,No,4,Yes,No,Fiber optic,No,No,Yes,Yes,No,Yes,Month-to-month,No,Electronic check,98.7,398.6,Yes
0743-TELCO,Female,0,Yes,Yes,52,Yes,No,No,No,No internet service,No,Yes,No internet service,No,One year,No,Bank transfer (automatic),26.8,1383.72,No
0744-TELCO,Male,0,Yes,Yes,19,Yes,Yes,DSL,Yes,Yes,Yes,No internet service,Yes,No,Two year,Yes,Mailed check,50.5,959.78,No
0745-TELCO,Male,0,Yes,Yes,5,Yes,No,DSL,No,No,No,Yes,No internet service,No,Month-to-month,No,Credit card (automatic),50.91,251.01,Yes
0746-TELCO,Female,1,No,No,48,Yes,No,Fiber optic,Yes,No,Yes,Yes,No internet service,No internet service,Month-to-month,No,Electronic check,105.56,5061.53,No
0747-TELCO,Male,0,Yes,Yes,63,Yes,No,No,No,No internet service,No,No,No,No,Month-to-month,No,Credit card (automatic),93.12,5870.84,No
0748-TELCO,Male,0,Yes,No,38,Yes,No phone service,Fiber optic,No,No,No,No,No,Yes,Month-to-month,Yes,Credit card (automatic),83.65,3177.56,No
0749-TELCO,Male,0,Yes,Yes,52,Yes,No,DSL,No internet service,Yes,Yes,No,No internet service,Yes,Month-to-month,No,Electronic check,36.98,1919.31,No
0750-TELCO,Female,1,No,Yes,46,Yes,No,Fiber optic,Yes,No,No,No,No internet service,No,Month-to-month,Yes,Credit card (automatic),70.91,3260.83,No
0751-TELCO,Female,0,No,Yes,9,Yes,Yes,No,No,Yes,Yes,No,No internet service,No,Month-to-month,No,Electronic check,19.18,168.92,No
0752-TELCO,Male,0,No,Yes,50,Yes,No,DSL,No,No,No internet service,No,No,No internet service,One year,Yes,Mailed check,39.09,1952.95,No
0753-TELCO,Female,0,No,No,66,Yes,No phone service,DSL,No,Yes,No,No internet service,Yes,Yes,One year,Yes,Credit card (automatic),98.85,6517.39,No
0754-TELCO,Female,0,No,No,38,Yes,No,Fiber optic,No internet service,Yes,No,Yes,Yes,Yes,Month-to-month,Yes,Credit card (automatic),84.08,3203.54,No
0755-TELCO,Female,0,Yes,No,27,Yes,Yes,DSL,No,Yes,No,No,No internet service,No,Month-to-month,Yes,Mailed check,73.24,1975.9,Yes
0756-TELCO,Female,0,No,Yes,20,Yes,No,Fiber optic,No,No internet service,No internet service,No internet service,No,Yes,Month-to-month,Yes,Electronic check,103.0,2059.32,Yes
0757-TELCO,Female,1,Yes,Yes,62,Yes,No,DSL,Yes,No,No,Yes,Yes,Yes,Month-to-month,Yes,Mailed check,62.65,3888.81,No
0758-TELCO,Male,0,Yes,No,16,Yes,Yes,DSL,No internet service,Yes,Yes,No,Yes,No internet service,One year,No,Credit card (automatic),46.4,734.88,No
0759-TELCO,Male,0,No,No,13,Yes,No,Fiber optic,No,Yes,No internet service,No,Yes,Yes,Month-to-month,No,Bank transfer (automatic),102.53,1326.8,Yes
0760-TELCO,Male,0,Yes,No,20,Yes,No,DSL,Yes,Yes,No,Yes,Yes,Yes,Month-to-month,Yes,Electronic check,48.69,966.81,Yes
0761-TELCO,Female,0,Yes,No,24,Yes,Yes,DSL,No,Yes,Yes,No,No internet service,No,Month-to-month,Yes,Mailed check,104.26,2501.83,Yes
0762-TELCO,Female,1,Yes,No,50,Yes,No,No,No,No,Yes,No internet service,No internet service,Yes,Month-to-month,No,Bank transfer (automatic),84.9,4246.74,Yes
0763-TELCO,Male,0,No,Yes,7,Yes,No phone service,DSL,Yes,No,No internet service,Yes,No internet service,Yes,Two year,No,Credit card (automatic),81.71,576.26,Yes
0764-TELCO,Female,0,Yes,No,29,No,No,Fiber optic,No internet service,No internet service,Yes,No,Yes,Yes,Two year,No,Credit card (automatic),26.26,770.41,No
0765-TELCO,Male,0,No,No,5,Yes,Yes,No,No,No internet service,No,No,Yes,No,Month-to-month,No,Credit card (automatic),66.23,322.87,Yes
0766-TELCO,Male,0,No,No,35,Yes,Yes,DSL,No,No,Yes,No,Yes,No,One year,No,Credit card (automatic),55.77,1955.41,No
0767-TELCO,Male,0,No,No,65,Yes,No,DSL,No,No internet service,No,No,Yes,Yes,Month-to-month,Yes,Electronic check,111.43,7248.05,No
0768-TELCO,Female,0,Yes,No,70,Yes,No,Fiber optic,Yes,No,Yes,No,Yes,Yes,Two year,Yes,Credit card (automatic),19.5,1368.29,No
0769-TELCO,Female,0,No,Yes,7,Yes,No,DSL,No internet service,No,Yes,No internet service,No internet service,No,Two year,Yes,Credit card (automatic),78.85,559.05,Yes
0770-TELCO,Male,1,Yes,No,44,Yes,Yes,Fiber optic,No,No internet service,No,Yes,No internet service,No internet service,Month-to-month,No,Bank transfer (automatic),59.67,2625.88,No
0771-TELCO,Male,0,Yes,Yes,72,Yes,No,No,No,No internet service,No internet service,No internet service,Yes,No internet service,Two year,Yes,Mailed check,99.14,7144.44,No
0772-TELCO,Male,1,Yes,No,13,Yes,No phone service,DSL,No,No internet service,No,No,Yes,Yes,Month-to-month,No,Credit card (automatic),102.1,1318.69,Yes
0773-TELCO,Male,0,No,No,38,Yes,Yes,Fiber optic,No internet service,Yes,Yes,Yes,Yes,No,One year,No,Bank transfer (automatic),64.9,2468.93,No
0774-TELCO,Female,0,Yes,No,13,No,No,No,No,Yes,Yes,Yes,No,Yes,Month-to-month,Yes,Credit card (automatic),34.3,454.72,Yes
0775-TELCO,Female,0,Yes,No,54,Yes,No,DSL,Yes,No internet service,No,Yes,No,Yes,Month-to-month,No,Mailed check,38.8,2094.3,No
0776-TELCO,Male,0,Yes,No,44,Yes,Yes,DSL,No,No,No,No,No,Yes,Two year,No,Electronic check,91.01,3996.87,No
0777-TELCO,Male,0,Yes,Yes,13,Yes,Yes,Fiber optic,No,No internet service,No,No,No internet service,No,Month-to-month,Yes,Credit card (automatic),100.96,1309.75,Yes
0778-TELCO,Female,0,No,No,25,Yes,Yes,No,No internet service,No,No,Yes,Yes,No,Month-to-month,No,Credit card (automatic),55.09,1384.26,Yes
0779-TELCO,Female,0,No,Yes,24,Yes,Yes,DSL,No,No,No internet service,No internet service,Yes,Yes,Two year,Yes,Credit card (automatic),55.06,1313.98,No
0780-TELCO,Male,0,No,No,29,Yes,No,DSL,No,Yes,No,No internet service,Yes,No internet service,Month-to-month,Yes,Credit card (automatic),35.12,1019.03,Yes
0781-TELCO,Male,0,Yes,No,70,Yes,No,DSL,Yes,No,No,Yes,Yes,Yes,Two year,No,Mailed check,84.32,5909.54,No
0782-TELCO,Male,0,Yes,Yes,18,Yes,No phone service,Fiber optic,No,No internet service,Yes,No,No,Yes,Month-to-month,Yes,Bank transfer (automatic),30.34,551.85,Yes
0783-TELCO,Female,0,No,Yes,5,Yes,No,DSL,No,No,No,Yes,Yes,No,Two year,No,Credit card (automatic),88.93,444.9,No
0784-TELCO,Female,0,Yes,No,18,Yes,No phone service,Fiber optic,Yes,No,No,No,No,No internet service,Month-to-month,No,Electronic check,78.36,1412.97,No
0785-TELCO,Female,0,No,No,63,Yes,No,Fiber optic,No,No,No,No,No,No internet service,Month-to-month,Yes,Electronic check,99.72,6277.95,No
0786-TELCO,Male,0,Yes,No,37,Yes,No phone service,No,No internet service,Yes,No,No,No,Yes,Two year,Yes,Electronic check,78.4,2909.46,No
0787-TELCO,Male,1,No,Yes,71,Yes,No,No,Yes,Yes,Yes,No,Yes,Yes,Two year,No,Electronic check,39.08,2765.3,No
0788-TELCO,Female,0,Yes,No,55,Yes,No,No,No,No,Yes,No internet service,No,No,Month-to-month,Yes,Mailed check,76.4,4199.31,No
0789-TELCO,Female,0,Yes,No,12,Yes,No,DSL,Yes,Yes,Yes,No,Yes,No,Two year,No,Mailed check,109.19,1308.19,No
0790-TELCO,Male,0,No,Yes,52,Yes,Yes,DSL,Yes,No,No,No,No internet service,No,Month-to-month,No,Mailed check,97.88,5095.27,No
0791-TELCO,Female,0,No,No,57,Yes,No,Fiber optic,Yes,No internet service,No,No,No,Yes,Month-to-month,No,Credit card (automatic),35.46,2020.68,No
0792-TELCO,Female,0,Yes,No,46,Yes,No,Fiber optic,No,No,No,Yes,Yes,Yes,Month-to-month,Yes,Electronic check,27.63,1278.14,Yes
0793-TELCO,Male,0,No,No,44,Yes,Yes,Fiber optic,No internet service,No internet service,No,No internet service,No,Yes,Two year,Yes,Bank transfer (automatic),114.63,5039.4,No
0794-TELCO,Female,1,No,No,24,Yes,Yes,DSL,No,Yes,No,No,Yes,No internet service,Month-to-month,Yes,Credit card (automatic),93.22,2230.83,Yes
0795-TELCO,Male,0,Yes,No,9,No,No,Fiber optic,Yes,No,No,No,Yes,Yes,Month-to-month,Yes,Bank transfer (automatic),101.4,907.54,Yes
0796-TELCO,Male,0,Yes,No,12,Yes,No,DSL,Yes,Yes,No internet service,Yes,Yes,No internet service,Two year,Yes,Electronic check,108.73,1298.22,No
0797-TELCO,Male,0,Yes,Yes,9,Yes,Yes,Fiber optic,No,Yes,No,No,Yes,Yes,Two year,Yes,Electronic check,65.18,583.44,Yes
0798-TELCO,Male,0,Yes,No,22,Yes,No phone service,DSL,Yes,No internet service,No,No,No internet service,No,One year,No,Credit card (automatic),106.09,2328.84,No
0799-TELCO,Male,0,No,Yes,17,No,No phone service,No,No internet service,Yes,Yes,No,No,Yes,Two year,No,Mailed check,31.38,535.8,No
0800-TELCO,Male,0,Yes,No,33,Yes,Yes,DSL,Yes,Yes,No,No,Yes,No internet service,Two year,Yes,Mailed check,52.31,1716.5,No
0801-TELCO,Male,0,Yes,No,47,Yes,No,No,No,No internet service,No,No internet service,No,No internet service,Month-to-month,Yes,Credit card (automatic),52.57,2470.88,No
0802-TELCO,Female,1,Yes,Yes,15,Yes,No phone service,No,No,No internet service,No internet service,Yes,No,Yes,Month-to-month,Yes,Bank transfer (automatic),21.84,325.46,No
0803-TELCO,Male,0,No,Yes,33,No,No,Fiber optic,No,No internet service,No,Yes,Yes,Yes,Two year,Yes,Bank transfer (automatic),37.07,1219.95,No
0804-TELCO,Male,0,Yes,No,15,Yes,No,No,Yes,Yes,Yes,No internet service,No,Yes,One year,Yes,Bank transfer (automatic),91.48,1363.71,No
0805-TELCO,Female,0,Yes,No,27,No,Yes,DSL,No,Yes,No,Yes,No,No internet service,Two year,No,Bank transfer (automatic),64.75,1752.8,No
0806-TELCO,Female,0,Yes,No,61,Yes,No,Fiber optic,No,No,No internet service,No internet service,Yes,Yes,One year,No,Bank transfer (automatic),78.22,4768.66,No
0807-TELCO,Female,0,No,No,68,No,No,No,No,No,No,Yes,No,Yes,Month-to-month,Yes,Bank transfer (automatic),80.09,5454.92,No
0808-TELCO,Male,0,Yes,No,48,Yes,Yes,DSL,No internet service,Yes,Yes,No,No internet service,No internet service,Two year,No,Electronic check,39.44,1902.12,No
0809-TELCO,Female,0,No,No,8,Yes,No,Fiber optic,Yes,Yes,No,No internet service,Yes,No,One year,Yes,Electronic check,111.36,892.35,No
0810-TELCO,Male,0,Yes,Yes,6,Yes,No,Fiber optic,Yes,No,Yes,No,No,No internet service,Month-to-month,Yes,Electronic check,32.31,190.89,Yes
0811-TELCO,Male,0,Yes,No,63,Yes,No,Fiber optic,No,No,No internet service,No,No internet service,No,One year,No,Credit card (automatic),18.57,1167.9,No
0812-TELCO,Male,1,No,No,2,Yes,No,No,Yes,Yes,No,Yes,No internet service,Yes,Month-to-month,Yes,Bank transfer (automatic),44.74,85.23,Yes
0813-TELCO,Male,0,Yes,No,22,Yes,Yes,Fiber optic,No,No internet service,No internet service,Yes,No,No internet service,Month-to-month,Yes,Credit card (automatic),69.17,1525.41,Yes
0814-TELCO,Female,1,No,Yes,21,Yes,No,DSL,Yes,Yes,Yes,No internet service,No,No,Month-to-month,No,Bank transfer (automatic),35.12,738.21,Yes
0815-TELCO,Female,1,No,No,6,No,No,No,No internet service,No internet service,No internet service,No internet service,No,No,Month-to-month,No,Mailed check,95.98,574.33,Yes
0816-TELCO,Male,0,No,No,70,Yes,Yes,DSL,No,No internet service,Yes,Yes,No internet service,Yes,Month-to-month,Yes,Credit card (automatic),39.33,2753.57,No
0817-TELCO,Male,0,No,Yes,13,Yes,No,No,No,No,No,No internet service,Yes,No internet service,Month-to-month,Yes,Credit card (automatic),114.16,1476.51,No
0818-TELCO,Male,0,Yes,No,1,Yes,No,No,No internet service,No,Yes,No,No,No internet service,One year,Yes,Bank transfer (automatic),89.58,92.84,Yes
0819-TELCO,Female,0,Yes,No,22,Yes,No,No,No internet service,Yes,Yes,No,Yes,Yes,One year,Yes,Bank transfer (automatic),104.22,2293.14,No
0820-TELCO,Male,0,No,Yes,24,Yes,No phone service,Fiber optic,No,No internet service,No internet service,Yes,Yes,Yes,One year,Yes,Bank transfer (automatic),73.35,1762.7,Yes
0821-TELCO,Male,0,No,Yes,64,Yes,No,Fiber optic,No internet service,Yes,Yes,No,No,No,Two year,No,Electronic check,73.87,4723.23,No
0822-TELCO,Female,1,No,No,41,Yes,No phone service,Fiber optic,No,No,Yes,No,No,Yes,Two year,No,Bank transfer (automatic),116.22,4769.88,No
0823-TELCO,Female,0,Yes,No,22,Yes,No,Fiber optic,Yes,No,No internet service,No,Yes,Yes,One year,No,Credit card (automatic),30.02,660.01,Yes
0824-TELCO,Male,0,Yes,Yes,61,No,No,DSL,No internet service,Yes,No,No,Yes,No,Month-to-month,No,Mailed check,76.63,4666.4,Yes
0825-TELCO,Female,0,No,Yes,12,Yes,No phone service,DSL,No,No internet service,No,No,Yes,Yes,Month-to-month,Yes,Electronic check,25.09,304.47,Yes
0826-TELCO,Female,1,Yes,No,4,Yes,Yes,Fiber optic,Yes,No internet service,Yes,Yes,No internet service,No internet service,Month-to-month,No,Credit card (automatic),117.77,463.34,No
0827-TELCO,Male,0,Yes,No,12,Yes,Yes,Fiber optic,No internet service,Yes,No internet service,Yes,No,No internet service,One year,Yes,Credit card (automatic),81.64,970.87,No
0828-TELCO,Female,1,Yes,Yes,33,Yes,No,Fiber optic,No,No,No,Yes,No,No internet service,Two year,Yes,Credit card (automatic),26.58,882.03,No
0829-TELCO,Male,0,No,Yes,21,Yes,Yes,Fiber optic,No internet service,No,Yes,No internet service,No internet service,Yes,Two year,Yes,Electronic check,47.0,986.42,No
0830-TELCO,Female,0,Yes,No,72,Yes,Yes,Fiber optic,No internet service,No internet service,No,No internet service,No,Yes,Month-to-month,Yes,Electronic check,107.8,7752.11,No
0831-TELCO,Male,0,No,No,72,Yes,Yes,Fiber optic,No,Yes,No,No internet service,No internet service,No,One year,Yes,Mailed check,26.44,1903.94,No
0832-TELCO,Male,0,Yes,No,52,Yes,No,DSL,Yes,No internet service,No,Yes,No internet service,No internet service,One year,Yes,Electronic check,45.8,2389.5,No
0833-TELCO,Male,0,No,No,47,Yes,Yes,Fiber optic,No,Yes,No internet service,No internet service,Yes,Yes,One year,Yes,Bank transfer (automatic),69.0,3234.9,No
0834-TELCO,Female,0,No,No,59,Yes,Yes,DSL,No,Yes,No,Yes,No,Yes,Two year,No,Bank transfer (automatic),117.0,6899.94,No
0835-TELCO,Male,0,Yes,No,47,Yes,No,Fiber optic,Yes,No,No,No,No,No,Month-to-month,Yes,Credit card (automatic),39.18,1848.07,Yes
0836-TELCO,Female,0,No,No,56,No,Yes,DSL,Yes,Yes,No,No,No,No,One year,No,Mailed check,97.88,5476.36,No
0837-TELCO,Male,0,Yes,No,13,Yes,Yes,Fiber optic,Yes,No internet service,No,Yes,No,No,Month-to-month,Yes,Bank transfer (automatic),52.71,677.4,No
0838-TELCO,Male,1,Yes,Yes,44,Yes,No,DSL,No,Yes,No,No,Yes,No,Month-to-month,No,Mailed check,19.18,842.79,Yes
0839-TELCO,Female,0,No,No,35,Yes,No,DSL,Yes,No internet service,No internet service,Yes,No internet service,No,Two year,No,Electronic check,96.86,3397.39,No
0840-TELCO,Male,0,Yes,No,29,Yes,No phone service,No,Yes,No internet service,No,No,Yes,No,Month-to-month,Yes,Credit card (automatic),67.48,1953.42,Yes
0841-TELCO,Male,0,Yes,No,56,Yes,No,DSL,No,No internet service,No,No,No,No,One year,Yes,Electronic check,66.48,3729.61,No
0842-TELCO,Female,0,Yes,No,5,Yes,No phone service,Fiber optic,Yes,No,No,No,Yes,No,Two year,No,Electronic check,85.95,422.02,Yes
0843-TELCO,Male,0,Yes,No,67,Yes,No,No,Yes,No,Yes,No,No,Yes,Two year,No,Electronic check,83.63,5601.35,No
0844-TELCO,Male,0,No,No,53,Yes,Yes,Fiber optic,No internet service,No,No,No,No internet service,No internet service,Month-to-month,No,Credit card (automatic),84.21,4462.9,No
0845-TELCO,Male,0,Yes,No,60,Yes,Yes,Fiber optic,No,No internet service,No internet service,No internet service,No,Yes,One year,No,Electronic check,50.98,3056.7,No
0846-TELCO,Male,0,No,No,6,Yes,No,No,No,Yes,Yes,No internet service,No,Yes,One year,No,Mailed check,76.59,467.29,Yes
0847-TELCO,Female,0,No,No,48,Yes,No,DSL,No internet service,No,No,No internet service,Yes,No,One year,Yes,Mailed check,106.46,5106.33,No
0848-TELCO,Female,0,Yes,No,35,Yes,No phone service,Fiber optic,Yes,No internet service,Yes,No,No,Yes,Month-to-month,Yes,Electronic check,108.01,3787.63,Yes
0849-TELCO,Male,0,Yes,No,18,Yes,Yes,DSL,No,No,No,No internet service,No internet service,Yes,Two year,No,Bank transfer (automatic),58.94,1067.59,No
0850-TELCO,Female,0,No,Yes,11,Yes,No,DSL,No,No,No,No,No internet service,Yes,Month-to-month,No,Mailed check,41.69,464.18,Yes
0851-TELCO,Male,0,Yes,Yes,51,Yes,Yes,DSL,No,No,No,Yes,No,No,Month-to-month,Yes,Bank transfer (automatic),25.78,1309.88,No
0852-TELCO,Female,0,Yes,No,23,No,No phone service,Fiber optic,No,No internet service,Yes,Yes,No,No internet service,One year,Yes,Mailed check,104.45,2399.64,Yes
0853-TELCO,Male,0,Yes,No,47,Yes,No,No,Yes,Yes,No internet service,No,Yes,No,Month-to-month,No,Electronic check,34.87,1640.14,Yes
0854-TELCO,Male,1,No,No,59,Yes,No,No,No,No internet service,Yes,No,No,No,Month-to-month,Yes,Bank transfer (automatic),50.11,2949.47,No
0855-TELCO,Male,0,No,Yes,57,No,No phone service,Fiber optic,No,Yes,No,No internet service,No,No,Month-to-month,Yes,Mailed check,99.84,5689.6,No
0856-TELCO,Male,0,Yes,No,56,Yes,Yes,Fiber optic,No,No internet service,No,No internet service,Yes,No internet service,Two year,No,Electronic check,96.99,5421.58,No
0857-TELCO,Male,0,Yes,Yes,27,Yes,No,Fiber optic,No,Yes,No,No,No internet service,Yes,Two year,Yes,Mailed check,61.91,1665.94,No
0858-TELCO,Male,0,No,No,35,Yes,No,No,No,Yes,Yes,Yes,No,No,Two year,Yes,Mailed check,87.96,3086.01,No
0859-TELCO,Female,0,No,Yes,55,Yes,Yes,DSL,No internet service,No internet service,No,No,No,Yes,Month-to-month,No,Bank transfer (automatic),42.23,2312.86,No
0860-TELCO,Male,0,No,Yes,9,Yes,No,DSL,No,No,No internet service,No,Yes,Yes,Month-to-month,Yes,Bank transfer (automatic),111.7,1002.75,No
0861-TELCO,Female,0,No,Yes,18,Yes,No phone service,Fiber optic,Yes,No,No,Yes,Yes,Yes,One year,Yes,Electronic check,113.89,2058.6,No
0862-TELCO,Male,0,Yes,No,44,Yes,Yes,Fiber optic,No internet service,No,No,No internet service,No,Yes,Two year,Yes,Electronic check,112.94,4975.16,No
0863-TELCO,Female,0,No,No,21,Yes,No,Fiber optic,No internet service,No,No,Yes,No,No internet service,Month-to-month,No,Mailed check,80.87,1691.25,Yes
0864-TELCO,Female,0,Yes,Yes,56,No,Yes,Fiber optic,No internet service,Yes,No internet service,No,No,No,Month-to-month,Yes,Mailed check,25.43,1420.22,No
0865-TELCO,Female,0,Yes,No,48,No,Yes,DSL,No,Yes,No,No,Yes,Yes,Month-to-month,No,Mailed check,79.91,3840.26,Yes
0866-TELCO,Male,0,No,Yes,1,No,No,DSL,No,No,No,No,No,Yes,Month-to-month,Yes,Bank transfer (automatic),60.64,61.65,Yes
0867-TELCO,Male,0,Yes,No,27,Yes,No,No,No internet service,Yes,No internet service,No,No internet service,No,Month-to-month,Yes,Credit card (automatic),57.97,1571.12,No
0868-TELCO,Female,0,No,No,45,Yes,No phone service,DSL,Yes,No,No,Yes,No,No internet service,Month-to-month,No,Bank transfer (automatic),21.06,941.03,Yes
0869-TELCO,Male,0,Yes,No,63,Yes,No,DSL,No internet service,No internet service,No,Yes,No,No,Month-to-month,No,Electronic check,106.09,6681.04,No
0870-TELCO,Female,0,No,No,58,Yes,Yes,Fiber optic,Yes,No,No,Yes,No,Yes,Two year,No,Electronic check,104.45,6063.24,No
0871-TELCO,Male,0,No,No,40,Yes,No,Fiber optic,Yes,No,No internet service,Yes,No internet service,No internet service,Month-to-month,Yes,Mailed check,50.8,2030.25,No
0872-TELCO,Female,0,Yes,No,63,Yes,No,Fiber optic,Yes,No,No,No internet service,No internet service,No internet service,Two year,Yes,Electronic check,116.5,7342.79,No
0873-TELCO,Female,0,No,No,38,Yes,No,Fiber optic,No,Yes,No,No,No,Yes,Month-to-month,No,Mailed check,31.9,1206.11,No
0874-TELCO,Male,0,Yes,No,29,No,No,No,Yes,No internet service,Yes,Yes,Yes,No,One year,Yes,Bank transfer (automatic),102.19,2966.55,No
0875-TELCO,Female,0,No,Yes,40,Yes,Yes,DSL,Yes,No,Yes,No internet service,Yes,Yes,Two year,Yes,Bank transfer (automatic),80.74,3223.06,No
0876-TELCO,Male,0,Yes,No,19,Yes,Yes,Fiber optic,No,Yes,No,No,No,Yes,Month-to-month,Yes,Electronic check,67.07,1279.57,No
0877-TELCO,Female,0,No,No,56,Yes,Yes,Fiber optic,No,Yes,Yes,Yes,Yes,No,Month-to-month,No,Mailed check,115.08,6445.32,No
0878-TELCO,Female,0,Yes,No,44,Yes,Yes,DSL,No internet service,No,Yes,No,No,No,Two year,Yes,Mailed check,76.85,3380.01,No
0879-TELCO,Male,0,Yes,No,65,Yes,No,Fiber optic,Yes,No,No internet service,No,No,No,Month-to-month,Yes,Electronic check,102.04,6624.01,No
0880-TELCO,Male,0,Yes,No,13,Yes,No,No,No,Yes,No internet service,No,No,No internet service,Two year,Yes,Bank transfer (automatic),41.59,543.97,No
0881-TELCO,Male,0,Yes,Yes,30,Yes,No,Fiber optic,Yes,No,Yes,No,Yes,Yes,Month-to-month,Yes,Bank transfer (automatic),21.49,638.51,No
0882-TELCO,Female,0,No,Yes,49,Yes,Yes,No,No,No,No internet service,Yes,Yes,No,Month-to-month,No,Credit card (automatic),39.47,1926.47,No
0883-TELCO,Male,0,No,No,63,Yes,No,Fiber optic,No,Yes,No internet service,No internet service,No internet service,No,Two year,No,Electronic check,117.58,7400.67,No
0884-TELCO,Female,0,No,No,71,Yes,Yes,Fiber optic,No,No,No,Yes,Yes,No internet service,Two year,Yes,Bank transfer (automatic),74.66,5294.56,No
0885-TELCO,Female,1,Yes,No,35,Yes,Yes,No,No,Yes,Yes,No,No internet service,Yes,Month-to-month,No,Credit card (automatic),102.86,3603.79,Yes
0886-TELCO,Male,0,No,No,11,Yes,Yes,Fiber optic,No internet service,Yes,Yes,No internet service,No,Yes,Two year,Yes,Bank transfer (automatic),87.09,957.73,No
0887-TELCO,Male,1,Yes,No,49,Yes,No,Fiber optic,Yes,No,Yes,No,Yes,No internet service,Month-to-month,Yes,Bank transfer (automatic),33.77,1654.07,No
0888-TELCO,Female,0,No,Yes,40,Yes,No,Fiber optic,No,No,No internet service,No,Yes,No,Month-to-month,Yes,Electronic check,29.67,1186.06,Yes
0889-TELCO,Female,0,No,No,21,Yes,No,Fiber optic,Yes,Yes,No,No internet service,No,No internet service,Month-to-month,No,Electronic check,67.03,1405.86,Yes
0890-TELCO,Male,0,Yes,No,47,Yes,No,Fiber optic,Yes,No,No,No internet service,Yes,No,Month-to-month,No,Electronic check,112.93,5308.02,No
0891-TELCO,Male,0,Yes,Yes,3,Yes,Yes,DSL,Yes,No,No,No,No internet service,No,Month-to-month,No,Credit card (automatic),31.62,88.07,Yes
0892-TELCO,Male,0,Yes,No,30,Yes,Yes,No,No,No,No,No,No internet service,No,Month-to-month,Yes,Mailed check,68.69,2056.37,Yes
0893-TELCO,Male,0,No,Yes,67,Yes,Yes,DSL,No,No internet service,Yes,No,No,No internet service,One year,No,Electronic check,94.61,6330.88,No
0894-TELCO,Male,0,No,No,62,Yes,No,Fiber optic,No internet service,No internet service,Yes,No,No internet service,Yes,One year,Yes,Credit card (automatic),26.18,1629.89,No
0895-TELCO,Female,1,No,Yes,37,Yes,No phone service,DSL,No internet service,No,No internet service,No,Yes,Yes,One year,Yes,Credit card (automatic),59.15,2198.55,No
0896-TELCO,Female,1,Yes,No,22,Yes,Yes,Fiber optic,No,No,No internet service,Yes,No internet service,No,Month-to-month,Yes,Bank transfer (automatic),72.12,1590.71,Yes
0897-TELCO,Female,0,No,No,31,Yes,No,No,No,Yes,Yes,No internet service,No internet service,Yes,Month-to-month,Yes,Bank transfer (automatic),29.27,898.33,No
0898-TELCO,Female,0,No,No,46,No,Yes,No,No internet service,No internet service,Yes,Yes,No,No,One year,Yes,Electronic check,84.2,3872.64,Yes
0899-TELCO,Male,0,Yes,No,45,Yes,Yes,Fiber optic,No internet service,No internet service,No,Yes,Yes,No internet service,Month-to-month,Yes,Credit card (automatic),92.5,4152.63,No
0900-TELCO,Male,0,No,Yes,14,No,No,Fiber optic,No internet service,No,Yes,No,No,No internet service,Month-to-month,No,Electronic check,82.52,1150.8,No
0901-TELCO,Male,0,Yes,No,12,Yes,Yes,Fiber optic,Yes,Yes,No,Yes,No internet service,Yes,One year,Yes,Credit card (automatic),25.7,300.01,No
0902-TELCO,Female,0,Yes,No,63,Yes,Yes,DSL,No,No,No,No,Yes,No internet service,Month-to-month,Yes,Credit card (automatic),18.91,1189.73,No
0903-TELCO,Female,0,No,No,38,Yes,No,Fiber optic,No internet service,Yes,No,No,Yes,No,Month-to-month,Yes,Bank transfer (automatic),98.5,3741.63,No
0904-TELCO,Male,0,Yes,No,47,Yes,No,Fiber optic,No,Yes,Yes,Yes,No,Yes,Two year,No,Bank transfer (automatic),67.49,3165.56,Yes
0905-TELCO,Male,1,No,Yes,54,No,No,No,No,No,No internet service,No,No,No,Two year,No,Electronic check,75.05,4059.29,No
0906-TELCO,Female,0,No,Yes,55,No,No,Fiber optic,No,No internet service,Yes,No,Yes,No internet service,Two year,No,Electronic check,109.4,6022.34,No
0907-TELCO,Female,1,Yes,No,48,Yes,Yes,Fiber optic,No,Yes,Yes,No,No internet service,Yes,Month-to-month,No,Bank transfer (automatic),74.45,3580.14,Yes
0908-TELCO,Male,0,No,No,72,No,No phone service,No,No internet service,Yes,Yes,No internet service,No internet service,No,Month-to-month,No,Bank transfer (automatic),43.73,3149.48,No
0909-TELCO,Male,0,No,No,15,Yes,Yes,Fiber optic,No internet service,Yes,No internet service,No,Yes,Yes,Month-to-month,No,Mailed check,63.23,938.61,Yes
0910-TELCO,Female,0,Yes,No,71,Yes,No,DSL,No internet service,No internet service,Yes,Yes,No internet service,No internet service,Month-to-month,Yes,Credit card (automatic),66.97,4763.35,No
0911-TELCO,Male,0,Yes,No,16,Yes,Yes,Fiber optic,No internet service,No,No internet service,No,Yes,Yes,Two year,No,Electronic check,86.76,1396.54,No
0912-TELCO,Male,0,Yes,No,43,Yes,Yes,Fiber optic,No,No,Yes,Yes,Yes,No,Month-to-month,No,Mailed check,53.6,2305.67,No
0913-TELCO,Male,0,Yes,No,7,Yes,Yes,Fiber optic,Yes,No,Yes,Yes,Yes,No,Two year,Yes,Electronic check,102.65,726.63,No
0914-TELCO,Female,0,Yes,No,43,Yes,No,DSL,Yes,No,No,No internet service,No,No,Two year,Yes,Credit card (automatic),72.1,3095.64,No
0915-TELCO,Female,0,Yes,No,28,Yes,No,Fiber optic,No internet service,Yes,No internet service,No,No internet service,Yes,Two year,Yes,Electronic check,73.09,2046.86,No
0916-TELCO,Female,0,Yes,No,66,Yes,No,No,No,Yes,No internet service,Yes,Yes,No,Month-to-month,Yes,Mailed check,94.62,6248.7,No
0917-TELCO,Female,0,No,Yes,60,Yes,No phone service,DSL,No,No internet service,Yes,No,No,No,One year,Yes,Electronic check,26.49,1589.46,No
0918-TELCO,Female,0,Yes,No,3,Yes,No,DSL,No,No,No internet service,No,Yes,No,Month-to-month,No,Bank transfer (automatic),107.5,329.49,Yes
0919-TELCO,Female,0,No,No,1,Yes,Yes,Fiber optic,Yes,Yes,Yes,Yes,Yes,No,Two year,Yes,Bank transfer (automatic),37.79,38.63,No
0920-TELCO,Female,0,No,No,31,Yes,No,Fiber optic,No,No,No,No,No internet service,Yes,Month-to-month,Yes,Credit card (automatic),51.7,1596.05,Yes
0921-TELCO,Male,0,No,No,56,Yes,No,Fiber optic,No internet service,Yes,No,Yes,No,No,Month-to-month,No,Electronic check,27.46,1544.34,No
0922-TELCO,Male,1,Yes,Yes,46,Yes,No,Fiber optic,Yes,No,Yes,No,No,No,One year,No,Mailed check,65.59,3021.28,No
0923-TELCO,Male,0,No,No,32,Yes,Yes,Fiber optic,No,Yes,No,No,No,Yes,Month-to-month,No,Credit card (automatic),52.24,1671.93,No
0924-TELCO,Male,0,No,No,18,Yes,No,No,No,No,No,No,Yes,No,One year,No,Electronic check,39.97,719.41,No
0925-TELCO,Male,0,No,Yes,68,Yes,No,Fiber optic,No,Yes,No internet service,No internet service,Yes,Yes,Month-to-month,Yes,Credit card (automatic),36.0,2451.82,No
0926-TELCO,Male,0,Yes,No,35,Yes,Yes,DSL,No,No,No,Yes,No,No,Month-to-month,No,Credit card (automatic),32.3,1133.78,No
0927-TELCO,Male,0,Yes,No,23,Yes,No phone service,No,No internet service,No,No,No,No internet service,Yes,Month-to-month,Yes,Mailed check,24.63,561.72,Yes
0928-TELCO,Female,0,No,No,13,Yes,Yes,DSL,No,No,No internet service,No,No,No,Month-to-month,No,Mailed check,39.89,523.56,No
0929-TELCO,Female,0,Yes,No,14,Yes,Yes,DSL,No,No,Yes,No,No,Yes,One year,Yes,Electronic check,18.65,268.2,No
0930-TELCO,Male,0,Yes,Yes,37,Yes,No,No,No,Yes,No,No,No,Yes,One year,Yes,Credit card (automatic),26.49,974.85,No
0931-TELCO,Male,0,Yes,No,5,Yes,No,DSL,No internet service,No internet service,Yes,Yes,No internet service,Yes,Month-to-month,Yes,Bank transfer (automatic),115.4,575.99,Yes
0932-TELCO,Female,0,No,No,22,Yes,Yes,DSL,No,Yes,Yes,No,Yes,Yes,Month-to-month,Yes,Electronic check,58.64,1286.17,Yes
0933-TELCO,Male,0,No,Yes,28,Yes,No,Fiber optic,No,No,No,Yes,Yes,No internet service,Month-to-month,Yes,Credit card (automatic),110.54,3088.68,Yes
0934-TELCO,Male,1,Yes,No,4,Yes,No,DSL,No,No internet service,No,Yes,Yes,No,Month-to-month,Yes,Electronic check,58.41,225.48,Yes
0935-TELCO,Female,0,No,No,50,Yes,No,Fiber optic,Yes,Yes,Yes,No internet service,No internet service,No,One year,Yes,Mailed check,96.55,4834.08,No
0936-TELCO,Male,0,No,Yes,29,No,No,Fiber optic,Yes,Yes,No internet service,No,No,Yes,Month-to-month,Yes,Electronic check,88.53,2561.9,No
0937-TELCO,Female,0,No,No,37,Yes,No,Fiber optic,Yes,Yes,No internet service,No,No,Yes,Two year,Yes,Bank transfer (automatic),34.55,1280.9,No
0938-TELCO,Male,0,No,No,35,Yes,Yes,DSL,Yes,Yes,Yes,No internet service,Yes,Yes,Month-to-month,No,Bank transfer (automatic),65.29,2283.89,No
0939-TELCO,Female,1,No,No,20,Yes,Yes,No,No,No,No,No,Yes,No internet service,Two year,Yes,Mailed check,30.47,609.49,No
0940-TELCO,Female,0,No,No,35,Yes,No,DSL,Yes,No,Yes,No,Yes,No,One year,No,Electronic check,59.05,2067.45,No
0941-TELCO,Female,1,Yes,No,2,Yes,No,Fiber optic,No internet service,No,No,Yes,No internet service,No,One year,Yes,Mailed check,46.64,95.65,Yes
0942-TELCO,Male,0,No,Yes,58,Yes,No,No,No internet service,No internet service,No internet service,Yes,No internet service,Yes,Two year,Yes,Credit card (automatic),80.29,4662.75,No
0943-TELCO,Female,0,Yes,No,18,Yes,Yes,Fiber optic,No,No,No,No,No,No,Two year,Yes,Credit card (automatic),93.1,1669.34,No
0944-TELCO,Male,0,Yes,Yes,56,Yes,No,DSL,No,No,Yes,No,Yes,No internet service,Month-to-month,Yes,Bank transfer (automatic),110.09,6161.31,No
0945-TELCO,Male,0,No,No,64,Yes,No,DSL,No,Yes,No,No,No internet service,No,Two year,No,Electronic check,23.06,1468.11,No
0946-TELCO,Male,1,No,Yes,52,Yes,Yes,No,No,Yes,No internet service,Yes,No,Yes,Month-to-month,Yes,Bank transfer (automatic),92.94,4836.8,No
0947-TELCO,Male,0,No,No,22,Yes,No,Fiber optic,No,Yes,Yes,No,Yes,Yes,Month-to-month,Yes,Mailed check,31.04,679.14,Yes
0948-TELCO,Female,0,Yes,No,60,Yes,No,No,No,No,Yes,No,Yes,No,Month-to-month,No,Bank transfer (automatic),105.53,6337.69,No
0949-TELCO,Female,0,Yes,Yes,10,Yes,No,Fiber optic,No,No internet service,No internet service,No internet service,No,Yes,Two year,No,Electronic check,83.53,839.84,No
0950-TELCO,Male,0,No,No,6,Yes,Yes,Fiber optic,No,No internet service,Yes,No,No internet service,No,One year,Yes,Mailed check,108.92,644.38,Yes
0951-TELCO,Male,0,Yes,Yes,6,Yes,Yes,DSL,No,Yes,No,Yes,No,No,Two year,No,Mailed check,31.28,179.72,No
0952-TELCO,Female,0,No,No,28,Yes,Yes,No,No,Yes,Yes,No internet service,Yes,No internet service,Two year,Yes,Electronic check,66.9,1875.25,No
0953-TELCO,Male,0,Yes,No,42,Yes,No,Fiber optic,No internet service,Yes,Yes,No,No,Yes,One year,Yes,Mailed check,67.77,2850.37,No
0954-TELCO,Female,0,Yes,Yes,41,Yes,No,Fiber optic,No,Yes,No,Yes,Yes,No,Month-to-month,Yes,Electronic check,92.75,3800.16,No
0955-TELCO,Male,1,No,No,63,Yes,Yes,Fiber optic,No,Yes,No,No,No internet service,Yes,Month-to-month,Yes,Electronic check,115.73,7284.98,No
0956-TELCO,Male,0,Yes,Yes,22,Yes,Yes,DSL,No,Yes,Yes,Yes,Yes,No internet service,Month-to-month,No,Bank transfer (automatic),19.56,423.49,No
0957-TELCO,Female,0,Yes,Yes,29,Yes,No phone service,DSL,No,Yes,No,Yes,Yes,Yes,Month-to-month,Yes,Credit card (automatic),83.61,2419.5,Yes
0958-TELCO,Male,0,Yes,No,71,Yes,No phone service,Fiber optic,No,Yes,No,Yes,No,No,Month-to-month,Yes,Bank transfer (automatic),22.35,1580.17,No
0959-TELCO,Female,0,No,No,34,No,Yes,DSL,No internet service,Yes,No,Yes,Yes,Yes,Month-to-month,Yes,Credit card (automatic),60.68,2059.54,Yes
0960-TELCO,Male,0,No,No,2,Yes,No,DSL,Yes,No,No internet service,No,Yes,No internet service,Month-to-month,Yes,Electronic check,103.61,207.03,Yes
0961-TELCO,Male,0,Yes,Yes,26,Yes,No,Fiber optic,Yes,No,No,No,No,No internet service,Two year,Yes,Electronic check,74.78,1947.84,No
0962-TELCO,Male,0,Yes,No,19,Yes,No,Fiber optic,No,No internet service,Yes,Yes,No internet service,No,Month-to-month,Yes,Bank transfer (automatic),103.65,1976.69,No
0963-TELCO,Female,1,No,No,20,Yes,Yes,DSL,Yes,No,Yes,No,No,No,Month-to-month,No,Electronic check,82.78,1660.09,No
0964-TELCO,Male,0,Yes,Yes,33,No,Yes,DSL,No,No,No,No,No internet service,No,Two year,Yes,Bank transfer (automatic),109.26,3608.62,No
0965-TELCO,Male,0,No,No,4,Yes,No,No,No,Yes,No internet service,Yes,No,No internet service,Two year,No,Mailed check,97.86,397.19,No
0966-TELCO,Male,0,Yes,No,32,Yes,Yes,DSL,No,Yes,Yes,No internet service,No internet service,No,Two year,Yes,Bank transfer (automatic),91.04,2921.36,No
0967-TELCO,Male,0,Yes,No,19,No,No,DSL,No,No,No internet service,No,No,Yes,Month-to-month,Yes,Credit card (automatic),93.0,1761.6,Yes
0968-TELCO,Female,0,No,Yes,3,Yes,No,DSL,No,Yes,Yes,No,No,No,Month-to-month,Yes,Bank transfer (automatic),75.14,227.87,No
0969-TELCO,Female,1,Yes,No,61,Yes,No,DSL,Yes,No,Yes,No,No internet service,No,One year,Yes,Credit card (automatic),103.61,6310.96,No
0970-TELCO,Male,1,No,Yes,38,Yes,No,Fiber optic,No,No,No internet service,No,No,No,Month-to-month,No,Electronic check,65.06,2482.11,Yes
0971-TELCO,Female,1,Yes,No,6,Yes,Yes,No,No,No,Yes,No,Yes,Yes,One year,Yes,Mailed check,24.87,156.38,No
0972-TELCO,Male,1,Yes,No,56,Yes,No,Fiber optic,No,No,No,Yes,No,No internet service,Month-to-month,No,Electronic check,93.57,5237.3,No
0973-TELCO,Male,0,No,No,40,Yes,No phone service,Fiber optic,No,No,Yes,Yes,Yes,No internet service,Month-to-month,No,Bank transfer (automatic),92.44,3699.91,No
0974-TELCO,Male,0,Yes,No,69,No,Yes,No,No,No,Yes,No,Yes,Yes,One year,Yes,Electronic check,31.84,2197.87,Yes
0975-TELCO,Female,0,No,No,42,Yes,No,DSL,Yes,No,No,No,No internet service,Yes,Two year,Yes,Credit card (automatic),43.37,1828.42,No
0976-TELCO,Female,0,Yes,No,2,Yes,No,Fiber optic,No internet service,No,No internet service,Yes,No,No,Two year,Yes,Bank transfer (automatic),42.88,85.33,Yes
0977-TELCO,Female,0,No,No,28,Yes,No,Fiber optic,No,Yes,No,No internet service,Yes,Yes,Two year,No,Bank transfer (automatic),77.78,2170.47,No
0978-TELCO,Female,0,No,Yes,17,Yes,Yes,DSL,No,Yes,No,No,Yes,No,Month-to-month,Yes,Credit card (automatic),74.34,1263.38,No
0979-TELCO,Female,0,Yes,No,70,Yes,No,Fiber optic,Yes,No,No,No,No,No,Two year,No,Bank transfer (automatic),30.23,2108.47,No
0980-TELCO,Female,0,No,No,69,No,No,Fiber optic,Yes,Yes,Yes,No,Yes,Yes,Two year,Yes,Bank transfer (automatic),62.36,4308.99,No
0981-TELCO,Female,0,No,No,39,Yes,Yes,Fiber optic,No internet service,No internet service,No,No,Yes,No,Month-to-month,No,Credit card (automatic),20.74,802.19,Yes
0982-TELCO,Female,0,Yes,No,7,Yes,Yes,DSL,No,Yes,No,Yes,Yes,Yes,One year,Yes,Electronic check,34.03,235.59,No
0983-TELCO,Female,0,No,No,32,Yes,Yes,DSL,No,Yes,No,No,No,No internet service,Month-to-month,Yes,Electronic check,25.19,798.2,No
0984-TELCO,Male,0,No,No,4,Yes,No,Fiber optic,No,No,No,Yes,No,Yes,Month-to-month,Yes,Bank transfer (automatic),67.88,269.09,Yes
0985-TELCO,Female,0,Yes,No,21,Yes,Yes,DSL,No,No internet service,Yes,No,Yes,Yes,One year,Yes,Electronic check,24.52,524.19,No
0986-TELCO,Female,0,Yes,No,32,Yes,Yes,No,Yes,No,No,No,No internet service,No internet service,Month-to-month,No,Mailed check,113.85,3651.79,No
0987-TELCO,Female,0,Yes,Yes,14,Yes,Yes,DSL,No,Yes,No internet service,No,No internet service,No,Two year,No,Bank transfer (automatic),81.19,1137.92,No
0988-TELCO,Female,0,Yes,No,70,Yes,Yes,Fiber optic,Yes,No,Yes,No,No,No internet service,Month-to-month,Yes,Bank transfer (automatic),95.81,6709.47,No
0989-TELCO,Female,0,No,No,46,Yes,No,Fiber optic,No,No,Yes,No,Yes,Yes,One year,No,Mailed check,59.64,2740.48,No
0990-TELCO,Female,0,No,No,20,Yes,Yes,No,No internet service,No,No,Yes,No,Yes,Month-to-month,Yes,Bank transfer (automatic),113.66,2267.41,Yes
0991-TELCO,Female,0,No,No,58,No,Yes,No,No,No internet service,No,Yes,No,Yes,One year,Yes,Mailed check,96.13,5571.1,No
0992-TELCO,Female,0,Yes,Yes,48,No,No,No,No internet service,No,Yes,No,Yes,No internet service,One year,Yes,Credit card (automatic),49.7,2377.19,No
0993-TELCO,Female,0,Yes,No,7,Yes,No,Fiber optic,No,Yes,No,No,No,Yes,Month-to-month,Yes,Credit card (automatic),30.41,211.77,Yes
0994-TELCO,Female,0,No,No,40,No,No,DSL,No internet service,Yes,No,No,No,No,Month-to-month,Yes,Bank transfer (automatic),64.46,2570.11,No
0995-TELCO,Female,0,No,No,59,Yes,Yes,Fiber optic,No,No internet service,Yes,No,No internet service,No,Month-to-month,Yes,Bank transfer (automatic),73.57,4338.08,No
0996-TELCO,Male,0,No,No,36,Yes,Yes,Fiber optic,No,Yes,No,Yes,Yes,No internet service,Two year,Yes,Electronic check,71.68,2587.5,No
0997-TELCO,Male,0,Yes,No,44,Yes,No,No,No,Yes,Yes,No,Yes,Yes,One year,Yes,Mailed check,112.76,4959.26,No
0998-TELCO,Female,0,Yes,Yes,31,Yes,Yes,Fiber optic,No,No,No,No internet service,Yes,Yes,Two year,No,Electronic check,88.04,2727.95,No
0999-TELCO,Female,0,Yes,Yes,42,Yes,Yes,Fiber optic,No,No,No,No,No internet service,No,One year,Yes,Bank transfer (automatic),65.0,2730.54,No
1000-TELCO,Male,0,No,Yes,44,Yes,Yes,No,Yes,No,No,No,Yes,No,Month-to-month,Yes,Bank transfer (automatic),89.84,3949.25,No
1001-TELCO,Female,0,Yes,No,43,Yes,No phone service,Fiber optic,Yes,Yes,Yes,No,No,No,Month-to-month,Yes,Electronic check,53.21,2279.67,No
1002-TELCO,Male,0,No,No,43,Yes,No,Fiber optic,No,Yes,No,No,No internet service,Yes,Month-to-month,Yes,Credit card (automatic),98.58,4244.17,No
1003-TELCO,Male,0,No,No,47,Yes,Yes,DSL,No internet service,No,Yes,No internet service,No internet service,No internet service,Month-to-month,No,Credit card (automatic),106.88,5018.18,No
1004-TELCO,Male,0,Yes,No,6,Yes,No,DSL,Yes,Yes,Yes,No,No,Yes,Month-to-month,No,Electronic check,113.43,673.49,Yes
1005-TELCO,Male,0,No,No,66,No,No,Fiber optic,No,No,Yes,No,No internet service,Yes,Two year,No,Electronic check,21.68,1422.63,No
1006-TELCO,Male,0,No,No,9,Yes,No,No,Yes,No,Yes,Yes,No,Yes,One year,Yes,Credit card (automatic),47.34,429.67,Yes
1007-TELCO,Female,0,No,No,11,Yes,Yes,Fiber optic,No,No internet service,No internet service,Yes,No internet service,Yes,Month-to-month,Yes,Mailed check,34.87,373.91,Yes
1008-TELCO,Male,0,Yes,No,18,Yes,No,Fiber optic,No,No internet service,No,No,Yes,No internet service,Month-to-month,Yes,Electronic check,85.26,1536.55,Yes
1009-TELCO,Female,0,Yes,Yes,25,Yes,No,DSL,No,No internet service,No internet service,No,No,No internet service,Month-to-month,Yes,Credit card (automatic),43.93,1095.22,Yes
1010-TELCO,Female,1,Yes,No,58,Yes,No,Fiber optic,Yes,No,Yes,No,No,Yes,Month-to-month,No,Mailed check,64.71,3753.32,No
1011-TELCO,Male,0,Yes,No,30,Yes,No,DSL,No internet service,No internet service,No,Yes,No,No,Month-to-month,Yes,Electronic check,97.18,2923.55,No
1012-TELCO,Male,0,No,No,1,Yes,Yes,Fiber optic,Yes,No,Yes,No,No,No,One year,Yes,Mailed check,103.76,93.77,No
1013-TELCO,Female,0,No,No,63,Yes,No,Fiber optic,No,No internet service,Yes,No,Yes,Yes,Two year,Yes,Credit card (automatic),79.03,4981.59,No
1014-TELCO,Male,0,Yes,No,29,Yes,No,Fiber optic,No,Yes,No,No internet service,Yes,Yes,Month-to-month,No,Mailed check,63.61,1852.56,Yes
1015-TELCO,Male,0,No,No,66,Yes,No,DSL,No,Yes,No,Yes,No,No,Month-to-month,Yes,Electronic check,24.64,1621.13,No
1016-TELCO,Female,0,No,No,53,No,No,Fiber optic,No,No,Yes,No,Yes,No internet service,Month-to-month,Yes,Electronic check,92.35,4886.88,No
1017-TELCO,Female,0,Yes,No,19,Yes,Yes,DSL,Yes,No internet service,No,Yes,Yes,No,Month-to-month,No,Bank transfer (automatic),89.7,1702.09,No
1018-TELCO,Male,1,Yes,No,66,Yes,Yes,Fiber optic,Yes,No,Yes,No,No internet service,No,One year,No,Mailed check,41.96,2778.38,No
1019-TELCO,Female,0,No,Yes,52,No,No,Fiber optic,Yes,No internet service,No,No internet service,Yes,No internet service,Month-to-month,No,Electronic check,91.53,4761.23,Yes
1020-TELCO,Male,0,No,No,31,Yes,No,Fiber optic,No,Yes,No,No,Yes,Yes,Two year,No,Credit card (automatic),41.48,1294.82,No
1021-TELCO,Male,1,No,Yes,60,Yes,No,DSL,Yes,Yes,Yes,No,Yes,Yes,Month-to-month,No,Electronic check,86.09,5160.81,No
1022-TELCO,Male,0,Yes,No,68,Yes,No,No,No,No,No,Yes,No,No,Two year,No,Electronic check,33.06,2252.51,No
1023-TELCO,Female,1,Yes,No,30,Yes,Yes,Fiber optic,Yes,No,No,No,No internet service,No,Two year,No,Mailed check,109.94,3293.7,No
1024-TELCO,Female,0,Yes,No,13,Yes,No,Fiber optic,Yes,No,Yes,No internet service,Yes,No internet service,Month-to-month,Yes,Electronic check,58.25,757.57,No
1025-TELCO,Female,0,No,No,15,Yes,Yes,Fiber optic,No internet service,No internet service,No,No internet service,No,Yes,Month-to-month,Yes,Credit card (automatic),78.85,1190.84,No
1026-TELCO,Female,0,No,No,20,Yes,Yes,Fiber optic,No internet service,No internet service,No,No internet service,Yes,Yes,One year,Yes,Mailed check,39.02,772.16,No
1027-TELCO,Female,0,Yes,Yes,34,Yes,No,Fiber optic,Yes,Yes,No,No,No internet service,No,One year,No,Bank transfer (automatic),103.9,3528.52,No
1028-TELCO,Male,1,No,Yes,20,Yes,Yes,No,No,No internet service,No,Yes,No,Yes,Month-to-month,Yes,Electronic check,115.56,2308.29,No
1029-TELCO,Male,0,No,No,50,Yes,Yes,No,No,No,Yes,No internet service,No internet service,No internet service,Month-to-month,Yes,Credit card (automatic),48.91,2436.67,No
1030-TELCO,Male,0,No,No,27,Yes,Yes,Fiber optic,Yes,No,No internet service,No internet service,No internet service,No internet service,One year,Yes,Credit card (automatic),38.79,1042.07,No
1031-TELCO,Male,0,No,Yes,30,Yes,Yes,Fiber optic,No,Yes,Yes,No internet service,No internet service,No,One year,Yes,Credit card (automatic),72.2,2157.26,No
1032-TELCO,Female,0,Yes,Yes,56,Yes,Yes,DSL,No internet service,Yes,No,No,No internet service,No,Month-to-month,No,Bank transfer (automatic),114.53,6409.57,No
1033-TELCO,Male,0,No,No,65,Yes,Yes,DSL,No,No,No internet service,Yes,No,No,Two year,Yes,Credit card (automatic),94.95,6162.31,No
1034-TELCO,Female,0,Yes,No,55,Yes,Yes,Fiber optic,No,Yes,No internet service,Yes,No,No,One year,No,Credit card (automatic),117.12,6432.37,No
1035-TELCO,Male,0,Yes,No,24,Yes,Yes,No,No,Yes,No,No,Yes,No,Month-to-month,No,Electronic check,106.24,2544.46,No
1036-TELCO,Female,0,No,No,25,Yes,No,Fiber optic,No,No,Yes,Yes,Yes,Yes,Month-to-month,Yes,Electronic check,87.24,2178.58,Yes
1037-TELCO,Female,0,No,Yes,53,Yes,No,Fiber optic,No,No,No,No internet service,No,No,Month-to-month,Yes,Electronic check,36.8,1948.37,No
1038-TELCO,Male,0,No,No,11,Yes,Yes,DSL,No,Yes,Yes,No,No,No internet service,Month-to-month,Yes,Credit card (automatic),106.74,1171.16,Yes
1039-TELCO,Male,0,No,Yes,60,Yes,No,Fiber optic,No,Yes,No internet service,Yes,Yes,No,Month-to-month,No,Mailed check,79.16,4749.87,No
1040-TELCO,Male,0,No,No,47,Yes,No,Fiber optic,Yes,Yes,No,Yes,Yes,Yes,Month-to-month,No,Electronic check,63.64,2999.35,No
1041-TELCO,Male,0,No,No,25,Yes,No,No,No,Yes,No internet service,No,No,No internet service,Month-to-month,Yes,Credit card (automatic),68.55,1712.91,No
1042-TELCO,Female,0,Yes,No,25,Yes,No,DSL,No,No,No,No,Yes,No internet service,Month-to-month,No,Electronic check,115.12,2870.0,Yes
1043-TELCO,Male,0,No,No,17,Yes,Yes,Fiber optic,Yes,Yes,No,No,No,No,Month-to-month,Yes,Electronic check,19.36,332.75,No
1044-TELCO,Male,0,No,No,12,Yes,No,No,No,No internet service,Yes,Yes,No,Yes,Month-to-month,Yes,Credit card (automatic),93.64,1132.79,No
1045-TELCO,Female,0,Yes,No,52,Yes,No,No,No internet service,Yes,No,No,No internet service,Yes,Month-to-month,No,Credit card (automatic),94.84,4925.59,Yes
1046-TELCO,Male,0,Yes,No,11,Yes,Yes,No,No internet service,Yes,No,Yes,No,Yes,Month-to-month,No,Mailed check,27.83,300.0,No
1047-TELCO,Male,0,No,No,10,Yes,Yes,Fiber optic,No internet service,No,No,Yes,Yes,No,Month-to-month,Yes,Electronic check,115.36,1148.63,No
1048-TELCO,Male,0,No,No,60,No,Yes,No,Yes,Yes,No internet service,No,Yes,No internet service,Month-to-month,No,Electronic check,68.05,4073.99,No
1049-TELCO,Male,0,No,No,54,Yes,No,No,No,Yes,No,No,Yes,No,Two year,No,Electronic check,90.13,4873.14,No
1050-TELCO,Male,0,No,Yes,63,Yes,Yes,No,Yes,No,No,No internet service,Yes,Yes,Month-to-month,No,Credit card (automatic),61.11,3847.55,No
1051-TELCO,Female,1,Yes,No,20,Yes,Yes,No,No,No,No,No,No,No,Month-to-month,Yes,Electronic check,50.08,1007.09,No
1052-TELCO,Male,0,No,No,5,Yes,No,No,No,Yes,No,Yes,No,Yes,Month-to-month,No,Bank transfer (automatic),75.53,380.17,Yes
1053-TELCO,Male,0,No,No,41,Yes,Yes,DSL,No internet service,No,No,No internet service,No,Yes,Month-to-month,No,Credit card (automatic),107.91,4416.55,No
1054-TELCO,Male,1,No,No,63,Yes,No phone service,DSL,No internet service,Yes,Yes,No,No,No,Two year,No,Bank transfer (automatic),82.59,5204.09,No
1055-TELCO,Male,0,No,No,56,Yes,Yes,Fiber optic,Yes,No,No,No,No,Yes,Month-to-month,Yes,Mailed check,83.88,4701.6,No
1056-TELCO,Male,0,No,No,32,Yes,Yes,Fiber optic,Yes,No,No,No internet service,No internet service,Yes,Month-to-month,Yes,Electronic check,50.07,1593.21,No
1057-TELCO,Female,0,No,Yes,27,Yes,No,DSL,No internet service,No internet service,No internet service,No,No internet service,No,Month-to-month,No,Electronic check,41.78,1126.48,Yes
1058-TELCO,Male,0,No,No,68,Yes,Yes,Fiber optic,No internet service,No,No,No,Yes,No,Month-to-month,Yes,Electronic check,81.37,5539.36,No
1059-TELCO,Female,1,Yes,No,48,Yes,No,DSL,No,No internet service,No internet service,No,No,No internet service,One year,Yes,Bank transfer (automatic),32.92,1589.81,No
1060-TELCO,Female,1,No,No,7,Yes,Yes,DSL,No,Yes,Yes,No,Yes,Yes,Month-to-month,Yes,Mailed check,63.12,445.8,No
1061-TELCO,Male,0,Yes,No,46,Yes,No,Fiber optic,No,No,No,No internet service,No,No,Month-to-month,No,Bank transfer (automatic),43.35,1990.3,Yes
1062-TELCO,Male,0,Yes,No,18,Yes,No,DSL,No,Yes,No internet service,Yes,Yes,No,One year,Yes,Electronic check,89.18,1600.86,No
1063-TELCO,Male,1,No,Yes,38,Yes,No,Fiber optic,Yes,No internet service,No,No,No,Yes,Month-to-month,No,Credit card (automatic),72.03,2738.87,Yes
1064-TELCO,Male,0,Yes,No,65,Yes,No,No,No,No,No,No internet service,Yes,Yes,Month-to-month,Yes,Bank transfer (automatic),28.33,1850.12,No
1065-TELCO,Female,0,No,Yes,17,Yes,Yes,Fiber optic,No,Yes,No,Yes,Yes,Yes,Month-to-month,No,Bank transfer (automatic),74.52,1261.4,Yes
1066-TELCO,Male,1,Yes,No,38,Yes,Yes,Fiber optic,Yes,Yes,No internet service,Yes,Yes,Yes,Month-to-month,Yes,Electronic check,78.71,2985.59,No
1067-TELCO,Male,0,Yes,No,63,Yes,No,DSL,No internet service,Yes,No internet service,No,No internet service,No,One year,No,Mailed check,47.46,2990.23,No
1068-TELCO,Male,0,No,No,42,Yes,No,Fiber optic,No,No,No,No,Yes,No,One year,No,Electronic check,51.51,2164.93,No
1069-TELCO,Male,0,Yes,No,8,Yes,No,No,No,Yes,No,No internet service,No internet service,No,Month-to-month,Yes,Credit card (automatic),106.17,858.1,No
1070-TELCO,Male,1,No,No,30,Yes,Yes,Fiber optic,No,No,No internet service,Yes,No internet service,No,Month-to-month,Yes,Mailed check,29.49,881.16,No
1071-TELCO,Male,0,Yes,Yes,64,Yes,No,DSL,No,No internet service,Yes,Yes,Yes,No,Two year,Yes,Electronic check,115.53,7392.47,No
1072-TELCO,Female,0,Yes,No,9,Yes,No,No,Yes,No,No,No internet service,No,Yes,Month-to-month,Yes,Credit card (automatic),39.74,354.8,Yes
1073-TELCO,Female,0,Yes,Yes,57,Yes,No,No,No,No internet service,No internet service,Yes,No internet service,Yes,Month-to-month,Yes,Electronic check,42.55,2430.02,No
1074-TELCO,Male,0,Yes,No,59,Yes,No,DSL,Yes,Yes,No,Yes,No,No,Month-to-month,Yes,Mailed check,57.55,3392.57,No
1075-TELCO,Male,0,No,Yes,67,Yes,No,DSL,No,No,No,No,Yes,Yes,Month-to-month,No,Electronic check,113.53,7605.22,No
1076-TELCO,Male,0,Yes,No,5,Yes,No,DSL,Yes,No,No,Yes,No internet service,Yes,Month-to-month,No,Electronic check,108.29,538.74,Yes
1077-TELCO,Female,0,No,No,4,Yes,No,DSL,Yes,Yes,Yes,No internet service,Yes,No internet service,Month-to-month,Yes,Electronic check,93.29,363.72,No
1078-TELCO,Male,0,No,No,8,Yes,No phone service,No,No internet service,No internet service,No internet service,No,Yes,Yes,One year,Yes,Electronic check,98.11,785.72,No
1079-TELCO,Female,1,No,Yes,42,Yes,Yes,No,No,No,No,No,Yes,No,Month-to-month,Yes,Bank transfer (automatic),70.68,2966.44,Yes
1080-TELCO,Male,0,No,No,35,Yes,No,Fiber optic,Yes,No,No,Yes,No,Yes,Two year,Yes,Mailed check,109.2,3814.59,No
1081-TELCO,Male,1,Yes,No,13,No,No,Fiber optic,No internet service,No,No,No,Yes,No,Month-to-month,Yes,Credit card (automatic),31.05,405.66,Yes
1082-TELCO,Male,0,Yes,No,5,No,No,Fiber optic,Yes,No internet service,No,No internet service,No internet service,No internet service,Month-to-month,Yes,Bank transfer (automatic),72.72,367.39,No
1083-TELCO,Male,0,No,Yes,40,Yes,Yes,Fiber optic,Yes,Yes,Yes,No,Yes,No internet service,Month-to-month,Yes,Credit card (automatic),100.81,4032.64,No
1084-TELCO,Female,0,No,No,19,Yes,Yes,Fiber optic,Yes,Yes,No,No,Yes,No internet service,Month-to-month,No,Electronic check,75.53,1430.04,Yes
1085-TELCO,Female,0,No,No,4,No,Yes,No,No,No internet service,No,No,No internet service,No,Month-to-month,No,Electronic check,100.12,401.16,Yes
1086-TELCO,Male,1,No,Yes,59,Yes,No,No,No,Yes,No,No,No internet service,Yes,Month-to-month,Yes,Mailed check,35.04,2062.91,No
1087-TELCO,Male,0,Yes,No,18,Yes,Yes,DSL,Yes,No internet service,Yes,No internet service,No,Yes,Month-to-month,Yes,Credit card (automatic),22.13,391.34,No
1088-TELCO,Female,0,Yes,No,24,No,No phone service,Fiber optic,Yes,No,No internet service,No,No,Yes,Month-to-month,Yes,Mailed check,74.4,1777.53,Yes
1089-TELCO,Female,0,No,No,31,Yes,No,Fiber optic,No,No internet service,No,Yes,No,Yes,Two year,Yes,Mailed check,88.31,2730.99,No
1090-TELCO,Female,0,No,Yes,58,No,No phone service,Fiber optic,No,Yes,Yes,Yes,No,Yes,Two year,No,Mailed check,74.11,4307.19,No
1091-TELCO,Female,0,Yes,Yes,28,Yes,No phone service,Fiber optic,No internet service,No internet service,No internet service,Yes,No,No,Two year,Yes,Bank transfer (automatic),54.81,1530.48,No
1092-TELCO,Male,0,No,Yes,9,Yes,No,Fiber optic,No,Yes,Yes,No,No internet service,Yes,Two year,Yes,Mailed check,90.88,820.74,No
1093-TELCO,Female,0,Yes,No,45,Yes,No,Fiber optic,No,Yes,No,Yes,No internet service,No internet service,Month-to-month,Yes,Mailed check,111.74,5033.58,Yes
1094-TELCO,Male,0,Yes,No,49,Yes,No,Fiber optic,No,Yes,No,Yes,No internet service,No,Month-to-month,Yes,Mailed check,75.53,3702.28,No
1095-TELCO,Female,0,No,No,2,Yes,Yes,DSL,No,Yes,Yes,No,Yes,Yes,Month-to-month,No,Mailed check,35.37,70.88,Yes
1096-TELCO,Female,0,No,No,6,Yes,Yes,No,No,No internet service,Yes,No,Yes,No,Two year,Yes,Credit card (automatic),70.64,420.82,No
1097-TELCO,Female,0,No,Yes,29,Yes,Yes,DSL,Yes,No,Yes,No,Yes,Yes,Month-to-month,No,Electronic check,93.69,2711.11,No
1098-TELCO,Female,0,Yes,Yes,26,Yes,No phone service,DSL,No,No,No internet service,No,No internet service,No internet service,Month-to-month,Yes,Mailed check,38.12,999.09,Yes
1099-TELCO,Female,0,Yes,No,28,Yes,Yes,DSL,No,Yes,No,No,Yes,Yes,Month-to-month,No,Bank transfer (automatic),62.82,1760.94,No
1100-TELCO,Male,0,No,Yes,7,Yes,Yes,DSL,Yes,No,Yes,No internet service,Yes,No,Month-to-month,Yes,Mailed check,85.43,590.88,No
1101-TELCO,Male,0,Yes,No,34,Yes,Yes,Fiber optic,No,Yes,Yes,Yes,No internet service,No,One year,No,Mailed check,26.18,895.02,No
1102-TELCO,Female,0,No,No,56,Yes,No,Fiber optic,No,Yes,No,No internet service,Yes,Yes,One year,Yes,Mailed check,38.79,2164.15,No
1103-TELCO,Female,1,No,Yes,10,Yes,Yes,Fiber optic,Yes,No,No,Yes,Yes,Yes,Two year,Yes,Mailed check,90.76,907.99,No
1104-TELCO,Male,0,No,No,57,Yes,No phone service,DSL,Yes,No internet service,Yes,No,No internet service,Yes,Month-to-month,No,Mailed check,49.71,2824.7,Yes
1105-TELCO,Female,0,Yes,No,47,Yes,No phone service,DSL,Yes,No,Yes,No,Yes,No,Month-to-month,Yes,Electronic check,27.63,1298.13,No
1106-TELCO,Female,1,No,No,27,No,No,Fiber optic,No,No,No internet service,Yes,No internet service,Yes,One year,Yes,Mailed check,93.14,2515.6,No
1107-TELCO,Male,1,Yes,No,39,Yes,Yes,Fiber optic,No,No,No internet service,No,Yes,No internet service,Month-to-month,Yes,Bank transfer (automatic),39.21,1529.25,No
1108-TELCO,Female,0,Yes,Yes,22,Yes,No phone service,DSL,No,Yes,Yes,No internet service,Yes,Yes,Month-to-month,Yes,Electronic check,28.55,626.88,No
1109-TELCO,Female,1,Yes,No,19,Yes,No,DSL,Yes,No internet service,Yes,No internet service,Yes,Yes,One year,Yes,Bank transfer (automatic),80.99,1533.69,No
1110-TELCO,Male,0,Yes,No,9,Yes,Yes,DSL,No,No internet service,Yes,No,No internet service,Yes,Month-to-month,Yes,Credit card (automatic),109.72,979.31,No
1111-TELCO,Male,0,No,No,19,Yes,No,DSL,Yes,No,No,No internet service,No,No,Month-to-month,Yes,Mailed check,66.19,1260.14,No
1112-TELCO,Male,0,Yes,Yes,2,Yes,Yes,DSL,Yes,Yes,Yes,Yes,Yes,Yes,Month-to-month,No,Mailed check,40.73,74.55,Yes
1113-TELCO,Female,0,Yes,No,61,Yes,Yes,Fiber optic,No,No,Yes,Yes,No,No,Month-to-month,Yes,Electronic check,76.73,4678.14,No
1114-TELCO,Male,0,No,No,59,No,No phone service,Fiber optic,No,Yes,No,Yes,Yes,No,One year,No,Bank transfer (automatic),82.11,4849.21,No
1115-TELCO,Male,0,Yes,No,70,Yes,No phone service,DSL,No,No,Yes,No,No,No,Month-to-month,No,Mailed check,112.51,7877.83,No
1116-TELCO,Male,0,No,No,71,Yes,No,Fiber optic,Yes,Yes,Yes,No,Yes,No,One year,Yes,Bank transfer (automatic),115.56,8212.22,No
1117-TELCO,Male,0,Yes,No,70,Yes,Yes,Fiber optic,No,Yes,No,No,No internet service,Yes,Two year,Yes,Electronic check,52.71,3693.32,No
1118-TELCO,Male,1,Yes,No,33,Yes,Yes,Fiber optic,No,No internet service,No,No,No,No internet service,Two year,Yes,Electronic check,92.21,3051.72,No
1119-TELCO,Male,0,No,No,65,Yes,No,DSL,No,No,No internet service,No,No internet service,No internet service,Month-to-month,No,Electronic check,104.78,6805.0,No
1120-TELCO,Female,1,Yes,Yes,25,Yes,No,Fiber optic,No,No internet service,Yes,No,No,No internet service,One year,Yes,Electronic check,82.31,2048.58,Yes
1121-TELCO,Female,1,No,No,70,Yes,No,Fiber optic,No,No,Yes,No,No,No,One year,No,Credit card (automatic),103.79,7256.89,No
1122-TELCO,Male,0,Yes,No,28,Yes,Yes,Fiber optic,No,Yes,No,No internet service,No,No internet service,Month-to-month,No,Bank transfer (automatic),70.71,1973.95,No
1123-TELCO,Male,0,Yes,No,18,Yes,No,Fiber optic,No internet service,Yes,No,No internet service,No internet service,No,Month-to-month,No,Credit card (automatic),78.49,1403.88,No
1124-TELCO,Male,0,Yes,No,63,No,No,DSL,No internet service,No internet service,Yes,No,Yes,No,Two year,No,Electronic check,28.37,1782.61,No
1125-TELCO,Female,1,Yes,No,49,No,Yes,Fiber optic,No internet service,No,Yes,Yes,No,No,One year,Yes,Electronic check,56.64,2782.42,No
1126-TELCO,Female,0,Yes,No,66,Yes,No,Fiber optic,No,Yes,Yes,No,No,No,One year,No,Credit card (automatic),19.65,1292.15,No
1127-TELCO,Female,0,No,Yes,40,Yes,No phone service,DSL,No internet service,Yes,No internet service,Yes,No,Yes,Month-to-month,No,Electronic check,93.25,3736.32,No
1128-TELCO,Female,0,No,Yes,66,Yes,Yes,Fiber optic,Yes,No,No internet service,No,Yes,No internet service,Month-to-month,Yes,Mailed check,58.55,3860.69,No
1129-TELCO,Female,0,Yes,No,4,Yes,Yes,No,Yes,No internet service,No,Yes,Yes,No,Month-to-month,No,Bank transfer (automatic),108.58,433.07,Yes
1130-TELCO,Female,0,Yes,No,34,No,No,Fiber optic,No,No internet service,Yes,No internet service,No internet service,No,Month-to-month,Yes,Electronic check,28.67,981.83,No
1131-TELCO,Female,0,No,No,5,Yes,Yes,DSL,No internet service,No,No,No,Yes,No,Month-to-month,Yes,Bank transfer (automatic),20.46,102.15,No
1132-TELCO,Female,0,No,No,22,Yes,No,Fiber optic,No,No internet service,No,Yes,Yes,Yes,Month-to-month,Yes,Credit card (automatic),55.94,1223.14,No
1133-TELCO,Female,0,No,No,20,Yes,Yes,DSL,No,Yes,No,No,Yes,No internet service,Month-to-month,No,Mailed check,116.09,2319.0,No
1134-TELCO,Male,1,No,No,47,No,Yes,Fiber optic,No,Yes,No internet service,No internet service,Yes,No,Two year,No,Bank transfer (automatic),115.77,5447.47,No
1135-TELCO,Male,0,Yes,Yes,34,Yes,Yes,Fiber optic,Yes,Yes,Yes,Yes,Yes,No internet service,One year,Yes,Mailed check,86.56,2934.46,No
1136-TELCO,Male,1,Yes,No,44,Yes,Yes,No,No,No internet service,No internet service,No,No internet service,No,Month-to-month,Yes,Bank transfer (automatic),43.73,1928.89,No
1137-TELCO,Male,0,No,No,6,No,Yes,Fiber optic,Yes,No internet service,No internet service,Yes,Yes,No internet service,Month-to-month,Yes,Mailed check,66.53,403.93,Yes
1138-TELCO,Female,0,No,No,56,Yes,No,Fiber optic,Yes,Yes,No,No internet service,No,No internet service,Month-to-month,No,Electronic check,116.31,6512.25,No
1139-TELCO,Female,0,No,No,29,Yes,No,Fiber optic,Yes,No,No,Yes,No internet service,Yes,Month-to-month,No,Electronic check,98.51,2847.2,No
1140-TELCO,Male,0,Yes,No,53,Yes,No,No,No,Yes,No,No,No internet service,Yes,Month-to-month,No,Electronic check,85.39,4520.56,No
1141-TELCO,Female,1,No,No,1,Yes,Yes,Fiber optic,No,No internet service,No,No,No,No internet service,Two year,No,Credit card (automatic),111.6,107.09,Yes
1142-TELCO,Male,0,No,No,59,Yes,No,DSL,Yes,No,No,Yes,No internet service,Yes,Two year,No,Mailed check,88.08,5201.97,No
1143-TELCO,Female,1,Yes,No,48,Yes,No,No,No,No internet service,Yes,No internet service,No,No internet service,Two year,Yes,Credit card (automatic),47.95,2302.35,No
1144-TELCO,Male,0,No,No,7,Yes,Yes,DSL,No,Yes,Yes,No,No internet service,No,Month-to-month,Yes,Electronic check,74.82,520.45,Yes
1145-TELCO,Female,0,Yes,No,32,Yes,No phone service,DSL,No internet service,No,No,Yes,No internet service,No,Month-to-month,Yes,Bank transfer (automatic),45.13,1446.48,Yes
1146-TELCO,Female,0,Yes,No,61,Yes,Yes,DSL,No internet service,No,No internet service,No,Yes,Yes,One year,Yes,Mailed check,75.23,4581.13,No
1147-TELCO,Male,0,Yes,Yes,57,Yes,No,Fiber optic,Yes,Yes,Yes,No internet service,Yes,No,One year,Yes,Electronic check,114.91,6559.78,No
1148-TELCO,Female,0,Yes,No,51,Yes,No,No,Yes,No,No,No internet service,No,Yes,Month-to-month,No,Mailed check,69.12,3516.65,No
1149-TELCO,Male,1,Yes,Yes,19,Yes,No,Fiber optic,Yes,No,No internet service,No,Yes,Yes,Month-to-month,No,Mailed check,69.12,1319.75,No
1150-TELCO,Male,0,No,No,27,No,No,DSL,No,No,Yes,No,Yes,No,Month-to-month,Yes,Electronic check,46.7,1259.73,No
1151-TELCO,Male,0,Yes,No,63,Yes,No,Fiber optic,No,No,No internet service,No internet service,No internet service,Yes,Two year,No,Electronic check,40.92,2585.71,No
1152-TELCO,Male,0,No,Yes,60,Yes,No,Fiber optic,Yes,No,No,Yes,Yes,No,Month-to-month,Yes,Credit card (automatic),29.27,1750.18,No
1153-TELCO,Female,0,Yes,No,61,Yes,No,No,No internet service,Yes,No internet service,No,Yes,No,Month-to-month,No,Bank transfer (automatic),84.72,5168.94,No
1154-TELCO,Female,1,Yes,No,61,Yes,Yes,Fiber optic,No,No,No internet service,Yes,No internet service,No internet service,Two year,No,Bank transfer (automatic),75.13,4584.81,No
1155-TELCO,Female,0,No,No,45,Yes,No,DSL,No,No,No,No,Yes,No internet service,Month-to-month,No,Credit card (automatic),70.0,3149.3,No
1156-TELCO,Male,0,No,No,21,Yes,Yes,Fiber optic,No,Yes,Yes,No internet service,No internet service,No,One year,Yes,Electronic check,112.36,2355.17,No
1157-TELCO,Female,0,No,No,44,Yes,Yes,DSL,No,No,No,No,No,No internet service,Month-to-month,Yes,Mailed check,82.76,3647.65,Yes
1158-TELCO,Male,0,No,No,1,No,No,DSL,No,No internet service,Yes,No,No internet service,No internet service,Month-to-month,Yes,Credit card (automatic),54.46,48.59,Yes
1159-TELCO,Female,0,Yes,No,44,Yes,No,Fiber optic,No internet service,No internet service,No internet service,Yes,No internet service,Yes,Month-to-month,No,Mailed check,44.09,1935.19,No
1160-TELCO,Female,0,Yes,No,62,Yes,No phone service,Fiber optic,Yes,Yes,No,Yes,No,No internet service,Two year,No,Mailed check,66.14,4098.93,No
1161-TELCO,Female,0,No,Yes,61,Yes,Yes,Fiber optic,No,No,Yes,Yes,No internet service,No,Month-to-month,Yes,Electronic check,50.72,3100.53,No
1162-TELCO,Male,0,No,No,50,Yes,Yes,Fiber optic,Yes,No internet service,No,No internet service,No,No,One year,Yes,Bank transfer (automatic),52.3,2605.16,No
1163-TELCO,Female,0,No,No,41,Yes,No phone service,Fiber optic,No,No,Yes,No,No,No,Two year,Yes,Bank transfer (automatic),87.68,3602.76,No
1164-TELCO,Female,0,No,No,33,Yes,No,DSL,No,No,No,Yes,No,Yes,Month-to-month,No,Electronic check,47.43,1566.08,No
1165-TELCO,Male,0,No,Yes,12,No,Yes,DSL,Yes,Yes,No,No,Yes,Yes,Month-to-month,Yes,Bank transfer (automatic),19.8,229.49,Yes
1166-TELCO,Female,0,Yes,No,2,Yes,Yes,DSL,Yes,Yes,Yes,No internet service,No internet service,Yes,Two year,Yes,Mailed check,53.55,101.55,Yes
1167-TELCO,Male,0,No,No,21,Yes,No,No,Yes,No,No,Yes,Yes,No internet service,Month-to-month,Yes,Bank transfer (automatic),111.92,2341.75,Yes
1168-TELCO,Female,0,No,No,14,Yes,No,Fiber optic,No,Yes,Yes,Yes,Yes,No,Two year,Yes,Bank transfer (automatic),84.42,1180.86,Yes
1169-TELCO,Male,0,No,No,34,Yes,No,Fiber optic,No,No,Yes,No,No,Yes,Two year,Yes,Electronic check,70.11,2374.12,No
1170-TELCO,Male,0,Yes,No,64,Yes,Yes,DSL,No internet service,Yes,Yes,Yes,Yes,Yes,Month-to-month,No,Electronic check,62.62,4011.2,No
1171-TELCO,Female,0,Yes,No,23,Yes,Yes,DSL,Yes,Yes,No internet service,No,No,No internet service,Month-to-month,Yes,Credit card (automatic),103.29,2368.04,No
1172-TELCO,Male,1,Yes,No,50,No,No,No,Yes,No,No,No internet service,No,No,One year,No,Electronic check,30.68,1528.09,Yes
1173-TELCO,Male,0,Yes,No,14,Yes,No,No,No,No internet service,No,No,No,No,Month-to-month,No,Bank transfer (automatic),49.25,679.79,Yes
1174-TELCO,Male,0,No,No,46,Yes,Yes,DSL,Yes,Yes,No,No,Yes,Yes,Month-to-month,No,Credit card (automatic),75.27,3457.11,No
1175-TELCO,Male,0,Yes,Yes,5,Yes,Yes,No,Yes,No,No,No,No internet service,No,Month-to-month,Yes,Bank transfer (automatic),85.15,416.5,No
1176-TELCO,Male,1,Yes,No,66,Yes,No,Fiber optic,No,Yes,Yes,Yes,No,Yes,Month-to-month,No,Credit card (automatic),50.29,3311.06,No
1177-TELCO,Male,0,Yes,No,22,Yes,No phone service,DSL,No internet service,Yes,Yes,No internet service,Yes,No internet service,Month-to-month,No,Mailed check,99.19,2191.42,No
1178-TELCO,Female,1,No,No,70,Yes,No,DSL,No internet service,No internet service,Yes,Yes,Yes,Yes,Month-to-month,No,Credit card (automatic),50.38,3518.4,No
1179-TELCO,Male,0,No,No,2,Yes,No,Fiber optic,Yes,No,Yes,No internet service,No,Yes,Month-to-month,Yes,Bank transfer (automatic),21.46,48.64,No
1180-TELCO,Male,0,Yes,No,29,Yes,No,Fiber optic,Yes,Yes,No,Yes,No,No internet service,One year,Yes,Mailed check,69.43,2016.36,No
1181-TELCO,Female,0,Yes,Yes,61,Yes,No phone service,No,No,No,Yes,No internet service,No internet service,Yes,Month-to-month,Yes,Mailed check,118.26,7209.71,No
1182-TELCO,Female,0,Yes,No,71,Yes,Yes,DSL,No,Yes,No,No internet service,Yes,Yes,Month-to-month,Yes,Bank transfer (automatic),51.52,3665.13,No
1183-TELCO,Female,1,No,No,16,Yes,Yes,Fiber optic,No,No internet service,Yes,Yes,No internet service,Yes,Month-to-month,No,Credit card (automatic),49.99,799.34,Yes
1184-TELCO,Female,0,Yes,Yes,64,Yes,No,DSL,No,Yes,No,Yes,No,No internet service,One year,Yes,Electronic check,67.2,4296.7,No
1185-TELCO,Female,0,No,Yes,14,Yes,Yes,DSL,Yes,No internet service,No internet service,Yes,No,No,Month-to-month,No,Credit card (automatic),36.26,513.59,Yes
1186-TELCO,Female,0,Yes,Yes,43,Yes,Yes,DSL,No,Yes,Yes,Yes,No internet service,No internet service,One year,Yes,Electronic check,78.74,3389.74,No
1187-TELCO,Female,0,Yes,No,43,Yes,No,No,No internet service,No,Yes,No,No internet service,No,One year,Yes,Mailed check,60.59,2596.97,No
1188-TELCO,Male,0,No,Yes,70,Yes,Yes,Fiber optic,No,No internet service,Yes,No,No,Yes,Month-to-month,No,Electronic check,58.73,4107.69,No
1189-TELCO,Male,0,Yes,No,55,Yes,Yes,DSL,No internet service,Yes,Yes,No,Yes,Yes,Month-to-month,Yes,Mailed check,88.81,4887.85,No
1190-TELCO,Female,1,No,No,31,Yes,Yes,Fiber optic,No,Yes,Yes,Yes,Yes,No,Two year,Yes,Electronic check,36.95,1140.57,No
1191-TELCO,Male,0,Yes,No,40,Yes,No,Fiber optic,No,No,Yes,Yes,No,No internet service,One year,No,Electronic check,118.62,4747.1,No
1192-TELCO,Male,0,No,No,27,Yes,No,DSL,Yes,Yes,No internet service,No,Yes,No internet service,Month-to-month,Yes,Mailed check,73.26,1974.07,Yes
1193-TELCO,Male,0,No,No,52,Yes,No,No,No,No,No,No internet service,No,No,One year,No,Mailed check,36.18,1875.51,No
1194-TELCO,Female,0,No,No,7,Yes,No,No,No internet service,No,No internet service,No,No,No internet service,One year,No,Electronic check,26.58,183.15,No
1195-TELCO,Female,0,Yes,No,46,Yes,No,Fiber optic,Yes,No,No,Yes,No,No,Month-to-month,Yes,Credit card (automatic),93.99,4320.76,No
1196-TELCO,Male,1,Yes,No,33,Yes,Yes,Fiber optic,Yes,No,No internet service,No,No,No,Two year,Yes,Mailed check,41.43,1370.31,No
1197-TELCO,Female,0,Yes,No,8,Yes,Yes,Fiber optic,No,Yes,No internet service,No,Yes,Yes,One year,Yes,Bank transfer (automatic),92.62,742.78,Yes
1198-TELCO,Male,0,No,No,5,Yes,No,DSL,No,No internet service,No internet service,No,Yes,Yes,Month-to-month,Yes,Credit card (automatic),90.63,451.83,Yes
1199-TELCO,Male,0,No,Yes,61,Yes,No phone service,Fiber optic,No,No,Yes,No,No,No,Two year,Yes,Credit card (automatic),118.43,7229.17,No
1200-TELCO,Male,1,Yes,No,72,Yes,Yes,DSL,No,No,No,No internet service,No,No,Month-to-month,Yes,Bank transfer (automatic),27.21,1966.38,No
1201-TELCO,Male,0,Yes,No,60,Yes,No,No,No,Yes,No,No,Yes,No,One year,Yes,Electronic check,73.58,4406.45,No
1202-TELCO,Female,0,No,No,24,Yes,No,Fiber optic,No,No,No,Yes,Yes,Yes,Month-to-month,Yes,Bank transfer (automatic),88.3,2121.95,Yes
1203-TELCO,Female,0,Yes,No,7,Yes,Yes,DSL,No,Yes,No,Yes,Yes,No,One year,Yes,Electronic check,37.61,267.52,Yes
1204-TELCO,Female,0,Yes,No,61,Yes,Yes,Fiber optic,Yes,Yes,No internet service,No,No,No,Month-to-month,No,Mailed check,96.43,5881.0,No
1205-TELCO,Male,0,Yes,Yes,36,Yes,Yes,Fiber optic,Yes,Yes,No internet service,No internet service,No,Yes,Month-to-month,No,Credit card (automatic),70.28,2521.22,Yes
1206-TELCO,Female,0,No,No,27,Yes,No,No,No,No,No internet service,No internet service,Yes,No internet service,Month-to-month,Yes,Electronic check,55.77,1504.57,No
1207-TELCO,Male,0,No,No,29,Yes,No,Fiber optic,No,No,No internet service,Yes,No,No internet service,Month-to-month,Yes,Bank transfer (automatic),54.7,1593.76,Yes
1208-TELCO,Female,0,No,No,20,Yes,Yes,Fiber optic,No internet service,No,No,Yes,No,Yes,Two year,No,Electronic check,55.0,1093.23,No
1209-TELCO,Male,0,Yes,No,70,Yes,Yes,DSL,No,No internet service,No,No internet service,No,No,Month-to-month,Yes,Electronic check,96.13,6726.39,No
1210-TELCO,Male,0,No,No,3,Yes,Yes,Fiber optic,No,Yes,No,Yes,No internet service,No,Month-to-month,Yes,Electronic check,114.8,349.26,Yes
1211-TELCO,Male,0,No,No,39,Yes,No,DSL,No,No internet service,No,No internet service,Yes,No,Month-to-month,Yes,Mailed check,84.18,3290.52,No
1212-TELCO,Female,0,Yes,No,45,Yes,Yes,DSL,No,No,No internet service,No,Yes,Yes,One year,No,Credit card (automatic),40.34,1823.58,No
1213-TELCO,Female,0,No,No,68,No,No phone service,Fiber optic,Yes,Yes,No internet service,No,No,No internet service,Month-to-month,No,Mailed check,30.43,2074.8,No
1214-TELCO,Female,0,Yes,No,31,Yes,No,Fiber optic,No,Yes,No,Yes,No internet service,No,Month-to-month,Yes,Mailed check,26.67,828.66,No
1215-TELCO,Female,0,Yes,Yes,38,Yes,No,No,Yes,No,No internet service,No,No,Yes,Month-to-month,Yes,Electronic check,74.99,2846.61,No
1216-TELCO,Male,0,Yes,No,6,Yes,Yes,Fiber optic,Yes,Yes,No,No internet service,Yes,No,One year,Yes,Electronic check,107.5,644.75,No
1217-TELCO,Female,0,Yes,No,8,No,No phone service,Fiber optic,No,No internet service,No,No,No internet service,Yes,Month-to-month,No,Credit card (automatic),59.53,466.4,Yes
1218-TELCO,Female,1,No,Yes,28,Yes,No,No,Yes,No internet service,No internet service,No,No,No,Two year,Yes,Electronic check,33.4,932.21,No
1219-TELCO,Male,0,Yes,Yes,15,Yes,Yes,No,No,Yes,No,No,No,No,Month-to-month,Yes,Electronic check,62.95,948.75,No
1220-TELCO,Male,1,Yes,No,8,Yes,No,Fiber optic,No,Yes,Yes,No,No,Yes,One year,No,Mailed check,98.0,787.11,Yes
1221-TELCO,Male,0,Yes,No,54,Yes,No,Fiber optic,No internet service,Yes,No,No internet service,Yes,Yes,Two year,Yes,Mailed check,96.5,5201.16,No
1222-TELCO,Female,0,No,No,6,Yes,Yes,No,Yes,No,No,Yes,No internet service,No,Two year,Yes,Electronic check,58.11,349.61,No
1223-TELCO,Male,0,No,No,29,Yes,Yes,Fiber optic,Yes,Yes,Yes,No internet service,No,No,Two year,No,Electronic check,66.6,1921.55,No
1224-TELCO,Male,0,No,No,34,Yes,No,Fiber optic,No,No internet service,No,Yes,No internet service,Yes,Two year,No,Credit card (automatic),81.69,2774.73,No
1225-TELCO,Male,0,No,Yes,7,Yes,Yes,DSL,No,No,No internet service,Yes,Yes,No,Month-to-month,No,Electronic check,69.73,497.92,Yes
1226-TELCO,Female,0,Yes,Yes,40,Yes,No,Fiber optic,No internet service,No internet service,No internet service,Yes,No,No,Two year,No,Credit card (automatic),42.69,1705.79,No
1227-TELCO,Male,1,Yes,Yes,13,Yes,Yes,DSL,Yes,No,No,No internet service,No,No,Month-to-month,Yes,Electronic check,96.04,1256.38,Yes
1228-TELCO,Female,1,No,Yes,62,Yes,Yes,DSL,No,Yes,No,Yes,No internet service,No,One year,Yes,Credit card (automatic),62.22,3847.96,No
1229-TELCO,Female,0,Yes,Yes,65,Yes,No,No,Yes,No,Yes,No internet service,Yes,Yes,Month-to-month,Yes,Mailed check,52.78,3435.09,No
1230-TELCO,Male,0,Yes,No,41,Yes,Yes,Fiber optic,No,No,No,No,No,No internet service,One year,No,Electronic check,46.55,1907.69,No
1231-TELCO,Male,0,No,No,42,Yes,No,Fiber optic,No internet service,No,No,No,No,Yes,One year,No,Mailed check,106.49,4473.52,No
1232-TELCO,Female,0,Yes,No,66,Yes,No,Fiber optic,No,No internet service,No,No,No,Yes,Month-to-month,Yes,Credit card (automatic),48.23,3193.03,No
1233-TELCO,Male,0,Yes,No,11,Yes,Yes,DSL,No,No,No,No,No internet service,No,Month-to-month,No,Electronic check,88.78,972.69,No
1234-TELCO,Male,1,Yes,No,50,Yes,No phone service,DSL,Yes,Yes,Yes,No internet service,No,Yes,One year,No,Mailed check,48.5,2432.24,No
1235-TELCO,Female,0,Yes,No,71,No,No phone service,Fiber optic,No internet service,Yes,No internet service,No internet service,No,No internet service,One year,No,Bank transfer (automatic),43.13,3070.55,No
1236-TELCO,Female,0,No,No,35,Yes,No,DSL,No,No,No,No,No,No,One year,Yes,Electronic check,60.27,2105.4,No
1237-TELCO,Male,0,No,No,20,Yes,No,Fiber optic,Yes,No,No internet service,No internet service,Yes,No internet service,Month-to-month,No,Electronic check,112.97,2250.35,Yes
1238-TELCO,Female,0,No,Yes,28,Yes,Yes,No,Yes,No,Yes,No,Yes,No,Month-to-month,No,Electronic check,101.52,2848.28,No
1239-TELCO,Male,0,No,No,37,No,Yes,DSL,Yes,Yes,No,No,Yes,No internet service,Two year,Yes,Mailed check,46.11,1714.74,No
1240-TELCO,Male,0,Yes,No,3,No,No,DSL,Yes,No internet service,Yes,No,No,No,Two year,Yes,Credit card (automatic),54.64,163.47,No
1241-TELCO,Male,0,Yes,No,59,Yes,No,No,No internet service,No internet service,No internet service,No,Yes,No,Month-to-month,Yes,Mailed check,79.37,4690.33,No
1242-TELCO,Female,0,Yes,No,27,Yes,No,Fiber optic,No,Yes,No internet service,No,No,No,Two year,Yes,Electronic check,61.21,1647.09,Yes
1243-TELCO,Male,0,Yes,No,32,Yes,No,DSL,No,No,Yes,No,Yes,No internet service,One year,Yes,Mailed check,105.91,3394.26,No
1244-TELCO,Male,1,No,No,48,Yes,No,DSL,No,No,No,No internet service,No,Yes,One year,Yes,Credit card (automatic),73.37,3525.83,No
1245-TELCO,Male,0,No,Yes,46,Yes,No,Fiber optic,No,No,Yes,No,Yes,Yes,Month-to-month,Yes,Bank transfer (automatic),104.89,4825.49,Yes
1246-TELCO,Female,0,Yes,No,47,Yes,No,Fiber optic,Yes,No,No internet service,No,Yes,No,One year,Yes,Electronic check,43.94,2061.56,No
1247-TELCO,Female,0,Yes,Yes,40,Yes,Yes,Fiber optic,Yes,No,Yes,No,Yes,Yes,Month-to-month,Yes,Electronic check,87.08,3478.21,No
1248-TELCO,Female,0,Yes,No,3,Yes,Yes,Fiber optic,Yes,Yes,Yes,No,No internet service,No,One year,Yes,Mailed check,59.76,183.66,Yes
1249-TELCO,Female,0,Yes,Yes,29,No,Yes,No,No,No,Yes,Yes,Yes,Yes,One year,Yes,Electronic check,28.87,838.65,No
1250-TELCO,Female,0,Yes,No,58,Yes,Yes,Fiber optic,No,Yes,No,No,Yes,No,One year,No,Mailed check,56.63,3291.81,No
1251-TELCO,Male,0,No,Yes,50,Yes,No,DSL,No internet service,Yes,Yes,No,No internet service,No,Month-to-month,Yes,Credit card (automatic),52.41,2626.91,No
1252-TELCO,Female,0,No,No,10,Yes,Yes,DSL,No,No,No,No,No,Yes,Month-to-month,No,Credit card (automatic),50.58,499.32,No
1253-TELCO,Female,0,No,Yes,61,Yes,Yes,Fiber optic,No,Yes,No,No,No,No internet service,One year,Yes,Mailed check,81.29,4952.98,No
1254-TELCO,Female,0,Yes,Yes,61,Yes,Yes,DSL,No internet service,Yes,No,No internet service,No internet service,No internet service,Two year,Yes,Credit card (automatic),59.06,3611.54,No
1255-TELCO,Male,1,Yes,No,23,Yes,No phone service,DSL,No,No,No,Yes,No,No internet service,Month-to-month,Yes,Bank transfer (automatic),29.53,676.72,Yes
1256-TELCO,Female,1,No,Yes,6,Yes,Yes,DSL,No,No internet service,Yes,No internet service,No internet service,No,Month-to-month,Yes,Credit card (automatic),39.42,237.47,Yes
1257-TELCO,Female,0,No,Yes,60,Yes,Yes,Fiber optic,No,No,No internet service,No,No,Yes,Month-to-month,No,Electronic check,69.29,4155.86,No
1258-TELCO,Male,0,No,Yes,27,Yes,No,Fiber optic,No,Yes,Yes,No internet service,No,No,One year,Yes,Electronic check,70.2,1896.68,No
1259-TELCO,Female,0,No,No,55,Yes,Yes,DSL,No,No,No internet service,No internet service,No internet service,No,Two year,No,Credit card (automatic),21.96,1211.31,No
1260-TELCO,Male,1,No,No,31,No,No,Fiber optic,No,No,No,Yes,No internet service,Yes,One year,No,Electronic check,35.85,1108.64,No
1261-TELCO,Male,0,No,Yes,30,Yes,No,Fiber optic,No,Yes,No,No internet service,No,No,Two year,No,Mailed check,84.29,2525.34,No
1262-TELCO,Male,1,Yes,Yes,67,No,No,No,No,Yes,Yes,No,Yes,No internet service,Month-to-month,No,Electronic check,53.8,3611.5,No
1263-TELCO,Male,0,No,No,13,Yes,No,No,No internet service,Yes,Yes,Yes,No internet service,No,Two year,No,Bank transfer (automatic),51.91,677.18,No
1264-TELCO,Male,0,Yes,No,59,Yes,Yes,No,No,No,No,No internet service,Yes,No,One year,Yes,Mailed check,22.95,1361.12,No
1265-TELCO,Female,0,Yes,No,54,Yes,No,No,Yes,No,Yes,No,Yes,Yes,Month-to-month,Yes,Credit card (automatic),57.21,3096.71,No
1266-TELCO,Male,1,No,No,21,Yes,No,Fiber optic,No,No,No,Yes,Yes,No,Month-to-month,Yes,Bank transfer (automatic),24.15,500.38,No
1267-TELCO,Male,1,Yes,No,43,Yes,Yes,Fiber optic,No internet service,No internet service,No,Yes,Yes,No,Month-to-month,No,Electronic check,46.65,2011.96,Yes
1268-TELCO,Female,0,Yes,No,11,Yes,No phone service,DSL,No,Yes,Yes,No,No internet service,No,Month-to-month,No,Mailed check,29.65,334.16,Yes
1269-TELCO,Male,0,Yes,No,67,Yes,Yes,Fiber optic,No,No internet service,Yes,Yes,Yes,No,Two year,No,Credit card (automatic),102.45,6862.93,No
1270-TELCO,Female,0,Yes,No,38,Yes,Yes,DSL,No internet service,No,No internet service,Yes,Yes,Yes,Month-to-month,No,Mailed check,38.19,1451.32,Yes
1271-TELCO,Female,0,Yes,No,24,Yes,No,Fiber optic,No,Yes,No,No internet service,Yes,No,Month-to-month,Yes,Mailed check,30.93,739.83,No
1272-TELCO,Female,0,Yes,No,51,Yes,Yes,DSL,No internet service,No internet service,No internet service,No,Yes,No,Two year,Yes,Electronic check,103.58,5275.59,No
1273-TELCO,Male,0,Yes,No,61,Yes,No,DSL,Yes,No,Yes,No,No,Yes,Month-to-month,Yes,Bank transfer (automatic),80.75,4926.42,No
1274-TELCO,Male,0,Yes,No,46,Yes,Yes,DSL,No internet service,No,Yes,Yes,No,Yes,Month-to-month,Yes,Credit card (automatic),113.83,5234.13,No
1275-TELCO,Male,0,No,No,43,Yes,Yes,No,Yes,Yes,No,Yes,No,Yes,Month-to-month,No,Credit card (automatic),81.26,3500.64,No
1276-TELCO,Female,0,Yes,No,27,Yes,Yes,DSL,No,Yes,No internet service,No,No,Yes,One year,Yes,Bank transfer (automatic),86.21,2327.38,Yes
1277-TELCO,Male,0,Yes,Yes,30,Yes,No,No,No,No internet service,No,No,Yes,Yes,Month-to-month,Yes,Mailed check,54.57,1646.23,No
1278-TELCO,Male,0,No,No,63,No,No phone service,DSL,No,Yes,No,Yes,No,No,One year,Yes,Bank transfer (automatic),93.19,5875.7,No
1279-TELCO,Male,0,No,No,10,Yes,Yes,Fiber optic,No,No internet service,Yes,Yes,No,No,Month-to-month,No,Mailed check,76.77,762.36,Yes
1280-TELCO,Female,0,No,No,3,Yes,Yes,DSL,No,Yes,No internet service,No internet service,Yes,Yes,Month-to-month,No,Mailed check,34.22,100.71,Yes
1281-TELCO,Female,0,Yes,No,60,Yes,No,DSL,Yes,Yes,No,No internet service,No,No internet service,Month-to-month,No,Credit card (automatic),33.87,2034.46,No
1282-TELCO,Male,0,No,Yes,27,Yes,No,No,No,Yes,Yes,No,Yes,No,Month-to-month,Yes,Electronic check,82.91,2231.26,Yes
1283-TELCO,Male,0,No,Yes,45,Yes,No,DSL,No,No,No,No,Yes,No,Month-to-month,No,Bank transfer (automatic),45.6,2052.17,No
1284-TELCO,Male,0,No,No,62,Yes,Yes,DSL,No,Yes,Yes,Yes,No,Yes,Month-to-month,Yes,Bank transfer (automatic),72.92,4528.41,No
1285-TELCO,Male,0,No,No,24,Yes,No phone service,Fiber optic,Yes,No,No,Yes,Yes,No,Month-to-month,No,Credit card (automatic),37.59,895.65,No
1286-TELCO,Female,0,No,No,46,Yes,Yes,Fiber optic,Yes,Yes,No,No internet service,Yes,No,Month-to-month,Yes,Electronic check,60.39,2769.63,Yes
1287-TELCO,Female,1,No,Yes,44,Yes,Yes,No,No,No internet service,Yes,No,Yes,Yes,One year,Yes,Mailed check,104.93,4616.86,No
1288-TELCO,Female,1,No,No,63,Yes,No,Fiber optic,No,No internet service,Yes,No,Yes,Yes,Month-to-month,Yes,Electronic check,87.66,5530.4,No
1289-TELCO,Female,0,Yes,No,4,Yes,No,Fiber optic,No internet service,Yes,No,No,Yes,Yes,One year,Yes,Credit card (automatic),67.23,272.98,Yes
1290-TELCO,Male,0,No,No,16,Yes,Yes,Fiber optic,Yes,No,No,No,No,No,Two year,Yes,Electronic check,67.64,1083.73,No
1291-TELCO,Male,0,No,No,51,Yes,No,Fiber optic,No internet service,No internet service,No,Yes,Yes,Yes,One year,Yes,Electronic check,57.18,2909.68,No
1292-TELCO,Male,1,Yes,No,48,Yes,No,Fiber optic,No internet service,No,No,No,No internet service,Yes,Two year,Yes,Bank transfer (automatic),83.8,4027.26,No
1293-TELCO,Female,0,No,No,65,Yes,No phone service,DSL,Yes,No,Yes,No,No internet service,No,One year,Yes,Electronic check,37.18,2420.19,No
1294-TELCO,Male,0,Yes,No,69,Yes,Yes,Fiber optic,No,No,No,Yes,No,Yes,Month-to-month,No,Mailed check,52.13,3606.13,No
1295-TELCO,Female,0,Yes,Yes,45,Yes,No,DSL,No,No internet service,No internet service,No,Yes,Yes,Month-to-month,Yes,Electronic check,86.56,3887.68,No
1296-TELCO,Female,0,No,No,3,Yes,Yes,Fiber optic,No,Yes,No,No,No internet service,Yes,One year,Yes,Mailed check,90.81,269.03,Yes
1297-TELCO,Male,0,Yes,No,17,Yes,Yes,DSL,No,Yes,Yes,No,No,No internet service,Month-to-month,Yes,Bank transfer (automatic),107.29,1823.6,Yes
1298-TELCO,Male,0,Yes,No,37,Yes,Yes,DSL,No,Yes,No,No,Yes,Yes,Month-to-month,No,Mailed check,48.9,1812.11,No
1299-TELCO,Male,0,Yes,No,5,Yes,No,Fiber optic,No,No,Yes,Yes,No,No,Month-to-month,No,Electronic check,103.95,519.15,Yes
1300-TELCO,Female,0,Yes,No,47,Yes,No phone service,DSL,Yes,Yes,Yes,No,Yes,No,Two year,Yes,Credit card (automatic),101.07,4748.07,Yes
1301-TELCO,Male,0,Yes,No,44,Yes,No,DSL,Yes,Yes,No,No,No,No internet service,One year,Yes,Mailed check,19.27,845.27,No
1302-TELCO,Female,0,Yes,No,33,Yes,No phone service,DSL,No,No,Yes,No,No,No internet service,Month-to-month,No,Credit card (automatic),85.85,2824.97,No
1303-TELCO,Male,1,Yes,No,21,Yes,No,DSL,Yes,Yes,No internet service,Yes,Yes,Yes,Month-to-month,Yes,Credit card (automatic),95.34,2000.32,Yes
1304-TELCO,Female,0,No,No,67,No,Yes,DSL,No internet service,Yes,No,Yes,Yes,Yes,One year,Yes,Electronic check,18.65,1244.58,No
1305-TELCO,Female,0,No,Yes,68,Yes,Yes,Fiber optic,No,No,No,No internet service,No internet service,No,Month-to-month,Yes,Credit card (automatic),67.88,4611.67,No
1306-TELCO,Male,0,Yes,No,32,Yes,No phone service,Fiber optic,No,No internet service,Yes,No,No,Yes,Month-to-month,Yes,Electronic check,114.01,3638.39,No
1307-TELCO,Female,0,No,No,24,Yes,No,Fiber optic,No internet service,Yes,No,Yes,Yes,No internet service,One year,Yes,Mailed check,114.09,2728.88,No
1308-TELCO,Female,1,Yes,Yes,35,Yes,No,Fiber optic,Yes,Yes,Yes,No,No,No,One year,No,Electronic check,92.67,3239.15,No
1309-TELCO,Male,0,Yes,Yes,18,Yes,No,Fiber optic,Yes,Yes,Yes,Yes,Yes,No internet service,One year,Yes,Electronic check,101.83,1826.76,No
1310-TELCO,Female,1,Yes,No,67,Yes,Yes,DSL,No internet service,No internet service,No internet service,No,No internet service,No,Month-to-month,Yes,Electronic check,49.16,3294.88,No
1311-TELCO,Male,0,No,No,54,Yes,No,No,No,No,No internet service,No internet service,No,Yes,Month-to-month,No,Electronic check,64.59,3488.12,Yes
1312-TELCO,Female,1,No,No,26,No,No,No,Yes,Yes,No internet service,No internet service,No internet service,No,Month-to-month,No,Credit card (automatic),118.27,3082.1,Yes
1313-TELCO,Male,0,Yes,Yes,60,Yes,No,DSL,Yes,No,Yes,Yes,No internet service,Yes,Month-to-month,No,Electronic check,99.38,5954.03,No
1314-TELCO,Male,0,Yes,Yes,65,Yes,No,Fiber optic,No internet service,Yes,No,No,No internet service,No,One year,Yes,Electronic check,22.73,1481.2,No
1315-TELCO,Female,0,Yes,No,51,Yes,Yes,DSL,No,Yes,No internet service,No,Yes,No internet service,Month-to-month,Yes,Electronic check,23.73,1218.42,No
1316-TELCO,Female,1,No,Yes,60,Yes,No,DSL,Yes,Yes,Yes,Yes,No internet service,No,Two year,No,Electronic check,76.5,4592.38,No
1317-TELCO,Female,1,No,Yes,59,Yes,Yes,DSL,No internet service,Yes,No,Yes,Yes,Yes,Month-to-month,Yes,Electronic check,55.77,3297.43,No
1318-TELCO,Female,0,Yes,Yes,17,Yes,No,No,No,No,No,No,Yes,No,Month-to-month,Yes,Credit card (automatic),41.97,714.97,No
1319-TELCO,Female,1,No,Yes,21,Yes,Yes,Fiber optic,No internet service,No,No,Yes,Yes,Yes,One year,No,Electronic check,50.42,1064.37,No
1320-TELCO,Male,0,Yes,Yes,67,Yes,Yes,Fiber optic,No,No,No internet service,No internet service,No,No,One year,Yes,Credit card (automatic),114.62,7670.88,No
1321-TELCO,Female,0,No,No,28,Yes,Yes,Fiber optic,No,No,No,No,No,No internet service,One year,Yes,Electronic check,50.57,1409.28,Yes
1322-TELCO,Male,0,No,Yes,44,No,No phone service,Fiber optic,Yes,No,Yes,No,No,Yes,Month-to-month,Yes,Credit card (automatic),54.61,2394.64,No
1323-TELCO,Male,0,Yes,No,70,No,Yes,DSL,No,No,Yes,No internet service,No internet service,Yes,Two year,Yes,Bank transfer (automatic),63.61,4460.93,No
1324-TELCO,Female,0,No,No,62,Yes,No,No,Yes,No,No,No,No,Yes,One year,Yes,Electronic check,34.42,2135.42,No
1325-TELCO,Male,0,No,No,42,Yes,No,Fiber optic,No,Yes,Yes,No,No,No internet service,One year,No,Electronic check,57.38,2406.8,No
1326-TELCO,Male,0,Yes,No,22,Yes,Yes,Fiber optic,Yes,No,Yes,Yes,No,Yes,Month-to-month,Yes,Electronic check,83.23,1831.71,No
1327-TELCO,Male,0,Yes,No,38,Yes,Yes,Fiber optic,No,No internet service,No,No,No,No,Month-to-month,Yes,Electronic check,44.3,1673.58,Yes
1328-TELCO,Male,0,No,No,14,Yes,No phone service,No,No internet service,No,No,No,No,Yes,One year,Yes,Electronic check,80.85,1135.76,No
1329-TELCO,Female,0,Yes,No,26,Yes,Yes,Fiber optic,Yes,No,Yes,No,No internet service,No,Two year,Yes,Bank transfer (automatic),42.85,1109.36,Yes
1330-TELCO,Male,0,Yes,No,40,Yes,No,DSL,No,Yes,No internet service,Yes,Yes,Yes,Two year,Yes,Bank transfer (automatic),97.31,3887.33,No
1331-TELCO,Female,0,Yes,No,54,Yes,No,Fiber optic,No,No internet service,No internet service,No,No,No,One year,Yes,Electronic check,112.46,6067.72,No
1332-TELCO,Female,0,No,No,13,Yes,Yes,DSL,No,No internet service,No,No,Yes,No,Month-to-month,Yes,Credit card (automatic),62.91,814.03,Yes
1333-TELCO,Male,0,No,Yes,19,Yes,No,No,No,No internet service,No,No,No,Yes,Month-to-month,No,Bank transfer (automatic),115.08,2189.8,Yes
1334-TELCO,Female,0,No,No,42,Yes,No phone service,Fiber optic,No,Yes,No,No internet service,No internet service,No internet service,Month-to-month,No,Mailed check,85.02,3573.29,No
1335-TELCO,Female,0,No,No,41,Yes,No,DSL,No internet service,No internet service,No,No internet service,Yes,No internet service,Month-to-month,Yes,Electronic check,89.77,3682.46,No
1336-TELCO,Female,0,Yes,No,50,Yes,Yes,Fiber optic,No,Yes,No internet service,Yes,No internet service,Yes,Month-to-month,Yes,Mailed check,69.64,3478.07,No
1337-TELCO,Male,0,No,Yes,3,Yes,No,DSL,No internet service,No,Yes,No,No,Yes,Two year,Yes,Mailed check,41.11,128.32,Yes
1338-TELCO,Female,0,No,No,31,No,No,Fiber optic,No,No,No internet service,No,No,No,Month-to-month,No,Credit card (automatic),112.69,3503.04,Yes
1339-TELCO,Female,0,Yes,No,15,Yes,No,DSL,No,No internet service,No,Yes,No,No,Two year,Yes,Credit card (automatic),115.72,1738.37,No
1340-TELCO,Female,0,Yes,Yes,54,Yes,Yes,DSL,No,No,No,Yes,Yes,Yes,Month-to-month,Yes,Electronic check,102.87,5555.67,Yes
1341-TELCO,Male,1,Yes,No,53,Yes,Yes,DSL,Yes,No internet service,Yes,No,No internet service,No internet service,Month-to-month,Yes,Electronic check,64.83,3429.48,No
1342-TELCO,Female,1,No,No,45,Yes,Yes,DSL,No,No internet service,No,No,Yes,Yes,Month-to-month,Yes,Bank transfer (automatic),35.46,1587.28,No
1343-TELCO,Male,0,No,No,38,Yes,Yes,Fiber optic,No,No,No,No,No,No,Month-to-month,No,Electronic check,27.26,1030.39,No
1344-TELCO,Male,0,No,No,50,Yes,No phone service,No,No,No internet service,Yes,No,No internet service,No,Month-to-month,Yes,Electronic check,68.96,3447.73,No
1345-TELCO,Male,0,No,No,24,No,Yes,DSL,No,Yes,No,No,Yes,No internet service,Month-to-month,Yes,Credit card (automatic),48.93,1170.03,No
1346-TELCO,Male,0,Yes,No,17,Yes,No,DSL,Yes,No,No,No internet service,No,No internet service,Month-to-month,No,Mailed check,104.36,1783.81,No
1347-TELCO,Male,1,No,No,18,Yes,No,No,No,Yes,No internet service,No,Yes,Yes,Month-to-month,No,Credit card (automatic),72.9,1314.55,Yes
1348-TELCO,Male,0,No,No,42,Yes,No,No,No internet service,No internet service,No,No,Yes,Yes,One year,No,Electronic check,110.78,4649.5,No
1349-TELCO,Female,0,Yes,No,17,Yes,Yes,Fiber optic,No,No internet service,No,No internet service,Yes,Yes,Month-to-month,No,Bank transfer (automatic),91.14,1554.12,Yes
1350-TELCO,Male,0,No,No,16,Yes,No,DSL,Yes,Yes,No,No,No internet service,No,Two year,Yes,Bank transfer (automatic),63.7,1013.61,No
1351-TELCO,Female,1,Yes,No,52,Yes,No,Fiber optic,No,No,No,No,No,No internet service,Month-to-month,Yes,Bank transfer (automatic),92.93,4840.57,No
1352-TELCO,Female,0,No,Yes,36,Yes,No,DSL,No internet service,Yes,No internet service,No,Yes,Yes,Two year,Yes,Electronic check,115.54,4159.19,No
1353-TELCO,Male,0,No,Yes,39,Yes,No phone service,No,No internet service,No,Yes,No,No internet service,No,Two year,Yes,Electronic check,74.82,2918.22,No
1354-TELCO,Female,0,No,No,25,Yes,No,No,No internet service,No,Yes,Yes,Yes,Yes,One year,Yes,Electronic check,49.82,1240.02,Yes
1355-TELCO,Female,0,No,No,42,Yes,Yes,Fiber optic,No,Yes,No,No,No,No internet service,Month-to-month,No,Bank transfer (automatic),55.62,2326.38,Yes
1356-TELCO,Female,0,Yes,No,21,Yes,No phone service,DSL,No,Yes,No,Yes,No,Yes,One year,Yes,Bank transfer (automatic),80.6,1702.42,No
1357-TELCO,Female,0,No,Yes,68,Yes,No,DSL,No internet service,No,No internet service,No internet service,No,No,Two year,Yes,Electronic check,115.91,7886.89,No
1358-TELCO,Male,1,Yes,No,59,Yes,Yes,No,No,Yes,Yes,No,Yes,Yes,Month-to-month,Yes,Bank transfer (automatic),65.69,3881.42,No
1359-TELCO,Female,1,No,No,30,Yes,Yes,Fiber optic,Yes,No,No,Yes,No,No,Month-to-month,No,Electronic check,89.5,2681.61,No
1360-TELCO,Male,1,No,No,57,Yes,Yes,DSL,No,Yes,Yes,No,No internet service,No,Month-to-month,Yes,Electronic check,36.26,2068.76,No
1361-TELCO,Female,0,No,Yes,33,Yes,No,DSL,No internet service,No internet service,No,No internet service,Yes,No,Month-to-month,Yes,Mailed check,80.6,2657.49,Yes
1362-TELCO,Female,0,Yes,No,53,Yes,Yes,Fiber optic,No,No,No internet service,No internet service,Yes,Yes,Month-to-month,No,Electronic check,92.01,4866.84,No
1363-TELCO,Male,0,No,Yes,16,Yes,No,No,No internet service,No,No internet service,Yes,No internet service,Yes,One year,Yes,Mailed check,60.8,978.76,No
1364-TELCO,Female,0,No,Yes,49,Yes,Yes,Fiber optic,Yes,Yes,No internet service,No internet service,Yes,No,Month-to-month,No,Bank transfer (automatic),82.2,4017.96,No
1365-TELCO,Female,0,No,No,5,Yes,No phone service,DSL,No,Yes,No,No internet service,Yes,No,One year,Yes,Credit card (automatic),41.07,206.13,No
1366-TELCO,Female,0,Yes,Yes,60,Yes,No,Fiber optic,Yes,No internet service,No,No,Yes,No internet service,Month-to-month,Yes,Mailed check,64.42,3865.62,Yes
1367-TELCO,Male,0,Yes,Yes,71,Yes,Yes,DSL,Yes,No,No,No internet service,Yes,No internet service,Two year,Yes,Mailed check,101.22,7183.72,No
1368-TELCO,Female,0,Yes,No,55,Yes,No,No,No,No,No,No internet service,No,Yes,One year,No,Electronic check,38.31,2097.38,No
1369-TELCO,Male,0,No,Yes,35,No,No phone service,DSL,No,No internet service,No internet service,No,Yes,No,Two year,Yes,Bank transfer (automatic),27.2,954.58,No
1370-TELCO,Female,0,No,No,69,Yes,Yes,Fiber optic,No,Yes,Yes,No internet service,Yes,Yes,Two year,No,Credit card (automatic),88.24,6092.7,No
1371-TELCO,Male,0,No,Yes,42,Yes,No,DSL,No internet service,No,No,No,No internet service,No,Two year,No,Bank transfer (automatic),49.76,2080.11,No
1372-TELCO,Male,0,Yes,No,69,Yes,Yes,DSL,Yes,Yes,No,No internet service,No,No,Month-to-month,Yes,Mailed check,67.3,4640.2,No
1373-TELCO,Female,0,Yes,No,24,Yes,Yes,Fiber optic,Yes,No,No,No,Yes,Yes,One year,No,Bank transfer (automatic),107.88,2589.82,No
1374-TELCO,Female,0,No,Yes,71,Yes,No,No,No,Yes,No,No,Yes,Yes,Month-to-month,Yes,Electronic check,35.64,2539.92,No
1375-TELCO,Male,0,No,No,71,Yes,No,DSL,No internet service,Yes,Yes,No internet service,No internet service,No internet service,Month-to-month,Yes,Bank transfer (automatic),95.94,6812.78,No
1376-TELCO,Male,0,No,No,55,Yes,Yes,Fiber optic,No internet service,No,Yes,No internet service,No internet service,Yes,Month-to-month,Yes,Bank transfer (automatic),69.17,3810.91,No
1377-TELCO,Female,0,No,Yes,14,No,No,Fiber optic,No,No internet service,No internet service,No,No internet service,Yes,Month-to-month,Yes,Credit card (automatic),22.93,319.8,No
1378-TELCO,Male,0,Yes,No,55,Yes,Yes,No,No,No internet service,No,Yes,No internet service,No internet service,Month-to-month,No,Bank transfer (automatic),36.29,1986.58,No
1379-TELCO,Female,0,No,Yes,15,Yes,No,Fiber optic,Yes,No,Yes,No,No,No,Month-to-month,Yes,Bank transfer (automatic),68.05,1017.25,Yes
1380-TELCO,Female,0,No,Yes,5,Yes,Yes,DSL,Yes,No,Yes,No internet service,Yes,No,Month-to-month,No,Mailed check,40.82,202.79,No
1381-TELCO,Female,0,No,Yes,4,Yes,No phone service,Fiber optic,No,No,No internet service,No,No internet service,Yes,One year,Yes,Credit card (automatic),53.97,216.0,Yes
1382-TELCO,Female,0,Yes,No,30,Yes,No,No,No internet service,No,Yes,No internet service,No,Yes,Two year,Yes,Bank transfer (automatic),87.92,2632.8,No
1383-TELCO,Male,0,Yes,No,53,Yes,No,No,No,No,No,No internet service,No,Yes,Month-to-month,No,Mailed check,103.43,5480.56,No
1384-TELCO,Female,0,Yes,No,30,No,Yes,Fiber optic,No,Yes,No,No,No internet service,Yes,Month-to-month,Yes,Electronic check,62.55,1874.31,Yes
1385-TELCO,Male,0,No,No,61,Yes,No,No,No,No internet service,No,No,No,Yes,Two year,Yes,Credit card (automatic),69.42,4227.64,No
1386-TELCO,Female,1,Yes,No,71,No,Yes,DSL,No,No,No,Yes,No,Yes,Two year,No,Credit card (automatic),77.59,5513.24,No
1387-TELCO,Male,0,Yes,No,68,Yes,No phone service,Fiber optic,No internet service,No internet service,No,No,Yes,No internet service,Month-to-month,Yes,Electronic check,35.31,2397.71,No
1388-TELCO,Female,0,Yes,No,55,Yes,No,Fiber optic,No,No internet service,No internet service,Yes,Yes,No,Month-to-month,No,Mailed check,78.3,4302.79,No
1389-TELCO,Male,0,No,No,71,Yes,Yes,DSL,Yes,No,No,No,No,Yes,Two year,Yes,Mailed check,99.57,7061.0,No
1390-TELCO,Male,0,Yes,Yes,42,Yes,No,No,No internet service,No,Yes,No internet service,No,Yes,Month-to-month,Yes,Mailed check,108.2,4552.87,Yes
1391-TELCO,Female,0,No,No,29,Yes,No phone service,Fiber optic,No,No,Yes,No,No internet service,No internet service,Month-to-month,No,Mailed check,37.45,1089.41,Yes
1392-TELCO,Female,0,Yes,No,35,Yes,No,Fiber optic,No,Yes,Yes,Yes,No,Yes,Month-to-month,Yes,Mailed check,104.34,3656.75,No
1393-TELCO,Female,0,Yes,No,45,Yes,Yes,DSL,No internet service,No,No,No internet service,No internet service,No internet service,Month-to-month,No,Electronic check,106.24,4784.82,Yes
1394-TELCO,Female,0,No,No,29,Yes,No phone service,DSL,No,No internet service,No,No,Yes,No,Two year,Yes,Electronic check,94.92,2745.86,No
1395-TELCO,Male,0,Yes,No,70,No,No phone service,Fiber optic,No,No internet service,No,No,No internet service,No,One year,Yes,Electronic check,100.57,7032.48,Yes
1396-TELCO,Female,0,Yes,No,3,Yes,Yes,Fiber optic,No,No,No internet service,No,Yes,No,Month-to-month,No,Bank transfer (automatic),62.83,197.4,Yes
1397-TELCO,Male,0,Yes,No,57,Yes,No,DSL,No,No,No,No,No,No,Two year,No,Bank transfer (automatic),115.86,6594.33,No
1398-TELCO,Male,0,No,No,66,Yes,No,No,No internet service,Yes,No,Yes,Yes,No,Month-to-month,No,Electronic check,90.39,5973.43,No
1399-TELCO,Female,0,No,Yes,22,Yes,Yes,DSL,No,Yes,No,No,Yes,No internet service,Month-to-month,Yes,Bank transfer (automatic),44.13,979.21,Yes
1400-TELCO,Male,1,Yes,No,27,Yes,No,No,No,No internet service,Yes,Yes,Yes,No internet service,Two year,Yes,Mailed check,21.21,573.75,No
1401-TELCO,Male,0,Yes,No,22,Yes,Yes,DSL,No internet service,No,No,No internet service,No,No,One year,No,Electronic check,35.88,786.82,No
1402-TELCO,Male,0,No,No,49,Yes,No,Fiber optic,Yes,No,Yes,No internet service,No,No,Two year,Yes,Bank transfer (automatic),93.2,4568.68,No
1403-TELCO,Male,0,No,No,24,Yes,Yes,Fiber optic,No,No,No,Yes,No internet service,No internet service,One year,No,Bank transfer (automatic),104.89,2518.22,Yes
1404-TELCO,Female,0,Yes,No,27,Yes,Yes,Fiber optic,No,No,No,No internet service,No,Yes,One year,No,Mailed check,27.04,739.61,Yes
1405-TELCO,Female,1,No,Yes,36,Yes,No,No,No internet service,No,Yes,No internet service,No,No,Month-to-month,Yes,Mailed check,84.0,3021.02,Yes
1406-TELCO,Female,0,No,No,17,Yes,Yes,No,No,No,Yes,No,No,No,Two year,Yes,Electronic check,55.34,942.68,No
1407-TELCO,Female,1,No,No,56,Yes,Yes,DSL,No,No,Yes,Yes,Yes,Yes,One year,Yes,Electronic check,77.31,4329.85,No
1408-TELCO,Male,0,Yes,No,10,Yes,No,Fiber optic,Yes,No internet service,No,No,No,No,Month-to-month,Yes,Electronic check,103.55,1028.91,Yes
1409-TELCO,Male,0,Yes,No,54,Yes,No,Fiber optic,No internet service,No,No,No,No,No,Month-to-month,No,Credit card (automatic),61.26,3315.54,No
1410-TELCO,Female,0,Yes,Yes,38,Yes,Yes,No,No,No internet service,No internet service,Yes,Yes,Yes,One year,No,Bank transfer (automatic),37.09,1403.56,No
1411-TELCO,Female,1,No,No,4,Yes,No,No,No,No internet service,No,Yes,No,Yes,One year,No,Electronic check,29.66,120.74,No
1412-TELCO,Female,0,No,No,50,Yes,No phone service,Fiber optic,Yes,No,Yes,Yes,No,Yes,Month-to-month,No,Electronic check,118.59,5926.61,No
1413-TELCO,Male,0,Yes,No,61,Yes,Yes,Fiber optic,No,Yes,No internet service,Yes,No,No internet service,Month-to-month,Yes,Credit card (automatic),95.37,5824.51,No
1414-TELCO,Female,0,No,No,21,Yes,Yes,DSL,Yes,Yes,No internet service,No internet service,No,Yes,Two year,No,Bank transfer (automatic),23.71,504.88,No
1415-TELCO,Female,0,No,No,36,Yes,No,Fiber optic,No internet service,Yes,Yes,No internet service,No,No,One year,Yes,Electronic check,35.5,1270.84,Yes
1416-TELCO,Female,1,No,No,46,Yes,No phone service,No,No internet service,No internet service,Yes,No,Yes,Yes,One year,Yes,Bank transfer (automatic),87.1,4015.66,No
1417-TELCO,Male,0,No,No,71,Yes,No,No,Yes,No internet service,No,No,Yes,Yes,Month-to-month,Yes,Mailed check,60.74,4305.45,No
1418-TELCO,Male,0,No,No,44,No,Yes,Fiber optic,No,Yes,No internet service,No internet service,No,No,Month-to-month,Yes,Electronic check,80.63,3546.81,No
1419-TELCO,Male,0,Yes,No,64,Yes,Yes,Fiber optic,No,Yes,No internet service,No internet service,Yes,No internet service,Month-to-month,No,Electronic check,75.04,4806.53,No
1420-TELCO,Male,0,No,No,18,Yes,No,Fiber optic,No internet service,No internet service,Yes,No internet service,No internet service,No,Month-to-month,Yes,Credit card (automatic),34.03,610.66,Yes
1421-TELCO,Male,1,No,No,13,Yes,Yes,Fiber optic,No,Yes,No,No,No,No internet service,Two year,No,Electronic check,62.41,812.42,Yes
1422-TELCO,Male,0,Yes,Yes,13,Yes,No,Fiber optic,No internet service,No internet service,No,No,No,No internet service,Month-to-month,No,Mailed check,71.53,939.82,Yes
1423-TELCO,Male,0,Yes,No,25,Yes,Yes,Fiber optic,No,No,No,No internet service,Yes,Yes,Month-to-month,No,Electronic check,62.31,1552.91,No
1424-TELCO,Male,1,No,Yes,5,Yes,No,DSL,Yes,No internet service,No,No internet service,Yes,No,Month-to-month,Yes,Bank transfer (automatic),66.59,338.19,Yes
1425-TELCO,Female,0,Yes,Yes,39,Yes,No,DSL,No,No,Yes,No internet service,No internet service,No,Two year,No,Electronic check,117.68,4592.7,No
1426-TELCO,Female,0,No,No,29,Yes,No,Fiber optic,No,Yes,No,No,Yes,No,One year,Yes,Credit card (automatic),117.26,3409.48,No
1427-TELCO,Male,0,Yes,No,57,Yes,No phone service,No,No,No,No,No,Yes,No internet service,Month-to-month,No,Bank transfer (automatic),53.68,3051.77,No
1428-TELCO,Male,0,Yes,No,46,Yes,No,Fiber optic,Yes,No internet service,No,No,Yes,No,One year,No,Electronic check,91.56,4207.12,No
1429-TELCO,Female,0,Yes,Yes,33,Yes,No,Fiber optic,No internet service,Yes,No,Yes,Yes,Yes,Two year,Yes,Mailed check,41.73,1382.41,No
1430-TELCO,Male,1,Yes,No,10,Yes,Yes,No,No,No,Yes,Yes,Yes,No,Month-to-month,No,Mailed check,117.89,1185.26,Yes
1431-TELCO,Male,0,No,No,58,No,Yes,Fiber optic,Yes,No,No,No,No internet service,No,Two year,Yes,Electronic check,59.83,3474.46,No
1432-TELCO,Male,0,No,No,25,Yes,Yes,DSL,No internet service,No internet service,Yes,No,Yes,No,Two year,No,Bank transfer (automatic),76.93,1916.29,No
1433-TELCO,Female,1,Yes,No,39,Yes,No,No,Yes,Yes,Yes,No,No internet service,Yes,Month-to-month,Yes,Credit card (automatic),56.56,2202.45,No
1434-TELCO,Female,0,Yes,No,16,Yes,No,No,Yes,No,No,Yes,No,Yes,Month-to-month,No,Electronic check,33.99,538.33,Yes
1435-TELCO,Female,0,Yes,Yes,60,Yes,No,Fiber optic,No,Yes,No,No internet service,No internet service,No internet service,Month-to-month,Yes,Electronic check,33.73,2029.1,No
1436-TELCO,Female,0,Yes,No,28,Yes,No,DSL,No internet service,No,No,No,No internet service,No,Month-to-month,No,Electronic check,112.66,3162.35,No
1437-TELCO,Female,1,No,No,44,No,No phone service,No,No,No,No internet service,No internet service,Yes,Yes,Month-to-month,Yes,Mailed check,73.78,3248.58,No
1438-TELCO,Male,0,Yes,No,58,Yes,No,Fiber optic,No,Yes,No,No,No,Yes,Month-to-month,Yes,Electronic check,115.9,6715.33,No
1439-TELCO,Female,0,Yes,Yes,32,Yes,No phone service,DSL,Yes,No internet service,No,Yes,Yes,Yes,Month-to-month,Yes,Bank transfer (automatic),58.74,1887.05,Yes
1440-TELCO,Male,0,No,No,63,Yes,Yes,DSL,No,No,No,No,No internet service,Yes,Month-to-month,No,Electronic check,65.9,4150.42,Yes
1441-TELCO,Male,0,Yes,No,45,Yes,Yes,No,No,No,No,No,No internet service,No internet service,Month-to-month,Yes,Electronic check,40.19,1802.04,No
1442-TELCO,Female,0,Yes,Yes,53,Yes,No,DSL,No internet service,No,No,No,Yes,No internet service,Month-to-month,Yes,Credit card (automatic),28.78,1527.75,No
1443-TELCO,Female,1,Yes,No,61,Yes,Yes,DSL,No,No,No,Yes,No,Yes,Month-to-month,Yes,Credit card (automatic),96.93,5904.41,No
1444-TELCO,Male,0,No,No,50,Yes,No,Fiber optic,Yes,Yes,Yes,Yes,No,No,Month-to-month,No,Bank transfer (automatic),58.05,2904.48,No
1445-TELCO,Male,0,No,No,27,Yes,No,DSL,No,No internet service,No,Yes,No,No,One year,No,Bank transfer (automatic),97.3,2636.53,No
1446-TELCO,Male,1,No,No,26,Yes,No,DSL,Yes,Yes,No,No internet service,Yes,Yes,Month-to-month,Yes,Mailed check,63.24,1646.11,No
1447-TELCO,Female,0,Yes,Yes,3,Yes,Yes,Fiber optic,No internet service,No,Yes,Yes,Yes,No,Month-to-month,No,Mailed check,111.2,340.74,Yes
1448-TELCO,Female,0,Yes,No,39,Yes,No,DSL,Yes,Yes,No,No,No internet service,Yes,Month-to-month,No,Electronic check,107.1,4184.2,No
1449-TELCO,Female,0,No,No,65,No,No,No,Yes,No,Yes,No internet service,Yes,No,Two year,No,Credit card (automatic),100.78,6544.04,No
1450-TELCO,Female,1,No,No,35,Yes,No,Fiber optic,No,No internet service,No,No,Yes,No internet service,One year,Yes,Credit card (automatic),97.97,3432.35,No
1451-TELCO,Female,0,No,No,53,Yes,No,DSL,Yes,No,Yes,Yes,Yes,No internet service,Two year,Yes,Credit card (automatic),84.37,4472.29,Yes
1452-TELCO,Male,0,Yes,Yes,46,Yes,No,DSL,No,Yes,Yes,Yes,Yes,No,Two year,No,Credit card (automatic),105.77,4856.34,No
1453-TELCO,Female,0,Yes,No,68,Yes,Yes,DSL,No,Yes,Yes,No,No,No internet service,Month-to-month,Yes,Bank transfer (automatic),103.83,7054.15,No
1454-TELCO,Male,0,No,No,22,Yes,No,DSL,No,No internet service,No,Yes,No,No,Month-to-month,Yes,Credit card (automatic),39.65,865.7,Yes
1455-TELCO,Male,0,No,Yes,60,Yes,Yes,Fiber optic,No,Yes,No internet service,Yes,No,No,Two year,No,Credit card (automatic),88.29,5299.8,No
1456-TELCO,Male,0,No,No,6,Yes,No,DSL,No internet service,No internet service,No,No,No,Yes,One year,No,Electronic check,102.11,605.81,No
1457-TELCO,Female,0,No,No,52,Yes,No phone service,Fiber optic,No,Yes,No internet service,Yes,No internet service,Yes,One year,Yes,Credit card (automatic),93.15,4839.89,No
1458-TELCO,Female,0,No,No,29,Yes,Yes,No,No internet service,No,No internet service,Yes,Yes,No internet service,Month-to-month,Yes,Bank transfer (automatic),19.96,571.0,No
1459-TELCO,Female,0,No,No,43,Yes,No,Fiber optic,Yes,No,Yes,No internet service,Yes,No internet service,Month-to-month,Yes,Mailed check,80.31,3444.55,No
1460-TELCO,Male,0,No,No,34,Yes,No,Fiber optic,No,Yes,Yes,No,Yes,No,One year,Yes,Electronic check,46.89,1604.21,No
1461-TELCO,Male,0,No,No,31,Yes,No,No,No,No,Yes,No internet service,No internet service,No,Month-to-month,No,Credit card (automatic),96.02,2974.54,No
1462-TELCO,Male,0,No,Yes,46,Yes,Yes,No,No,No,No,Yes,No,Yes,Month-to-month,No,Electronic check,92.67,4262.85,Yes
1463-TELCO,Male,0,Yes,No,4,Yes,Yes,No,No,No,No,Yes,Yes,No internet service,One year,Yes,Electronic check,29.18,107.45,No
1464-TELCO,Male,0,Yes,Yes,2,Yes,No,Fiber optic,No internet service,No,Yes,No,Yes,No,Two year,Yes,Credit card (automatic),51.8,96.8,No
1465-TELCO,Male,0,No,No,5,Yes,Yes,No,No,No internet service,No,No,No internet service,No,One year,Yes,Electronic check,108.76,545.78,Yes
1466-TELCO,Female,0,Yes,Yes,46,Yes,Yes,No,No,No,No,No internet service,Yes,No internet service,Two year,No,Electronic check,66.81,3071.27,No
1467-TELCO,Female,1,No,Yes,19,Yes,No,Fiber optic,No,Yes,No,No internet service,Yes,No internet service,Month-to-month,Yes,Mailed check,69.19,1316.85,No
1468-TELCO,Female,0,Yes,Yes,38,Yes,No,Fiber optic,Yes,No,No,No,No,Yes,Two year,No,Credit card (automatic),38.74,1468.32,No
1469-TELCO,Female,1,Yes,No,59,Yes,Yes,DSL,No,Yes,No internet service,No,No internet service,No,One year,Yes,Mailed check,36.12,2130.91,No
1470-TELCO,Male,0,No,No,72,Yes,Yes,Fiber optic,Yes,Yes,No,No internet service,No,Yes,Month-to-month,Yes,Electronic check,24.98,1806.77,No
1471-TELCO,Male,0,Yes,No,20,Yes,No phone service,DSL,Yes,No,No internet service,No internet service,No internet service,No internet service,Month-to-month,No,Mailed check,26.27,527.74,Yes
1472-TELCO,Female,1,Yes,Yes,68,Yes,Yes,DSL,Yes,No,No,Yes,No,Yes,Month-to-month,Yes,Bank transfer (automatic),35.86,2442.72,Yes
1473-TELCO,Male,0,Yes,No,53,Yes,No,DSL,No internet service,No,No,No,No,No internet service,Month-to-month,Yes,Credit card (automatic),19.66,1050.49,No
1474-TELCO,Female,0,No,No,55,No,Yes,Fiber optic,Yes,No,Yes,No,No,Yes,Month-to-month,Yes,Credit card (automatic),118.2,6505.31,No
1475-TELCO,Female,0,Yes,No,39,Yes,No,Fiber optic,No,Yes,Yes,No internet service,No internet service,No internet service,Two year,Yes,Bank transfer (automatic),61.95,2418.99,No
1476-TELCO,Female,0,No,No,36,Yes,No,Fiber optic,Yes,No,Yes,No internet service,Yes,No,Two year,Yes,Mailed check,59.28,2141.15,No
1477-TELCO,Male,0,Yes,No,58,No,No,DSL,No,No,Yes,Yes,No,No,Month-to-month,No,Credit card (automatic),77.21,4482.04,No
1478-TELCO,Female,0,No,No,15,Yes,No,No,No,Yes,Yes,No internet service,No,Yes,Two year,Yes,Credit card (automatic),104.2,1565.04,No
1479-TELCO,Female,0,Yes,Yes,1,Yes,No,Fiber optic,No,No internet service,No,No internet service,No internet service,No,Month-to-month,Yes,Bank transfer (automatic),84.91,79.71,Yes
1480-TELCO,Female,0,Yes,Yes,9,Yes,Yes,Fiber optic,No,No,No,Yes,No,No,Month-to-month,Yes,Credit card (automatic),39.75,348.27,Yes
1481-TELCO,Male,1,Yes,No,23,Yes,No,DSL,No internet service,No,Yes,No,No,Yes,Two year,Yes,Credit card (automatic),93.12,2140.18,No
1482-TELCO,Male,0,Yes,No,52,Yes,Yes,No,No,No internet service,Yes,No,Yes,No,Two year,Yes,Mailed check,32.32,1687.03,No
1483-TELCO,Female,0,No,Yes,26,Yes,No,Fiber optic,Yes,No,No,No,No internet service,No internet service,Two year,Yes,Credit card (automatic),104.33,2713.04,No
1484-TELCO,Male,0,Yes,No,60,Yes,Yes,No,No internet service,Yes,No,No,No internet service,Yes,One year,Yes,Electronic check,91.91,5506.28,No
1485-TELCO,Male,0,Yes,No,18,Yes,No,DSL,No internet service,Yes,No internet service,Yes,No,No,Month-to-month,No,Credit card (automatic),112.41,2022.19,Yes
1486-TELCO,Male,0,No,No,58,Yes,No phone service,Fiber optic,No,Yes,No,No internet service,Yes,Yes,Month-to-month,No,Electronic check,106.2,6161.7,No
1487-TELCO,Male,0,Yes,No,65,Yes,No,DSL,No,No,Yes,Yes,No,No internet service,Two year,Yes,Mailed check,59.75,3878.49,No
1488-TELCO,Male,0,Yes,Yes,69,Yes,No phone service,DSL,Yes,Yes,Yes,No,Yes,Yes,Month-to-month,Yes,Bank transfer (automatic),108.12,7451.96,No
1489-TELCO,Male,0,No,No,14,Yes,No,Fiber optic,No,Yes,Yes,Yes,Yes,Yes,Month-to-month,No,Credit card (automatic),99.64,1396.12,No
1490-TELCO,Male,0,No,Yes,46,Yes,No,No,No,No,Yes,No,Yes,No internet service,One year,Yes,Electronic check,63.2,2898.96,No
1491-TELCO,Male,1,Yes,No,69,Yes,Yes,Fiber optic,No internet service,Yes,No,No,No,No,Two year,Yes,Mailed check,88.09,6068.45,No
1492-TELCO,Male,0,Yes,Yes,32,Yes,Yes,DSL,Yes,No,Yes,No internet service,No internet service,Yes,Month-to-month,Yes,Electronic check,34.99,1124.49,No
1493-TELCO,Male,0,No,No,51,Yes,Yes,Fiber optic,No,No,Yes,No internet service,Yes,No,Month-to-month,No,Mailed check,71.95,3668.62,No
1494-TELCO,Female,0,Yes,No,69,Yes,No,DSL,No,Yes,No,No,No internet service,No,Month-to-month,Yes,Mailed check,23.64,1621.99,No
1495-TELCO,Female,0,No,No,15,Yes,Yes,Fiber optic,No,No,Yes,No,No,No,Month-to-month,Yes,Mailed check,59.55,895.19,No
1496-TELCO,Male,1,Yes,Yes,53,Yes,No,Fiber optic,No,Yes,No internet service,No,No internet service,Yes,One year,Yes,Electronic check,81.37,4302.87,No
1497-TELCO,Female,0,No,Yes,71,Yes,No,Fiber optic,No internet service,No internet service,No internet service,No,Yes,No,Month-to-month,Yes,Credit card (automatic),81.31,5769.54,No
1498-TELCO,Female,0,Yes,Yes,69,Yes,No,Fiber optic,No,Yes,No,No,No,No internet service,Two year,No,Mailed check,55.47,3820.85,No
1499-TELCO,Male,0,No,No,15,Yes,No,DSL,No internet service,Yes,No,Yes,No,No,Month-to-month,Yes,Bank transfer (automatic),27.11,404.56,Yes
1500-TELCO,Male,0,Yes,No,30,Yes,No phone service,DSL,Yes,No,Yes,No,No,No,Month-to-month,Yes,Bank transfer (automatic),82.67,2470.39,No
1501-TELCO,Male,0,No,No,24,Yes,No,No,Yes,Yes,Yes,Yes,No internet service,No,Month-to-month,Yes,Bank transfer (automatic),26.76,651.67,Yes
1502-TELCO,Female,0,Yes,Yes,35,Yes,No phone service,No,No internet service,No,No,No,No internet service,Yes,Month-to-month,Yes,Electronic check,41.8,1455.96,No
1503-TELCO,Female,1,Yes,Yes,69,No,Yes,DSL,Yes,No,Yes,No internet service,No internet service,Yes,Two year,No,Electronic check,98.98,6838.78,No
1504-TELCO,Male,0,No,Yes,12,Yes,Yes,Fiber optic,No,Yes,Yes,Yes,Yes,Yes,Month-to-month,No,Electronic check,62.13,745.68,No
1505-TELCO,Male,1,No,No,46,Yes,No,DSL,No,No,No,No,Yes,No,Month-to-month,Yes,Bank transfer (automatic),118.73,5452.93,No
1506-TELCO,Male,0,No,No,69,Yes,No,Fiber optic,No,Yes,Yes,No internet service,Yes,No,Month-to-month,No,Electronic check,95.66,6608.14,No
1507-TELCO,Female,0,Yes,No,36,Yes,Yes,No,No,Yes,No,No internet service,No internet service,No,Two year,Yes,Mailed check,58.97,2121.2,No
1508-TELCO,Female,1,No,No,48,Yes,No,Fiber optic,No,No,No,No,No,No,Month-to-month,Yes,Credit card (automatic),29.29,1398.86,No
1509-TELCO,Female,0,Yes,Yes,67,Yes,Yes,No,No internet service,No internet service,No internet service,Yes,No internet service,Yes,Month-to-month,Yes,Electronic check,61.38,4107.87,No
1510-TELCO,Female,0,No,Yes,54,Yes,Yes,Fiber optic,Yes,No,No internet service,No internet service,Yes,Yes,Month-to-month,Yes,Bank transfer (automatic),31.98,1722.79,No
1511-TELCO,Male,0,No,No,36,Yes,No,Fiber optic,No,Yes,Yes,No,Yes,No internet service,Month-to-month,No,Mailed check,87.59,3155.41,No
1512-TELCO,Male,0,Yes,No,52,Yes,No phone service,DSL,No,No internet service,No,No,No internet service,Yes,Month-to-month,Yes,Credit card (automatic),28.8,1507.04,No
1513-TELCO,Male,0,No,No,22,No,Yes,Fiber optic,No,Yes,No,Yes,No internet service,No,Month-to-month,Yes,Bank transfer (automatic),113.05,2480.82,No
1514-TELCO,Male,0,No,Yes,38,Yes,Yes,No,Yes,Yes,No internet service,Yes,No,Yes,Month-to-month,No,Electronic check,57.42,2176.22,No
1515-TELCO,Female,0,Yes,Yes,62,Yes,No,Fiber optic,No,No,No,Yes,No internet service,Yes,One year,Yes,Electronic check,21.53,1344.25,No
1516-TELCO,Female,0,No,Yes,65,Yes,No phone service,DSL,Yes,No,Yes,No,No internet service,Yes,Two year,Yes,Bank transfer (automatic),101.52,6593.2,No
1517-TELCO,Male,0,Yes,Yes,3,Yes,Yes,No,No,Yes,Yes,Yes,No internet service,No internet service,Month-to-month,Yes,Electronic check,53.57,155.31,No
1518-TELCO,Male,0,No,Yes,8,Yes,No,DSL,No,No,No,Yes,No internet service,Yes,One year,Yes,Credit card (automatic),85.58,694.47,No
1519-TELCO,Female,0,Yes,No,39,Yes,Yes,Fiber optic,Yes,No,No internet service,Yes,Yes,Yes,Month-to-month,Yes,Electronic check,105.01,4098.49,No
1520-TELCO,Male,1,Yes,Yes,18,No,Yes,DSL,No,No,No internet service,No,No,Yes,Month-to-month,Yes,Credit card (automatic),24.16,431.03,No
1521-TELCO,Female,0,Yes,Yes,3,Yes,Yes,DSL,No,No,No,Yes,No internet service,No,Month-to-month,Yes,Electronic check,19.83,54.33,No
1522-TELCO,Male,0,No,No,18,Yes,No,DSL,Yes,No,No internet service,No internet service,No,No internet service,Two year,Yes,Electronic check,32.48,584.2,No
1523-TELCO,Male,1,No,No,1,Yes,Yes,Fiber optic,No,No,No,Yes,No,Yes,Month-to-month,Yes,Credit card (automatic),41.92,38.33,Yes
1524-TELCO,Male,0,No,No,26,Yes,No,Fiber optic,No internet service,Yes,No,No internet service,No internet service,No,Two year,Yes,Bank transfer (automatic),70.92,1834.1,No
1525-TELCO,Male,1,Yes,No,52,Yes,No phone service,Fiber optic,No internet service,Yes,No,No internet service,Yes,No,One year,Yes,Mailed check,114.83,5962.56,No
1526-TELCO,Male,0,Yes,No,12,Yes,No,Fiber optic,No,No internet service,No,No,No,No,Month-to-month,Yes,Electronic check,73.03,877.15,Yes
1527-TELCO,Male,0,No,Yes,38,Yes,No,Fiber optic,Yes,No,No,Yes,No,Yes,One year,No,Electronic check,104.61,3970.43,No
1528-TELCO,Male,0,No,No,41,Yes,Yes,No,Yes,No,No,Yes,Yes,Yes,Month-to-month,No,Electronic check,38.31,1579.55,No
1529-TELCO,Female,0,Yes,Yes,53,Yes,Yes,No,No internet service,No internet service,No,Yes,Yes,Yes,Two year,No,Electronic check,108.01,5728.44,No
1530-TELCO,Female,0,Yes,Yes,13,Yes,No,DSL,No,No,No,No,No,Yes,Month-to-month,Yes,Electronic check,90.07,1180.47,No
1531-TELCO,Female,0,No,No,13,Yes,No,DSL,No,No,No,Yes,No internet service,Yes,Month-to-month,Yes,Electronic check,113.71,1484.33,No
1532-TELCO,Female,0,Yes,No,18,Yes,No,Fiber optic,No,No,No,Yes,No,No internet service,One year,No,Credit card (automatic),106.03,1904.81,No
1533-TELCO,Female,0,No,No,19,No,No,DSL,No internet service,Yes,Yes,Yes,No,No,One year,No,Electronic check,103.7,1975.19,No
1534-TELCO,Male,0,No,No,19,Yes,Yes,No,No,No internet service,Yes,No,No,No,One year,Yes,Credit card (automatic),25.6,485.69,No
1535-TELCO,Male,0,No,No,70,Yes,No,DSL,No,No,No,Yes,No internet service,No,Month-to-month,Yes,Mailed check,85.97,6018.17,No
1536-TELCO,Female,0,No,No,48,Yes,Yes,Fiber optic,No,Yes,No internet service,Yes,Yes,Yes,Month-to-month,No,Electronic check,49.16,2360.28,No
1537-TELCO,Male,0,Yes,No,71,Yes,Yes,DSL,No,Yes,No,Yes,No,No,Two year,Yes,Mailed check,44.22,3143.31,No
1538-TELCO,Female,1,No,No,71,No,No,Fiber optic,No,No internet service,Yes,No,No,Yes,Month-to-month,Yes,Credit card (automatic),63.79,4526.31,No
1539-TELCO,Female,0,No,No,28,Yes,No,DSL,No,Yes,Yes,Yes,No,No internet service,Month-to-month,Yes,Credit card (automatic),105.41,2957.16,No
1540-TELCO,Male,1,Yes,Yes,19,Yes,No,Fiber optic,No,Yes,No,No internet service,Yes,No,Two year,Yes,Mailed check,27.27,511.6,Yes
1541-TELCO,Male,0,No,No,48,Yes,No,No,No,No,No,No,No internet service,Yes,Month-to-month,No,Bank transfer (automatic),111.13,5331.39,No
1542-TELCO,Male,0,Yes,No,29,Yes,No,DSL,No,No internet service,Yes,No,Yes,No,One year,Yes,Electronic check,104.48,3033.44,Yes
1543-TELCO,Female,0,No,Yes,48,Yes,No,DSL,Yes,No,No,No,Yes,Yes,Month-to-month,Yes,Mailed check,46.38,2233.16,No
1544-TELCO,Male,0,Yes,No,19,No,Yes,Fiber optic,No internet service,No internet service,Yes,No internet service,Yes,No internet service,Month-to-month,No,Electronic check,52.36,1001.96,No
1545-TELCO,Female,0,No,No,47,Yes,No,Fiber optic,No internet service,No internet service,No,Yes,No,No internet service,One year,No,Electronic check,23.35,1094.18,No
1546-TELCO,Female,0,Yes,Yes,60,Yes,Yes,DSL,No,No internet service,No,No,No,No internet service,Month-to-month,Yes,Mailed check,91.58,5493.23,No
1547-TELCO,Female,0,Yes,Yes,48,Yes,No phone service,No,Yes,No,No,Yes,Yes,No,Two year,Yes,Credit card (automatic),35.51,1699.72,No
1548-TELCO,Male,0,No,No,20,Yes,No,DSL,Yes,No,No internet service,No internet service,Yes,No,Month-to-month,No,Credit card (automatic),47.93,961.01,No
1549-TELCO,Male,0,No,No,19,Yes,No,DSL,No internet service,Yes,Yes,Yes,Yes,Yes,Month-to-month,No,Mailed check,58.25,1104.23,Yes
1550-TELCO,Female,0,Yes,No,42,Yes,No,Fiber optic,No internet service,Yes,No,No,No,Yes,Two year,Yes,Mailed check,59.11,2491.17,No
1551-TELCO,Male,0,Yes,Yes,49,Yes,No,DSL,Yes,No,Yes,No,No internet service,No internet service,One year,No,Credit card (automatic),98.81,4838.7,Yes
1552-TELCO,Male,0,Yes,Yes,15,Yes,Yes,Fiber optic,No,Yes,No internet service,No,Yes,No,Month-to-month,Yes,Electronic check,68.0,1023.54,Yes
1553-TELCO,Male,0,No,No,60,Yes,Yes,DSL,No,No,Yes,No,No,No internet service,Month-to-month,Yes,Bank transfer (automatic),23.84,1433.73,Yes
1554-TELCO,Female,0,No,No,68,Yes,Yes,No,No,Yes,No internet service,No,Yes,No internet service,Month-to-month,Yes,Electronic check,78.6,5344.68,No
1555-TELCO,Female,0,No,No,27,Yes,Yes,Fiber optic,No,Yes,Yes,No internet service,No,Yes,Month-to-month,No,Electronic check,49.08,1315.58,No
1556-TELCO,Male,0,No,No,55,Yes,Yes,Fiber optic,No,No internet service,Yes,Yes,No,Yes,Month-to-month,Yes,Electronic check,52.41,2878.41,No
1557-TELCO,Female,0,No,No,15,Yes,Yes,DSL,Yes,No,No,Yes,No,No,Month-to-month,Yes,Mailed check,39.02,589.43,Yes
1558-TELCO,Male,0,Yes,Yes,52,Yes,No phone service,DSL,Yes,No,No,No internet service,No,No,Month-to-month,No,Electronic check,29.48,1531.17,No
1559-TELCO,Male,0,Yes,Yes,31,Yes,Yes,Fiber optic,Yes,No,No,Yes,No internet service,Yes,Month-to-month,No,Mailed check,44.0,1355.39,Yes
1560-TELCO,Male,0,No,No,7,Yes,Yes,DSL,No internet service,No,No,No internet service,No internet service,No,Month-to-month,No,Electronic check,106.37,752.55,No
1561-TELCO,Male,1,No,No,13,Yes,Yes,Fiber optic,No,Yes,No,No,No internet service,Yes,Month-to-month,No,Electronic check,105.86,1377.89,No
1562-TELCO,Female,1,No,No,54,Yes,No,Fiber optic,No,No,No,Yes,No,No,One year,Yes,Bank transfer (automatic),113.23,6106.07,No
1563-TELCO,Female,0,No,No,13,Yes,No,DSL,No,No,No,Yes,Yes,Yes,Month-to-month,Yes,Mailed check,21.69,272.9,Yes
1564-TELCO,Female,0,No,No,20,No,Yes,No,No internet service,Yes,No,No,No,No,Month-to-month,Yes,Credit card (automatic),108.75,2166.91,Yes
1565-TELCO,Male,0,No,Yes,10,Yes,Yes,No,Yes,Yes,Yes,No internet service,No internet service,Yes,One year,No,Mailed check,54.58,555.78,No
1566-TELCO,Male,0,Yes,Yes,52,No,Yes,Fiber optic,Yes,No,No internet service,Yes,No internet service,No,Two year,No,Credit card (automatic),83.43,4334.0,No
1567-TELCO,Male,0,Yes,Yes,37,Yes,Yes,No,No,No,No internet service,Yes,Yes,No internet service,Month-to-month,Yes,Mailed check,80.54,2984.04,No
1568-TELCO,Female,0,No,Yes,52,Yes,No,No,No internet service,No internet service,Yes,No internet service,No internet service,Yes,One year,No,Mailed check,35.51,1839.87,No
1569-TELCO,Male,1,No,No,27,Yes,No,DSL,No,No internet service,No,No,No,No,Month-to-month,Yes,Electronic check,35.55,955.06,No
1570-TELCO,Female,0,Yes,Yes,34,Yes,Yes,DSL,No internet service,Yes,No,Yes,Yes,No,Month-to-month,Yes,Mailed check,39.7,1339.94,No
1571-TELCO,Female,0,Yes,Yes,62,No,No phone service,Fiber optic,Yes,No,No,No,Yes,No internet service,Month-to-month,Yes,Credit card (automatic),45.26,2813.25,No
1572-TELCO,Female,0,Yes,No,16,Yes,Yes,Fiber optic,No,No internet service,Yes,No internet service,No internet service,Yes,One year,Yes,Bank transfer (automatic),55.38,895.91,No
1573-TELCO,Female,0,Yes,No,59,Yes,Yes,Fiber optic,Yes,No internet service,No,No,Yes,Yes,Two year,Yes,Electronic check,63.98,3772.38,No
1574-TELCO,Female,0,No,No,21,Yes,No,DSL,No,Yes,No internet service,No,No,No internet service,Month-to-month,Yes,Credit card (automatic),54.34,1135.39,No
1575-TELCO,Female,1,Yes,No,16,Yes,No phone service,Fiber optic,Yes,Yes,Yes,Yes,No,Yes,Month-to-month,No,Mailed check,77.47,1232.79,Yes
1576-TELCO,Male,0,No,No,13,Yes,Yes,Fiber optic,No,Yes,No internet service,No,Yes,Yes,Month-to-month,No,Electronic check,34.04,437.74,Yes
1577-TELCO,Male,0,Yes,No,33,Yes,No,DSL,No internet service,No,No internet service,Yes,No internet service,No internet service,Two year,No,Credit card (automatic),111.95,3692.02,No
1578-TELCO,Female,0,No,Yes,54,Yes,No,Fiber optic,No internet service,Yes,No,No,Yes,Yes,One year,No,Mailed check,102.4,5534.05,Yes
1579-TELCO,Female,0,Yes,Yes,69,Yes,Yes,No,No,No,Yes,No,No internet service,No,Month-to-month,No,Electronic check,23.46,1622.94,No
1580-TELCO,Male,0,No,No,27,Yes,Yes,Fiber optic,No,No,Yes,No,No,No,Month-to-month,Yes,Credit card (automatic),64.64,1745.56,No
1581-TELCO,Female,0,No,No,52,Yes,Yes,DSL,No internet service,No internet service,No,Yes,Yes,No,Month-to-month,Yes,Mailed check,100.13,5204.67,No
1582-TELCO,Female,0,No,No,65,Yes,No,DSL,Yes,Yes,No,No,No,Yes,Month-to-month,Yes,Electronic check,53.67,3488.76,No
1583-TELCO,Male,0,Yes,Yes,44,Yes,No,Fiber optic,No,Yes,No,No,No internet service,Yes,Two year,Yes,Bank transfer (automatic),60.8,2676.46,No
1584-TELCO,Female,0,Yes,No,30,Yes,Yes,No,No,No internet service,No internet service,No,Yes,No internet service,Two year,No,Credit card (automatic),118.32,3551.9,No
1585-TELCO,Female,0,Yes,No,23,Yes,No,No,Yes,No,No internet service,Yes,No,No,Month-to-month,Yes,Electronic check,94.18,2169.17,No
1586-TELCO,Female,0,Yes,No,16,Yes,No,Fiber optic,Yes,No internet service,No internet service,No,Yes,No,Month-to-month,No,Mailed check,46.09,740.35,No
1587-TELCO,Male,0,No,Yes,55,Yes,No,DSL,Yes,Yes,No internet service,No,No internet service,No,Month-to-month,No,Mailed check,75.06,4122.51,No
1588-TELCO,Male,0,No,No,18,Yes,No,Fiber optic,No,No internet service,No,No internet service,No internet service,No,Month-to-month,No,Bank transfer (automatic),98.92,1780.19,Yes
1589-TELCO,Male,0,No,No,17,Yes,No,No,Yes,No,Yes,No,No,Yes,Two year,Yes,Electronic check,46.42,785.85,No
1590-TELCO,Female,0,No,No,52,Yes,No,No,No,Yes,Yes,No internet service,Yes,Yes,Two year,Yes,Electronic check,25.9,1348.7,No
1591-TELCO,Female,0,Yes,Yes,45,No,No,Fiber optic,No,No,Yes,No,No internet service,No internet service,One year,No,Bank transfer (automatic),51.4,2312.97,No
1592-TELCO,Male,0,Yes,No,56,Yes,Yes,Fiber optic,No,No internet service,No,No,No,Yes,Two year,Yes,Bank transfer (automatic),106.95,5983.2,No
1593-TELCO,Female,0,Yes,Yes,54,Yes,No,Fiber optic,Yes,No,Yes,Yes,No,No internet service,One year,Yes,Electronic check,65.27,3528.18,No
1594-TELCO,Female,0,No,Yes,9,Yes,No,No,No,Yes,Yes,Yes,Yes,No internet service,Month-to-month,No,Electronic check,78.27,694.82,No
1595-TELCO,Female,0,No,No,17,Yes,No,Fiber optic,No internet service,No,No internet service,Yes,No,No,Two year,Yes,Credit card (automatic),22.4,377.07,No
1596-TELCO,Female,0,Yes,Yes,27,Yes,Yes,DSL,Yes,No internet service,No internet service,No,No,No,Month-to-month,Yes,Bank transfer (automatic),42.32,1148.33,Yes
1597-TELCO,Female,1,Yes,No,37,Yes,Yes,Fiber optic,Yes,Yes,Yes,No,Yes,Yes,Month-to-month,Yes,Credit card (automatic),97.12,3598.78,Yes
1598-TELCO,Male,0,No,No,22,Yes,Yes,No,Yes,Yes,Yes,No,Yes,No,Two year,Yes,Electronic check,89.74,1983.27,Yes
1599-TELCO,Female,0,No,Yes,72,Yes,Yes,Fiber optic,Yes,Yes,No,Yes,No,No,Month-to-month,Yes,Mailed check,29.39,2117.82,No
1600-TELCO,Male,0,No,No,67,Yes,Yes,Fiber optic,No,Yes,Yes,No,No,No,Month-to-month,Yes,Electronic check,100.71,6747.16,No
1601-TELCO,Female,0,Yes,No,38,Yes,Yes,Fiber optic,No internet service,Yes,No internet service,No,Yes,Yes,Two year,No,Bank transfer (automatic),71.7,2727.94,No
1602-TELCO,Male,0,Yes,Yes,72,Yes,No,Fiber optic,No,No,No,No,Yes,No,Month-to-month,Yes,Electronic check,43.37,3129.54,No
1603-TELCO,Female,0,No,No,44,No,No,DSL,No,No,Yes,No,Yes,No,One year,Yes,Electronic check,33.88,1492.71,No
1604-TELCO,Male,0,No,No,36,Yes,No,Fiber optic,No,No,No,No,No internet service,No,Two year,No,Bank transfer (automatic),35.48,1282.16,No
1605-TELCO,Female,0,Yes,No,25,No,No,Fiber optic,Yes,No,Yes,No,Yes,No internet service,Month-to-month,No,Credit card (automatic),60.26,1502.77,No
1606-TELCO,Male,0,No,Yes,42,Yes,Yes,No,Yes,Yes,No internet service,No,No internet service,No,Month-to-month,Yes,Credit card (automatic),106.3,4461.14,No
1607-TELCO,Female,0,No,No,13,Yes,No,No,No internet service,No,No,No,No,Yes,Month-to-month,Yes,Electronic check,55.21,709.14,Yes
1608-TELCO,Male,0,Yes,Yes,56,Yes,Yes,Fiber optic,No,No,No internet service,No internet service,No,Yes,Two year,Yes,Credit card (automatic),83.68,4681.47,No
1609-TELCO,Female,0,Yes,No,51,Yes,No,No,Yes,No internet service,Yes,No,No internet service,Yes,One year,No,Credit card (automatic),32.6,1662.42,No
1610-TELCO,Male,1,Yes,No,50,Yes,No,DSL,No,No,Yes,No internet service,Yes,Yes,Month-to-month,Yes,Electronic check,24.67,1236.78,No
1611-TELCO,Male,1,Yes,No,52,Yes,No,Fiber optic,No,Yes,No,No internet service,No,No,Two year,Yes,Credit card (automatic),59.57,3098.59,No
1612-TELCO,Female,1,No,No,33,Yes,Yes,DSL,No internet service,No,No internet service,No,No,Yes,Month-to-month,Yes,Credit card (automatic),34.78,1152.13,No
1613-TELCO,Female,0,Yes,No,25,Yes,Yes,DSL,No,Yes,No,No,No internet service,Yes,One year,Yes,Electronic check,37.82,944.58,No
1614-TELCO,Male,0,No,No,58,Yes,Yes,No,No internet service,No internet service,No internet service,No internet service,Yes,Yes,Month-to-month,No,Electronic check,45.35,2630.56,No
1615-TELCO,Female,0,No,No,40,Yes,Yes,No,No,No,Yes,No,No,No,Month-to-month,Yes,Electronic check,24.43,976.55,No
1616-TELCO,Male,0,Yes,No,38,Yes,No,Fiber optic,Yes,No,Yes,No,No internet service,No internet service,One year,Yes,Credit card (automatic),98.74,3754.15,No
1617-TELCO,Male,0,Yes,Yes,3,No,No,DSL,No internet service,No,Yes,No internet service,Yes,No internet service,Month-to-month,Yes,Electronic check,72.73,214.97,Yes
1618-TELCO,Male,0,No,Yes,16,Yes,Yes,Fiber optic,Yes,Yes,No,No internet service,No internet service,Yes,Month-to-month,Yes,Mailed check,59.17,948.99,No
1619-TELCO,Female,0,No,No,2,No,Yes,No,Yes,No,No internet service,Yes,No internet service,No internet service,Month-to-month,Yes,Bank transfer (automatic),51.55,101.23,No
1620-TELCO,Male,0,No,No,23,Yes,No,DSL,No internet service,No,No,No internet service,Yes,No,Two year,Yes,Bank transfer (automatic),18.35,424.03,No
1621-TELCO,Male,0,Yes,Yes,30,Yes,No,DSL,Yes,Yes,Yes,No internet service,Yes,No,Month-to-month,Yes,Electronic check,105.62,3165.45,Yes
1622-TELCO,Female,1,Yes,Yes,10,Yes,No,No,No,No,No,No,Yes,No,Month-to-month,No,Mailed check,94.82,941.45,Yes
1623-TELCO,Female,0,No,Yes,65,Yes,No,No,No internet service,No internet service,Yes,No,Yes,No internet service,Month-to-month,No,Mailed check,91.72,5955.7,No
1624-TELCO,Female,0,No,No,22,Yes,Yes,DSL,No,Yes,No,Yes,No,No,Month-to-month,No,Mailed check,35.78,780.06,No
1625-TELCO,Female,1,Yes,No,52,Yes,Yes,No,No,Yes,Yes,Yes,No internet service,Yes,Month-to-month,Yes,Mailed check,23.5,1215.18,No
1626-TELCO,Male,0,No,No,56,Yes,No,Fiber optic,No,No internet service,No internet service,No,No,No,Month-to-month,Yes,Credit card (automatic),24.75,1388.39,No
1627-TELCO,Male,0,Yes,No,33,Yes,No,DSL,No internet service,Yes,No internet service,No,No,No,Two year,No,Bank transfer (automatic),72.14,2388.19,Yes
1628-TELCO,Male,0,No,No,30,Yes,Yes,Fiber optic,No,Yes,No,No,Yes,Yes,Two year,No,Bank transfer (automatic),82.18,2473.03,No
1629-TELCO,Male,0,No,No,24,Yes,Yes,Fiber optic,No,No,Yes,No,No,No,Month-to-month,No,Electronic check,118.57,2850.26,No
1630-TELCO,Female,1,Yes,Yes,5,Yes,Yes,DSL,No internet service,No,Yes,No internet service,No,No,One year,No,Electronic check,70.75,354.62,Yes
1631-TELCO,Male,0,No,Yes,53,Yes,Yes,Fiber optic,No internet service,No internet service,Yes,Yes,No,Yes,Two year,Yes,Credit card (automatic),51.65,2736.7,No
1632-TELCO,Male,0,Yes,No,55,Yes,Yes,Fiber optic,No,No,No,No,No,No internet service,Month-to-month,Yes,Credit card (automatic),86.57,4753.89,No
1633-TELCO,Female,0,Yes,No,23,Yes,No,DSL,Yes,No internet service,Yes,No,No internet service,No internet service,Month-to-month,Yes,Mailed check,82.97,1902.29,No
1634-TELCO,Male,0,Yes,No,10,Yes,Yes,Fiber optic,No,No,No internet service,Yes,No internet service,No,Two year,Yes,Mailed check,20.55,214.32,No
1635-TELCO,Male,1,Yes,No,33,Yes,No,DSL,Yes,No,No internet service,Yes,Yes,Yes,Month-to-month,Yes,Mailed check,30.68,1008.85,Yes
1636-TELCO,Male,0,Yes,No,62,No,No phone service,DSL,No,Yes,Yes,No,Yes,No,Month-to-month,Yes,Electronic check,87.83,5447.24,No
1637-TELCO,Male,0,No,Yes,27,Yes,No,DSL,No,No,No,No internet service,Yes,No,Month-to-month,No,Bank transfer (automatic),26.53,718.65,No
1638-TELCO,Male,0,No,Yes,7,Yes,No,Fiber optic,No,No internet service,No,Yes,Yes,No,Month-to-month,Yes,Credit card (automatic),99.27,689.24,No
1639-TELCO,Male,0,Yes,No,27,Yes,No,DSL,No,Yes,No,Yes,Yes,Yes,Month-to-month,No,Electronic check,109.48,2961.14,No
1640-TELCO,Female,1,No,No,10,Yes,Yes,Fiber optic,No internet service,Yes,Yes,No,No,No,Month-to-month,Yes,Credit card (automatic),38.35,375.42,Yes
1641-TELCO,Female,0,No,No,57,No,No phone service,DSL,Yes,No,Yes,No internet service,Yes,No,One year,Yes,Electronic check,69.05,3931.23,No
1642-TELCO,Male,0,No,No,30,Yes,Yes,Fiber optic,Yes,No,No,No,No,No,Two year,No,Credit card (automatic),49.86,1496.95,No
1643-TELCO,Male,0,No,No,3,Yes,Yes,Fiber optic,No internet service,Yes,Yes,No,Yes,Yes,Month-to-month,No,Electronic check,70.6,211.52,Yes
1644-TELCO,Female,0,Yes,No,29,Yes,No,DSL,No,No internet service,No,Yes,No,No,Month-to-month,Yes,Mailed check,80.15,2329.01,No
1645-TELCO,Male,0,Yes,Yes,14,No,No,No,No,No,No internet service,Yes,No internet service,No,Two year,Yes,Mailed check,19.43,281.19,No
1646-TELCO,Male,1,No,Yes,25,Yes,No,Fiber optic,No internet service,No,No,Yes,No,No internet service,Month-to-month,Yes,Bank transfer (automatic),108.24,2700.94,Yes
1647-TELCO,Male,0,Yes,Yes,10,Yes,No,Fiber optic,No,No internet service,No internet service,Yes,No,No,Two year,Yes,Bank transfer (automatic),55.36,544.3,No
1648-TELCO,Female,1,Yes,No,49,Yes,No phone service,Fiber optic,No,Yes,No,No,No internet service,No,Month-to-month,No,Bank transfer (automatic),37.53,1835.57,No
1649-TELCO,Male,0,Yes,Yes,38,Yes,No phone service,DSL,Yes,No internet service,Yes,No internet service,Yes,No,Month-to-month,Yes,Credit card (automatic),21.48,822.71,No
1650-TELCO,Female,0,Yes,No,71,Yes,No,No,No,Yes,No internet service,No internet service,Yes,Yes,One year,Yes,Electronic check,118.02,8384.17,No
1651-TELCO,Male,0,Yes,No,14,Yes,No,DSL,No,Yes,Yes,No,No internet service,Yes,Month-to-month,Yes,Bank transfer (automatic),94.58,1324.39,Yes
1652-TELCO,Female,0,No,No,30,Yes,No phone service,Fiber optic,No,No,No internet service,No,No internet service,No,Month-to-month,Yes,Electronic check,64.07,1921.13,Yes
1653-TELCO,Female,1,Yes,Yes,40,Yes,Yes,Fiber optic,No internet service,No,No,No,Yes,No,Month-to-month,Yes,Credit card (automatic),105.27,4208.4,No
1654-TELCO,Male,0,No,Yes,12,No,No,No,No,No,No internet service,No,Yes,No internet service,Month-to-month,Yes,Credit card (automatic),64.09,763.34,Yes
1655-TELCO,Female,0,No,No,14,Yes,No,Fiber optic,No internet service,Yes,Yes,Yes,No,No internet service,Month-to-month,Yes,Electronic check,87.38,1220.14,Yes
1656-TELCO,Male,0,Yes,Yes,1,Yes,No,Fiber optic,No internet service,Yes,Yes,No,No internet service,Yes,Month-to-month,Yes,Electronic check,114.45,108.31,No
1657-TELCO,Female,0,Yes,Yes,68,Yes,No phone service,Fiber optic,No,No,Yes,No,No,Yes,Month-to-month,No,Electronic check,89.23,6058.95,No
1658-TELCO,Male,0,Yes,Yes,49,Yes,Yes,DSL,No,No internet service,Yes,No internet service,Yes,Yes,Month-to-month,Yes,Electronic check,42.38,2084.38,No
1659-TELCO,Male,0,Yes,Yes,18,Yes,No,DSL,No,No,No,No,No,Yes,One year,Yes,Mailed check,112.05,2011.77,No
1660-TELCO,Female,0,Yes,Yes,36,Yes,No phone service,DSL,Yes,Yes,Yes,No,Yes,No internet service,Month-to-month,No,Mailed check,20.48,729.22,No
1661-TELCO,Male,0,Yes,No,64,Yes,Yes,DSL,Yes,No,No,Yes,Yes,Yes,Month-to-month,No,Electronic check,110.76,7088.66,No
1662-TELCO,Male,0,No,No,28,Yes,No phone service,DSL,Yes,No,No,No,Yes,No internet service,Month-to-month,Yes,Bank transfer (automatic),114.94,3213.33,No
1663-TELCO,Female,0,No,No,32,Yes,No,Fiber optic,No internet service,Yes,No,No internet service,No,No,Month-to-month,No,Mailed check,27.48,877.43,Yes
1664-TELCO,Male,0,Yes,Yes,72,Yes,No,No,No,No,No internet service,No,No,Yes,Month-to-month,No,Electronic check,23.88,1728.63,No
1665-TELCO,Male,0,Yes,No,25,Yes,No,No,No,No,Yes,No,No,No,Month-to-month,No,Electronic check,102.54,2557.24,No
1666-TELCO,Female,1,No,No,47,Yes,No phone service,Fiber optic,No,Yes,Yes,No internet service,No,No,Two year,No,Credit card (automatic),20.77,972.36,No
1667-TELCO,Female,0,No,Yes,20,Yes,Yes,DSL,No,No,Yes,No,No,No,Two year,Yes,Bank transfer (automatic),99.12,1982.67,No
1668-TELCO,Male,0,No,No,33,No,No,No,No,No,Yes,No internet service,No internet service,Yes,Month-to-month,Yes,Credit card (automatic),53.73,1771.6,No
1669-TELCO,Male,0,No,Yes,30,No,No,No,No,No internet service,No,No,Yes,No internet service,Two year,No,Mailed check,20.47,606.07,No
1670-TELCO,Female,0,Yes,No,37,Yes,Yes,Fiber optic,No internet service,No,No internet service,No,Yes,No,Month-to-month,No,Electronic check,82.85,3070.35,Yes
1671-TELCO,Female,0,Yes,No,53,Yes,Yes,DSL,No internet service,No,No,No,Yes,No internet service,Month-to-month,Yes,Credit card (automatic),46.33,2454.9,No
1672-TELCO,Male,0,No,No,69,Yes,Yes,No,No,Yes,No,Yes,Yes,Yes,Month-to-month,No,Electronic check,33.45,2303.23,No
1673-TELCO,Female,0,Yes,Yes,8,Yes,Yes,DSL,No internet service,No,No internet service,No internet service,Yes,No,Two year,No,Credit card (automatic),73.19,590.92,No
1674-TELCO,Male,0,No,No,1,Yes,No,DSL,Yes,Yes,No internet service,No,No internet service,No,Month-to-month,No,Electronic check,21.09,18.74,Yes
1675-TELCO,Male,0,No,Yes,7,No,No,No,Yes,Yes,No internet service,Yes,Yes,No,Month-to-month,Yes,Bank transfer (automatic),57.79,400.9,No
1676-TELCO,Male,0,No,No,62,Yes,Yes,Fiber optic,No,Yes,No internet service,No,Yes,Yes,Month-to-month,Yes,Credit card (automatic),80.27,4981.8,No
1677-TELCO,Male,1,Yes,No,58,Yes,Yes,DSL,No internet service,No,No,No internet service,No,No,Month-to-month,Yes,Mailed check,91.19,5281.23,Yes
1678-TELCO,Male,0,No,Yes,8,Yes,No,Fiber optic,No,No,Yes,No,Yes,No internet service,One year,No,Mailed check,70.18,569.61,Yes
1679-TELCO,Female,0,No,No,64,Yes,No,Fiber optic,No,No internet service,No,No,Yes,Yes,Month-to-month,Yes,Electronic check,24.45,1555.74,No
1680-TELCO,Female,1,Yes,No,8,Yes,Yes,No,Yes,No,Yes,No internet service,Yes,Yes,Month-to-month,Yes,Bank transfer (automatic),94.98,752.64,Yes
1681-TELCO,Female,0,Yes,No,3,Yes,No phone service,DSL,No internet service,No,Yes,Yes,No internet service,No,Two year,Yes,Mailed check,57.21,166.27,Yes
1682-TELCO,Female,0,No,Yes,58,Yes,Yes,DSL,No,Yes,No internet service,Yes,Yes,No,Month-to-month,No,Bank transfer (automatic),36.41,2115.29,No
1683-TELCO,Male,0,No,No,32,Yes,No,Fiber optic,No,No,No,Yes,Yes,No,Two year,No,Electronic check,44.86,1439.26,No
1684-TELCO,Male,1,Yes,No,68,Yes,Yes,No,No internet service,Yes,No,No,No internet service,No,Two year,Yes,Bank transfer (automatic),85.33,5812.34,No
1685-TELCO,Male,0,Yes,No,49,Yes,No,DSL,Yes,No,No,Yes,Yes,No,One year,No,Bank transfer (automatic),38.13,1869.31,No
1686-TELCO,Male,1,No,No,38,Yes,No,Fiber optic,No,Yes,No,No,No,No,Month-to-month,No,Electronic check,27.11,1036.75,No
1687-TELCO,Female,0,No,No,2,Yes,No,DSL,Yes,No,No,No internet service,Yes,No internet service,Month-to-month,No,Electronic check,80.67,160.38,Yes
1688-TELCO,Male,0,No,No,9,Yes,No,DSL,No,No,No internet service,No,No internet service,Yes,Month-to-month,Yes,Electronic check,83.16,751.29,Yes
1689-TELCO,Male,1,No,Yes,46,Yes,No,No,Yes,No,No internet service,No,No,Yes,One year,Yes,Electronic check,62.97,2887.84,No
1690-TELCO,Female,0,Yes,No,65,Yes,Yes,DSL,No,Yes,Yes,No internet service,Yes,No internet service,Month-to-month,No,Electronic check,69.0,4491.44,No
1691-TELCO,Female,0,No,No,49,Yes,No,Fiber optic,No internet service,No,Yes,Yes,No internet service,No internet service,Month-to-month,Yes,Electronic check,101.85,4993.68,Yes
1692-TELCO,Female,0,Yes,No,29,Yes,No,Fiber optic,No,No,No,No,No,Yes,Month-to-month,Yes,Bank transfer (automatic),52.28,1518.7,No
1693-TELCO,Female,0,No,No,29,Yes,No phone service,DSL,No,Yes,No,Yes,No internet service,Yes,One year,No,Mailed check,105.05,3040.86,No
1694-TELCO,Male,1,No,Yes,33,Yes,Yes,No,No,Yes,No,No,No,No internet service,Month-to-month,No,Electronic check,106.04,3497.41,Yes
1695-TELCO,Male,0,Yes,No,28,Yes,No,Fiber optic,No,Yes,No,No,No,No,Month-to-month,No,Electronic check,69.71,1946.46,No
1696-TELCO,Female,0,Yes,No,26,Yes,Yes,Fiber optic,No internet service,No,No,Yes,No,No internet service,Month-to-month,Yes,Electronic check,19.93,522.27,Yes
1697-TELCO,Male,0,No,Yes,29,Yes,Yes,Fiber optic,No,Yes,No internet service,No internet service,Yes,No internet service,Month-to-month,Yes,Mailed check,110.95,3227.46,No
1698-TELCO,Male,0,Yes,No,11,Yes,Yes,Fiber optic,No,Yes,No,Yes,Yes,Yes,Two year,Yes,Electronic check,32.31,349.27,No
1699-TELCO,Male,0,Yes,No,34,Yes,No phone service,Fiber optic,No,Yes,Yes,No,Yes,No internet service,Two year,Yes,Bank transfer (automatic),71.23,2414.3,No
1700-TELCO,Female,0,No,Yes,48,Yes,Yes,DSL,Yes,No,No internet service,No,Yes,No,Month-to-month,Yes,Bank transfer (automatic),85.81,4115.63,No
1701-TELCO,Male,0,Yes,Yes,27,Yes,No,No,No,Yes,Yes,No,No internet service,No internet service,Month-to-month,Yes,Credit card (automatic),27.81,750.97,No
1702-TELCO,Female,1,No,No,72,Yes,Yes,Fiber optic,No,No internet service,No internet service,Yes,No internet service,No,Two year,Yes,Credit card (automatic),93.65,6746.85,No
1703-TELCO,Male,0,Yes,No,40,Yes,No,DSL,No,Yes,No internet service,No,Yes,Yes,One year,Yes,Electronic check,79.86,3194.32,No
1704-TELCO,Male,0,No,Yes,31,Yes,No,No,No,Yes,Yes,Yes,Yes,No,Month-to-month,No,Electronic check,85.88,2671.99,Yes
1705-TELCO,Male,1,Yes,No,65,Yes,No,Fiber optic,No,No,No,No internet service,No,No,One year,No,Electronic check,33.71,2195.96,No
1706-TELCO,Female,0,Yes,No,39,Yes,No,Fiber optic,No internet service,No internet service,No,Yes,No,No internet service,Month-to-month,Yes,Electronic check,45.57,1770.96,Yes
1707-TELCO,Male,0,No,No,24,Yes,No phone service,DSL,No internet service,No internet service,No internet service,Yes,No,No,Month-to-month,Yes,Bank transfer (automatic),48.66,1163.71,No
1708-TELCO,Female,0,No,No,68,Yes,No phone service,No,No,Yes,No,No,No,Yes,One year,Yes,Electronic check,33.37,2275.22,No
1709-TELCO,Female,1,Yes,No,23,Yes,Yes,No,No,Yes,Yes,No,No,No,Month-to-month,Yes,Electronic check,75.13,1735.55,No
1710-TELCO,Female,0,Yes,No,61,Yes,Yes,Fiber optic,No,No,Yes,No,No,Yes,Two year,No,Mailed check,25.95,1583.57,No
1711-TELCO,Male,1,No,Yes,27,Yes,Yes,Fiber optic,No,Yes,No,Yes,Yes,No internet service,Month-to-month,No,Electronic check,44.04,1188.09,Yes
1712-TELCO,Male,0,No,No,16,No,No,Fiber optic,No internet service,No,No,Yes,Yes,No,Two year,No,Credit card (automatic),94.75,1509.05,No
1713-TELCO,Male,0,No,No,45,Yes,No phone service,DSL,Yes,No,Yes,No,Yes,No internet service,Month-to-month,No,Credit card (automatic),42.08,1888.53,No
1714-TELCO,Male,0,No,Yes,27,No,No phone service,Fiber optic,No,No,No,No internet service,No,Yes,Month-to-month,Yes,Electronic check,37.8,1024.68,Yes
1715-TELCO,Female,0,No,No,5,Yes,No,DSL,Yes,No internet service,No,Yes,Yes,No,One year,No,Electronic check,32.48,153.38,No
1716-TELCO,Female,0,Yes,Yes,59,Yes,Yes,No,No,Yes,No internet service,Yes,No internet service,Yes,One year,Yes,Bank transfer (automatic),80.27,4738.04,No
1717-TELCO,Female,0,No,No,72,Yes,No,DSL,Yes,No,Yes,Yes,Yes,No,Month-to-month,Yes,Electronic check,63.88,4593.89,No
1718-TELCO,Male,0,No,No,35,Yes,Yes,Fiber optic,No internet service,No,No,No internet service,No,No,Two year,Yes,Electronic check,40.35,1406.69,No
1719-TELCO,Female,0,Yes,No,70,Yes,Yes,DSL,No,No,No,No,Yes,No,Two year,No,Electronic check,38.74,2710.22,No
1720-TELCO,Male,0,Yes,Yes,46,Yes,Yes,DSL,No internet service,No,No,No internet service,No internet service,Yes,Month-to-month,Yes,Bank transfer (automatic),117.63,5410.03,No
1721-TELCO,Female,0,Yes,Yes,56,Yes,Yes,Fiber optic,No internet service,No internet service,No internet service,No,Yes,Yes,Month-to-month,Yes,Electronic check,24.96,1400.74,No
1722-TELCO,Male,0,Yes,No,24,Yes,No,Fiber optic,No,No internet service,No,No internet service,No,Yes,Two year,No,Mailed check,92.99,2224.75,No
1723-TELCO,Male,0,Yes,No,10,Yes,No,Fiber optic,No,No,No,No internet service,No internet service,No internet service,Two year,No,Electronic check,110.21,1098.98,No
1724-TELCO,Female,0,No,No,38,Yes,Yes,DSL,Yes,No,No,No,Yes,No,Two year,No,Mailed check,63.01,2387.61,No
1725-TELCO,Female,0,No,Yes,70,Yes,No,DSL,No internet service,No,Yes,No,No,No,Month-to-month,No,Credit card (automatic),66.65,4666.11,No
1726-TELCO,Female,0,No,Yes,48,Yes,No,No,No,No internet service,Yes,No,No,Yes,Two year,No,Bank transfer (automatic),103.98,4984.89,No
1727-TELCO,Female,0,Yes,No,9,Yes,No,Fiber optic,No,Yes,Yes,Yes,Yes,Yes,One year,No,Mailed check,19.7,184.9,No
1728-TELCO,Male,1,Yes,No,50,Yes,Yes,Fiber optic,No,No,No,No,No,Yes,Month-to-month,No,Credit card (automatic),37.32,1857.13,No
1729-TELCO,Female,0,No,Yes,69,Yes,No phone service,DSL,Yes,No,No,No internet service,No,No,Two year,No,Electronic check,89.99,6210.65,No
1730-TELCO,Female,0,Yes,No,48,Yes,Yes,No,No,No,No,No internet service,Yes,No,One year,Yes,Electronic check,69.93,3360.78,No
1731-TELCO,Female,0,No,No,39,Yes,No phone service,Fiber optic,Yes,Yes,No internet service,No internet service,No,Yes,Two year,No,Mailed check,115.45,4510.49,No
1732-TELCO,Male,0,No,Yes,5,Yes,Yes,Fiber optic,No,No,No,No internet service,No,Yes,One year,Yes,Electronic check,39.51,192.47,No
1733-TELCO,Male,0,Yes,No,11,Yes,Yes,DSL,No,No,Yes,No,No,No,Month-to-month,No,Bank transfer (automatic),107.36,1184.52,No
1734-TELCO,Female,0,Yes,No,60,Yes,No,DSL,No,Yes,Yes,Yes,No internet service,No,Month-to-month,No,Electronic check,118.74,7128.59,Yes
1735-TELCO,Male,0,Yes,No,27,Yes,No,Fiber optic,No internet service,No,Yes,No,No,No internet service,One year,Yes,Electronic check,18.38,497.76,No
1736-TELCO,Female,0,No,No,7,Yes,Yes,DSL,No,No,No internet service,No,No internet service,No,Month-to-month,No,Credit card (automatic),47.25,337.77,No
1737-TELCO,Male,0,No,No,60,Yes,Yes,Fiber optic,No,No internet service,No internet service,Yes,No internet service,Yes,Two year,Yes,Mailed check,116.86,7010.74,No
1738-TELCO,Male,0,No,Yes,50,Yes,Yes,Fiber optic,No internet service,Yes,Yes,No,No,No,One year,Yes,Electronic check,108.55,5431.79,No
1739-TELCO,Male,0,Yes,No,67,Yes,No,No,No internet service,Yes,No,No,No internet service,Yes,Two year,No,Mailed check,27.95,1866.33,No
1740-TELCO,Male,0,No,No,69,Yes,No phone service,DSL,No,Yes,No,No internet service,Yes,No,Month-to-month,Yes,Mailed check,44.09,3051.61,No
1741-TELCO,Female,1,Yes,No,55,Yes,No phone service,DSL,Yes,No internet service,Yes,Yes,Yes,Yes,Two year,No,Electronic check,81.31,4474.35,No
1742-TELCO,Female,0,Yes,Yes,16,Yes,No,Fiber optic,No,No,No,No internet service,No,Yes,Month-to-month,No,Credit card (automatic),43.15,695.1,Yes
1743-TELCO,Female,0,No,No,12,Yes,Yes,DSL,No internet service,No,No internet service,Yes,No internet service,No,Month-to-month,No,Credit card (automatic),57.61,687.34,No
1744-TELCO,Male,1,No,No,27,Yes,No,DSL,No,Yes,No internet service,No,Yes,Yes,Month-to-month,Yes,Mailed check,43.73,1179.21,No
1745-TELCO,Female,0,Yes,No,33,Yes,Yes,Fiber optic,No,No,No,Yes,No,No internet service,Two year,No,Bank transfer (automatic),48.29,1587.11,No
1746-TELCO,Female,0,Yes,No,55,Yes,No,Fiber optic,No internet service,No,Yes,No,Yes,Yes,Two year,No,Bank transfer (automatic),52.53,2898.17,No
1747-TELCO,Female,0,Yes,No,52,Yes,No,No,Yes,No internet service,No,Yes,No,Yes,Month-to-month,No,Bank transfer (automatic),71.03,3701.67,No
1748-TELCO,Male,1,Yes,Yes,37,Yes,Yes,No,Yes,No,No internet service,No,No,No internet service,Month-to-month,Yes,Mailed check,96.61,3567.6,Yes
1749-TELCO,Male,0,Yes,No,15,Yes,Yes,Fiber optic,No internet service,No internet service,Yes,No internet service,No,Yes,Two year,Yes,Bank transfer (automatic),73.58,1098.6,No
1750-TELCO,Male,0,No,No,65,Yes,Yes,DSL,Yes,Yes,No,No internet service,Yes,Yes,Month-to-month,No,Credit card (automatic),42.97,2793.69,No
1751-TELCO,Female,0,No,No,68,Yes,Yes,Fiber optic,No,No,Yes,No,Yes,Yes,Two year,No,Electronic check,84.15,5714.59,No
1752-TELCO,Female,1,No,No,3,Yes,Yes,Fiber optic,No internet service,No internet service,Yes,No,No internet service,No internet service,Month-to-month,No,Electronic check,101.89,307.36,No
1753-TELCO,Female,0,No,No,72,Yes,Yes,Fiber optic,No,No,Yes,No,No,No,Month-to-month,No,Credit card (automatic),83.5,6007.31,No
1754-TELCO,Male,0,No,No,5,Yes,Yes,No,No,No internet service,Yes,Yes,Yes,No,Month-to-month,Yes,Bank transfer (automatic),98.66,496.12,Yes
1755-TELCO,Male,1,No,Yes,9,Yes,Yes,Fiber optic,No,No internet service,No internet service,No,Yes,Yes,Two year,No,Electronic check,63.4,562.17,No
1756-TELCO,Female,0,No,No,1,Yes,No phone service,Fiber optic,No,No,Yes,No,Yes,No,Two year,No,Bank transfer (automatic),111.15,104.42,No
1757-TELCO,Male,0,Yes,No,30,Yes,Yes,DSL,No,Yes,No,Yes,No,Yes,Month-to-month,Yes,Electronic check,79.97,2399.65,Yes
1758-TELCO,Male,0,No,Yes,71,Yes,No,No,No,No,No internet service,No,No,No,One year,No,Credit card (automatic),89.74,6375.44,No
1759-TELCO,Male,0,No,Yes,20,Yes,No,No,No,No,No internet service,Yes,No internet service,No,Two year,Yes,Mailed check,29.38,589.28,No
1760-TELCO,Male,1,No,Yes,27,Yes,No,DSL,No internet service,No,No,No,No internet service,No,Two year,No,Electronic check,81.48,2196.22,No
1761-TELCO,Female,0,No,No,63,Yes,Yes,DSL,No,No,Yes,Yes,No,No,Month-to-month,Yes,Bank transfer (automatic),21.16,1334.72,No
1762-TELCO,Male,0,Yes,No,31,Yes,No,DSL,Yes,No internet service,Yes,No,No,Yes,Two year,Yes,Electronic check,34.71,1071.5,No
1763-TELCO,Male,0,No,Yes,19,Yes,Yes,DSL,Yes,No internet service,No,No,No,Yes,Month-to-month,No,Mailed check,88.47,1690.11,No
1764-TELCO,Male,0,Yes,Yes,62,No,No,Fiber optic,No,No,No internet service,No,No,No,One year,No,Mailed check,86.18,5336.38,No
1765-TELCO,Male,1,No,No,7,Yes,No,DSL,No internet service,No,Yes,Yes,No internet service,No internet service,One year,No,Electronic check,68.12,479.05,Yes
1766-TELCO,Female,0,Yes,No,37,Yes,No,No,No,No,No internet service,No,Yes,No internet service,Two year,No,Bank transfer (automatic),84.36,3120.52,Yes
1767-TELCO,Female,0,Yes,Yes,71,Yes,No,No,Yes,No,Yes,Yes,Yes,No,Month-to-month,Yes,Mailed check,100.62,7140.91,No
1768-TELCO,Male,0,Yes,No,8,Yes,Yes,Fiber optic,Yes,No internet service,Yes,No,No internet service,Yes,One year,No,Credit card (automatic),102.07,816.46,Yes
1769-TELCO,Male,1,No,No,57,No,Yes,Fiber optic,No,No,No,Yes,No,No internet service,One year,Yes,Electronic check,107.64,6127.87,No
1770-TELCO,Male,0,Yes,No,28,No,No phone service,DSL,Yes,No internet service,Yes,No,No,No,Month-to-month,Yes,Bank transfer (automatic),107.71,3014.47,Yes
1771-TELCO,Male,0,No,No,17,Yes,No phone service,DSL,Yes,No,No,No,No internet service,Yes,Month-to-month,No,Mailed check,75.05,1283.83,No
1772-TELCO,Male,0,Yes,No,11,Yes,No phone service,DSL,No,No,No,Yes,No,No internet service,Month-to-month,No,Electronic check,53.72,583.98,Yes
1773-TELCO,Male,0,No,Yes,15,Yes,Yes,Fiber optic,No internet service,No,Yes,No,Yes,Yes,Two year,No,Credit card (automatic),18.28,275.42,No
1774-TELCO,Female,0,No,Yes,30,Yes,No,No,No internet service,No,No,No,No,No,Two year,No,Electronic check,111.84,3360.82,No
1775-TELCO,Male,0,Yes,No,6,Yes,No,No,No internet service,No,Yes,Yes,Yes,Yes,Month-to-month,Yes,Mailed check,38.09,234.93,No
1776-TELCO,Female,0,Yes,No,12,Yes,No,No,No,No,No,No,Yes,No,Two year,Yes,Mailed check,101.96,1216.98,No
1777-TELCO,Female,0,No,No,61,Yes,Yes,Fiber optic,No,Yes,No,Yes,No internet service,No internet service,Two year,No,Electronic check,43.45,2655.25,No
1778-TELCO,Male,0,No,No,36,Yes,No phone service,No,No,No,No internet service,Yes,No,No internet service,Two year,Yes,Electronic check,50.59,1826.48,No
1779-TELCO,Female,1,No,Yes,35,Yes,No,Fiber optic,Yes,Yes,Yes,No,No internet service,Yes,Month-to-month,No,Credit card (automatic),39.0,1365.94,No
1780-TELCO,Female,0,Yes,No,67,Yes,Yes,DSL,No,No,No,No,No internet service,No,One year,Yes,Credit card (automatic),96.21,6444.54,No
1781-TELCO,Female,1,No,No,63,Yes,Yes,Fiber optic,Yes,No internet service,Yes,Yes,No,No,Month-to-month,No,Bank transfer (automatic),62.01,3897.86,No
1782-TELCO,Female,0,No,No,40,Yes,Yes,No,Yes,No internet service,No,No,No internet service,No internet service,One year,Yes,Electronic check,114.92,4586.97,No
1783-TELCO,Female,0,Yes,No,31,Yes,No,DSL,Yes,No,No,No,No internet service,Yes,Two year,Yes,Bank transfer (automatic),99.63,3090.19,No
1784-TELCO,Female,1,Yes,No,37,Yes,No,DSL,No internet service,Yes,No,No,Yes,No,Month-to-month,Yes,Credit card (automatic),75.18,2778.89,No
1785-TELCO,Male,0,Yes,No,5,Yes,Yes,DSL,No internet service,No,No,No,No,Yes,One year,Yes,Credit card (automatic),96.95,480.36,No
1786-TELCO,Female,0,No,No,4,No,No,DSL,No,No,Yes,No internet service,Yes,No,Month-to-month,No,Electronic check,102.91,403.93,No
1787-TELCO,Female,1,No,No,26,Yes,No,DSL,Yes,No,No internet service,No,Yes,No internet service,Month-to-month,No,Credit card (automatic),110.42,2879.58,No
1788-TELCO,Female,0,Yes,Yes,24,Yes,No,Fiber optic,Yes,Yes,No internet service,Yes,Yes,Yes,Month-to-month,Yes,Credit card (automatic),26.29,624.61,Yes
1789-TELCO,Male,0,Yes,No,39,Yes,Yes,No,No,Yes,Yes,Yes,No,No,Month-to-month,No,Credit card (automatic),98.77,3855.26,No
1790-TELCO,Female,0,Yes,No,56,Yes,Yes,No,No,No,No,No,No,Yes,Two year,Yes,Electronic check,36.73,2047.66,No
1791-TELCO,Male,0,Yes,No,54,Yes,Yes,No,No internet service,Yes,Yes,No,Yes,Yes,One year,No,Bank transfer (automatic),110.32,5960.43,No
1792-TELCO,Female,0,Yes,No,38,No,No,DSL,Yes,Yes,No internet service,Yes,No,No,Month-to-month,Yes,Mailed check,37.13,1414.01,Yes
1793-TELCO,Male,0,No,No,54,No,No,DSL,No,No internet service,No,Yes,No,No internet service,Month-to-month,Yes,Mailed check,35.55,1927.82,No
1794-TELCO,Male,0,Yes,No,19,Yes,No,DSL,No internet service,No,Yes,No,Yes,No internet service,Two year,Yes,Mailed check,67.89,1291.76,No
1795-TELCO,Female,0,Yes,No,26,No,No,No,Yes,Yes,No,No,No internet service,No,One year,No,Credit card (automatic),104.4,2704.91,No
1796-TELCO,Female,0,No,Yes,52,Yes,Yes,DSL,No,Yes,No,No,No,No internet service,Month-to-month,Yes,Mailed check,27.06,1416.29,No
1797-TELCO,Male,0,No,No,61,Yes,No,Fiber optic,Yes,No,No,No,No internet service,No,One year,Yes,Mailed check,24.27,1472.44,Yes
1798-TELCO,Female,0,No,No,67,Yes,No,DSL,Yes,Yes,No,No,Yes,No internet service,Month-to-month,No,Credit card (automatic),95.13,6368.5,No
1799-TELCO,Male,0,Yes,No,22,Yes,Yes,DSL,No internet service,No,No,No,No internet service,No,Two year,No,Mailed check,102.63,2262.73,No
1800-TELCO,Male,0,Yes,No,17,No,No,DSL,No,No,Yes,No,No internet service,Yes,Month-to-month,Yes,Credit card (automatic),64.17,1094.94,No
1801-TELCO,Male,0,No,No,11,Yes,Yes,Fiber optic,No,No,No,No internet service,No,No,Month-to-month,No,Electronic check,83.31,920.84,No
1802-TELCO,Male,0,No,No,39,Yes,Yes,DSL,No,Yes,No,Yes,No internet service,Yes,One year,Yes,Bank transfer (automatic),31.25,1217.14,No
1803-TELCO,Male,0,Yes,No,61,Yes,Yes,DSL,No internet service,Yes,No,No,No,Yes,Two year,Yes,Bank transfer (automatic),78.2,4767.83,No
1804-TELCO,Female,1,No,Yes,49,Yes,Yes,Fiber optic,Yes,No internet service,Yes,No,Yes,No internet service,Month-to-month,No,Mailed check,19.34,949.43,Yes
1805-TELCO,Male,0,No,No,61,Yes,Yes,Fiber optic,Yes,No internet service,Yes,No internet service,No internet service,Yes,Month-to-month,Yes,Electronic check,48.59,2959.44,No
1806-TELCO,Male,0,Yes,No,12,Yes,No,Fiber optic,No internet service,No internet service,Yes,Yes,No,Yes,Month-to-month,No,Electronic check,20.4,238.75,No
1807-TELCO,Female,0,No,No,13,Yes,No,No,No internet service,No,No,No,Yes,Yes,Two year,Yes,Bank transfer (automatic),45.53,585.07,No
1808-TELCO,Male,0,No,Yes,58,Yes,Yes,Fiber optic,No,No,Yes,Yes,Yes,No,Month-to-month,Yes,Credit card (automatic),20.53,1188.44,No
1809-TELCO,Female,1,Yes,No,11,Yes,No phone service,DSL,No,Yes,No,No,No,Yes,Month-to-month,No,Bank transfer (automatic),112.79,1248.63,Yes
1810-TELCO,Female,1,No,No,64,Yes,Yes,Fiber optic,No,No,No,No internet service,No,Yes,Month-to-month,Yes,Mailed check,106.99,6855.85,No
1811-TELCO,Female,0,No,No,31,Yes,No,Fiber optic,No internet service,No internet service,No,No,No internet service,No internet service,Two year,Yes,Mailed check,38.92,1214.37,No
1812-TELCO,Male,0,No,No,11,Yes,No,No,No,Yes,No internet service,No internet service,No,No internet service,Month-to-month,Yes,Electronic check,110.42,1208.7,Yes
1813-TELCO,Male,1,Yes,Yes,43,Yes,No,No,No,No,No,No internet service,No,Yes,One year,No,Electronic check,108.28,4657.92,No
1814-TELCO,Male,1,Yes,No,36,Yes,No phone service,No,No,Yes,No,No,No,Yes,Two year,Yes,Credit card (automatic),40.21,1450.57,No
1815-TELCO,Female,0,No,No,2,Yes,Yes,Fiber optic,Yes,No internet service,No,No internet service,No,No,One year,Yes,Credit card (automatic),85.87,170.97,Yes
1816-TELCO,Male,0,Yes,No,61,Yes,Yes,DSL,Yes,No,No,No internet service,No,No internet service,One year,Yes,Bank transfer (automatic),37.05,2261.46,No
1817-TELCO,Female,0,Yes,Yes,36,Yes,No,No,Yes,No internet service,Yes,No,No,No internet service,Two year,Yes,Bank transfer (automatic),86.77,3116.22,No
1818-TELCO,Male,1,Yes,No,49,No,Yes,Fiber optic,Yes,Yes,No,No,No internet service,Yes,Month-to-month,No,Electronic check,24.65,1215.83,Yes
1819-TELCO,Female,0,Yes,No,27,No,No,Fiber optic,Yes,No internet service,Yes,Yes,No,No,Month-to-month,Yes,Electronic check,104.62,2817.44,Yes
1820-TELCO,Male,0,No,No,12,Yes,Yes,No,Yes,Yes,Yes,No,No,No,Month-to-month,Yes,Electronic check,101.16,1220.61,No
1821-TELCO,Male,0,Yes,No,58,Yes,Yes,Fiber optic,Yes,Yes,Yes,No,No internet service,Yes,Two year,Yes,Bank transfer (automatic),35.52,2051.2,No
1822-TELCO,Male,0,No,No,6,Yes,No,Fiber optic,Yes,Yes,No,No,No internet service,No internet service,One year,Yes,Mailed check,62.46,372.8,No
1823-TELCO,Female,0,Yes,No,44,No,No,Fiber optic,Yes,Yes,No,Yes,Yes,No internet service,One year,No,Electronic check,43.8,1921.1,No
1824-TELCO,Female,1,No,Yes,47,Yes,Yes,DSL,Yes,Yes,Yes,No internet service,No,No internet service,Two year,Yes,Credit card (automatic),30.64,1433.26,No
1825-TELCO,Male,0,Yes,Yes,23,Yes,Yes,Fiber optic,No,No,Yes,No,No internet service,Yes,One year,No,Electronic check,19.59,454.05,No
1826-TELCO,Male,0,No,No,26,Yes,Yes,DSL,No,No internet service,No,No,No internet service,Yes,Month-to-month,No,Electronic check,48.67,1273.19,Yes
1827-TELCO,Female,0,No,Yes,7,No,Yes,DSL,No,No internet service,Yes,Yes,Yes,No internet service,Month-to-month,No,Mailed check,112.59,793.93,Yes
1828-TELCO,Female,0,Yes,No,32,Yes,Yes,Fiber optic,Yes,No,No,No internet service,No,No,Month-to-month,No,Electronic check,107.51,3436.14,No
1829-TELCO,Female,0,No,Yes,33,Yes,Yes,Fiber optic,No internet service,Yes,Yes,No,Yes,No,One year,Yes,Mailed check,61.91,2045.18,No
1830-TELCO,Male,0,Yes,Yes,20,Yes,Yes,Fiber optic,No,Yes,Yes,No internet service,No internet service,No,Month-to-month,Yes,Credit card (automatic),47.25,940.89,Yes
1831-TELCO,Female,0,No,Yes,69,Yes,No,No,No,No,No,Yes,No internet service,No,One year,Yes,Bank transfer (automatic),49.17,3384.54,No
1832-TELCO,Male,0,No,No,52,Yes,No,DSL,No,No,No internet service,Yes,No,Yes,Two year,Yes,Bank transfer (automatic),89.24,4632.81,No
1833-TELCO,Female,0,No,No,42,Yes,Yes,Fiber optic,No,No,No,No,No,No,Month-to-month,No,Credit card (automatic),44.98,1882.62,No
1834-TELCO,Male,0,No,No,1,Yes,No,Fiber optic,No,No,No,No internet service,No internet service,Yes,Month-to-month,No,Electronic check,101.25,104.47,Yes
1835-TELCO,Female,1,Yes,No,63,Yes,No,Fiber optic,No,Yes,No,No,No,No internet service,One year,No,Electronic check,54.33,3415.47,No
1836-TELCO,Female,1,Yes,No,7,Yes,Yes,No,No,No,No,No,Yes,No,One year,Yes,Credit card (automatic),25.03,176.73,Yes
1837-TELCO,Female,0,Yes,No,58,Yes,No,DSL,No,No,No internet service,No,No,No internet service,One year,Yes,Electronic check,30.48,1757.87,No
1838-TELCO,Female,0,No,No,50,Yes,Yes,Fiber optic,No internet service,No,No,Yes,Yes,No internet service,Month-to-month,Yes,Bank transfer (automatic),95.72,4790.63,No
1839-TELCO,Female,1,No,No,34,Yes,Yes,Fiber optic,No,Yes,No internet service,No,No,Yes,Month-to-month,Yes,Electronic check,95.71,3249.31,Yes
1840-TELCO,Male,0,Yes,No,51,No,No,No,Yes,Yes,Yes,Yes,Yes,Yes,Two year,Yes,Mailed check,58.16,2967.54,No
1841-TELCO,Female,0,No,No,10,Yes,No,Fiber optic,No,No internet service,No,Yes,Yes,No internet service,Two year,Yes,Mailed check,118.28,1179.74,No
1842-TELCO,Female,1,Yes,No,26,Yes,Yes,Fiber optic,Yes,No,Yes,No,Yes,No internet service,Two year,Yes,Electronic check,40.29,1048.22,No
1843-TELCO,Female,0,Yes,No,32,Yes,No,DSL,Yes,No,No,Yes,No,Yes,Month-to-month,Yes,Bank transfer (automatic),37.97,1208.92,No
1844-TELCO,Male,0,No,No,42,Yes,No,Fiber optic,No,Yes,No,No internet service,No internet service,No internet service,Month-to-month,Yes,Credit card (automatic),71.23,2994.04,No
1845-TELCO,Female,1,Yes,Yes,62,Yes,Yes,Fiber optic,Yes,No,Yes,Yes,Yes,No,Month-to-month,No,Electronic check,74.06,4599.36,No
1846-TELCO,Male,0,No,No,12,Yes,Yes,Fiber optic,No internet service,No,No,No,No internet service,No,Month-to-month,Yes,Mailed check,60.39,726.25,No
1847-TELCO,Female,0,Yes,Yes,40,Yes,No,Fiber optic,No,Yes,No,No,Yes,No internet service,Two year,No,Electronic check,76.16,3045.24,No
1848-TELCO,Female,0,No,No,34,Yes,Yes,DSL,No,No,No,No internet service,No internet service,Yes,Month-to-month,No,Electronic check,108.04,3672.83,No
1849-TELCO,Male,0,Yes,No,70,Yes,Yes,DSL,Yes,No,Yes,No,No internet service,No,Month-to-month,Yes,Electronic check,64.99,4547.39,No
1850-TELCO,Female,0,Yes,No,27,No,No,DSL,Yes,Yes,No internet service,No,Yes,Yes,One year,No,Credit card (automatic),118.36,3190.43,No
1851-TELCO,Male,0,No,Yes,8,Yes,Yes,DSL,No internet service,Yes,Yes,No,No internet service,Yes,One year,No,Bank transfer (automatic),113.56,906.08,No
1852-TELCO,Male,1,No,Yes,47,Yes,No,No,No,No,No internet service,No,No,Yes,Two year,Yes,Credit card (automatic),89.18,4189.89,No
1853-TELCO,Female,0,Yes,Yes,26,Yes,No,No,Yes,No,Yes,Yes,No,Yes,One year,No,Electronic check,89.05,2319.08,No
1854-TELCO,Male,0,Yes,No,57,No,Yes,No,No internet service,Yes,Yes,Yes,No,No,Month-to-month,Yes,Electronic check,91.16,5192.49,No
1855-TELCO,Female,0,No,No,7,No,Yes,No,No,No,No,No,Yes,No,Month-to-month,No,Electronic check,104.82,731.27,Yes
1856-TELCO,Female,0,Yes,No,26,Yes,No,DSL,No,No,No,Yes,No internet service,No,One year,No,Bank transfer (automatic),101.67,2645.88,No
1857-TELCO,Male,0,No,No,59,Yes,Yes,Fiber optic,No internet service,No internet service,Yes,Yes,Yes,Yes,Two year,Yes,Electronic check,90.55,5348.24,No
1858-TELCO,Male,1,No,No,69,Yes,No,No,Yes,No,Yes,Yes,No,Yes,Month-to-month,Yes,Electronic check,100.25,6924.09,No
1859-TELCO,Male,1,Yes,No,47,Yes,No,Fiber optic,No,Yes,No internet service,No,No,Yes,Month-to-month,Yes,Mailed check,61.48,2891.52,No
1860-TELCO,Male,0,Yes,Yes,35,Yes,No phone service,DSL,No internet service,No internet service,No internet service,Yes,No,Yes,Month-to-month,No,Electronic check,68.28,2388.96,Yes
1861-TELCO,Female,0,No,Yes,30,Yes,No,Fiber optic,Yes,Yes,Yes,Yes,No,Yes,Month-to-month,Yes,Electronic check,108.19,3248.92,Yes
1862-TELCO,Female,0,Yes,No,50,Yes,No,DSL,No internet service,No,No,No,No internet service,Yes,Month-to-month,No,Electronic check,27.46,1363.62,No
1863-TELCO,Male,0,No,No,24,Yes,Yes,DSL,No,Yes,Yes,No,No internet service,Yes,Month-to-month,No,Electronic check,96.23,2310.74,No
1864-TELCO,Female,0,Yes,No,30,Yes,No,Fiber optic,No internet service,No,No,Yes,No,No,Month-to-month,Yes,Mailed check,85.73,2568.06,Yes
1865-TELCO,Female,0,No,No,54,Yes,No,No,No,No internet service,No,No,No,Yes,Month-to-month,Yes,Bank transfer (automatic),33.18,1792.1,No
1866-TELCO,Female,1,Yes,No,67,Yes,Yes,Fiber optic,No internet service,No,No,No,Yes,Yes,Month-to-month,Yes,Electronic check,60.18,4027.86,No
1867-TELCO,Female,0,No,No,32,Yes,No,Fiber optic,No,No,No,No,No internet service,Yes,Month-to-month,Yes,Bank transfer (automatic),91.43,2919.38,No
1868-TELCO,Male,0,Yes,Yes,8,Yes,Yes,Fiber optic,No,No internet service,Yes,Yes,No internet service,Yes,Month-to-month,No,Credit card (automatic),91.05,723.25,Yes
1869-TELCO,Male,0,Yes,No,50,Yes,No,No,No internet service,Yes,No,No,Yes,Yes,Two year,Yes,Electronic check,87.7,4389.86,No
1870-TELCO,Female,0,No,No,47,Yes,No,DSL,No,Yes,No internet service,No,No,No,One year,Yes,Electronic check,33.92,1591.75,No
1871-TELCO,Male,0,Yes,Yes,46,Yes,Yes,Fiber optic,Yes,No internet service,No,Yes,No,Yes,Month-to-month,No,Bank transfer (automatic),96.39,4438.44,Yes
1872-TELCO,Male,0,Yes,No,35,Yes,No phone service,DSL,Yes,No,No,Yes,No,Yes,Month-to-month,Yes,Bank transfer (automatic),31.52,1108.23,No
1873-TELCO,Male,0,Yes,No,61,Yes,No,Fiber optic,No,No,Yes,No,No internet service,Yes,Month-to-month,Yes,Mailed check,116.83,7117.02,Yes
1874-TELCO,Female,0,Yes,No,51,Yes,No,DSL,No,No,No,Yes,Yes,No internet service,One year,Yes,Mailed check,33.83,1734.12,No
1875-TELCO,Female,0,No,No,63,Yes,No,No,No internet service,Yes,No internet service,No,No internet service,Yes,Month-to-month,Yes,Bank transfer (automatic),77.86,4897.18,No
1876-TELCO,Female,0,No,No,8,Yes,Yes,DSL,No,Yes,No internet service,No,Yes,No internet service,Month-to-month,Yes,Mailed check,96.17,768.79,No
1877-TELCO,Male,0,Yes,No,34,Yes,No,DSL,No,Yes,No,No,No,Yes,Two year,Yes,Electronic check,18.99,654.67,No
1878-TELCO,Female,0,No,No,25,Yes,Yes,DSL,No internet service,Yes,No,No,Yes,No internet service,Month-to-month,No,Credit card (automatic),90.61,2258.42,No
1879-TELCO,Female,0,No,Yes,44,Yes,Yes,Fiber optic,No,No,No,No internet service,No internet service,No,Month-to-month,Yes,Electronic check,40.77,1787.72,No
1880-TELCO,Male,0,No,No,43,Yes,No,Fiber optic,No,No,Yes,Yes,Yes,No,Month-to-month,Yes,Bank transfer (automatic),36.42,1560.74,No
1881-TELCO,Female,0,Yes,No,50,Yes,Yes,DSL,Yes,No,No internet service,No,Yes,Yes,Month-to-month,Yes,Mailed check,25.71,1292.11,No
1882-TELCO,Female,0,No,Yes,13,Yes,Yes,DSL,Yes,Yes,Yes,No,No internet service,No internet service,Month-to-month,No,Mailed check,37.47,493.93,Yes
1883-TELCO,Male,0,No,No,46,Yes,Yes,No,No,Yes,No,No internet service,No,No,Two year,Yes,Electronic check,79.55,3667.31,No
1884-TELCO,Male,0,No,No,53,Yes,No phone service,Fiber optic,Yes,No,No,No,No internet service,No,Month-to-month,Yes,Bank transfer (automatic),118.66,6289.08,Yes
1885-TELCO,Male,0,Yes,No,63,Yes,No,No,Yes,No,Yes,No,No,No,Month-to-month,No,Electronic check,75.29,4751.31,No
1886-TELCO,Female,0,Yes,No,2,No,No,Fiber optic,No,No,Yes,No internet service,Yes,Yes,One year,Yes,Credit card (automatic),79.03,153.44,Yes
1887-TELCO,Female,0,No,No,40,Yes,No,Fiber optic,No,No,No,No internet service,No,No internet service,Month-to-month,Yes,Bank transfer (automatic),57.38,2297.4,No
1888-TELCO,Female,1,Yes,No,23,Yes,No,Fiber optic,No,Yes,Yes,No,Yes,Yes,One year,Yes,Bank transfer (automatic),22.02,505.03,No
1889-TELCO,Male,0,No,No,59,Yes,Yes,Fiber optic,No internet service,Yes,Yes,No internet service,Yes,Yes,Month-to-month,Yes,Bank transfer (automatic),91.79,5411.37,No
1890-TELCO,Male,1,Yes,No,69,Yes,No phone service,No,No,No internet service,No,No,Yes,No,One year,No,Credit card (automatic),26.12,1807.53,No
1891-TELCO,Female,0,No,No,34,Yes,Yes,DSL,No,Yes,No internet service,No,No internet service,Yes,Month-to-month,Yes,Mailed check,90.51,3082.05,No
1892-TELCO,Female,0,No,No,27,Yes,No,Fiber optic,No,No internet service,Yes,No internet service,Yes,No internet service,Month-to-month,Yes,Electronic check,102.11,2761.95,Yes
1893-TELCO,Male,1,No,Yes,55,Yes,Yes,Fiber optic,No,No internet service,No,Yes,Yes,Yes,Month-to-month,Yes,Electronic check,40.73,2242.12,No
1894-TELCO,Male,0,No,No,4,Yes,Yes,Fiber optic,Yes,No,Yes,No,No internet service,No,Month-to-month,Yes,Mailed check,96.21,381.58,Yes
1895-TELCO,Male,0,No,No,68,Yes,No,Fiber optic,No,No,No,No,No,No,Month-to-month,No,Mailed check,109.92,7478.0,No
1896-TELCO,Male,0,Yes,No,72,Yes,Yes,DSL,Yes,No internet service,No internet service,No internet service,No,No,One year,No,Electronic check,74.28,5342.18,No
1897-TELCO,Female,0,No,No,70,Yes,No,DSL,Yes,No internet service,Yes,Yes,No internet service,No,Two year,Yes,Credit card (automatic),61.19,4278.27,Yes
1898-TELCO,Male,0,Yes,No,27,Yes,Yes,DSL,No,No,No internet service,No,No,Yes,One year,Yes,Mailed check,73.68,1998.51,No
1899-TELCO,Female,0,No,No,47,Yes,Yes,No,No,Yes,No internet service,No,No internet service,No internet service,Two year,No,Credit card (automatic),99.2,4663.28,No
1900-TELCO,Female,1,Yes,No,40,Yes,No,No,No,Yes,No,Yes,No,No internet service,Month-to-month,No,Electronic check,80.21,3212.72,No
1901-TELCO,Female,0,No,No,27,Yes,Yes,DSL,No,Yes,No,Yes,No,No,Month-to-month,No,Mailed check,74.95,2022.76,No
1902-TELCO,Male,1,No,No,7,Yes,No,DSL,No,Yes,No internet service,Yes,No,Yes,One year,No,Mailed check,59.01,403.1,No
1903-TELCO,Male,1,Yes,No,23,Yes,No,DSL,No,Yes,No internet service,Yes,No,No internet service,One year,No,Electronic check,20.85,479.76,Yes
1904-TELCO,Male,0,Yes,No,64,Yes,No phone service,DSL,Yes,No,Yes,No internet service,Yes,No,Month-to-month,Yes,Bank transfer (automatic),33.03,2114.71,No
1905-TELCO,Male,0,No,No,29,Yes,No,DSL,No,No,No internet service,No internet service,Yes,Yes,Month-to-month,Yes,Electronic check,69.72,2013.82,Yes
1906-TELCO,Female,1,Yes,Yes,61,Yes,Yes,DSL,Yes,No,Yes,No internet service,Yes,Yes,Two year,Yes,Mailed check,83.16,5067.0,No
1907-TELCO,Male,1,Yes,Yes,44,Yes,No,No,No,Yes,No internet service,No,Yes,No,Two year,Yes,Credit card (automatic),36.26,1587.95,No
1908-TELCO,Male,0,Yes,Yes,69,Yes,Yes,Fiber optic,No,Yes,Yes,No,No,No,Month-to-month,No,Credit card (automatic),86.51,5976.84,No
1909-TELCO,Female,0,No,No,27,No,No,DSL,Yes,No,No,No internet service,No,No,One year,Yes,Electronic check,70.87,1904.09,No
1910-TELCO,Male,0,No,No,12,Yes,Yes,Fiber optic,No,No,No,No internet service,No,No,Month-to-month,Yes,Electronic check,85.61,1032.52,Yes
1911-TELCO,Female,0,No,No,17,Yes,No phone service,Fiber optic,No internet service,No,No,Yes,No internet service,Yes,Month-to-month,Yes,Mailed check,71.24,1209.7,No
1912-TELCO,Female,0,No,Yes,37,Yes,No phone service,DSL,No,No,No internet service,Yes,No,Yes,One year,Yes,Electronic check,61.25,2256.3,No
1913-TELCO,Female,0,Yes,No,34,Yes,Yes,Fiber optic,No internet service,No,No internet service,No internet service,Yes,No,One year,Yes,Bank transfer (automatic),49.84,1693.54,No
1914-TELCO,Female,0,No,No,36,Yes,Yes,DSL,No,No,Yes,No,Yes,Yes,One year,No,Bank transfer (automatic),34.94,1267.39,No
1915-TELCO,Female,0,Yes,No,6,Yes,Yes,DSL,No internet service,No,Yes,No internet service,Yes,Yes,One year,Yes,Mailed check,26.91,160.46,No
1916-TELCO,Female,0,Yes,No,32,Yes,No,DSL,Yes,Yes,No,No,No internet service,Yes,Month-to-month,Yes,Credit card (automatic),104.33,3334.02,Yes
1917-TELCO,Female,0,Yes,Yes,22,Yes,No,No,No,No internet service,No,No,No,Yes,Two year,Yes,Electronic check,72.86,1611.32,No
1918-TELCO,Female,0,No,No,10,Yes,No phone service,Fiber optic,No,No,No,No,No internet service,Yes,Month-to-month,No,Credit card (automatic),117.51,1166.71,Yes
1919-TELCO,Male,0,No,Yes,29,Yes,No,Fiber optic,No internet service,Yes,No internet service,No,Yes,Yes,Two year,Yes,Bank transfer (automatic),103.06,2993.88,No
1920-TELCO,Male,0,Yes,No,11,Yes,No,No,No,No,No internet service,No,No,Yes,Month-to-month,Yes,Electronic check,29.99,324.83,Yes
1921-TELCO,Male,0,No,No,66,Yes,No,DSL,Yes,No,Yes,No,No,Yes,Two year,Yes,Electronic check,105.81,6987.62,No
1922-TELCO,Male,0,Yes,No,56,No,No,No,No internet service,Yes,No,Yes,No internet service,Yes,Month-to-month,No,Bank transfer (automatic),96.26,5383.33,No
1923-TELCO,Female,1,Yes,No,58,No,Yes,Fiber optic,Yes,No internet service,No,No,No,No internet service,One year,Yes,Electronic check,117.51,6806.54,No
1924-TELCO,Male,0,Yes,Yes,52,Yes,Yes,Fiber optic,Yes,No,No,No,No internet service,No,Month-to-month,Yes,Mailed check,107.56,5596.73,No
1925-TELCO,Female,0,No,No,61,Yes,No,No,No,No,No internet service,No,No internet service,No,Month-to-month,Yes,Mailed check,54.16,3301.31,No
1926-TELCO,Male,0,No,No,17,Yes,Yes,Fiber optic,No,No,No,Yes,No internet service,Yes,Month-to-month,No,Credit card (automatic),82.76,1416.71,Yes
1927-TELCO,Male,1,Yes,Yes,30,Yes,No,No,No internet service,Yes,No,No internet service,Yes,No internet service,Month-to-month,Yes,Bank transfer (automatic),82.3,2470.23,Yes
1928-TELCO,Male,0,No,No,72,Yes,No,No,No,No,No,No,No,No internet service,Month-to-month,No,Bank transfer (automatic),112.85,8116.29,No
1929-TELCO,Female,0,Yes,No,37,Yes,Yes,DSL,No,No,Yes,Yes,Yes,Yes,Month-to-month,Yes,Electronic check,35.64,1311.5,No
1930-TELCO,Male,0,No,No,5,Yes,Yes,DSL,Yes,No,Yes,Yes,No internet service,No,Month-to-month,No,Electronic check,62.59,320.93,Yes
1931-TELCO,Female,0,No,No,26,Yes,Yes,DSL,No,Yes,Yes,No,No internet service,Yes,Month-to-month,Yes,Mailed check,76.66,1984.57,Yes
1932-TELCO,Female,0,Yes,Yes,70,Yes,No,DSL,No,No,No internet service,No,No,No,Two year,No,Credit card (automatic),18.86,1320.98,No
1933-TELCO,Male,0,No,No,1,Yes,Yes,Fiber optic,Yes,No,No,No,No internet service,No internet service,One year,No,Bank transfer (automatic),32.95,23.3,No
1934-TELCO,Male,0,No,No,9,Yes,No,DSL,No internet service,No internet service,No,No internet service,No,No internet service,Month-to-month,Yes,Electronic check,83.3,754.06,Yes
1935-TELCO,Male,0,Yes,No,71,Yes,Yes,DSL,Yes,Yes,No internet service,No,No,Yes,Month-to-month,Yes,Credit card (automatic),65.71,4658.22,No
1936-TELCO,Female,0,No,No,64,Yes,No,Fiber optic,No,Yes,Yes,No,No,No internet service,Two year,Yes,Credit card (automatic),44.23,2824.32,No
1937-TELCO,Male,0,No,No,24,No,No,No,No internet service,No,No internet service,No,No,Yes,Month-to-month,No,Credit card (automatic),37.28,890.37,No
1938-TELCO,Female,1,Yes,Yes,5,Yes,No,DSL,Yes,Yes,No,Yes,No internet service,No internet service,Month-to-month,No,Mailed check,94.16,460.86,Yes
1939-TELCO,Female,0,Yes,No,51,Yes,No,DSL,Yes,No,Yes,No,Yes,No,Month-to-month,Yes,Credit card (automatic),68.21,3479.2,No
1940-TELCO,Male,1,Yes,No,38,Yes,No,DSL,No,No internet service,No,No internet service,No internet service,No internet service,Month-to-month,Yes,Electronic check,47.24,1804.54,Yes
1941-TELCO,Male,0,No,No,29,No,Yes,No,No,Yes,No internet service,No,Yes,Yes,Month-to-month,No,Credit card (automatic),52.63,1530.17,No
1942-TELCO,Female,0,No,No,46,Yes,No,Fiber optic,No,No,No,No internet service,No,No internet service,One year,No,Bank transfer (automatic),94.89,4373.99,No
1943-TELCO,Female,0,No,Yes,52,Yes,Yes,No,No,No,No,No internet service,Yes,No internet service,Month-to-month,Yes,Credit card (automatic),55.9,2899.41,Yes
1944-TELCO,Female,1,Yes,Yes,46,Yes,Yes,No,No internet service,Yes,Yes,Yes,Yes,Yes,Month-to-month,Yes,Electronic check,57.74,2650.86,No
1945-TELCO,Male,0,Yes,Yes,68,Yes,Yes,No,No internet service,Yes,No,No,No internet service,Yes,One year,No,Electronic check,70.1,4763.75,No
1946-TELCO,Female,0,Yes,No,59,Yes,No,DSL,No internet service,No internet service,No,No,No,Yes,Two year,No,Bank transfer (automatic),24.28,1437.37,No
1947-TELCO,Male,0,No,No,10,Yes,Yes,Fiber optic,Yes,Yes,No,No,No,No,Month-to-month,Yes,Credit card (automatic),90.67,916.62,No
1948-TELCO,Female,0,No,No,4,Yes,No,No,Yes,No,No internet service,No,No,Yes,One year,No,Electronic check,27.3,116.33,No
1949-TELCO,Female,0,No,Yes,52,Yes,No,DSL,Yes,Yes,No internet service,Yes,No,No,Two year,Yes,Electronic check,107.32,5582.36,No
1950-TELCO,Male,0,Yes,Yes,18,Yes,Yes,Fiber optic,No,No,No,No,No,Yes,Month-to-month,Yes,Mailed check,72.69,1310.12,No
1951-TELCO,Female,0,No,No,51,Yes,No phone service,Fiber optic,Yes,Yes,No,No,No,Yes,Two year,Yes,Bank transfer (automatic),112.88,5762.29,No
1952-TELCO,Male,0,No,No,23,Yes,Yes,Fiber optic,No internet service,Yes,No internet service,No,No internet service,No,Month-to-month,No,Bank transfer (automatic),58.69,1343.64,No
1953-TELCO,Male,0,Yes,No,25,Yes,No,No,No,Yes,No internet service,Yes,No internet service,No,Two year,Yes,Credit card (automatic),117.08,2933.46,No
1954-TELCO,Female,0,No,No,60,Yes,No,Fiber optic,No,Yes,No,No internet service,Yes,Yes,Month-to-month,Yes,Credit card (automatic),79.53,4776.57,No
1955-TELCO,Male,0,Yes,No,37,Yes,No,Fiber optic,No,No internet service,No,No internet service,No internet service,Yes,One year,Yes,Bank transfer (automatic),30.65,1125.42,No
1956-TELCO,Male,0,Yes,Yes,68,Yes,Yes,Fiber optic,No,No,No internet service,Yes,No,Yes,Month-to-month,Yes,Mailed check,74.8,5077.23,No
1957-TELCO,Female,0,Yes,Yes,18,Yes,Yes,Fiber optic,Yes,No,No,No internet service,Yes,Yes,Month-to-month,Yes,Credit card (automatic),23.51,416.27,Yes
1958-TELCO,Male,0,Yes,Yes,29,Yes,No,No,No,No internet service,No,Yes,No internet service,Yes,Two year,Yes,Mailed check,62.48,1814.99,No
1959-TELCO,Male,1,Yes,Yes,30,Yes,No,No,No,Yes,Yes,No,Yes,No,Two year,No,Credit card (automatic),85.9,2586.08,No
1960-TELCO,Male,1,Yes,Yes,7,Yes,No,No,No,No internet service,No,No internet service,Yes,Yes,Month-to-month,Yes,Bank transfer (automatic),31.8,214.83,Yes
1961-TELCO,Female,0,Yes,No,41,Yes,Yes,No,Yes,No,Yes,No,Yes,Yes,Month-to-month,No,Bank transfer (automatic),34.75,1426.93,No
1962-TELCO,Male,0,No,No,37,Yes,Yes,Fiber optic,No internet service,No,No,No,No internet service,No internet service,Month-to-month,Yes,Electronic check,94.86,3511.72,No
1963-TELCO,Female,0,No,No,27,Yes,Yes,DSL,No internet service,No internet service,No,No,No internet service,Yes,Two year,Yes,Credit card (automatic),45.61,1224.87,No
1964-TELCO,Female,0,No,No,21,Yes,Yes,DSL,Yes,Yes,No,No,Yes,Yes,Two year,Yes,Bank transfer (automatic),104.1,2181.36,No
1965-TELCO,Male,0,Yes,No,43,Yes,Yes,DSL,No,Yes,Yes,No,No,No,Month-to-month,No,Bank transfer (automatic),79.98,3439.93,No
1966-TELCO,Male,0,Yes,Yes,51,Yes,No,Fiber optic,No,Yes,Yes,No,Yes,No,Month-to-month,Yes,Mailed check,73.2,3729.91,No
1967-TELCO,Male,0,Yes,No,71,Yes,No phone service,DSL,Yes,No internet service,No,No internet service,Yes,Yes,Two year,Yes,Bank transfer (automatic),57.95,4107.61,Yes
1968-TELCO,Female,1,Yes,No,13,Yes,Yes,DSL,No internet service,Yes,No,No,No internet service,No,Month-to-month,No,Electronic check,114.62,1488.65,Yes
1969-TELCO,Male,1,No,No,53,Yes,No,DSL,No internet service,No internet service,No,No,No internet service,No,Two year,Yes,Mailed check,81.01,4285.32,No
1970-TELCO,Male,0,No,No,63,Yes,Yes,Fiber optic,No,Yes,No internet service,No,No internet service,No,Month-to-month,No,Electronic check,26.11,1646.54,No
1971-TELCO,Male,0,No,Yes,57,Yes,No,DSL,No internet service,No,No,Yes,Yes,No internet service,Month-to-month,Yes,Electronic check,59.28,3371.85,No
1972-TELCO,Male,0,No,No,25,Yes,No phone service,Fiber optic,No,No,Yes,Yes,No,No internet service,Month-to-month,No,Mailed check,30.59,769.33,No
1973-TELCO,Male,0,Yes,Yes,13,No,No,DSL,No,No internet service,No,No internet service,Yes,No,One year,Yes,Bank transfer (automatic),92.08,1197.98,No
1974-TELCO,Female,0,Yes,No,37,Yes,Yes,Fiber optic,No,Yes,No,Yes,No,No internet service,Month-to-month,No,Credit card (automatic),43.37,1596.26,No
1975-TELCO,Female,0,No,No,30,Yes,Yes,No,Yes,Yes,No,Yes,No internet service,No,Month-to-month,Yes,Credit card (automatic),19.89,591.16,Yes
1976-TELCO,Male,0,Yes,Yes,12,Yes,No phone service,DSL,Yes,No internet service,Yes,No,Yes,No,Two year,Yes,Bank transfer (automatic),118.18,1416.74,No
1977-TELCO,Male,0,Yes,Yes,65,Yes,Yes,No,No,No internet service,No,No internet service,No,No internet service,One year,Yes,Electronic check,65.69,4267.74,No
1978-TELCO,Male,0,Yes,Yes,18,No,No,Fiber optic,No,Yes,Yes,No internet service,No,No internet service,Two year,No,Electronic check,21.76,398.19,No
1979-TELCO,Male,0,Yes,Yes,62,Yes,No,DSL,No,No,No,No internet service,No,No internet service,One year,Yes,Electronic check,63.97,3968.7,No
1980-TELCO,Female,0,Yes,No,24,Yes,No,DSL,No,Yes,No,No internet service,Yes,No,Month-to-month,No,Credit card (automatic),45.69,1104.29,Yes
1981-TELCO,Male,0,No,No,60,Yes,Yes,No,Yes,No,No,Yes,Yes,No,Month-to-month,Yes,Bank transfer (automatic),91.23,5474.83,No
1982-TELCO,Female,0,No,Yes,17,Yes,No,Fiber optic,No,No,No,No,No,Yes,Two year,Yes,Electronic check,19.02,319.63,No
1983-TELCO,Female,0,Yes,No,60,Yes,Yes,DSL,No,No,No,No internet service,No,No,Two year,Yes,Mailed check,32.01,1911.24,No
1984-TELCO,Male,0,Yes,No,9,Yes,No,No,Yes,No,Yes,No,No,No,Two year,Yes,Bank transfer (automatic),53.81,478.51,No
1985-TELCO,Female,0,No,Yes,52,Yes,No,No,No internet service,Yes,No,No internet service,Yes,Yes,Month-to-month,No,Electronic check,58.12,3017.39,No
1986-TELCO,Female,1,Yes,Yes,15,Yes,No,Fiber optic,No,No,No internet service,Yes,Yes,Yes,One year,Yes,Bank transfer (automatic),67.27,1000.87,Yes
1987-TELCO,Female,0,Yes,No,28,No,Yes,No,Yes,No internet service,No,No,No internet service,Yes,Month-to-month,No,Credit card (automatic),53.75,1505.6,Yes
1988-TELCO,Female,0,Yes,Yes,9,Yes,Yes,Fiber optic,No,No internet service,Yes,No internet service,Yes,No,One year,No,Electronic check,58.32,527.64,No
1989-TELCO,Male,0,Yes,No,56,Yes,No,DSL,No,No,Yes,Yes,No,No,Month-to-month,No,Electronic check,66.97,3741.33,No
1990-TELCO,Male,1,No,Yes,36,Yes,No,Fiber optic,No,Yes,No,No internet service,No,No,Two year,Yes,Electronic check,111.95,4027.1,No
1991-TELCO,Female,0,No,No,56,Yes,No phone service,No,No internet service,Yes,Yes,Yes,Yes,No internet service,Month-to-month,Yes,Mailed check,71.2,3977.75,Yes
1992-TELCO,Male,0,Yes,No,71,Yes,No,DSL,No,No internet service,No,Yes,No,No,Month-to-month,Yes,Mailed check,61.5,4371.08,No
1993-TELCO,Male,0,Yes,No,20,Yes,No phone service,DSL,No internet service,No,No,No,No internet service,No,Month-to-month,Yes,Credit card (automatic),23.06,461.18,Yes
1994-TELCO,Male,0,Yes,No,55,Yes,No,DSL,No internet service,No,No internet service,Yes,Yes,No,One year,Yes,Credit card (automatic),33.3,1835.34,No
1995-TELCO,Male,0,Yes,No,60,Yes,Yes,DSL,Yes,Yes,No,Yes,No,No internet service,Month-to-month,No,Bank transfer (automatic),94.34,5662.78,No
1996-TELCO,Male,0,No,Yes,35,Yes,No,DSL,Yes,Yes,No,No,Yes,No internet service,Month-to-month,Yes,Bank transfer (automatic),114.58,4017.38,Yes
1997-TELCO,Female,0,No,No,1,No,Yes,No,No,No internet service,Yes,No,No internet service,No internet service,One year,Yes,Bank transfer (automatic),56.8,64.36,No
1998-TELCO,Male,1,No,No,45,No,Yes,No,No,No internet service,Yes,No,Yes,Yes,Two year,Yes,Electronic check,114.93,5173.04,No
1999-TELCO,Male,0,No,No,69,Yes,No,DSL,No internet service,No,Yes,No internet service,Yes,Yes,One year,No,Mailed check,51.24,3534.8,No
2000-TELCO,Male,0,No,No,40,Yes,Yes,Fiber optic,No internet service,No,Yes,No internet service,Yes,No,Month-to-month,No,Bank transfer (automatic),113.94,4567.42,No
2001-TELCO,Male,0,No,Yes,38,Yes,No,Fiber optic,No,No internet service,No,No,Yes,No internet service,Month-to-month,No,Electronic check,79.49,3014.48,Yes
2002-TELCO,Female,0,Yes,No,24,Yes,Yes,DSL,No,Yes,No,No,No,Yes,Month-to-month,Yes,Mailed check,21.14,510.15,No
2003-TELCO,Female,0,Yes,No,4,Yes,No,DSL,No,No internet service,No,Yes,No,Yes,One year,No,Credit card (automatic),26.11,106.84,No
2004-TELCO,Female,0,No,No,69,No,No,DSL,No,Yes,Yes,No,No,No internet service,Month-to-month,Yes,Mailed check,116.72,8062.82,No
2005-TELCO,Female,0,Yes,No,13,Yes,No,Fiber optic,Yes,No internet service,Yes,Yes,No internet service,No,One year,No,Credit card (automatic),48.93,627.98,No
2006-TELCO,Male,0,No,Yes,21,Yes,No phone service,DSL,No,No,No internet service,No,Yes,No,Two year,Yes,Bank transfer (automatic),19.66,421.81,No
2007-TELCO,Female,0,No,No,32,No,No,DSL,No,No,No,No,No,No,Month-to-month,Yes,Mailed check,26.11,840.8,No
2008-TELCO,Male,0,No,No,38,Yes,No,DSL,No,No,Yes,No,Yes,Yes,One year,No,Mailed check,71.5,2709.58,No
2009-TELCO,Male,0,Yes,No,32,Yes,No,No,Yes,Yes,No internet service,No internet service,No,No internet service,Two year,Yes,Bank transfer (automatic),41.22,1312.95,No
2010-TELCO,Male,0,No,No,57,No,Yes,Fiber optic,Yes,Yes,No,No,No internet service,No,Month-to-month,No,Mailed check,94.04,5355.79,No
2011-TELCO,Male,0,Yes,No,48,Yes,No,Fiber optic,No,No,Yes,Yes,No internet service,No,Two year,No,Credit card (automatic),107.13,5145.78,No
2012-TELCO,Male,1,No,Yes,30,Yes,No,No,No internet service,No,Yes,Yes,No,No,One year,Yes,Bank transfer (automatic),54.69,1645.67,No
2013-TELCO,Female,1,Yes,No,71,Yes,No,DSL,No internet service,Yes,No,No internet service,No internet service,Yes,Month-to-month,No,Electronic check,88.17,6264.81,No
2014-TELCO,Female,0,No,No,38,Yes,No,Fiber optic,No,No,No,No,No,No,Two year,Yes,Credit card (automatic),91.11,3465.23,Yes
2015-TELCO,Female,0,No,No,44,Yes,Yes,DSL,No internet service,Yes,No internet service,Yes,No internet service,Yes,One year,No,Electronic check,65.82,2888.76,No
2016-TELCO,Female,0,Yes,No,26,Yes,No,DSL,Yes,No,No,Yes,No internet service,Yes,Month-to-month,Yes,Credit card (automatic),44.34,1143.7,No
2017-TELCO,Male,0,Yes,No,2,Yes,Yes,No,No internet service,No internet service,No,No,Yes,No,One year,Yes,Mailed check,94.41,184.37,No
2018-TELCO,Female,0,No,Yes,43,Yes,No,No,No,Yes,No,Yes,No,No,Month-to-month,No,Bank transfer (automatic),23.36,1006.49,No
2019-TELCO,Male,0,Yes,Yes,43,Yes,No phone service,DSL,No internet service,Yes,No,No,Yes,No internet service,Month-to-month,Yes,Electronic check,26.55,1138.71,Yes
2020-TELCO,Female,0,No,No,63,No,Yes,DSL,Yes,No,Yes,No,Yes,No,Month-to-month,Yes,Mailed check,30.01,1897.63,No
2021-TELCO,Male,0,Yes,No,58,Yes,No,Fiber optic,No internet service,No,No,Yes,No,Yes,Month-to-month,No,Electronic check,50.21,2918.6,No
2022-TELCO,Male,0,No,No,48,Yes,No,Fiber optic,No,No,Yes,Yes,Yes,No,One year,Yes,Electronic check,48.22,2308.92,No
2023-TELCO,Female,0,No,No,5,Yes,No phone service,DSL,Yes,Yes,No internet service,Yes,Yes,Yes,One year,Yes,Electronic check,50.19,254.13,No
2024-TELCO,Male,0,Yes,No,35,No,No,Fiber optic,No,No,No,No,No,No internet service,Month-to-month,Yes,Mailed check,28.04,988.01,Yes
2025-TELCO,Male,0,Yes,No,16,Yes,No,No,Yes,No,No,Yes,Yes,No,One year,Yes,Mailed check,60.55,976.8,No
2026-TELCO,Female,0,No,No,49,No,No,DSL,No,Yes,No,No internet service,No internet service,No,Month-to-month,No,Electronic check,66.83,3273.22,No
2027-TELCO,Male,0,Yes,No,60,Yes,No,No,No,No,No internet service,No,No internet service,Yes,Month-to-month,No,Bank transfer (automatic),106.9,6422.15,No
2028-TELCO,Female,0,Yes,Yes,51,Yes,Yes,DSL,No,No internet service,No,No,No internet service,No,Month-to-month,Yes,Electronic check,111.63,5697.95,No
2029-TELCO,Female,0,No,No,59,Yes,Yes,Fiber optic,No internet service,Yes,No,No,No internet service,Yes,Month-to-month,No,Mailed check,51.71,3046.82,No
2030-TELCO,Female,0,Yes,No,64,Yes,Yes,No,No internet service,No,No internet service,Yes,No,No,Two year,Yes,Bank transfer (automatic),114.88,7349.15,No
2031-TELCO,Male,0,Yes,No,13,Yes,Yes,Fiber optic,Yes,Yes,No internet service,No internet service,No,No,One year,Yes,Electronic check,66.04,851.3,No
2032-TELCO,Male,0,No,Yes,26,Yes,Yes,DSL,Yes,No internet service,Yes,No internet service,Yes,Yes,Two year,Yes,Credit card (automatic),102.72,2668.3,No
2033-TELCO,Male,0,Yes,No,70,Yes,Yes,No,No,Yes,No,No,Yes,No,Month-to-month,No,Mailed check,18.89,1319.58,No
2034-TELCO,Female,0,Yes,No,3,Yes,No,DSL,Yes,Yes,No internet service,No,No,No internet service,One year,Yes,Mailed check,26.54,82.11,No
2035-TELCO,Male,0,Yes,Yes,12,Yes,No,Fiber optic,No internet service,No internet service,No,Yes,No,No,Month-to-month,Yes,Mailed check,60.93,727.3,No
2036-TELCO,Female,0,No,No,41,Yes,No,Fiber optic,No,No,No,No internet service,Yes,No,One year,No,Credit card (automatic),58.0,2376.42,No
2037-TELCO,Female,0,No,No,65,Yes,No,Fiber optic,No,No,Yes,Yes,Yes,Yes,Month-to-month,No,Electronic check,64.74,4200.73,Yes
2038-TELCO,Male,1,No,No,63,Yes,No phone service,Fiber optic,Yes,No internet service,No,Yes,Yes,No,One year,Yes,Bank transfer (automatic),44.84,2829.55,No
2039-TELCO,Female,0,Yes,Yes,50,Yes,No,Fiber optic,No,No,No,No,Yes,Yes,One year,Yes,Credit card (automatic),76.07,3794.31,No
2040-TELCO,Male,0,Yes,Yes,47,Yes,No,DSL,No internet service,No,Yes,No,No internet service,No,Month-to-month,No,Mailed check,92.53,4353.88,Yes
2041-TELCO,Male,0,Yes,No,8,Yes,Yes,Fiber optic,No,No,Yes,Yes,No,No internet service,Month-to-month,Yes,Mailed check,31.8,247.96,No
2042-TELCO,Male,0,Yes,No,31,Yes,Yes,DSL,No internet service,No internet service,Yes,No,Yes,Yes,Month-to-month,No,Electronic check,73.2,2278.82,No
2043-TELCO,Male,1,No,Yes,11,Yes,Yes,DSL,Yes,Yes,Yes,Yes,Yes,No,Month-to-month,Yes,Bank transfer (automatic),42.04,472.22,No
2044-TELCO,Male,0,Yes,Yes,17,Yes,No,Fiber optic,Yes,No internet service,Yes,No,Yes,Yes,Month-to-month,Yes,Credit card (automatic),107.34,1834.66,No
2045-TELCO,Female,0,Yes,No,27,Yes,Yes,Fiber optic,No internet service,No,No internet service,Yes,No,Yes,One year,Yes,Electronic check,109.56,2948.38,No
2046-TELCO,Female,0,Yes,Yes,27,Yes,Yes,DSL,No,No,Yes,No internet service,Yes,No internet service,Month-to-month,Yes,Bank transfer (automatic),89.74,2417.32,Yes
2047-TELCO,Female,0,No,No,56,Yes,Yes,Fiber optic,Yes,Yes,No,No,No,Yes,Month-to-month,No,Electronic check,35.02,1962.19,No
2048-TELCO,Male,0,No,No,69,Yes,Yes,Fiber optic,No,Yes,Yes,No internet service,No internet service,Yes,Two year,No,Mailed check,113.93,7865.85,No
2049-TELCO,Male,0,No,No,47,No,No,Fiber optic,No,No,No,No,Yes,No,Two year,Yes,Electronic check,92.58,4357.57,No
2050-TELCO,Male,0,No,No,19,Yes,No phone service,Fiber optic,No,No internet service,No,Yes,No,No internet service,Month-to-month,Yes,Electronic check,28.56,535.35,Yes
2051-TELCO,Female,0,No,No,57,Yes,Yes,No,No internet service,No,No,No,No,No,Month-to-month,Yes,Credit card (automatic),76.62,4374.46,No
2052-TELCO,Male,0,Yes,Yes,31,Yes,No phone service,Fiber optic,Yes,No,No internet service,No,No internet service,No internet service,Month-to-month,Yes,Bank transfer (automatic),80.39,2496.07,No
2053-TELCO,Female,1,Yes,No,16,Yes,No,No,No,No internet service,Yes,No,No internet service,No,Month-to-month,No,Bank transfer (automatic),77.76,1239.96,No
2054-TELCO,Female,0,No,No,45,Yes,No,DSL,No,No internet service,No,No,No,Yes,Two year,Yes,Mailed check,72.03,3231.52,No
2055-TELCO,Male,0,No,No,27,Yes,No phone service,Fiber optic,No,No,No internet service,No,No,No,Month-to-month,No,Bank transfer (automatic),25.24,689.75,No
2056-TELCO,Male,0,No,No,61,Yes,Yes,Fiber optic,No,Yes,No,Yes,Yes,Yes,Two year,No,Credit card (automatic),37.97,2310.13,No
2057-TELCO,Female,0,No,No,26,Yes,No,Fiber optic,No,No,No internet service,No internet service,No internet service,Yes,Month-to-month,No,Electronic check,111.95,2907.99,No
2058-TELCO,Male,0,No,Yes,29,Yes,No phone service,No,Yes,No internet service,Yes,No,No,Yes,One year,Yes,Electronic check,95.79,2784.91,No
2059-TELCO,Female,0,No,No,44,Yes,Yes,DSL,No,No,No internet service,No,No,Yes,Month-to-month,Yes,Credit card (automatic),75.13,3308.99,No
2060-TELCO,Male,0,No,No,29,Yes,No,Fiber optic,Yes,Yes,No,Yes,No,Yes,Month-to-month,Yes,Electronic check,77.03,2226.52,Yes
2061-TELCO,Male,0,No,No,2,Yes,Yes,DSL,Yes,No,Yes,No,Yes,Yes,Month-to-month,No,Bank transfer (automatic),48.29,106.17,No
2062-TELCO,Female,1,Yes,Yes,6,Yes,No,Fiber optic,No,No,No,No,No internet service,Yes,Two year,Yes,Credit card (automatic),50.74,300.83,No
2063-TELCO,Male,0,No,Yes,9,Yes,Yes,No,Yes,No internet service,No,No,No internet service,Yes,Two year,Yes,Credit card (automatic),31.28,283.42,Yes
2064-TELCO,Female,0,No,Yes,15,Yes,No,Fiber optic,No,No,Yes,Yes,Yes,Yes,One year,Yes,Electronic check,111.57,1676.11,No
2065-TELCO,Male,1,Yes,No,58,Yes,No,Fiber optic,Yes,No internet service,No,No,No,No internet service,Month-to-month,Yes,Credit card (automatic),84.19,4884.37,Yes
2066-TELCO,Female,0,No,No,2,Yes,No,Fiber optic,No,Yes,Yes,No,Yes,No,Two year,Yes,Electronic check,45.26,92.11,No
2067-TELCO,Female,0,No,No,3,Yes,Yes,DSL,No internet service,No internet service,No internet service,No,Yes,No,One year,Yes,Electronic check,89.88,264.49,Yes
2068-TELCO,Male,0,Yes,No,52,Yes,No phone service,DSL,Yes,No,No,Yes,Yes,No,One year,Yes,Mailed check,103.93,5413.56,No
2069-TELCO,Female,0,No,Yes,55,Yes,No,Fiber optic,No,No internet service,Yes,Yes,No internet service,No,Month-to-month,No,Bank transfer (automatic),88.69,4877.7,No
2070-TELCO,Male,1,Yes,No,53,Yes,Yes,Fiber optic,No,No internet service,Yes,No,No,Yes,One year,Yes,Electronic check,46.27,2445.12,Yes
2071-TELCO,Male,1,No,No,72,Yes,No,Fiber optic,Yes,No,No internet service,No,No,No,One year,No,Electronic check,40.16,2898.51,No
2072-TELCO,Male,0,No,No,40,Yes,Yes,DSL,No,No,Yes,No,No internet service,No internet service,One year,Yes,Mailed check,29.01,1153.34,No
2073-TELCO,Female,0,Yes,No,39,Yes,Yes,Fiber optic,Yes,No internet service,Yes,No,No internet service,No,Two year,Yes,Electronic check,58.66,2294.99,No
2074-TELCO,Female,0,Yes,No,43,Yes,No phone service,No,Yes,No,No,No internet service,Yes,No internet service,Month-to-month,Yes,Mailed check,111.29,4786.67,No
2075-TELCO,Male,0,No,No,13,Yes,No phone service,DSL,No internet service,No,Yes,Yes,Yes,Yes,Month-to-month,Yes,Bank transfer (automatic),38.3,488.78,No
2076-TELCO,Male,0,Yes,Yes,37,Yes,Yes,Fiber optic,Yes,No internet service,Yes,Yes,Yes,No internet service,Two year,Yes,Bank transfer (automatic),66.54,2454.43,No
2077-TELCO,Female,0,Yes,No,55,Yes,No,Fiber optic,No,No,No,Yes,Yes,No,Two year,Yes,Mailed check,19.25,1067.62,No
2078-TELCO,Male,1,No,Yes,32,Yes,No,No,Yes,No internet service,Yes,Yes,No internet service,No,Month-to-month,No,Mailed check,103.06,3290.48,Yes
2079-TELCO,Male,1,Yes,No,14,Yes,Yes,Fiber optic,No,No,Yes,No internet service,No,No,Month-to-month,No,Mailed check,80.7,1131.53,Yes
2080-TELCO,Female,0,Yes,Yes,65,Yes,No,Fiber optic,No,No,No,Yes,Yes,Yes,Two year,No,Mailed check,50.46,3276.18,No
2081-TELCO,Male,0,No,No,27,Yes,Yes,Fiber optic,No,Yes,No internet service,No internet service,No,No,Month-to-month,No,Mailed check,31.11,845.92,No
2082-TELCO,Female,0,No,No,24,Yes,No,DSL,No,Yes,No internet service,Yes,Yes,No,Two year,Yes,Mailed check,81.58,1963.81,No
2083-TELCO,Male,0,No,No,22,Yes,Yes,Fiber optic,No,No,No,No,Yes,Yes,Month-to-month,Yes,Electronic check,72.17,1593.69,Yes
2084-TELCO,Female,0,No,No,45,No,No,Fiber optic,No,No,No,Yes,Yes,Yes,Month-to-month,No,Bank transfer (automatic),117.1,5263.65,Yes
2085-TELCO,Male,0,Yes,Yes,8,Yes,No,Fiber optic,No,No,No internet service,Yes,No internet service,No,Month-to-month,No,Credit card (automatic),65.42,527.58,Yes
2086-TELCO,Male,0,Yes,No,67,No,Yes,DSL,No internet service,No internet service,No,Yes,Yes,No internet service,One year,No,Electronic check,34.14,2279.21,No
2087-TELCO,Female,0,Yes,No,64,No,No,DSL,No internet service,No,No,No,No internet service,No,Month-to-month,Yes,Electronic check,103.42,6610.41,No
2088-TELCO,Male,0,No,No,47,Yes,No,DSL,No,Yes,No internet service,No,No,Yes,Month-to-month,Yes,Electronic check,108.16,5081.7,No
2089-TELCO,Female,1,No,No,21,Yes,Yes,Fiber optic,No internet service,No,No,Yes,No,No internet service,Two year,Yes,Bank transfer (automatic),28.59,602.34,Yes
2090-TELCO,Male,0,No,No,32,Yes,Yes,No,No,No,No internet service,No internet service,No internet service,Yes,One year,Yes,Mailed check,101.36,3239.78,No
2091-TELCO,Female,0,No,No,45,Yes,No,DSL,No internet service,No internet service,No internet service,No,Yes,Yes,One year,Yes,Electronic check,44.51,1999.06,No
2092-TELCO,Female,0,No,Yes,44,Yes,No,DSL,No,No,No,No internet service,No internet service,No,Month-to-month,Yes,Mailed check,72.35,3174.9,No
2093-TELCO,Female,0,Yes,Yes,41,Yes,Yes,No,No internet service,No,No internet service,Yes,Yes,Yes,Month-to-month,Yes,Credit card (automatic),77.86,3186.18,Yes
2094-TELCO,Female,1,Yes,Yes,52,Yes,No,Fiber optic,No,No,No,Yes,No internet service,No,Month-to-month,No,Mailed check,108.2,5628.6,No
2095-TELCO,Male,0,Yes,No,11,Yes,Yes,No,No,No internet service,No,No internet service,No internet service,Yes,Month-to-month,Yes,Credit card (automatic),34.11,378.83,Yes
2096-TELCO,Male,0,Yes,No,18,Yes,No,DSL,No,No,Yes,No,No internet service,No,Month-to-month,No,Electronic check,20.23,372.29,Yes
2097-TELCO,Female,0,No,No,11,Yes,Yes,No,No internet service,No,No internet service,No internet service,No internet service,Yes,Two year,Yes,Mailed check,78.23,858.03,No
2098-TELCO,Female,0,Yes,No,27,Yes,No,No,No internet service,No,Yes,Yes,Yes,No internet service,Month-to-month,Yes,Credit card (automatic),81.53,2196.04,No
2099-TELCO,Female,0,No,No,43,Yes,No,DSL,Yes,Yes,No internet service,Yes,No internet service,No,Month-to-month,Yes,Bank transfer (automatic),115.27,4960.99,Yes
2100-TELCO,Male,0,No,No,65,No,No,DSL,No,No internet service,Yes,No internet service,Yes,No internet service,One year,Yes,Electronic check,28.29,1842.32,No
2101-TELCO,Male,0,Yes,Yes,54,Yes,No,DSL,Yes,No,No,No,No,Yes,Month-to-month,Yes,Credit card (automatic),59.23,3193.93,No
2102-TELCO,Male,0,Yes,Yes,29,No,No,DSL,Yes,No,Yes,No internet service,No internet service,No,Two year,Yes,Electronic check,89.72,2607.26,No
2103-TELCO,Male,0,Yes,No,21,Yes,No,No,No internet service,Yes,No,No,No,No,Two year,Yes,Bank transfer (automatic),74.13,1550.75,No
2104-TELCO,Female,0,Yes,No,29,Yes,Yes,Fiber optic,No,Yes,No,Yes,Yes,No internet service,Month-to-month,No,Electronic check,114.13,3306.73,No
2105-TELCO,Female,0,No,No,9,Yes,No,Fiber optic,No,No,No internet service,No,No internet service,No,Month-to-month,Yes,Mailed check,27.16,239.34,No
2106-TELCO,Female,0,Yes,No,61,Yes,Yes,No,No,No,No,No internet service,Yes,No internet service,Month-to-month,Yes,Electronic check,32.94,2012.33,No
2107-TELCO,Male,1,No,No,62,Yes,No phone service,Fiber optic,No,No,No,No internet service,Yes,Yes,Two year,Yes,Credit card (automatic),79.97,4957.97,No
2108-TELCO,Male,1,No,No,71,Yes,Yes,Fiber optic,No,No internet service,Yes,Yes,No,No,Month-to-month,No,Credit card (automatic),81.45,5787.63,No
2109-TELCO,Male,0,No,No,5,Yes,Yes,DSL,Yes,No internet service,Yes,Yes,No internet service,Yes,Month-to-month,Yes,Mailed check,65.04,317.35,No
2110-TELCO,Female,0,No,No,15,Yes,Yes,Fiber optic,No,No,No internet service,No,No internet service,Yes,One year,No,Credit card (automatic),92.64,1384.73,No
2111-TELCO,Female,0,Yes,Yes,57,Yes,No,No,Yes,Yes,Yes,No internet service,No,Yes,Month-to-month,No,Electronic check,51.88,2956.86,No
2112-TELCO,Male,0,Yes,Yes,5,Yes,Yes,DSL,Yes,No,No internet service,No internet service,No,No,One year,Yes,Mailed check,45.78,220.03,No
2113-TELCO,Female,0,Yes,Yes,20,Yes,No,Fiber optic,No,No,Yes,Yes,No internet service,No,One year,Yes,Credit card (automatic),37.12,747.03,No
2114-TELCO,Male,0,Yes,No,4,Yes,No,No,No internet service,Yes,Yes,No,No,Yes,One year,Yes,Bank transfer (automatic),79.21,312.48,No
2115-TELCO,Male,0,No,No,56,Yes,Yes,Fiber optic,Yes,Yes,No internet service,No,No,Yes,Month-to-month,No,Mailed check,99.09,5551.12,No
2116-TELCO,Female,0,No,Yes,34,Yes,No,Fiber optic,No internet service,Yes,No internet service,No,Yes,No internet service,Two year,Yes,Mailed check,21.26,730.87,No
2117-TELCO,Male,1,Yes,No,40,Yes,No,No,No,Yes,Yes,No,No internet service,Yes,Two year,Yes,Electronic check,34.39,1370.66,No
2118-TELCO,Female,0,Yes,Yes,69,Yes,No,DSL,Yes,No internet service,No,No,No,Yes,Two year,No,Bank transfer (automatic),103.95,7177.49,No
2119-TELCO,Male,0,Yes,No,68,Yes,No phone service,Fiber optic,No,No,No internet service,No,No,Yes,One year,No,Electronic check,20.47,1394.63,No
2120-TELCO,Female,0,No,No,22,Yes,No,No,No,Yes,Yes,No,Yes,Yes,Month-to-month,Yes,Bank transfer (automatic),22.7,492.99,No
2121-TELCO,Female,0,No,No,14,Yes,Yes,DSL,No internet service,Yes,Yes,Yes,No,Yes,Month-to-month,No,Credit card (automatic),70.02,984.95,No
2122-TELCO,Female,1,No,No,68,Yes,No phone service,Fiber optic,No internet service,Yes,No,No internet service,No,Yes,One year,Yes,Electronic check,55.13,3740.07,No
2123-TELCO,Male,0,No,Yes,8,No,Yes,Fiber optic,No,No,Yes,Yes,Yes,Yes,One year,No,Credit card (automatic),95.62,765.34,No
2124-TELCO,Male,0,Yes,No,67,Yes,Yes,DSL,No internet service,No,No,No,No internet service,No,Two year,No,Credit card (automatic),83.81,5607.65,No
2125-TELCO,Female,0,Yes,Yes,46,Yes,No,Fiber optic,No,Yes,No,No,No internet service,No,Month-to-month,No,Electronic check,37.08,1709.41,No
2126-TELCO,Female,1,Yes,Yes,29,Yes,Yes,Fiber optic,No,No internet service,No internet service,Yes,Yes,Yes,One year,Yes,Bank transfer (automatic),52.22,1510.46,No
2127-TELCO,Male,0,Yes,Yes,12,Yes,Yes,No,Yes,No,No internet service,No,No,Yes,Month-to-month,Yes,Credit card (automatic),26.97,329.76,Yes
2128-TELCO,Male,0,No,No,52,No,No,Fiber optic,No,No internet service,No,No internet service,Yes,No,Two year,Yes,Bank transfer (automatic),27.73,1441.75,No
2129-TELCO,Male,0,No,No,58,No,No,No,Yes,Yes,No,No internet service,No,Yes,Month-to-month,Yes,Bank transfer (automatic),116.89,6771.23,Yes
2130-TELCO,Female,0,No,No,2,Yes,Yes,DSL,No,No,No,No,No,No,Month-to-month,No,Credit card (automatic),22.16,46.28,Yes
2131-TELCO,Male,0,No,No,1,Yes,Yes,DSL,No internet service,No,Yes,No,No,No,Month-to-month,No,Credit card (automatic),36.5,26.76,Yes
2132-TELCO,Male,0,Yes,Yes,55,Yes,Yes,No,No internet service,No,No internet service,No,Yes,No internet service,Month-to-month,No,Bank transfer (automatic),58.15,3194.13,No
2133-TELCO,Female,0,Yes,No,34,Yes,No,No,No internet service,Yes,Yes,Yes,Yes,Yes,One year,No,Mailed check,77.7,2637.18,No
2134-TELCO,Male,0,No,No,64,Yes,No,DSL,Yes,No internet service,Yes,No,No,No internet service,Month-to-month,No,Electronic check,114.05,7308.81,No
2135-TELCO,Male,0,No,No,68,Yes,No,Fiber optic,No,No internet service,No,No,No internet service,No,Month-to-month,Yes,Credit card (automatic),57.32,3892.64,No
2136-TELCO,Male,0,Yes,No,12,Yes,Yes,Fiber optic,No internet service,Yes,No,No,No internet service,No,Month-to-month,No,Electronic check,36.85,445.73,Yes
2137-TELCO,Female,0,No,Yes,50,Yes,Yes,Fiber optic,Yes,No internet service,No,Yes,No internet service,Yes,Month-to-month,Yes,Electronic check,67.42,3366.14,No
2138-TELCO,Female,1,No,Yes,21,Yes,No,No,No internet service,No,Yes,No,Yes,Yes,Two year,Yes,Electronic check,95.78,2002.97,No
2139-TELCO,Female,0,Yes,No,10,Yes,Yes,Fiber optic,Yes,Yes,No,Yes,Yes,No internet service,Two year,Yes,Electronic check,44.33,434.56,No
2140-TELCO,Female,0,No,Yes,70,Yes,No phone service,DSL,No,No,No internet service,No,No,Yes,Month-to-month,Yes,Credit card (automatic),35.25,2476.02,No
2141-TELCO,Female,0,Yes,Yes,14,Yes,Yes,DSL,No,Yes,No,No,Yes,No,Month-to-month,Yes,Credit card (automatic),90.14,1253.89,No
2142-TELCO,Female,0,No,No,40,Yes,No,DSL,No internet service,Yes,Yes,No,No,Yes,Two year,Yes,Bank transfer (automatic),70.58,2829.83,No
2143-TELCO,Female,0,No,No,30,Yes,Yes,No,No,Yes,Yes,No internet service,No internet service,No,Month-to-month,No,Electronic check,86.95,2609.37,Yes
2144-TELCO,Male,0,No,No,14,Yes,No,Fiber optic,No internet service,No,No,No,Yes,Yes,Month-to-month,No,Credit card (automatic),54.94,767.8,Yes
2145-TELCO,Male,0,Yes,No,52,Yes,No,No,Yes,No,No,No internet service,No internet service,Yes,Two year,Yes,Credit card (automatic),100.04,5212.02,No
2146-TELCO,Female,0,Yes,No,17,Yes,No phone service,No,No,Yes,No,No,Yes,No internet service,Two year,Yes,Credit card (automatic),60.94,1043.8,No
2147-TELCO,Male,0,Yes,Yes,62,Yes,Yes,DSL,No,No,No internet service,No internet service,Yes,Yes,Month-to-month,No,Electronic check,84.31,5221.99,No
2148-TELCO,Male,0,Yes,No,22,Yes,Yes,No,No,Yes,Yes,No internet service,No,No internet service,Month-to-month,Yes,Mailed check,56.73,1250.04,No
2149-TELCO,Female,0,No,No,53,Yes,No,Fiber optic,No,No,No,No,Yes,Yes,Two year,Yes,Bank transfer (automatic),75.4,3989.36,No
2150-TELCO,Male,0,No,Yes,32,Yes,Yes,DSL,No internet service,Yes,No,No,No internet service,No,Month-to-month,Yes,Bank transfer (automatic),75.09,2404.83,Yes
2151-TELCO,Male,0,Yes,Yes,55,Yes,Yes,Fiber optic,Yes,No,No internet service,No,No,Yes,One year,Yes,Bank transfer (automatic),98.43,5406.17,No
2152-TELCO,Male,0,Yes,No,22,Yes,Yes,No,Yes,Yes,Yes,No,No,Yes,Month-to-month,Yes,Electronic check,28.13,621.41,No
2153-TELCO,Male,0,Yes,No,38,Yes,No,Fiber optic,No internet service,No,Yes,Yes,No,No,Two year,Yes,Credit card (automatic),40.95,1565.55,No
2154-TELCO,Male,0,Yes,Yes,50,Yes,No phone service,Fiber optic,No,No internet service,No,No,No internet service,No,Month-to-month,Yes,Bank transfer (automatic),47.65,2384.13,No
2155-TELCO,Female,0,Yes,No,66,Yes,No,Fiber optic,No,No,No,No,No internet service,No internet service,Month-to-month,No,Electronic check,69.22,4561.03,No
2156-TELCO,Female,0,Yes,No,45,Yes,No,Fiber optic,Yes,No,No,No internet service,No,No internet service,Two year,Yes,Bank transfer (automatic),109.54,4935.3,No
2157-TELCO,Female,0,No,No,8,Yes,Yes,No,No,Yes,No internet service,No internet service,No internet service,Yes,Month-to-month,Yes,Electronic check,98.55,785.04,Yes
2158-TELCO,Male,1,Yes,No,65,Yes,No,No,Yes,No,No internet service,Yes,No,Yes,Month-to-month,Yes,Electronic check,102.45,6651.13,No
2159-TELCO,Female,1,No,No,40,Yes,No,DSL,Yes,No internet service,Yes,No,No,No internet service,Month-to-month,No,Mailed check,52.85,2117.11,No
2160-TELCO,Male,0,No,No,5,No,No,DSL,No,Yes,No,No internet service,Yes,Yes,Month-to-month,No,Bank transfer (automatic),51.86,265.91,Yes
2161-TELCO,Male,0,Yes,No,45,Yes,No,Fiber optic,No,No,Yes,No internet service,Yes,No internet service,Month-to-month,No,Mailed check,88.28,3972.26,No
2162-TELCO,Male,0,No,Yes,46,Yes,Yes,DSL,No internet service,No,No internet service,No internet service,No,Yes,Month-to-month,Yes,Electronic check,104.52,4816.55,Yes
2163-TELCO,Male,0,No,Yes,36,Yes,Yes,No,Yes,Yes,Yes,Yes,Yes,No internet service,Month-to-month,No,Bank transfer (automatic),114.6,4129.25,No
2164-TELCO,Female,0,No,No,17,Yes,No phone service,DSL,No,No internet service,No internet service,Yes,No,Yes,Two year,No,Electronic check,54.71,932.57,No
2165-TELCO,Female,0,Yes,No,41,Yes,Yes,No,No,No,No,Yes,No,Yes,One year,Yes,Bank transfer (automatic),81.4,3334.47,No
2166-TELCO,Male,0,Yes,No,30,Yes,No,Fiber optic,Yes,Yes,No,No internet service,Yes,No,Month-to-month,No,Credit card (automatic),88.75,2658.74,No
2167-TELCO,Female,0,No,No,52,Yes,Yes,DSL,No internet service,Yes,No,No,No,No,Two year,Yes,Electronic check,108.99,5663.14,No
2168-TELCO,Male,0,No,Yes,20,Yes,No,Fiber optic,No,No,No,No,No,Yes,Month-to-month,No,Credit card (automatic),92.31,1855.36,No
2169-TELCO,Female,0,Yes,Yes,36,No,No,DSL,No internet service,No,Yes,No internet service,Yes,No,One year,Yes,Electronic check,60.98,2198.29,No
2170-TELCO,Female,0,Yes,No,66,Yes,Yes,DSL,Yes,No,No,Yes,No,No internet service,Month-to-month,Yes,Mailed check,95.45,6301.58,No
2171-TELCO,Male,1,Yes,No,45,Yes,Yes,Fiber optic,Yes,No,No,No,Yes,No internet service,Two year,No,Credit card (automatic),63.39,2848.96,No
2172-TELCO,Female,0,Yes,No,4,Yes,No,Fiber optic,No,Yes,No internet service,No,No,No internet service,Two year,No,Credit card (automatic),117.82,468.36,No
2173-TELCO,Male,0,No,No,50,Yes,Yes,Fiber optic,Yes,Yes,No,No,No,Yes,Month-to-month,No,Mailed check,54.96,2743.58,Yes
2174-TELCO,Female,0,Yes,No,55,Yes,Yes,Fiber optic,No,No,No,No,Yes,Yes,Month-to-month,No,Mailed check,25.62,1402.23,No
2175-TELCO,Male,1,Yes,Yes,59,Yes,No,DSL,No internet service,Yes,No internet service,Yes,Yes,No,Month-to-month,No,Electronic check,89.63,5296.57,No
2176-TELCO,Male,0,No,No,42,Yes,No,Fiber optic,Yes,Yes,No internet service,No,Yes,No,Two year,Yes,Mailed check,48.27,2028.99,No
2177-TELCO,Female,0,Yes,No,2,Yes,No,Fiber optic,Yes,No,Yes,No,No internet service,Yes,Month-to-month,Yes,Credit card (automatic),89.19,183.04,Yes
2178-TELCO,Female,0,No,No,46,Yes,Yes,DSL,Yes,Yes,No,Yes,No,Yes,Two year,Yes,Mailed check,25.88,1189.98,No
2179-TELCO,Male,0,No,Yes,2,Yes,Yes,Fiber optic,No,No internet service,Yes,No internet service,No,No internet service,Two year,No,Mailed check,117.45,226.04,No
2180-TELCO,Female,0,Yes,No,50,Yes,No,DSL,No,No,No,No,No,Yes,Month-to-month,Yes,Electronic check,98.25,4911.9,No
2181-TELCO,Female,0,No,No,1,Yes,Yes,DSL,No,Yes,No internet service,No,No,No,One year,Yes,Bank transfer (automatic),87.42,78.27,No
2182-TELCO,Male,0,No,Yes,13,Yes,Yes,Fiber optic,No,No internet service,No internet service,Yes,No internet service,Yes,Two year,No,Credit card (automatic),82.84,1085.84,No
2183-TELCO,Male,1,Yes,No,70,No,No,Fiber optic,No,Yes,No internet service,Yes,No internet service,No,Two year,No,Electronic check,32.37,2262.76,No
2184-TELCO,Female,0,Yes,No,22,Yes,No,Fiber optic,No,No,No,No internet service,No,No internet service,Month-to-month,No,Electronic check,32.77,714.02,Yes
2185-TELCO,Male,0,No,Yes,17,Yes,No,Fiber optic,No internet service,No,Yes,No,Yes,Yes,Month-to-month,Yes,Mailed check,25.99,436.37,Yes
2186-TELCO,Male,0,No,No,59,Yes,Yes,DSL,No,No,Yes,No,No,No,Month-to-month,Yes,Bank transfer (automatic),95.01,5613.81,No
2187-TELCO,Male,0,No,No,70,Yes,Yes,Fiber optic,Yes,No,No,No,No,No internet service,Month-to-month,No,Mailed check,89.98,6292.74,Yes
2188-TELCO,Female,1,Yes,No,3,Yes,No,Fiber optic,Yes,No internet service,Yes,Yes,No,No,Month-to-month,No,Electronic check,105.21,308.29,Yes
2189-TELCO,Female,0,No,No,70,Yes,No,DSL,Yes,No,Yes,No internet service,No,No,Two year,Yes,Electronic check,83.59,5853.65,No
2190-TELCO,Male,0,Yes,No,49,Yes,Yes,No,No,No,No,Yes,Yes,No,Month-to-month,Yes,Electronic check,58.01,2834.37,No
2191-TELCO,Female,0,No,Yes,50,Yes,No phone service,DSL,No,No,Yes,Yes,Yes,No,Month-to-month,Yes,Credit card (automatic),108.76,5437.44,No
2192-TELCO,Male,0,No,Yes,35,Yes,No,No,Yes,Yes,Yes,No internet service,Yes,No internet service,One year,No,Mailed check,80.22,2811.27,No
2193-TELCO,Female,0,No,Yes,23,Yes,No,DSL,No,No,No internet service,Yes,No,Yes,Month-to-month,No,Bank transfer (automatic),22.98,521.35,No
2194-TELCO,Male,0,No,No,72,Yes,No,Fiber optic,No,Yes,Yes,No internet service,Yes,Yes,Month-to-month,No,Electronic check,108.52,7819.02,No
2195-TELCO,Male,0,No,No,7,No,Yes,No,Yes,Yes,No internet service,No,No internet service,No internet service,One year,No,Bank transfer (automatic),106.01,740.65,No
2196-TELCO,Female,0,No,Yes,50,Yes,No,Fiber optic,No,No,No internet service,No,Yes,Yes,Two year,No,Credit card (automatic),94.41,4724.73,No
2197-TELCO,Male,0,Yes,No,10,Yes,Yes,DSL,No,No,No,Yes,Yes,No internet service,Month-to-month,Yes,Electronic check,111.52,1110.27,No
2198-TELCO,Female,0,No,No,55,No,No,Fiber optic,Yes,Yes,No internet service,No,No internet service,No internet service,Month-to-month,No,Electronic check,58.32,3206.34,No
2199-TELCO,Female,1,No,Yes,19,No,No,DSL,No internet service,Yes,Yes,No,No,Yes,Month-to-month,Yes,Bank transfer (automatic),103.1,1958.43,Yes
2200-TELCO,Male,0,Yes,No,23,Yes,No,Fiber optic,Yes,Yes,No internet service,Yes,No,No,One year,No,Credit card (automatic),112.05,2573.06,No
2201-TELCO,Male,0,No,No,64,Yes,Yes,Fiber optic,No,Yes,No internet service,No internet service,Yes,Yes,One year,No,Bank transfer (automatic),97.74,6261.18,No
2202-TELCO,Female,0,Yes,No,33,Yes,No phone service,Fiber optic,No internet service,No,No internet service,No,Yes,Yes,Month-to-month,Yes,Mailed check,91.74,3020.97,No
2203-TELCO,Male,0,No,No,66,Yes,No,DSL,No,Yes,Yes,No internet service,No,No,Month-to-month,No,Bank transfer (automatic),54.06,3571.22,No
2204-TELCO,Male,0,No,No,9,Yes,Yes,Fiber optic,No,No,No internet service,No,No,No,Two year,Yes,Credit card (automatic),52.27,479.08,No
2205-TELCO,Male,1,Yes,No,29,Yes,No,DSL,No internet service,Yes,No internet service,Yes,No,Yes,Month-to-month,Yes,Bank transfer (automatic),108.54,3154.41,Yes
2206-TELCO,Male,0,No,No,18,Yes,No phone service,Fiber optic,Yes,Yes,No internet service,No internet service,No,No,Month-to-month,Yes,Mailed check,36.31,658.86,Yes
2207-TELCO,Male,1,Yes,No,71,Yes,No,Fiber optic,Yes,No internet service,Yes,No,Yes,No,One year,No,Mailed check,22.53,1592.49,No
2208-TELCO,Female,0,No,No,29,No,Yes,Fiber optic,No,No,Yes,No,No internet service,No,Month-to-month,Yes,Mailed check,82.62,2401.16,No
2209-TELCO,Female,0,Yes,Yes,61,Yes,Yes,Fiber optic,No internet service,Yes,No,No,No internet service,No internet service,Month-to-month,Yes,Bank transfer (automatic),52.16,3179.25,No
2210-TELCO,Male,1,Yes,No,5,Yes,No phone service,DSL,No,No internet service,No,No,No internet service,No internet service,Month-to-month,Yes,Credit card (automatic),91.59,450.02,Yes
2211-TELCO,Male,0,Yes,No,69,Yes,No,No,No internet service,Yes,Yes,Yes,No,No internet service,Month-to-month,Yes,Bank transfer (automatic),118.5,8180.46,No
2212-TELCO,Male,1,Yes,Yes,56,Yes,No,Fiber optic,Yes,No internet service,No internet service,No,No internet service,Yes,Month-to-month,Yes,Electronic check,40.04,2233.56,No
2213-TELCO,Female,0,No,No,52,Yes,Yes,DSL,No internet service,Yes,No,No,No,Yes,Month-to-month,Yes,Mailed check,50.39,2617.91,Yes
2214-TELCO,Male,1,No,Yes,15,Yes,No phone service,No,No internet service,No internet service,No,No internet service,No,Yes,Two year,Yes,Bank transfer (automatic),78.19,1180.05,No
2215-TELCO,Female,0,Yes,No,20,Yes,No phone service,No,No,Yes,No,Yes,No,No,One year,No,Credit card (automatic),85.06,1704.93,No
2216-TELCO,Female,0,Yes,Yes,16,Yes,Yes,DSL,No internet service,No internet service,No,Yes,No,No,Month-to-month,No,Electronic check,118.07,1889.47,Yes
2217-TELCO,Female,0,Yes,Yes,25,Yes,No phone service,Fiber optic,Yes,No,Yes,No,No,Yes,Two year,Yes,Electronic check,68.07,1709.4,No
2218-TELCO,Male,0,No,No,57,Yes,No,Fiber optic,No internet service,Yes,Yes,No,Yes,Yes,Two year,No,Bank transfer (automatic),40.27,2300.38,No
2219-TELCO,Female,0,No,No,21,Yes,Yes,DSL,No internet service,No internet service,No,Yes,Yes,Yes,Two year,Yes,Electronic check,106.99,2246.19,No
2220-TELCO,Male,0,Yes,Yes,5,Yes,Yes,DSL,Yes,No,No,Yes,No internet service,No,One year,No,Bank transfer (automatic),89.61,452.99,Yes
2221-TELCO,Female,0,No,No,9,Yes,No,Fiber optic,No,No,No,No,Yes,No internet service,Two year,Yes,Credit card (automatic),80.55,732.61,No
2222-TELCO,Male,0,Yes,Yes,11,Yes,No,DSL,No,No,Yes,Yes,Yes,No,One year,No,Bank transfer (automatic),105.17,1149.74,Yes
2223-TELCO,Female,0,No,No,65,Yes,No,No,Yes,No,Yes,No,Yes,No,Month-to-month,No,Mailed check,25.92,1678.8,No
2224-TELCO,Male,0,No,No,63,Yes,No,DSL,Yes,No,No,No,Yes,Yes,Two year,Yes,Credit card (automatic),63.96,4034.0,No
2225-TELCO,Female,0,No,Yes,26,Yes,Yes,No,Yes,No internet service,No,No internet service,No,No,One year,No,Bank transfer (automatic),107.61,2791.27,Yes
2226-TELCO,Male,0,No,No,19,Yes,Yes,No,No,No,No,No,No,No,One year,No,Bank transfer (automatic),26.57,498.16,No
2227-TELCO,Male,0,No,Yes,16,Yes,Yes,Fiber optic,No,Yes,No,No,No internet service,Yes,Two year,Yes,Electronic check,75.87,1217.04,No
2228-TELCO,Male,0,No,Yes,56,Yes,No,DSL,No internet service,Yes,No,No internet service,Yes,No,Month-to-month,Yes,Bank transfer (automatic),49.47,2771.03,Yes
2229-TELCO,Male,0,No,No,68,Yes,No,Fiber optic,No,No,Yes,No internet service,Yes,Yes,Month-to-month,No,Electronic check,75.13,5113.98,No
2230-TELCO,Female,1,Yes,No,30,Yes,No,Fiber optic,No,No internet service,Yes,Yes,No,No internet service,One year,No,Electronic check,27.9,833.38,No
2231-TELCO,Female,0,Yes,No,7,Yes,No,Fiber optic,Yes,No,No,Yes,Yes,Yes,Month-to-month,Yes,Electronic check,72.64,510.65,Yes
2232-TELCO,Male,0,Yes,No,12,Yes,No phone service,DSL,No,Yes,No,No internet service,No internet service,No internet service,Month-to-month,No,Electronic check,69.69,844.21,No
2233-TELCO,Female,0,No,No,24,No,No,No,No internet service,Yes,Yes,No,No,No,Month-to-month,No,Mailed check,24.76,602.31,No
2234-TELCO,Male,0,Yes,No,22,Yes,No,DSL,No,No,Yes,No,No,Yes,Two year,No,Credit card (automatic),41.76,921.78,No
2235-TELCO,Male,0,Yes,No,47,Yes,No,Fiber optic,No,Yes,Yes,No internet service,Yes,Yes,Month-to-month,Yes,Electronic check,31.74,1482.25,No
2236-TELCO,Female,0,Yes,No,30,No,No,No,No,No,No internet service,No,No internet service,Yes,Month-to-month,Yes,Bank transfer (automatic),66.02,1981.17,No
2237-TELCO,Male,0,Yes,No,60,Yes,No,Fiber optic,No,No,No,No,No,No internet service,Month-to-month,No,Mailed check,46.74,2795.76,No
2238-TELCO,Male,0,No,No,39,Yes,No,DSL,No,Yes,No,Yes,No,Yes,One year,No,Electronic check,70.33,2752.67,No
2239-TELCO,Female,0,No,No,20,Yes,No,DSL,Yes,No,No internet service,No internet service,No,No internet service,Month-to-month,Yes,Electronic check,74.9,1507.94,No
2240-TELCO,Male,0,No,No,26,Yes,No,Fiber optic,No,No,Yes,No,No internet service,No internet service,One year,Yes,Electronic check,19.01,486.58,No
2241-TELCO,Male,1,No,No,49,Yes,Yes,DSL,No,No,No,Yes,Yes,Yes,Month-to-month,Yes,Bank transfer (automatic),105.66,5176.46,No
2242-TELCO,Male,0,No,No,69,No,No,DSL,No internet service,No,No,No,Yes,Yes,Month-to-month,Yes,Electronic check,33.06,2288.36,No
2243-TELCO,Male,0,No,No,42,Yes,Yes,DSL,No,No internet service,No internet service,No,Yes,No,Month-to-month,No,Electronic check,102.89,4313.7,No
2244-TELCO,Female,1,Yes,No,6,Yes,Yes,Fiber optic,Yes,No,No internet service,Yes,No,No internet service,Month-to-month,No,Mailed check,72.9,438.45,No
2245-TELCO,Female,0,No,No,53,Yes,No,DSL,Yes,Yes,No,Yes,Yes,No internet service,One year,No,Mailed check,41.23,2179.18,No
2246-TELCO,Female,0,Yes,No,34,Yes,No,No,No internet service,No internet service,No,No,No,No,Two year,Yes,Bank transfer (automatic),96.69,3287.17,No
2247-TELCO,Male,0,Yes,No,69,Yes,No,Fiber optic,No internet service,No,No internet service,No,No,No,Month-to-month,No,Bank transfer (automatic),83.12,5729.33,Yes
2248-TELCO,Male,1,No,No,10,Yes,No,Fiber optic,Yes,No internet service,No internet service,No internet service,No,No,One year,Yes,Mailed check,83.92,839.81,Yes
2249-TELCO,Female,1,Yes,No,28,Yes,No phone service,DSL,No internet service,No internet service,No internet service,Yes,No,No internet service,Month-to-month,Yes,Bank transfer (automatic),49.49,1383.95,No
2250-TELCO,Male,0,Yes,No,3,Yes,Yes,No,No internet service,No,Yes,No internet service,No,No internet service,One year,No,Electronic check,58.72,174.04,No
2251-TELCO,Male,0,Yes,No,48,Yes,No,DSL,No,No internet service,No,No,No internet service,Yes,Month-to-month,Yes,Electronic check,72.12,3454.97,No
2252-TELCO,Male,0,Yes,Yes,66,Yes,Yes,DSL,No,No,No internet service,Yes,Yes,No internet service,Two year,No,Credit card (automatic),55.45,3662.9,No
2253-TELCO,Male,0,Yes,Yes,35,Yes,Yes,DSL,No,Yes,Yes,No,No,No internet service,Month-to-month,No,Mailed check,54.8,1909.41,Yes
2254-TELCO,Female,0,Yes,No,52,Yes,Yes,DSL,No,Yes,No,No internet service,No,No,Month-to-month,Yes,Electronic check,103.07,5368.32,No
2255-TELCO,Female,1,No,No,62,Yes,No,Fiber optic,Yes,No,Yes,No,Yes,No,Month-to-month,Yes,Credit card (automatic),115.05,7124.28,No
2256-TELCO,Female,0,No,No,52,Yes,No,No,No,No,No,No internet service,Yes,No internet service,Two year,No,Bank transfer (automatic),66.58,3460.39,No
2257-TELCO,Male,0,Yes,Yes,47,Yes,No,DSL,No internet service,No internet service,No internet service,Yes,No internet service,No internet service,Two year,Yes,Bank transfer (automatic),105.14,4937.32,No
2258-TELCO,Female,0,No,No,54,Yes,No,Fiber optic,No internet service,No,No,No internet service,No,No,Month-to-month,No,Electronic check,98.61,5325.97,Yes
2259-TELCO,Female,0,Yes,No,28,Yes,Yes,Fiber optic,No,No,No,No,Yes,No,Two year,No,Bank transfer (automatic),67.27,1874.06,No
2260-TELCO,Male,0,Yes,No,23,No,No,No,No,No internet service,No,No internet service,No internet service,Yes,Month-to-month,No,Electronic check,84.79,1948.95,Yes
2261-TELCO,Male,0,Yes,No,35,Yes,No,DSL,No,No,No,No internet service,No,Yes,Month-to-month,Yes,Electronic check,24.82,873.77,No
2262-TELCO,Female,1,No,No,32,Yes,Yes,DSL,No,Yes,No,No,No,No internet service,One year,No,Electronic check,82.86,2657.66,No
2263-TELCO,Female,1,Yes,No,2,Yes,No phone service,DSL,No,No internet service,No,No,No,Yes,Month-to-month,Yes,Bank transfer (automatic),42.75,94.19,No
2264-TELCO,Female,0,No,Yes,16,Yes,Yes,Fiber optic,No,No,No internet service,Yes,Yes,No internet service,Month-to-month,Yes,Credit card (automatic),112.48,1791.85,Yes
2265-TELCO,Female,1,No,No,16,No,No,Fiber optic,Yes,No,Yes,No,Yes,No,Month-to-month,Yes,Electronic check,85.36,1366.84,Yes
2266-TELCO,Male,0,No,No,51,Yes,No,Fiber optic,Yes,No,No,No,Yes,Yes,Two year,No,Electronic check,80.61,4109.14,No
2267-TELCO,Female,0,No,No,67,Yes,Yes,DSL,No,Yes,Yes,No,No,Yes,One year,No,Electronic check,109.24,7322.03,No
2268-TELCO,Female,0,No,Yes,54,Yes,Yes,Fiber optic,No,Yes,No,No,No internet service,Yes,Two year,Yes,Mailed check,93.32,5045.92,No
2269-TELCO,Male,0,Yes,No,20,Yes,No,DSL,No,Yes,No internet service,No internet service,No,No internet service,Month-to-month,No,Electronic check,60.32,1208.39,Yes
2270-TELCO,Female,1,Yes,No,33,Yes,No,Fiber optic,No,Yes,Yes,Yes,Yes,Yes,One year,Yes,Credit card (automatic),97.4,3208.78,No
2271-TELCO,Male,0,No,No,8,No,No,DSL,No internet service,No internet service,No,No,No,No,Two year,No,Bank transfer (automatic),111.8,890.83,No
2272-TELCO,Male,0,No,No,24,Yes,Yes,Fiber optic,No,No,No internet service,No,No internet service,No,Month-to-month,No,Bank transfer (automatic),113.08,2721.77,No
2273-TELCO,Male,0,Yes,Yes,53,Yes,Yes,Fiber optic,No internet service,Yes,No,No internet service,Yes,No,Month-to-month,Yes,Bank transfer (automatic),43.35,2300.98,Yes
2274-TELCO,Female,0,Yes,No,64,Yes,No,Fiber optic,Yes,No,No,No internet service,No internet service,Yes,One year,No,Electronic check,73.4,4699.52,No
2275-TELCO,Female,0,Yes,No,58,Yes,No phone service,No,No internet service,No,Yes,No,Yes,Yes,One year,No,Bank transfer (automatic),98.12,5683.74,No
2276-TELCO,Male,0,Yes,No,37,Yes,Yes,Fiber optic,Yes,Yes,Yes,No,Yes,No internet service,Month-to-month,Yes,Mailed check,116.73,4315.84,No
2277-TELCO,Female,0,Yes,No,12,Yes,No,DSL,No,Yes,No,No internet service,No,No,Month-to-month,Yes,Mailed check,27.19,322.74,Yes
2278-TELCO,Female,0,No,No,4,Yes,Yes,DSL,No,No,No internet service,Yes,Yes,Yes,One year,Yes,Credit card (automatic),95.76,373.56,Yes
2279-TELCO,Male,0,No,No,31,Yes,Yes,No,No,No,No,No,No internet service,No,Month-to-month,Yes,Credit card (automatic),63.61,1980.5,Yes
2280-TELCO,Male,0,No,No,38,Yes,No,No,No internet service,No internet service,No internet service,Yes,No internet service,No,Month-to-month,Yes,Bank transfer (automatic),102.92,3907.59,Yes
2281-TELCO,Female,0,No,Yes,37,No,Yes,No,Yes,No internet service,No,No internet service,No,Yes,Two year,No,Bank transfer (automatic),93.73,3460.06,Yes
2282-TELCO,Male,0,No,No,14,Yes,No,Fiber optic,No,No,No internet service,No,Yes,No internet service,Two year,Yes,Bank transfer (automatic),63.56,889.72,No
2283-TELCO,Female,0,Yes,Yes,24,Yes,Yes,DSL,No internet service,No,No internet service,No,Yes,No,Month-to-month,Yes,Bank transfer (automatic),111.36,2671.61,Yes
2284-TELCO,Female,0,Yes,Yes,10,Yes,No phone service,No,Yes,No,Yes,No,No,No,Month-to-month,Yes,Electronic check,55.18,558.8,Yes
2285-TELCO,Female,0,No,No,38,Yes,No,DSL,No internet service,Yes,No,No internet service,Yes,Yes,Month-to-month,Yes,Bank transfer (automatic),57.93,2207.34,Yes
2286-TELCO,Female,1,No,No,43,Yes,No,Fiber optic,No,Yes,Yes,No internet service,No,No,Month-to-month,Yes,Electronic check,94.28,4059.67,Yes
2287-TELCO,Male,0,Yes,No,37,Yes,Yes,Fiber optic,No internet service,Yes,No,Yes,Yes,Yes,Month-to-month,No,Electronic check,44.84,1667.73,No
2288-TELCO,Male,0,No,Yes,42,Yes,No,Fiber optic,No,Yes,No,No,No,Yes,Month-to-month,Yes,Credit card (automatic),96.07,4032.43,No
2289-TELCO,Male,1,Yes,No,32,Yes,No,Fiber optic,No,Yes,No,No,Yes,Yes,Two year,No,Mailed check,98.47,3152.83,Yes
2290-TELCO,Male,0,Yes,No,14,Yes,No,Fiber optic,No,No,No,Yes,Yes,No,Month-to-month,Yes,Electronic check,90.99,1277.25,Yes
2291-TELCO,Female,0,Yes,Yes,4,Yes,No,Fiber optic,No,Yes,Yes,No,No,No,Month-to-month,Yes,Electronic check,55.99,223.4,Yes
2292-TELCO,Female,0,Yes,No,24,Yes,Yes,Fiber optic,Yes,Yes,Yes,No internet service,No,Yes,One year,Yes,Bank transfer (automatic),65.47,1566.16,No
2293-TELCO,Male,1,No,No,10,Yes,No phone service,DSL,No,No,Yes,No,No,No,One year,Yes,Credit card (automatic),73.99,747.88,Yes
2294-TELCO,Female,1,No,Yes,16,Yes,Yes,Fiber optic,Yes,No,Yes,Yes,Yes,Yes,Month-to-month,No,Credit card (automatic),31.13,506.09,Yes
2295-TELCO,Female,0,Yes,No,39,No,Yes,No,No,Yes,No,No internet service,Yes,No internet service,Month-to-month,Yes,Mailed check,55.45,2167.9,No
2296-TELCO,Female,0,No,No,18,Yes,Yes,Fiber optic,Yes,No,No,No internet service,Yes,No,Month-to-month,Yes,Electronic check,34.67,620.98,Yes
2297-TELCO,Male,0,No,No,25,Yes,Yes,Fiber optic,No internet service,No,Yes,No,No,No,Month-to-month,Yes,Electronic check,46.04,1141.06,Yes
2298-TELCO,Male,1,No,Yes,7,Yes,No,Fiber optic,No,No,No internet service,No,Yes,Yes,Month-to-month,No,Bank transfer (automatic),108.79,761.35,Yes
2299-TELCO,Male,1,No,No,56,Yes,No,DSL,No,No internet service,No,No,No internet service,No internet service,Month-to-month,No,Credit card (automatic),23.91,1339.45,No
2300-TELCO,Female,0,Yes,No,47,Yes,Yes,Fiber optic,No internet service,Yes,No,Yes,No internet service,No internet service,Month-to-month,No,Mailed check,73.92,3474.0,No
2301-TELCO,Male,0,No,No,3,Yes,Yes,DSL,No,No,No internet service,No,No internet service,No,Month-to-month,Yes,Bank transfer (automatic),61.98,177.87,Yes
2302-TELCO,Male,0,Yes,Yes,1,Yes,No,Fiber optic,Yes,Yes,No internet service,Yes,No internet service,Yes,Month-to-month,Yes,Bank transfer (automatic),85.49,91.25,Yes
2303-TELCO,Male,0,No,No,33,Yes,Yes,Fiber optic,No,Yes,Yes,No,No,No,One year,No,Credit card (automatic),115.0,3795.64,No
2304-TELCO,Male,0,Yes,No,71,Yes,Yes,DSL,No internet service,Yes,No,No,No internet service,Yes,Two year,No,Bank transfer (automatic),64.32,4561.16,No
2305-TELCO,Male,0,No,Yes,59,Yes,Yes,Fiber optic,Yes,No,No internet service,No,No,No,One year,Yes,Credit card (automatic),69.04,4082.49,Yes
2306-TELCO,Male,0,No,No,72,Yes,Yes,No,No,No,Yes,Yes,Yes,No internet service,Month-to-month,No,Electronic check,30.27,2175.48,Yes
2307-TELCO,Female,0,Yes,No,32,Yes,Yes,Fiber optic,No,No internet service,Yes,No internet service,No,No,Month-to-month,No,Bank transfer (automatic),109.83,3512.2,No
2308-TELCO,Female,1,Yes,Yes,17,Yes,Yes,No,No,No,No,No internet service,No,Yes,One year,Yes,Mailed check,57.31,972.3,Yes
2309-TELCO,Male,0,No,No,17,Yes,No phone service,No,No internet service,No internet service,No,Yes,Yes,No,Month-to-month,Yes,Credit card (automatic),22.49,380.36,No
2310-TELCO,Male,0,No,No,21,Yes,Yes,No,No,Yes,Yes,No,No internet service,No internet service,Month-to-month,Yes,Electronic check,71.5,1504.35,Yes
2311-TELCO,Female,0,Yes,Yes,55,Yes,No,No,Yes,Yes,Yes,No,No internet service,Yes,One year,No,Credit card (automatic),103.14,5668.38,No
2312-TELCO,Female,1,No,No,6,No,No,Fiber optic,No internet service,No,No,No,No,No internet service,Month-to-month,No,Credit card (automatic),77.64,473.91,Yes
2313-TELCO,Male,0,Yes,No,49,Yes,Yes,Fiber optic,No,No internet service,No internet service,Yes,No,Yes,Month-to-month,Yes,Bank transfer (automatic),78.41,3843.55,No
2314-TELCO,Male,0,Yes,Yes,26,Yes,Yes,No,No,Yes,No,No,No,No,Two year,No,Credit card (automatic),20.41,538.26,No
2315-TELCO,Male,0,Yes,No,32,Yes,Yes,Fiber optic,No,No internet service,No internet service,Yes,No,No,Month-to-month,Yes,Credit card (automatic),115.79,3713.63,No
2316-TELCO,Male,0,Yes,No,72,Yes,No,DSL,No internet service,Yes,Yes,Yes,Yes,No,One year,Yes,Electronic check,59.04,4256.25,No
2317-TELCO,Female,0,No,No,44,Yes,No,DSL,Yes,No internet service,Yes,No,No,No,Two year,No,Electronic check,32.51,1425.31,No
2318-TELCO,Male,0,No,No,59,Yes,No phone service,Fiber optic,No,No,No,No,Yes,No,One year,Yes,Credit card (automatic),32.35,1905.24,No
2319-TELCO,Male,1,Yes,No,29,Yes,No,Fiber optic,Yes,No,Yes,Yes,Yes,No,Month-to-month,No,Electronic check,85.4,2471.18,Yes
2320-TELCO,Male,0,No,No,17,Yes,Yes,DSL,No internet service,No internet service,Yes,Yes,No internet service,Yes,Month-to-month,No,Mailed check,61.62,1046.68,Yes
2321-TELCO,Male,1,Yes,No,18,No,No,No,No,No internet service,Yes,No,Yes,No,Two year,Yes,Electronic check,23.64,425.74,No
2322-TELCO,Female,0,No,No,40,Yes,No,Fiber optic,No,No internet service,Yes,No,No internet service,No internet service,Month-to-month,No,Mailed check,26.91,1073.17,No
2323-TELCO,Female,0,Yes,No,63,Yes,No,Fiber optic,No,No,No,Yes,No internet service,Yes,Month-to-month,No,Credit card (automatic),61.09,3856.12,No
2324-TELCO,Female,0,No,No,45,Yes,Yes,DSL,No internet service,No internet service,No internet service,No,Yes,Yes,Two year,Yes,Electronic check,98.21,4417.36,No
2325-TELCO,Male,0,No,No,3,Yes,No phone service,DSL,No internet service,No,Yes,No internet service,No internet service,No,Month-to-month,Yes,Bank transfer (automatic),32.57,101.8,Yes
2326-TELCO,Male,0,Yes,No,3,No,Yes,DSL,No internet service,No internet service,No,No,No,Yes,One year,No,Electronic check,29.69,95.75,Yes
2327-TELCO,Female,0,No,Yes,38,Yes,No,Fiber optic,No internet service,No,No internet service,No,Yes,Yes,One year,No,Electronic check,65.67,2488.68,No
2328-TELCO,Male,0,Yes,No,40,Yes,No phone service,Fiber optic,No,No internet service,Yes,No,No,No,Month-to-month,Yes,Bank transfer (automatic),70.96,2842.7,No
2329-TELCO,Male,0,Yes,No,68,Yes,Yes,Fiber optic,No,No,No internet service,No,No internet service,No,Month-to-month,No,Electronic check,69.84,4742.31,No
2330-TELCO,Female,0,Yes,No,54,Yes,No,DSL,No internet service,No,No internet service,No internet service,No,No internet service,Month-to-month,No,Bank transfer (automatic),68.81,3721.02,No
2331-TELCO,Female,1,Yes,No,20,Yes,Yes,No,No,No,Yes,Yes,No,No,Two year,Yes,Credit card (automatic),107.68,2154.95,No
2332-TELCO,Female,0,Yes,Yes,15,Yes,Yes,DSL,No internet service,No,No internet service,No internet service,Yes,No internet service,One year,Yes,Credit card (automatic),57.69,865.63,No
2333-TELCO,Female,0,Yes,No,5,Yes,Yes,DSL,Yes,Yes,No internet service,Yes,No,No,Two year,Yes,Credit card (automatic),21.62,108.7,Yes
2334-TELCO,Male,0,Yes,No,39,No,Yes,No,No,No,Yes,Yes,Yes,No,Month-to-month,Yes,Electronic check,19.25,748.78,No
2335-TELCO,Male,0,Yes,No,40,Yes,Yes,DSL,No,No,No internet service,No,Yes,No,One year,Yes,Electronic check,58.78,2342.19,No
2336-TELCO,Female,0,No,Yes,7,Yes,Yes,Fiber optic,No internet service,No internet service,No,Yes,No,No internet service,Month-to-month,Yes,Credit card (automatic),108.05,757.4,Yes
2337-TELCO,Male,1,No,No,72,Yes,No,DSL,Yes,No,No internet service,No,No,No,Month-to-month,No,Bank transfer (automatic),89.77,6453.89,No
2338-TELCO,Female,0,Yes,No,33,Yes,No,DSL,No internet service,No,No,No,Yes,No,Month-to-month,Yes,Electronic check,75.56,2501.73,No
2339-TELCO,Female,0,Yes,Yes,37,Yes,Yes,Fiber optic,No,Yes,No,No,No,Yes,Month-to-month,Yes,Mailed check,88.78,3279.84,No
2340-TELCO,Male,0,Yes,No,32,No,Yes,DSL,No,No internet service,No,Yes,Yes,No,One year,Yes,Bank transfer (automatic),35.07,1125.22,No
2341-TELCO,Female,0,No,No,43,Yes,No,DSL,No,Yes,No,No,No,No internet service,Month-to-month,Yes,Mailed check,48.32,2078.97,No
2342-TELCO,Male,0,No,No,63,Yes,No,Fiber optic,No,No internet service,No,Yes,No,No,Month-to-month,Yes,Mailed check,97.73,6159.32,No
2343-TELCO,Male,0,Yes,No,36,Yes,No,DSL,No,No,No internet service,No internet service,No,No internet service,Two year,Yes,Electronic check,19.33,692.37,No
2344-TELCO,Male,0,Yes,No,49,No,Yes,No,No internet service,Yes,No,No internet service,No,No internet service,Month-to-month,No,Mailed check,48.87,2393.62,Yes
2345-TELCO,Male,1,Yes,No,25,Yes,No,No,No,No internet service,No internet service,No internet service,Yes,No,Month-to-month,No,Credit card (automatic),113.85,2851.23,No
2346-TELCO,Female,0,Yes,Yes,66,Yes,Yes,Fiber optic,No,Yes,No,No internet service,No,Yes,Month-to-month,No,Mailed check,79.65,5254.72,No
2347-TELCO,Male,0,No,Yes,9,Yes,Yes,DSL,No,Yes,No internet service,No,No internet service,Yes,Month-to-month,Yes,Bank transfer (automatic),91.76,821.54,Yes
2348-TELCO,Female,0,No,Yes,18,Yes,Yes,Fiber optic,No internet service,Yes,Yes,No internet service,No internet service,No,Month-to-month,Yes,Mailed check,58.02,1034.98,Yes
2349-TELCO,Female,0,Yes,Yes,22,Yes,No phone service,Fiber optic,No,No internet service,Yes,No,No,Yes,Month-to-month,Yes,Credit card (automatic),28.64,629.6,No
2350-TELCO,Female,0,No,No,15,Yes,Yes,DSL,No,No,No,No,No internet service,Yes,Month-to-month,No,Bank transfer (automatic),86.82,1306.19,Yes
2351-TELCO,Female,0,Yes,No,7,No,Yes,DSL,No,No internet service,No,No,No,Yes,One year,Yes,Credit card (automatic),60.89,422.01,No
2352-TELCO,Male,1,Yes,Yes,13,No,No phone service,No,No,Yes,No internet service,No,Yes,No,Two year,No,Bank transfer (automatic),32.71,432.54,No
2353-TELCO,Male,1,No,Yes,36,Yes,No,Fiber optic,Yes,Yes,Yes,No,No,No internet service,One year,Yes,Credit card (automatic),108.35,3892.92,No
2354-TELCO,Female,1,No,No,16,Yes,Yes,Fiber optic,No internet service,No,No,No,No internet service,Yes,Two year,Yes,Electronic check,43.55,694.27,No
2355-TELCO,Female,0,Yes,Yes,41,Yes,Yes,DSL,No,No,Yes,No,Yes,No,One year,No,Mailed check,53.27,2188.86,No
2356-TELCO,Male,0,Yes,No,21,Yes,No,Fiber optic,No,No,No internet service,No,Yes,Yes,Month-to-month,Yes,Bank transfer (automatic),39.27,834.06,No
2357-TELCO,Female,0,No,Yes,28,Yes,No,DSL,No,No,Yes,Yes,No internet service,Yes,Month-to-month,Yes,Mailed check,57.64,1611.48,Yes
2358-TELCO,Male,0,No,No,17,Yes,No,No,No internet service,No,No,No,No,No,Month-to-month,No,Credit card (automatic),79.68,1359.39,No
2359-TELCO,Female,0,Yes,No,65,Yes,Yes,DSL,Yes,Yes,No,No,Yes,No,Month-to-month,Yes,Electronic check,39.06,2542.74,No
2360-TELCO,Male,0,Yes,No,13,Yes,Yes,No,Yes,No,Yes,No,No,No,One year,Yes,Mailed check,54.33,715.03,No
2361-TELCO,Female,0,Yes,No,36,Yes,No,Fiber optic,No,Yes,No,Yes,Yes,No internet service,One year,No,Credit card (automatic),19.6,705.62,No
2362-TELCO,Female,0,No,No,58,Yes,No,Fiber optic,No,No internet service,No internet service,No,Yes,Yes,Month-to-month,Yes,Bank transfer (automatic),34.28,1990.04,No
2363-TELCO,Male,0,No,Yes,20,Yes,Yes,No,No,No internet service,Yes,Yes,Yes,No internet service,One year,No,Credit card (automatic),109.39,2181.04,Yes
2364-TELCO,Female,0,Yes,No,52,Yes,Yes,DSL,No,No internet service,No internet service,Yes,Yes,No,Two year,No,Mailed check,82.1,4264.53,No
2365-TELCO,Female,0,No,No,6,Yes,Yes,DSL,Yes,Yes,Yes,No,No,No,Month-to-month,Yes,Mailed check,68.92,416.18,No
2366-TELCO,Male,0,No,No,23,No,Yes,No,No internet service,Yes,Yes,No,Yes,Yes,Month-to-month,Yes,Mailed check,69.99,1610.97,No
2367-TELCO,Female,0,Yes,No,42,Yes,No,Fiber optic,No,No,No,Yes,No internet service,No internet service,Month-to-month,Yes,Electronic check,82.78,3475.67,Yes
2368-TELCO,Male,0,Yes,No,24,Yes,Yes,Fiber optic,Yes,No,No,Yes,No,Yes,Month-to-month,Yes,Bank transfer (automatic),39.42,950.09,No
2369-TELCO,Male,0,No,No,5,Yes,No phone service,DSL,No,No internet service,No,No,No,No,Month-to-month,No,Credit card (automatic),21.67,103.25,Yes
2370-TELCO,Female,0,No,No,32,Yes,Yes,Fiber optic,No internet service,No internet service,Yes,No,Yes,No internet service,Month-to-month,Yes,Electronic check,59.47,1907.02,No
2371-TELCO,Female,0,No,No,46,Yes,Yes,DSL,No,Yes,No,Yes,No internet service,No,Two year,Yes,Bank transfer (automatic),109.62,5036.28,No
2372-TELCO,Female,0,No,Yes,17,Yes,Yes,Fiber optic,No internet service,No internet service,Yes,Yes,No,No,Two year,No,Bank transfer (automatic),69.57,1182.58,No
2373-TELCO,Female,0,Yes,No,27,Yes,Yes,DSL,No,Yes,No internet service,Yes,No,Yes,One year,Yes,Electronic check,106.96,2880.19,No
2374-TELCO,Female,0,Yes,No,68,Yes,No phone service,Fiber optic,No internet service,No internet service,No,No internet service,Yes,No,One year,Yes,Credit card (automatic),30.91,2102.22,No
2375-TELCO,Female,0,No,Yes,23,Yes,No,DSL,No,No,No,No,Yes,No,Two year,No,Mailed check,45.74,1058.45,No
2376-TELCO,Female,0,Yes,Yes,34,Yes,No,Fiber optic,Yes,No,No internet service,No internet service,No internet service,No,Two year,No,Credit card (automatic),82.59,2807.73,No
2377-TELCO,Male,1,No,Yes,21,Yes,Yes,DSL,No,No,No,No,No,No,One year,No,Electronic check,20.61,429.37,No
2378-TELCO,Female,0,No,No,22,No,Yes,Fiber optic,No,No internet service,No,No internet service,No internet service,Yes,Month-to-month,Yes,Bank transfer (automatic),33.35,726.46,Yes
2379-TELCO,Male,0,No,No,65,Yes,Yes,Fiber optic,Yes,No,No internet service,No,No internet service,No,Month-to-month,Yes,Electronic check,29.34,1904.28,No
2380-TELCO,Female,0,Yes,Yes,32,Yes,Yes,DSL,No internet service,No internet service,Yes,No,Yes,No,Month-to-month,Yes,Electronic check,70.23,2254.5,Yes
2381-TELCO,Female,0,No,No,62,Yes,No,No,No,Yes,No,No,No internet service,No,One year,No,Electronic check,106.84,6621.9,No
2382-TELCO,Male,0,No,No,28,Yes,No phone service,Fiber optic,Yes,No internet service,Yes,Yes,No internet service,Yes,Month-to-month,No,Bank transfer (automatic),18.57,513.66,Yes
2383-TELCO,Female,0,No,No,7,Yes,No,Fiber optic,No internet service,No internet service,Yes,Yes,No internet service,No internet service,Month-to-month,No,Credit card (automatic),23.87,174.86,No
2384-TELCO,Female,1,No,Yes,54,Yes,Yes,DSL,No,No,Yes,Yes,No,No,Month-to-month,No,Credit card (automatic),84.96,4596.4,No
2385-TELCO,Male,0,Yes,No,70,No,Yes,Fiber optic,No,No internet service,No internet service,No,Yes,Yes,Month-to-month,No,Mailed check,55.28,3878.68,Yes
2386-TELCO,Female,0,Yes,No,14,Yes,No,DSL,No internet service,Yes,No,No,Yes,No,Two year,Yes,Bank transfer (automatic),108.03,1512.79,No
2387-TELCO,Female,0,Yes,No,55,Yes,Yes,No,No,No internet service,Yes,No,Yes,Yes,Month-to-month,No,Mailed check,72.31,3978.29,No
2388-TELCO,Female,1,Yes,No,58,Yes,No,DSL,No,Yes,Yes,No internet service,No internet service,Yes,One year,No,Electronic check,24.24,1401.99,No
2389-TELCO,Male,0,No,No,44,Yes,No,DSL,Yes,No,No,No internet service,No internet service,No,Month-to-month,No,Bank transfer (automatic),18.95,830.54,No
2390-TELCO,Female,0,No,No,46,No,No,DSL,No,No,No,No internet service,No,Yes,Two year,No,Mailed check,62.38,2869.78,No
2391-TELCO,Female,0,No,Yes,14,Yes,No,No,No,No,No,No,No,No,Two year,No,Mailed check,58.16,807.48,Yes
2392-TELCO,Female,0,No,Yes,44,Yes,Yes,Fiber optic,No,No,No,No,No,No,Month-to-month,No,Electronic check,66.63,2940.97,Yes
2393-TELCO,Female,0,Yes,No,41,Yes,No,DSL,No,Yes,No,No,No,No,One year,Yes,Electronic check,61.43,2522.33,No
2394-TELCO,Male,0,No,Yes,2,Yes,No,No,No,No internet service,No internet service,No,No,Yes,Two year,No,Mailed check,78.74,148.41,No
2395-TELCO,Male,0,Yes,Yes,5,Yes,Yes,DSL,No,Yes,No,No,Yes,No,Two year,Yes,Mailed check,108.78,539.07,No
2396-TELCO,Female,0,Yes,No,12,Yes,Yes,Fiber optic,No,No,No internet service,No,No,No,Month-to-month,Yes,Mailed check,94.23,1126.76,Yes
2397-TELCO,Female,1,No,Yes,47,Yes,Yes,Fiber optic,No,No internet service,Yes,Yes,Yes,No internet service,One year,Yes,Mailed check,71.43,3347.42,No
2398-TELCO,Male,0,No,No,35,No,No,No,Yes,No internet service,Yes,No,Yes,No,Month-to-month,Yes,Bank transfer (automatic),71.26,2503.79,No
2399-TELCO,Male,1,No,No,19,Yes,No,Fiber optic,No,No,Yes,No,No,No internet service,Month-to-month,Yes,Electronic check,117.03,2219.16,Yes
2400-TELCO,Female,0,Yes,No,63,Yes,No phone service,Fiber optic,Yes,No,Yes,No,No,No internet service,One year,No,Credit card (automatic),112.9,7103.73,Yes
2401-TELCO,Male,0,No,Yes,8,Yes,No phone service,Fiber optic,Yes,No,No internet service,Yes,No,No,Two year,No,Mailed check,34.05,279.92,No
2402-TELCO,Female,0,Yes,Yes,23,Yes,Yes,Fiber optic,Yes,No,No,Yes,No,Yes,One year,Yes,Mailed check,82.2,1882.81,No
2403-TELCO,Male,0,Yes,Yes,13,Yes,No phone service,DSL,Yes,No,No,No,Yes,No internet service,Month-to-month,Yes,Electronic check,49.59,643.79,Yes
2404-TELCO,Male,0,No,Yes,23,Yes,No,Fiber optic,No,No,No,Yes,No internet service,No internet service,One year,No,Mailed check,38.29,877.96,No
2405-TELCO,Male,0,No,Yes,31,Yes,Yes,Fiber optic,No,No,No,No,No,No internet service,Two year,Yes,Bank transfer (automatic),112.95,3493.01,No
2406-TELCO,Male,0,No,No,30,Yes,Yes,Fiber optic,Yes,No,Yes,No internet service,No internet service,No internet service,Two year,No,Credit card (automatic),26.89,797.35,No
2407-TELCO,Female,0,No,No,42,Yes,No,DSL,Yes,No,No,No,No internet service,Yes,Two year,No,Bank transfer (automatic),20.99,876.96,No
2408-TELCO,Male,0,No,No,2,Yes,No,DSL,Yes,No,No,No,Yes,Yes,Month-to-month,Yes,Bank transfer (automatic),65.54,128.27,No
2409-TELCO,Male,0,No,No,11,Yes,No,Fiber optic,No,Yes,No internet service,No,No internet service,No,One year,Yes,Mailed check,72.12,798.25,No
2410-TELCO,Female,0,No,No,25,Yes,No,Fiber optic,No internet service,No internet service,No,No,No internet service,No,Two year,No,Mailed check,29.02,729.99,No
2411-TELCO,Male,0,No,No,29,Yes,No,No,Yes,No internet service,No internet service,No,Yes,No internet service,Month-to-month,No,Credit card (automatic),113.45,3289.34,Yes
2412-TELCO,Male,1,No,Yes,22,Yes,Yes,Fiber optic,No,Yes,No,No internet service,Yes,Yes,Month-to-month,Yes,Credit card (automatic),27.51,599.42,Yes
2413-TELCO,Female,0,No,No,19,Yes,No phone service,Fiber optic,Yes,No internet service,Yes,No,No internet service,No,Month-to-month,No,Credit card (automatic),90.78,1731.66,Yes
2414-TELCO,Male,0,Yes,No,41,Yes,No,DSL,Yes,No,No,No,Yes,No internet service,Month-to-month,Yes,Electronic check,54.93,2255.11,No
2415-TELCO,Female,0,No,Yes,38,Yes,No,DSL,No,Yes,No internet service,No,No internet service,Yes,One year,Yes,Credit card (automatic),44.67,1694.44,No
2416-TELCO,Female,0,No,No,29,No,Yes,Fiber optic,No,No,No,No,Yes,Yes,Month-to-month,Yes,Bank transfer (automatic),39.46,1151.76,No
2417-TELCO,Female,1,Yes,No,22,Yes,Yes,DSL,Yes,Yes,Yes,No,No,No,Month-to-month,Yes,Mailed check,35.92,796.6,No
2418-TELCO,Female,0,No,Yes,8,Yes,Yes,No,No,No internet service,Yes,No,No,Yes,One year,No,Bank transfer (automatic),71.3,560.41,No
2419-TELCO,Male,0,Yes,No,47,Yes,No,No,Yes,Yes,Yes,Yes,No internet service,Yes,Two year,Yes,Mailed check,22.75,1076.63,No
2420-TELCO,Female,0,No,No,6,Yes,Yes,Fiber optic,No internet service,Yes,No,Yes,No,Yes,Month-to-month,Yes,Mailed check,95.68,574.67,Yes
2421-TELCO,Male,0,No,No,7,Yes,No,Fiber optic,No,Yes,No internet service,No,Yes,Yes,Two year,Yes,Mailed check,41.71,300.46,Yes
2422-TELCO,Male,1,Yes,No,36,Yes,No,Fiber optic,Yes,Yes,No,No internet service,No,Yes,One year,Yes,Credit card (automatic),61.88,2233.09,No
2423-TELCO,Male,0,Yes,No,8,Yes,Yes,Fiber optic,No internet service,No,No,No internet service,Yes,Yes,One year,Yes,Mailed check,26.31,203.41,No
2424-TELCO,Male,0,No,No,46,Yes,Yes,Fiber optic,Yes,No,No,No,No,No internet service,Month-to-month,No,Electronic check,65.46,3007.98,Yes
2425-TELCO,Male,0,Yes,Yes,64,Yes,Yes,DSL,No,Yes,No,Yes,No,No,Two year,Yes,Electronic check,81.23,5194.95,No
2426-TELCO,Male,0,Yes,No,31,No,Yes,No,Yes,No,Yes,No internet service,Yes,No internet service,Month-to-month,Yes,Electronic check,23.21,723.57,Yes
2427-TELCO,Male,0,Yes,No,23,Yes,No,Fiber optic,Yes,No,No internet service,No,No,Yes,Month-to-month,Yes,Mailed check,105.52,2427.73,Yes
2428-TELCO,Male,0,No,Yes,61,Yes,No,DSL,Yes,No,Yes,Yes,Yes,Yes,Month-to-month,Yes,Electronic check,48.26,2939.27,No
2429-TELCO,Male,0,No,No,50,Yes,No,DSL,No internet service,Yes,Yes,No internet service,No internet service,Yes,Month-to-month,No,Bank transfer (automatic),52.46,2628.23,No
2430-TELCO,Male,1,No,No,46,No,No,Fiber optic,No internet service,No,Yes,No,Yes,Yes,Two year,Yes,Credit card (automatic),34.92,1609.4,No
2431-TELCO,Female,0,Yes,Yes,43,Yes,Yes,DSL,No,No,Yes,No internet service,No,No internet service,Month-to-month,Yes,Credit card (automatic),107.07,4609.87,No
2432-TELCO,Female,0,No,No,10,Yes,No,DSL,No,No,No,Yes,No internet service,Yes,Month-to-month,No,Electronic check,52.99,534.84,No
2433-TELCO,Female,0,No,Yes,20,Yes,Yes,DSL,No,No,Yes,No internet service,No internet service,Yes,One year,Yes,Electronic check,48.16,965.47,No
2434-TELCO,Male,1,Yes,No,16,No,Yes,No,No,Yes,No,No,No,No internet service,Month-to-month,No,Electronic check,90.58,1442.6,No
2435-TELCO,Female,0,No,No,3,Yes,No,DSL,No,No,No,Yes,Yes,No,One year,Yes,Electronic check,49.96,143.77,Yes
2436-TELCO,Female,0,No,Yes,30,Yes,No phone service,Fiber optic,No,No,No,No,No,Yes,Month-to-month,No,Mailed check,64.63,1944.65,No
2437-TELCO,Female,0,No,No,18,Yes,No,DSL,Yes,No,Yes,No,No internet service,No,Month-to-month,Yes,Bank transfer (automatic),118.71,2143.9,No
2438-TELCO,Male,0,Yes,No,59,Yes,Yes,Fiber optic,Yes,Yes,No internet service,Yes,Yes,No,Month-to-month,No,Electronic check,67.52,3983.72,No
2439-TELCO,Male,0,Yes,No,70,Yes,Yes,Fiber optic,No internet service,No,No,No,Yes,Yes,Month-to-month,Yes,Electronic check,64.8,4545.74,No
2440-TELCO,Male,0,Yes,Yes,35,No,No,No,Yes,Yes,Yes,No,No,Yes,One year,Yes,Electronic check,98.47,3442.35,No
2441-TELCO,Male,0,Yes,Yes,19,Yes,Yes,Fiber optic,No internet service,No,No internet service,No,No,No internet service,Month-to-month,No,Bank transfer (automatic),22.54,432.89,No
2442-TELCO,Female,0,No,No,26,Yes,Yes,Fiber optic,No,Yes,Yes,No,Yes,Yes,Two year,No,Electronic check,55.99,1459.13,No
2443-TELCO,Female,0,Yes,No,35,Yes,Yes,Fiber optic,No,No,No,No,No,No,Two year,Yes,Bank transfer (automatic),88.65,3107.68,No
2444-TELCO,Female,1,No,No,72,Yes,No,Fiber optic,Yes,Yes,No,Yes,Yes,No internet service,Month-to-month,No,Mailed check,109.95,7914.72,No
2445-TELCO,Female,1,Yes,No,57,Yes,No,DSL,No,No internet service,Yes,Yes,Yes,Yes,Month-to-month,Yes,Mailed check,83.45,4751.54,No
2446-TELCO,Male,0,Yes,No,49,No,No,Fiber optic,No,No internet service,No internet service,No,No internet service,Yes,Month-to-month,Yes,Bank transfer (automatic),71.5,3501.6,No
2447-TELCO,Male,0,No,Yes,10,Yes,No,DSL,No,No internet service,Yes,Yes,No,No internet service,Month-to-month,No,Mailed check,64.6,639.79,Yes
2448-TELCO,Male,0,Yes,Yes,29,Yes,No,No,No,No internet service,No,No,Yes,No,Two year,Yes,Electronic check,66.38,1917.26,No
2449-TELCO,Female,0,No,No,71,Yes,No,Fiber optic,No,No internet service,Yes,No,No internet service,No,Month-to-month,No,Mailed check,65.62,4662.71,No
2450-TELCO,Male,0,Yes,No,68,Yes,Yes,Fiber optic,No,No internet service,No,No internet service,Yes,No,Month-to-month,No,Credit card (automatic),112.64,7669.24,No
2451-TELCO,Male,0,Yes,No,24,Yes,No phone service,Fiber optic,No,Yes,No internet service,Yes,Yes,Yes,One year,No,Bank transfer (automatic),99.67,2395.42,No
2452-TELCO,Female,0,No,No,43,Yes,Yes,Fiber optic,No internet service,No,No,No,No internet service,No,Two year,Yes,Credit card (automatic),50.85,2179.24,No
2453-TELCO,Female,0,No,No,39,Yes,Yes,Fiber optic,No internet service,Yes,Yes,No,Yes,Yes,Two year,No,Credit card (automatic),24.34,949.69,No
2454-TELCO,Male,0,Yes,No,25,Yes,Yes,Fiber optic,No,No,No,No,No internet service,Yes,Month-to-month,Yes,Credit card (automatic),86.98,2176.58,No
2455-TELCO,Male,0,Yes,Yes,68,Yes,No,DSL,Yes,No,No,Yes,No,No,Two year,No,Credit card (automatic),91.51,6227.39,No
2456-TELCO,Male,0,No,No,34,Yes,No phone service,DSL,Yes,No internet service,No,No,No,No,One year,Yes,Mailed check,95.85,3264.41,No
2457-TELCO,Male,0,No,No,53,Yes,No,DSL,No,No internet service,No internet service,No internet service,No,No,One year,No,Credit card (automatic),41.66,2201.93,No
2458-TELCO,Male,0,No,No,55,Yes,No,DSL,No,Yes,No internet service,Yes,No,Yes,One year,No,Bank transfer (automatic),82.24,4519.75,No
2459-TELCO,Male,0,Yes,No,53,Yes,Yes,No,No,No,Yes,No internet service,No internet service,No,Month-to-month,Yes,Electronic check,82.49,4372.84,No
2460-TELCO,Female,0,No,No,18,Yes,No phone service,Fiber optic,No,No,No internet service,No,Yes,No,Month-to-month,No,Electronic check,29.4,519.29,No
2461-TELCO,Female,0,Yes,No,7,Yes,No,DSL,No internet service,No,No internet service,No internet service,No internet service,No,Two year,No,Mailed check,96.01,666.04,No
2462-TELCO,Female,1,Yes,Yes,63,Yes,No phone service,DSL,Yes,No,Yes,No internet service,No internet service,No internet service,One year,Yes,Bank transfer (automatic),77.75,4907.39,No
2463-TELCO,Male,0,No,No,42,Yes,No phone service,Fiber optic,No internet service,No internet service,Yes,Yes,No,Yes,Month-to-month,Yes,Mailed check,68.26,2864.07,No
2464-TELCO,Female,0,Yes,No,11,No,Yes,Fiber optic,No,No internet service,Yes,No,Yes,No,Month-to-month,No,Bank transfer (automatic),22.24,249.55,No
2465-TELCO,Male,0,Yes,Yes,9,Yes,Yes,Fiber optic,Yes,Yes,Yes,Yes,Yes,No,Two year,Yes,Electronic check,64.32,578.33,No
2466-TELCO,Male,1,Yes,Yes,35,Yes,No,Fiber optic,No internet service,No,No internet service,Yes,Yes,Yes,Two year,Yes,Credit card (automatic),103.74,3640.88,No
2467-TELCO,Female,1,Yes,No,65,Yes,No,No,No internet service,No,No,No,Yes,No internet service,One year,Yes,Mailed check,55.64,3624.63,No
2468-TELCO,Male,0,No,Yes,5,Yes,Yes,DSL,No,No,No,Yes,Yes,No,Month-to-month,Yes,Bank transfer (automatic),116.7,579.23,No
2469-TELCO,Male,1,No,No,26,Yes,Yes,Fiber optic,No internet service,No,Yes,No,No,No,Month-to-month,Yes,Credit card (automatic),97.33,2536.63,Yes
2470-TELCO,Female,0,Yes,No,51,Yes,Yes,No,No internet service,No internet service,Yes,No,No,No,One year,Yes,Electronic check,101.03,5153.58,No
2471-TELCO,Female,0,No,No,38,Yes,No,DSL,No,Yes,No,No,No internet service,No,Two year,Yes,Mailed check,77.36,2935.79,No
2472-TELCO,Female,0,No,No,3,Yes,No phone service,Fiber optic,No,No,No,No,No,No,One year,Yes,Electronic check,46.47,139.72,No
2473-TELCO,Male,0,No,No,59,Yes,No phone service,DSL,No,No internet service,No,No internet service,Yes,Yes,Month-to-month,Yes,Electronic check,58.7,3459.97,No
2474-TELCO,Female,1,Yes,No,13,Yes,Yes,Fiber optic,Yes,No,Yes,No internet service,Yes,Yes,One year,No,Electronic check,80.35,1038.17,No
2475-TELCO,Female,0,No,No,35,Yes,Yes,DSL,No,No,No internet service,No,No,Yes,Month-to-month,No,Credit card (automatic),107.21,3751.7,No
2476-TELCO,Male,1,No,No,3,Yes,No,No,No,Yes,No internet service,Yes,No,No,One year,Yes,Electronic check,91.28,272.34,Yes
2477-TELCO,Female,0,Yes,Yes,53,No,No,No,No,Yes,No,No,No,No,Two year,Yes,Bank transfer (automatic),54.45,2882.15,No
2478-TELCO,Female,0,Yes,Yes,55,Yes,Yes,No,No,No,No,No,Yes,No,Month-to-month,No,Electronic check,44.16,2431.18,No
2479-TELCO,Female,0,Yes,Yes,45,Yes,Yes,Fiber optic,No internet service,No,Yes,Yes,No internet service,No internet service,Month-to-month,No,Bank transfer (automatic),81.93,3679.42,Yes
2480-TELCO,Male,0,No,No,66,Yes,Yes,No,No,No,Yes,No,Yes,Yes,Two year,No,Mailed check,26.37,1749.89,No
2481-TELCO,Male,0,Yes,No,67,Yes,Yes,Fiber optic,No internet service,No internet service,No,Yes,Yes,No internet service,One year,Yes,Electronic check,55.9,3739.54,No
2482-TELCO,Male,0,No,No,44,Yes,No,Fiber optic,No internet service,Yes,No,No,No,Yes,Month-to-month,Yes,Bank transfer (automatic),43.44,1913.61,Yes
2483-TELCO,Male,1,Yes,No,68,Yes,No,DSL,No,Yes,Yes,No internet service,No,Yes,Month-to-month,Yes,Mailed check,105.71,7186.32,No
2484-TELCO,Female,0,No,No,62,Yes,Yes,Fiber optic,Yes,Yes,Yes,No internet service,No,Yes,One year,Yes,Electronic check,84.21,5211.22,No
2485-TELCO,Male,0,Yes,No,25,Yes,Yes,Fiber optic,No,No,No,No internet service,Yes,No,One year,No,Bank transfer (automatic),30.41,754.5,No
2486-TELCO,Male,0,No,No,52,Yes,No,DSL,No,No internet service,Yes,Yes,Yes,No,One year,Yes,Mailed check,69.62,3621.26,No
2487-TELCO,Female,0,No,No,50,No,No,Fiber optic,No,No internet service,No internet service,Yes,Yes,No internet service,Month-to-month,No,Mailed check,97.57,4875.48,No
2488-TELCO,Female,1,Yes,No,1,Yes,Yes,No,No,No,No,Yes,No,No,One year,Yes,Electronic check,29.28,36.01,No
2489-TELCO,Female,0,Yes,Yes,39,Yes,No,DSL,No internet service,Yes,No,No,No,Yes,Month-to-month,No,Bank transfer (automatic),75.73,2956.93,No
2490-TELCO,Male,0,Yes,No,52,Yes,No,DSL,No,No,Yes,Yes,No,Yes,Two year,No,Mailed check,94.42,4902.97,No
2491-TELCO,Male,0,No,No,40,Yes,Yes,No,No,No internet service,No internet service,No internet service,No internet service,No internet service,Two year,Yes,Bank transfer (automatic),39.25,1578.7,No
2492-TELCO,Male,0,No,No,60,No,Yes,DSL,No internet service,No,No,Yes,Yes,Yes,Month-to-month,Yes,Mailed check,111.58,6689.63,No
2493-TELCO,Female,0,Yes,Yes,69,Yes,Yes,No,No,Yes,No internet service,No,No,No internet service,Two year,Yes,Credit card (automatic),73.76,5080.65,No
2494-TELCO,Female,0,Yes,No,20,Yes,No,Fiber optic,Yes,No,Yes,No internet service,Yes,Yes,Month-to-month,Yes,Mailed check,81.76,1634.92,Yes
2495-TELCO,Male,0,Yes,No,2,Yes,No,Fiber optic,Yes,Yes,Yes,No internet service,No,Yes,Month-to-month,No,Bank transfer (automatic),53.74,106.24,No
2496-TELCO,Female,0,No,No,9,Yes,No,DSL,Yes,No,No,No,No,Yes,Month-to-month,Yes,Electronic check,96.04,864.18,No
2497-TELCO,Female,0,No,Yes,39,Yes,Yes,DSL,No internet service,No internet service,No,No,No,Yes,One year,No,Credit card (automatic),78.41,3049.44,No
2498-TELCO,Female,0,No,No,30,Yes,Yes,Fiber optic,No,Yes,Yes,No,Yes,No,Two year,No,Mailed check,110.47,3310.04,No
2499-TELCO,Male,0,Yes,No,54,Yes,No,Fiber optic,No,No,Yes,No,Yes,Yes,One year,Yes,Bank transfer (automatic),66.97,3624.82,No
2500-TELCO,Female,0,Yes,Yes,58,Yes,No,Fiber optic,No,Yes,Yes,No,No internet service,No internet service,Two year,Yes,Credit card (automatic),79.28,4604.16,No
2501-TELCO,Female,0,No,No,44,Yes,No phone service,Fiber optic,No,No internet service,No,No,No internet service,Yes,Two year,Yes,Electronic check,76.05,3339.15,No
2502-TELCO,Male,0,Yes,Yes,43,Yes,No,Fiber optic,No,Yes,Yes,No,Yes,No,Month-to-month,No,Credit card (automatic),76.33,3277.95,No
2503-TELCO,Male,1,No,No,10,Yes,No phone service,Fiber optic,No internet service,No,No,No,No,No,One year,Yes,Electronic check,90.04,905.34,No
2504-TELCO,Female,0,Yes,No,48,Yes,Yes,No,No,Yes,No,Yes,Yes,Yes,Month-to-month,No,Bank transfer (automatic),28.79,1389.08,No
2505-TELCO,Female,0,Yes,No,17,Yes,Yes,Fiber optic,No internet service,No internet service,No,Yes,No,Yes,Two year,No,Mailed check,78.88,1333.77,No
2506-TELCO,Male,1,No,No,5,Yes,Yes,No,No internet service,Yes,Yes,No,No,No,Month-to-month,Yes,Bank transfer (automatic),60.3,303.43,No
2507-TELCO,Male,0,No,No,70,No,Yes,DSL,Yes,No,Yes,No,Yes,Yes,One year,No,Credit card (automatic),63.53,4445.88,No
2508-TELCO,Female,0,No,Yes,64,Yes,No,Fiber optic,No,Yes,No,No,No,No,Month-to-month,No,Credit card (automatic),61.87,3959.4,Yes
2509-TELCO,Female,0,Yes,No,66,No,Yes,Fiber optic,No internet service,No internet service,Yes,No internet service,No internet service,No,Month-to-month,Yes,Electronic check,29.38,1944.94,No
2510-TELCO,Female,0,Yes,Yes,71,Yes,No phone service,No,No internet service,No,No,No internet service,Yes,No,One year,Yes,Electronic check,19.72,1401.98,No
2511-TELCO,Female,0,No,No,4,Yes,No,Fiber optic,Yes,Yes,No,Yes,No,No,Month-to-month,Yes,Electronic check,28.99,117.1,Yes
2512-TELCO,Male,0,No,Yes,28,No,No,DSL,Yes,No,No internet service,No internet service,Yes,Yes,Month-to-month,Yes,Bank transfer (automatic),62.01,1733.88,No
2513-TELCO,Female,1,No,Yes,38,Yes,Yes,Fiber optic,No,No internet service,No,No,No internet service,No,One year,No,Mailed check,56.2,2132.06,No
2514-TELCO,Female,0,Yes,No,66,Yes,No phone service,DSL,Yes,No,Yes,No internet service,Yes,Yes,Month-to-month,Yes,Electronic check,32.49,2148.93,No
2515-TELCO,Male,0,No,No,67,Yes,No,DSL,Yes,No,No,No internet service,Yes,Yes,Month-to-month,Yes,Mailed check,90.98,6103.96,No
2516-TELCO,Female,0,No,No,60,Yes,No,Fiber optic,Yes,No,No internet service,No,Yes,Yes,Month-to-month,Yes,Credit card (automatic),90.07,5394.71,No
2517-TELCO,Male,0,No,No,47,Yes,Yes,No,Yes,No,No internet service,Yes,No internet service,Yes,One year,Yes,Mailed check,109.84,5162.0,No
2518-TELCO,Female,0,No,No,25,Yes,No,DSL,No,No,No internet service,No,No,No,Two year,Yes,Credit card (automatic),103.5,2588.84,No
2519-TELCO,Female,0,Yes,No,66,Yes,Yes,DSL,No internet service,Yes,No internet service,No,No,No,Month-to-month,No,Electronic check,101.46,6692.03,No
2520-TELCO,Male,0,No,Yes,67,Yes,Yes,No,Yes,No internet service,Yes,No,Yes,Yes,One year,No,Credit card (automatic),98.84,6614.04,No
2521-TELCO,Male,0,No,No,69,No,Yes,DSL,No,Yes,Yes,Yes,Yes,Yes,Month-to-month,Yes,Mailed check,106.86,7366.71,No
2522-TELCO,Female,1,No,No,40,Yes,No,No,No,No,No,No internet service,No,Yes,Two year,Yes,Mailed check,69.94,2801.74,No
2523-TELCO,Female,1,No,No,50,No,No,DSL,No internet service,Yes,No,No,Yes,No,Two year,Yes,Electronic check,26.11,1299.87,No
2524-TELCO,Female,0,No,No,40,Yes,Yes,Fiber optic,No,No internet service,Yes,No internet service,No internet service,No internet service,Month-to-month,Yes,Mailed check,75.2,3005.95,Yes
2525-TELCO,Male,0,No,No,37,No,No,DSL,Yes,No internet service,Yes,No internet service,No,No,One year,Yes,Mailed check,103.32,3813.16,No
2526-TELCO,Female,0,Yes,No,69,Yes,No phone service,No,No internet service,No internet service,No internet service,No internet service,Yes,No internet service,Two year,No,Electronic check,27.79,1910.91,No
2527-TELCO,Male,1,Yes,Yes,17,Yes,No,No,No internet service,Yes,No internet service,No,Yes,Yes,Month-to-month,Yes,Mailed check,100.69,1718.06,No
2528-TELCO,Male,0,Yes,Yes,62,Yes,Yes,No,No,No,Yes,No,Yes,Yes,Month-to-month,No,Credit card (automatic),32.08,1989.49,No
2529-TELCO,Female,0,Yes,Yes,41,No,No,DSL,Yes,Yes,Yes,No,Yes,No internet service,Two year,Yes,Electronic check,20.86,847.22,No
2530-TELCO,Male,0,Yes,Yes,42,Yes,No,No,Yes,No internet service,No internet service,No internet service,Yes,No,Month-to-month,No,Mailed check,88.82,3722.1,No
2531-TELCO,Female,0,Yes,No,31,Yes,No,No,Yes,No,No,No,Yes,No,Month-to-month,No,Credit card (automatic),83.08,2583.9,No
2532-TELCO,Female,0,Yes,Yes,33,Yes,Yes,Fiber optic,Yes,No,No internet service,Yes,No internet service,No internet service,Two year,No,Credit card (automatic),106.5,3511.93,No
2533-TELCO,Female,0,Yes,No,43,Yes,Yes,Fiber optic,Yes,No,No,No,Yes,No,One year,No,Bank transfer (automatic),84.86,3654.31,No
2534-TELCO,Female,0,Yes,No,67,Yes,Yes,No,Yes,No,No,No,No internet service,No,Month-to-month,No,Electronic check,44.73,2995.64,No
2535-TELCO,Female,0,Yes,Yes,38,Yes,No,Fiber optic,No,No,No,No,No,No,One year,No,Bank transfer (automatic),110.85,4204.78,No
2536-TELCO,Male,0,No,No,41,Yes,Yes,DSL,No,No,No internet service,Yes,No internet service,No,Two year,No,Bank transfer (automatic),108.98,4468.69,No
2537-TELCO,Male,0,No,No,63,No,No,No,No,No,Yes,No,No,No,Month-to-month,Yes,Mailed check,112.99,7110.36,No
2538-TELCO,Female,1,Yes,Yes,40,Yes,No,Fiber optic,Yes,No,No,Yes,Yes,Yes,Month-to-month,No,Mailed check,92.47,3706.06,No
2539-TELCO,Female,0,No,No,30,Yes,Yes,No,No internet service,No,No,No internet service,No internet service,No internet service,One year,No,Mailed check,105.64,3160.19,No
2540-TELCO,Male,1,No,Yes,47,Yes,Yes,Fiber optic,No,No internet service,No,No,Yes,No internet service,Month-to-month,Yes,Credit card (automatic),42.47,2000.09,Yes
2541-TELCO,Male,0,Yes,Yes,22,No,Yes,DSL,Yes,Yes,Yes,No,Yes,Yes,Two year,Yes,Credit card (automatic),77.08,1705.31,No
2542-TELCO,Male,0,No,No,55,Yes,Yes,Fiber optic,Yes,Yes,No,No,No internet service,No,One year,Yes,Electronic check,45.15,2490.97,No
2543-TELCO,Male,0,No,No,43,Yes,No,Fiber optic,Yes,No,Yes,Yes,Yes,No internet service,One year,Yes,Electronic check,51.15,2207.58,No
2544-TELCO,Female,0,No,Yes,61,Yes,No,DSL,No,No,No internet service,No,No,Yes,Month-to-month,No,Bank transfer (automatic),101.41,6181.12,No
2545-TELCO,Female,0,Yes,Yes,32,Yes,No,Fiber optic,Yes,Yes,Yes,No internet service,No internet service,Yes,Month-to-month,Yes,Mailed check,89.66,2868.47,No
2546-TELCO,Male,0,No,No,4,Yes,No,DSL,Yes,Yes,No internet service,Yes,No,No,Month-to-month,No,Bank transfer (automatic),111.34,439.99,Yes
2547-TELCO,Female,0,Yes,No,45,Yes,Yes,Fiber optic,No,No,No,No,No,Yes,Two year,Yes,Credit card (automatic),96.88,4363.37,No
2548-TELCO,Male,0,No,Yes,72,Yes,No,No,No,No,No,Yes,No,No internet service,Month-to-month,No,Credit card (automatic),47.45,3419.51,No
2549-TELCO,Female,0,No,No,20,Yes,Yes,Fiber optic,No,No,Yes,No,No,No internet service,Month-to-month,Yes,Credit card (automatic),106.93,2134.53,No
2550-TELCO,Male,1,No,No,71,No,No,Fiber optic,No,No internet service,No internet service,No internet service,No internet service,No,One year,No,Electronic check,25.91,1837.8,No
2551-TELCO,Female,0,No,Yes,65,Yes,No,Fiber optic,Yes,No,Yes,No,No,No internet service,One year,Yes,Credit card (automatic),26.45,1716.86,No
2552-TELCO,Male,1,Yes,No,60,Yes,No phone service,Fiber optic,No,No internet service,No,No,No,No,Two year,Yes,Credit card (automatic),45.71,2746.55,No
2553-TELCO,Male,0,No,No,26,Yes,Yes,Fiber optic,No,Yes,Yes,Yes,No,Yes,Month-to-month,No,Electronic check,99.16,2568.54,Yes
2554-TELCO,Female,0,No,No,23,Yes,Yes,Fiber optic,No,Yes,No internet service,No,No,Yes,Month-to-month,Yes,Mailed check,111.46,2572.09,Yes
2555-TELCO,Male,1,Yes,No,40,Yes,Yes,No,No,Yes,No,No internet service,No internet service,No internet service,Month-to-month,No,Electronic check,83.13,3318.02,No
2556-TELCO,Female,0,No,No,2,No,Yes,Fiber optic,Yes,No internet service,No internet service,No internet service,Yes,No,Two year,No,Credit card (automatic),111.54,219.38,No
2557-TELCO,Female,0,Yes,Yes,26,Yes,Yes,No,Yes,No,No internet service,No,No,No,Month-to-month,Yes,Electronic check,78.58,2034.02,No
2558-TELCO,Male,0,Yes,Yes,62,Yes,Yes,No,Yes,Yes,No,No internet service,No,No internet service,Month-to-month,Yes,Bank transfer (automatic),111.94,6939.06,No
2559-TELCO,Female,1,No,No,44,Yes,No,DSL,Yes,No,Yes,No,Yes,Yes,Month-to-month,Yes,Mailed check,60.9,2684.35,Yes
2560-TELCO,Female,0,Yes,No,31,Yes,No,Fiber optic,Yes,Yes,Yes,No internet service,No internet service,Yes,Month-to-month,No,Credit card (automatic),115.96,3600.45,No
2561-TELCO,Female,0,No,No,26,Yes,No phone service,No,Yes,No,Yes,Yes,No internet service,Yes,Two year,No,Mailed check,39.41,1021.9,No
2562-TELCO,Female,0,Yes,No,5,Yes,Yes,No,No,Yes,Yes,Yes,Yes,Yes,Month-to-month,No,Electronic check,41.55,205.39,Yes
2563-TELCO,Female,0,Yes,No,70,Yes,Yes,Fiber optic,Yes,Yes,No,No,Yes,No,Month-to-month,Yes,Credit card (automatic),42.84,2995.59,No
2564-TELCO,Male,0,No,No,35,Yes,Yes,Fiber optic,No internet service,Yes,No internet service,No,No,No,Two year,Yes,Bank transfer (automatic),35.13,1223.95,No
2565-TELCO,Female,0,Yes,No,16,No,No,Fiber optic,No internet service,Yes,Yes,No,Yes,No,Month-to-month,Yes,Bank transfer (automatic),69.27,1112.61,Yes
2566-TELCO,Female,0,No,No,31,Yes,No,DSL,No,No,Yes,Yes,No internet service,No,Month-to-month,Yes,Bank transfer (automatic),72.81,2264.98,No
2567-TELCO,Female,0,No,Yes,14,Yes,No,No,No,No,No,No,Yes,No,One year,No,Credit card (automatic),96.5,1349.13,Yes
2568-TELCO,Female,0,No,No,25,No,No,No,No internet service,Yes,No internet service,Yes,No internet service,No internet service,Two year,Yes,Bank transfer (automatic),48.92,1227.41,No
2569-TELCO,Female,0,No,No,71,Yes,No,Fiber optic,No,No,Yes,Yes,No,Yes,Two year,Yes,Electronic check,109.82,7797.0,No
2570-TELCO,Male,0,No,No,18,Yes,No phone service,DSL,No internet service,Yes,No,Yes,No,Yes,One year,No,Credit card (automatic),101.98,1828.21,No
2571-TELCO,Female,1,Yes,No,50,Yes,Yes,No,No internet service,No,No,No internet service,Yes,No,Two year,No,Electronic check,93.6,4680.24,No
2572-TELCO,Male,0,No,Yes,20,Yes,No,Fiber optic,No internet service,Yes,Yes,Yes,No internet service,No,Month-to-month,No,Mailed check,116.89,2333.14,Yes
2573-TELCO,Male,0,Yes,No,56,Yes,Yes,DSL,No,Yes,No,Yes,Yes,No,Month-to-month,No,Mailed check,20.89,1173.22,No
2574-TELCO,Male,0,No,No,2,Yes,Yes,DSL,Yes,Yes,No,No,Yes,No internet service,Month-to-month,No,Electronic check,117.56,234.1,No
2575-TELCO,Male,0,No,No,26,Yes,No,DSL,Yes,No,No internet service,No,Yes,Yes,Month-to-month,No,Electronic check,41.81,1090.6,Yes
2576-TELCO,Female,0,No,No,23,Yes,No,Fiber optic,No,No internet service,No internet service,No,No,No,One year,Yes,Electronic check,22.44,515.75,Yes
2577-TELCO,Male,0,No,Yes,32,Yes,Yes,DSL,No,Yes,No internet service,No,Yes,No,Two year,Yes,Credit card (automatic),63.34,2032.1,No
2578-TELCO,Male,0,No,No,13,Yes,Yes,DSL,No,Yes,No,Yes,No,Yes,One year,No,Bank transfer (automatic),87.22,1143.8,Yes
2579-TELCO,Female,0,No,No,13,Yes,No,No,Yes,Yes,Yes,No,No internet service,Yes,Two year,Yes,Electronic check,47.9,629.91,No
2580-TELCO,Female,0,No,No,17,Yes,No phone service,No,No,No,Yes,Yes,No,No internet service,One year,Yes,Bank transfer (automatic),63.25,1079.39,No
2581-TELCO,Female,0,Yes,No,58,Yes,Yes,DSL,No,Yes,No,Yes,Yes,No,Two year,Yes,Mailed check,42.05,2433.81,No
2582-TELCO,Male,1,Yes,No,27,Yes,No,DSL,No,Yes,No internet service,No internet service,Yes,Yes,One year,No,Electronic check,18.38,497.65,No
2583-TELCO,Female,0,No,Yes,17,Yes,No,Fiber optic,No,No internet service,No,No,Yes,No internet service,Two year,Yes,Bank transfer (automatic),108.1,1840.37,No
2584-TELCO,Female,0,No,No,38,Yes,Yes,DSL,No,Yes,No internet service,No internet service,No internet service,Yes,Month-to-month,Yes,Mailed check,54.65,2081.35,Yes
2585-TELCO,Male,0,Yes,Yes,14,Yes,Yes,DSL,Yes,No,Yes,Yes,Yes,No,Two year,Yes,Bank transfer (automatic),32.97,455.45,No
2586-TELCO,Female,0,Yes,No,14,Yes,No,DSL,No internet service,Yes,Yes,No,Yes,No,Two year,Yes,Credit card (automatic),56.97,797.92,No
2587-TELCO,Female,0,Yes,Yes,12,Yes,Yes,No,Yes,Yes,No internet service,No,No internet service,Yes,Two year,Yes,Bank transfer (automatic),19.66,235.17,Yes
2588-TELCO,Female,0,No,Yes,69,Yes,Yes,No,No internet service,No internet service,No internet service,Yes,No,Yes,One year,No,Mailed check,26.33,1812.02,No
2589-TELCO,Female,0,No,No,68,Yes,Yes,No,No internet service,No,No,No internet service,No,No,Two year,Yes,Bank transfer (automatic),74.27,5051.14,No
2590-TELCO,Male,0,Yes,No,55,Yes,No,Fiber optic,No,Yes,Yes,Yes,No internet service,Yes,Month-to-month,No,Bank transfer (automatic),40.9,2257.68,No
2591-TELCO,Female,0,Yes,No,63,Yes,No,Fiber optic,No,Yes,Yes,No,No,No,Month-to-month,No,Electronic check,84.1,5303.68,No
2592-TELCO,Female,0,Yes,No,29,No,No,Fiber optic,No,No,Yes,No,Yes,No internet service,Month-to-month,Yes,Electronic check,63.7,1848.46,Yes
2593-TELCO,Male,0,Yes,No,45,Yes,No,Fiber optic,No internet service,Yes,No,No internet service,No internet service,Yes,Month-to-month,Yes,Bank transfer (automatic),25.44,1149.39,Yes
2594-TELCO,Female,0,Yes,No,4,No,Yes,Fiber optic,Yes,No internet service,Yes,No,Yes,No,Month-to-month,No,Bank transfer (automatic),71.45,291.58,Yes
2595-TELCO,Male,0,No,No,16,Yes,Yes,Fiber optic,No,No,No,Yes,No,No,Two year,No,Mailed check,81.91,1315.02,No
2596-TELCO,Female,0,No,No,66,Yes,Yes,DSL,Yes,No internet service,No,No internet service,No internet service,Yes,Two year,No,Electronic check,74.29,4910.35,Yes
2597-TELCO,Male,0,Yes,No,23,Yes,No,DSL,No internet service,No,No,Yes,No internet service,No,Two year,No,Bank transfer (automatic),43.88,1014.78,No
2598-TELCO,Male,1,Yes,No,68,Yes,Yes,No,No internet service,No,No,No,No,No,Month-to-month,No,Bank transfer (automatic),21.06,1438.64,No
2599-TELCO,Male,0,Yes,No,20,Yes,No,DSL,No,Yes,No,Yes,No,Yes,Month-to-month,Yes,Credit card (automatic),60.34,1207.18,No
2600-TELCO,Male,1,Yes,Yes,17,Yes,No phone service,DSL,No,No internet service,No,No internet service,Yes,No,Two year,No,Bank transfer (automatic),84.52,1436.9,Yes
2601-TELCO,Female,0,Yes,No,52,Yes,No,Fiber optic,Yes,Yes,Yes,No internet service,No,No internet service,Two year,Yes,Mailed check,25.27,1311.2,No
2602-TELCO,Male,0,Yes,Yes,6,Yes,Yes,DSL,No,No,No,No internet service,Yes,No,Month-to-month,No,Electronic check,110.42,662.38,No
2603-TELCO,Female,0,Yes,No,39,Yes,No,DSL,No internet service,No,Yes,No,No,Yes,Month-to-month,No,Electronic check,52.65,2057.29,Yes
2604-TELCO,Male,1,No,Yes,34,Yes,No,DSL,No,No,Yes,Yes,No,No,Two year,No,Mailed check,53.02,1798.9,No
2605-TELCO,Male,0,No,No,54,Yes,No,Fiber optic,No,No,Yes,Yes,No,No,Two year,Yes,Bank transfer (automatic),51.74,2788.42,No
2606-TELCO,Male,0,No,Yes,65,No,Yes,DSL,No internet service,No,Yes,No,Yes,Yes,Two year,No,Bank transfer (automatic),108.68,7071.82,No
2607-TELCO,Female,0,Yes,No,29,Yes,No,Fiber optic,No,Yes,No,Yes,No,No,Month-to-month,Yes,Credit card (automatic),113.22,3273.93,No
2608-TELCO,Male,0,No,No,41,Yes,Yes,DSL,No internet service,No,No internet service,Yes,Yes,No,One year,No,Electronic check,107.78,4427.67,No
2609-TELCO,Female,0,No,No,63,Yes,No,DSL,No,No,No internet service,Yes,Yes,Yes,Two year,Yes,Electronic check,97.5,6149.51,No
2610-TELCO,Female,1,Yes,No,32,Yes,No,No,Yes,Yes,No internet service,Yes,Yes,No,Month-to-month,No,Bank transfer (automatic),44.42,1424.61,Yes
2611-TELCO,Female,1,Yes,No,66,Yes,Yes,Fiber optic,No,No,No,No,No internet service,No,Month-to-month,Yes,Mailed check,92.68,6122.07,No
2612-TELCO,Female,0,No,No,45,Yes,No,Fiber optic,No internet service,No internet service,No internet service,Yes,No,No,Month-to-month,Yes,Bank transfer (automatic),47.56,2142.2,No
2613-TELCO,Female,1,Yes,No,17,Yes,No,DSL,No,No internet service,No,No internet service,No internet service,No,Month-to-month,Yes,Mailed check,56.1,955.16,No
2614-TELCO,Female,0,Yes,No,43,Yes,Yes,DSL,No,Yes,No,Yes,No,No internet service,Two year,No,Mailed check,32.69,1408.65,No
2615-TELCO,Female,0,No,No,66,Yes,No,No,No internet service,No internet service,No,No,Yes,No,Two year,Yes,Bank transfer (automatic),71.27,4693.93,No
2616-TELCO,Female,0,No,No,68,Yes,Yes,DSL,No internet service,No internet service,Yes,Yes,Yes,No,Month-to-month,No,Mailed check,99.32,6760.45,No
2617-TELCO,Female,0,Yes,No,34,Yes,No,No,No internet service,Yes,Yes,No,Yes,Yes,One year,Yes,Electronic check,86.42,2944.61,No
2618-TELCO,Male,1,No,No,1,Yes,No,Fiber optic,No,No,No,Yes,No internet service,No internet service,Month-to-month,No,Electronic check,56.28,56.01,Yes
2619-TELCO,Male,0,No,Yes,23,Yes,Yes,Fiber optic,No,No internet service,No,Yes,Yes,Yes,Month-to-month,No,Electronic check,85.54,1962.16,Yes
2620-TELCO,Male,0,Yes,No,6,Yes,No,Fiber optic,No internet service,No,No,Yes,Yes,Yes,Month-to-month,No,Electronic check,81.94,488.33,No
2621-TELCO,Male,0,No,No,16,Yes,No,Fiber optic,No,No,No internet service,No,No internet service,No internet service,Month-to-month,Yes,Bank transfer (automatic),72.59,1159.98,Yes
2622-TELCO,Male,0,Yes,No,2,Yes,No phone service,DSL,No,No,No internet service,No,Yes,Yes,Month-to-month,No,Bank transfer (automatic),45.17,83.52,Yes
2623-TELCO,Female,0,Yes,No,27,Yes,No,Fiber optic,No,Yes,No,No,No,No internet service,One year,Yes,Credit card (automatic),21.14,572.94,No
2624-TELCO,Female,1,No,No,19,Yes,Yes,No,No,Yes,No internet service,No internet service,Yes,No,Month-to-month,Yes,Electronic check,22.08,412.56,No
2625-TELCO,Female,0,Yes,No,28,Yes,Yes,DSL,Yes,No internet service,No internet service,Yes,No internet service,Yes,One year,No,Credit card (automatic),113.9,3192.87,No
2626-TELCO,Female,0,Yes,Yes,35,Yes,Yes,Fiber optic,Yes,Yes,Yes,Yes,No,No,One year,Yes,Mailed check,105.44,3691.68,No
2627-TELCO,Female,0,Yes,No,68,Yes,No,Fiber optic,No,No internet service,No,No,No,Yes,Two year,Yes,Credit card (automatic),42.08,2868.16,No
2628-TELCO,Female,0,No,Yes,49,Yes,Yes,Fiber optic,No,Yes,No,Yes,No internet service,No,Month-to-month,Yes,Electronic check,37.79,1849.67,No
2629-TELCO,Female,0,No,Yes,7,Yes,No,DSL,No internet service,No,Yes,Yes,No,No internet service,Two year,No,Electronic check,48.72,349.16,Yes
2630-TELCO,Male,0,Yes,No,37,Yes,Yes,No,Yes,No,No,No,No internet service,No,Two year,No,Mailed check,75.76,2806.18,No
2631-TELCO,Male,0,No,No,25,Yes,Yes,Fiber optic,No,No,No,No,No internet service,No internet service,One year,Yes,Mailed check,19.99,489.77,No
2632-TELCO,Male,0,Yes,Yes,41,Yes,No phone service,No,No internet service,No internet service,Yes,Yes,Yes,No internet service,Month-to-month,Yes,Credit card (automatic),107.91,4423.06,No
2633-TELCO,Male,0,No,No,62,Yes,Yes,No,No,No internet service,No internet service,No internet service,Yes,No,Two year,No,Bank transfer (automatic),96.1,5967.54,No
2634-TELCO,Female,0,Yes,No,41,Yes,Yes,DSL,No,No,No,No,No,Yes,Two year,Yes,Credit card (automatic),71.35,2934.56,No
2635-TELCO,Female,0,No,Yes,14,Yes,Yes,DSL,No internet service,No,Yes,No internet service,No,No,Two year,Yes,Credit card (automatic),105.25,1474.93,No
2636-TELCO,Female,0,No,Yes,54,Yes,Yes,No,No,No,No,No,No internet service,No,Month-to-month,Yes,Mailed check,73.37,3965.22,No
2637-TELCO,Male,0,No,Yes,2,Yes,Yes,Fiber optic,No,Yes,No,No,Yes,No,Two year,Yes,Credit card (automatic),27.16,49.05,No
2638-TELCO,Female,1,Yes,Yes,48,No,Yes,DSL,No internet service,Yes,No,No internet service,No,No,Month-to-month,No,Bank transfer (automatic),74.34,3564.75,Yes
2639-TELCO,Female,0,No,No,51,No,Yes,No,Yes,No,No internet service,No,No,No,One year,No,Electronic check,66.55,3391.96,No
2640-TELCO,Female,0,Yes,No,55,No,No,Fiber optic,No,Yes,Yes,No internet service,No,No,One year,No,Electronic check,88.03,4839.92,No
2641-TELCO,Male,0,No,No,12,Yes,Yes,DSL,No internet service,Yes,No,No,Yes,Yes,Two year,No,Electronic check,53.03,640.5,No
2642-TELCO,Female,0,Yes,Yes,69,Yes,No,Fiber optic,No,Yes,No internet service,No,Yes,No,Two year,No,Bank transfer (automatic),54.46,3749.26,No
2643-TELCO,Male,0,Yes,No,1,Yes,Yes,No,No internet service,No,No,No internet service,Yes,No internet service,One year,No,Electronic check,112.92,103.84,No
2644-TELCO,Male,1,Yes,No,59,Yes,Yes,DSL,Yes,Yes,Yes,Yes,No,Yes,Month-to-month,Yes,Credit card (automatic),110.62,6526.99,No
2645-TELCO,Male,0,Yes,No,34,Yes,No,Fiber optic,No,Yes,No internet service,No,No,Yes,Two year,Yes,Credit card (automatic),108.76,3699.41,No
2646-TELCO,Male,0,No,No,46,Yes,Yes,DSL,No,No,No internet service,Yes,Yes,No internet service,One year,Yes,Credit card (automatic),59.94,2754.99,No
2647-TELCO,Female,0,No,No,59,Yes,Yes,No,No,Yes,No,No,No,Yes,Two year,No,Credit card (automatic),93.58,5526.16,No
2648-TELCO,Male,0,No,Yes,66,No,No,Fiber optic,Yes,Yes,No internet service,No internet service,No internet service,Yes,Two year,Yes,Credit card (automatic),112.69,7430.91,No
2649-TELCO,Male,0,No,No,19,Yes,No,Fiber optic,Yes,No,No,No,Yes,No,Month-to-month,Yes,Electronic check,115.42,2202.8,Yes
2650-TELCO,Female,1,No,No,28,Yes,No,Fiber optic,No internet service,No,No,No,No,Yes,One year,Yes,Electronic check,42.64,1190.93,No
2651-TELCO,Female,0,Yes,Yes,40,Yes,Yes,Fiber optic,No internet service,No internet service,Yes,No,Yes,No,Two year,Yes,Bank transfer (automatic),39.81,1589.03,No
2652-TELCO,Male,0,Yes,Yes,57,Yes,No,Fiber optic,No,Yes,No,No,No internet service,Yes,Month-to-month,No,Mailed check,68.29,3890.4,No
2653-TELCO,Female,0,Yes,Yes,51,No,Yes,No,No,No,No internet service,No,No internet service,No,Two year,Yes,Bank transfer (automatic),105.64,5394.37,No
2654-TELCO,Male,0,Yes,No,22,Yes,No,Fiber optic,No,Yes,No internet service,Yes,Yes,No internet service,Month-to-month,No,Bank transfer (automatic),71.35,1564.11,Yes
2655-TELCO,Male,0,Yes,Yes,68,Yes,No,No,No internet service,Yes,Yes,No,No internet service,Yes,Month-to-month,No,Credit card (automatic),97.83,6651.57,Yes
2656-TELCO,Male,0,Yes,Yes,8,No,No,Fiber optic,No,No,No,No,Yes,Yes,Two year,No,Electronic check,65.93,522.76,No
2657-TELCO,Male,0,Yes,No,60,Yes,No,DSL,No internet service,No,No internet service,No,No internet service,No,Two year,Yes,Credit card (automatic),93.74,5615.25,Yes
2658-TELCO,Female,0,Yes,No,65,Yes,No phone service,No,No internet service,No,Yes,No,No,No,Month-to-month,Yes,Electronic check,44.99,2921.69,No
2659-TELCO,Male,0,No,Yes,36,Yes,No,DSL,No,No,No,Yes,No,No,Two year,No,Credit card (automatic),101.08,3630.4,No
2660-TELCO,Female,0,Yes,No,71,Yes,Yes,Fiber optic,No,No internet service,No internet service,No,No,No internet service,One year,No,Electronic check,98.36,6992.97,No
2661-TELCO,Female,0,No,No,29,Yes,No,Fiber optic,No,Yes,No internet service,Yes,Yes,Yes,One year,Yes,Electronic check,40.85,1177.47,No
2662-TELCO,Female,0,No,No,65,Yes,Yes,No,No internet service,Yes,Yes,No,No,No,Month-to-month,No,Bank transfer (automatic),105.94,6895.79,No
2663-TELCO,Female,0,No,No,56,No,Yes,DSL,No,No,Yes,No,Yes,Yes,Month-to-month,Yes,Credit card (automatic),30.1,1684.8,No
2664-TELCO,Male,0,Yes,No,4,Yes,No,No,No internet service,Yes,No,No,No,Yes,Month-to-month,No,Mailed check,95.5,375.32,Yes
2665-TELCO,Female,0,Yes,No,72,Yes,No,No,No internet service,No internet service,No internet service,No,No internet service,No,Month-to-month,Yes,Electronic check,103.69,7460.99,No
2666-TELCO,Male,0,Yes,Yes,50,Yes,Yes,DSL,No,No internet service,No,No,No internet service,No internet service,Two year,Yes,Credit card (automatic),101.55,5075.24,No
2667-TELCO,Female,0,Yes,No,39,Yes,No phone service,No,No,Yes,No,Yes,No,No,Two year,No,Mailed check,42.79,1672.38,No
2668-TELCO,Female,1,Yes,No,35,No,No,DSL,No,No,No internet service,No internet service,No,Yes,Month-to-month,Yes,Mailed check,26.41,928.62,No
2669-TELCO,Male,0,No,No,25,Yes,Yes,DSL,Yes,No,No,No,Yes,No,One year,Yes,Electronic check,21.18,523.86,Yes
2670-TELCO,Male,0,No,No,44,Yes,Yes,No,No,No,No,No,No,No internet service,One year,Yes,Electronic check,20.66,902.99,No
2671-TELCO,Male,0,No,No,47,Yes,No,Fiber optic,Yes,Yes,No,Yes,Yes,Yes,Two year,No,Bank transfer (automatic),69.6,3279.47,No
2672-TELCO,Female,0,Yes,Yes,40,Yes,Yes,Fiber optic,No internet service,Yes,No,No,Yes,Yes,Month-to-month,Yes,Mailed check,38.37,1533.84,No
2673-TELCO,Female,0,Yes,Yes,31,Yes,Yes,Fiber optic,No internet service,No,Yes,No,No,Yes,One year,Yes,Electronic check,105.79,3276.67,No
2674-TELCO,Male,0,No,Yes,69,Yes,Yes,DSL,Yes,No,Yes,Yes,Yes,No,Month-to-month,No,Credit card (automatic),34.74,2399.58,No
2675-TELCO,Male,0,Yes,No,43,Yes,No,Fiber optic,No,No internet service,No internet service,No internet service,No,Yes,Month-to-month,Yes,Electronic check,85.67,3684.79,No
2676-TELCO,Male,0,No,Yes,55,Yes,No,DSL,No,No,Yes,No,No internet service,No,One year,Yes,Electronic check,110.51,6085.94,No
2677-TELCO,Male,0,No,No,16,Yes,Yes,DSL,No,No,Yes,No,No,No internet service,Two year,Yes,Credit card (automatic),115.21,1836.53,Yes
2678-TELCO,Female,0,Yes,Yes,68,Yes,No phone service,No,No,No internet service,No,Yes,No,No internet service,Month-to-month,No,Electronic check,104.57,7109.79,No
2679-TELCO,Male,0,Yes,No,69,Yes,Yes,No,Yes,No,No,No internet service,No,No,Month-to-month,Yes,Electronic check,38.79,2670.5,No
2680-TELCO,Male,0,Yes,Yes,42,No,No,Fiber optic,No,Yes,No,Yes,No internet service,Yes,Two year,No,Mailed check,71.45,2993.03,No
2681-TELCO,Male,0,Yes,No,41,Yes,No,DSL,Yes,No,No,Yes,No,No internet service,Month-to-month,Yes,Electronic check,36.8,1504.57,No
2682-TELCO,Male,0,Yes,No,50,Yes,Yes,Fiber optic,No internet service,Yes,Yes,No,No internet service,No internet service,One year,Yes,Credit card (automatic),78.36,3909.35,No
2683-TELCO,Female,0,Yes,No,6,Yes,No,No,No,No internet service,Yes,Yes,Yes,Yes,Month-to-month,No,Electronic check,42.28,255.73,No
2684-TELCO,Male,1,Yes,No,53,Yes,No phone service,DSL,No internet service,No,Yes,No,No,No internet service,Month-to-month,No,Credit card (automatic),51.43,2732.82,No
2685-TELCO,Female,0,No,No,17,Yes,Yes,DSL,No,Yes,No internet service,No,Yes,No internet service,One year,Yes,Mailed check,73.76,1249.96,No
2686-TELCO,Male,0,No,Yes,57,Yes,No,No,No,Yes,No,No,No,No internet service,Month-to-month,No,Credit card (automatic),30.53,1742.87,No
2687-TELCO,Male,0,Yes,Yes,67,Yes,Yes,Fiber optic,No internet service,No,No,Yes,No,Yes,Month-to-month,No,Bank transfer (automatic),53.86,3601.22,No
2688-TELCO,Female,0,No,Yes,16,Yes,No phone service,DSL,No internet service,No,No,No,No,No internet service,Month-to-month,Yes,Bank transfer (automatic),52.42,833.42,Yes
2689-TELCO,Male,0,No,No,52,Yes,No,DSL,Yes,No,No,Yes,No,Yes,Two year,No,Mailed check,77.08,4011.68,No
2690-TELCO,Female,0,No,Yes,34,Yes,No,No,No,No,No,No,No,Yes,Month-to-month,Yes,Mailed check,75.77,2584.57,No
2691-TELCO,Female,0,No,Yes,20,Yes,Yes,Fiber optic,Yes,Yes,No internet service,No internet service,No internet service,Yes,Month-to-month,No,Mailed check,57.45,1139.38,Yes
2692-TELCO,Male,0,Yes,No,56,Yes,No,DSL,No internet service,Yes,Yes,No,Yes,No,Month-to-month,Yes,Bank transfer (automatic),105.24,5896.29,No
2693-TELCO,Female,0,Yes,No,51,Yes,No,No,No internet service,No,No,No,No,Yes,Month-to-month,No,Mailed check,82.86,4229.95,No
2694-TELCO,Female,1,No,No,53,Yes,Yes,No,Yes,Yes,No internet service,Yes,Yes,Yes,Month-to-month,Yes,Electronic check,99.11,5254.78,No
2695-TELCO,Female,0,No,No,49,Yes,Yes,DSL,Yes,No internet service,Yes,Yes,Yes,No,Two year,Yes,Credit card (automatic),75.61,3703.44,No
2696-TELCO,Female,0,No,No,4,Yes,Yes,Fiber optic,No,Yes,No,Yes,Yes,Yes,Month-to-month,Yes,Mailed check,56.56,236.0,Yes
2697-TELCO,Female,0,No,No,18,Yes,No,DSL,No,No,No,No,No,No internet service,Two year,Yes,Mailed check,56.43,1011.2,No
2698-TELCO,Female,1,No,Yes,36,Yes,No,Fiber optic,No,Yes,No,Yes,No,Yes,Month-to-month,No,Electronic check,39.07,1405.85,Yes
2699-TELCO,Female,0,Yes,No,35,Yes,Yes,DSL,No internet service,Yes,Yes,No,Yes,Yes,Two year,Yes,Mailed check,102.01,3573.82,Yes
2700-TELCO,Female,0,Yes,No,30,Yes,Yes,DSL,No,No internet service,Yes,Yes,No internet service,Yes,Month-to-month,Yes,Credit card (automatic),102.95,3078.5,No
2701-TELCO,Male,0,Yes,Yes,63,Yes,Yes,Fiber optic,Yes,No,Yes,No internet service,Yes,Yes,Month-to-month,Yes,Bank transfer (automatic),29.22,1838.08,No
2702-TELCO,Male,0,No,No,21,Yes,Yes,Fiber optic,No,Yes,No internet service,No,No internet service,No internet service,Month-to-month,No,Electronic check,101.8,2135.66,Yes
2703-TELCO,Female,1,No,No,52,No,Yes,Fiber optic,No,Yes,No internet service,No,Yes,Yes,Month-to-month,No,Mailed check,100.74,5228.69,No
2704-TELCO,Male,0,No,Yes,69,Yes,No,DSL,No,Yes,Yes,No internet service,No,Yes,Month-to-month,Yes,Credit card (automatic),78.82,5429.1,No
2705-TELCO,Female,0,No,No,41,Yes,Yes,No,No internet service,No,Yes,No internet service,No,No,Month-to-month,Yes,Electronic check,93.26,3833.43,No
2706-TELCO,Female,1,No,Yes,54,Yes,Yes,DSL,No,No,No,No internet service,No,No,Month-to-month,No,Credit card (automatic),110.82,5976.46,No
2707-TELCO,Male,0,No,No,30,Yes,Yes,Fiber optic,No,Yes,No,No,No,Yes,Month-to-month,No,Bank transfer (automatic),67.06,2006.52,No
2708-TELCO,Female,0,No,No,56,Yes,Yes,DSL,No,Yes,No,No,No internet service,Yes,Month-to-month,Yes,Mailed check,96.33,5387.25,No
2709-TELCO,Female,0,Yes,No,41,Yes,No,Fiber optic,Yes,No,No,No,No,No,Month-to-month,Yes,Credit card (automatic),114.62,4699.69,No
2710-TELCO,Female,0,No,Yes,14,No,Yes,DSL,No,No,No internet service,No,No internet service,No,One year,Yes,Bank transfer (automatic),56.61,797.26,No
2711-TELCO,Female,0,No,Yes,21,Yes,No phone service,DSL,No,Yes,Yes,No,Yes,Yes,One year,Yes,Electronic check,63.16,1317.9,No
2712-TELCO,Male,0,Yes,Yes,25,Yes,No,Fiber optic,No internet service,No,Yes,Yes,Yes,No internet service,Month-to-month,Yes,Electronic check,84.02,2102.22,No
2713-TELCO,Female,0,Yes,Yes,50,Yes,No,DSL,Yes,No internet service,No internet service,No internet service,No internet service,Yes,Month-to-month,No,Credit card (automatic),68.36,3415.06,No
2714-TELCO,Female,0,No,No,53,Yes,Yes,Fiber optic,No,No,No,No internet service,Yes,No,Month-to-month,No,Bank transfer (automatic),44.44,2355.13,Yes
2715-TELCO,Female,0,Yes,No,48,Yes,Yes,DSL,No,Yes,No internet service,Yes,Yes,No,Two year,No,Electronic check,79.43,3807.96,Yes
2716-TELCO,Male,0,Yes,No,70,Yes,Yes,DSL,No,No,No,Yes,Yes,Yes,One year,Yes,Mailed check,94.62,6630.67,No
2717-TELCO,Female,0,Yes,No,48,Yes,No phone service,Fiber optic,No,No internet service,No,Yes,No,Yes,Two year,No,Mailed check,18.83,902.89,No
2718-TELCO,Male,0,No,No,4,Yes,No,DSL,No internet service,No,No,No,No,No,Two year,No,Bank transfer (automatic),38.42,146.89,Yes
2719-TELCO,Male,0,No,No,24,Yes,Yes,DSL,Yes,No,Yes,Yes,Yes,Yes,One year,Yes,Electronic check,118.14,2841.2,No
2720-TELCO,Female,0,Yes,No,31,Yes,No phone service,DSL,No,Yes,Yes,No,Yes,Yes,Month-to-month,No,Mailed check,104.59,3247.33,Yes
2721-TELCO,Female,0,Yes,Yes,29,Yes,No,DSL,No internet service,No internet service,No internet service,Yes,No,No,Two year,Yes,Electronic check,118.28,3429.82,No
2722-TELCO,Male,0,No,No,5,No,Yes,DSL,No internet service,No,Yes,No,Yes,No,Month-to-month,Yes,Electronic check,82.55,417.18,Yes
2723-TELCO,Female,0,No,No,67,Yes,No,DSL,Yes,Yes,Yes,No,Yes,No internet service,Two year,Yes,Credit card (automatic),69.11,4632.41,No
2724-TELCO,Male,0,No,No,53,Yes,No phone service,DSL,No,No,No,No,No,Yes,Month-to-month,Yes,Mailed check,21.48,1131.74,No
2725-TELCO,Male,0,Yes,No,64,Yes,Yes,No,Yes,Yes,No,No,Yes,No,Two year,No,Mailed check,52.88,3394.31,No
2726-TELCO,Female,0,Yes,No,35,Yes,Yes,DSL,No internet service,No,Yes,No internet service,Yes,No internet service,One year,No,Electronic check,59.89,2101.6,No
2727-TELCO,Female,0,Yes,Yes,12,No,Yes,No,No,No,No,No,No,No,Month-to-month,Yes,Credit card (automatic),31.54,381.81,No
2728-TELCO,Male,1,No,Yes,47,Yes,Yes,No,Yes,No,No,No internet service,No internet service,No,Month-to-month,No,Mailed check,57.94,2729.8,Yes
2729-TELCO,Male,0,Yes,No,55,Yes,Yes,DSL,No,No,No internet service,No internet service,Yes,No internet service,Month-to-month,Yes,Bank transfer (automatic),40.91,2258.61,Yes
2730-TELCO,Male,0,Yes,No,69,Yes,No,DSL,No,No,No internet service,Yes,Yes,No internet service,Month-to-month,Yes,Credit card (automatic),62.7,4327.86,No
2731-TELCO,Male,0,Yes,No,38,Yes,Yes,DSL,Yes,Yes,No internet service,Yes,No,No,Month-to-month,No,Bank transfer (automatic),77.72,2955.13,Yes
2732-TELCO,Female,1,Yes,No,29,Yes,No,Fiber optic,No internet service,No,No internet service,No,Yes,No,Two year,No,Mailed check,85.25,2462.72,No
2733-TELCO,Female,0,No,No,12,Yes,No,Fiber optic,Yes,Yes,No internet service,Yes,No,Yes,Month-to-month,Yes,Mailed check,72.54,868.78,No
2734-TELCO,Female,0,Yes,No,19,Yes,No,Fiber optic,No,Yes,No internet service,No,No internet service,No,Two year,No,Mailed check,21.89,416.08,No
2735-TELCO,Female,0,No,Yes,9,No,Yes,Fiber optic,No,No internet service,Yes,No,Yes,No,Month-to-month,Yes,Mailed check,110.46,988.82,No
2736-TELCO,Female,1,No,Yes,29,Yes,Yes,DSL,No internet service,Yes,No,Yes,No,Yes,One year,Yes,Bank transfer (automatic),101.26,2933.73,No
2737-TELCO,Male,0,Yes,Yes,3,Yes,No,No,Yes,No,No,No,No internet service,No,Month-to-month,Yes,Credit card (automatic),78.8,233.73,Yes
2738-TELCO,Female,0,No,No,30,Yes,No,DSL,No,No internet service,No internet service,Yes,No internet service,Yes,Two year,No,Bank transfer (automatic),104.06,3119.16,No
2739-TELCO,Female,1,No,No,58,Yes,Yes,No,Yes,No,No,No,No,No internet service,Month-to-month,Yes,Bank transfer (automatic),105.63,6135.66,No
2740-TELCO,Female,1,No,Yes,53,Yes,No phone service,Fiber optic,No internet service,No,Yes,No,Yes,No internet service,Month-to-month,No,Electronic check,41.14,2182.17,No
2741-TELCO,Female,1,Yes,Yes,4,Yes,Yes,DSL,Yes,Yes,No internet service,Yes,No,No,One year,No,Electronic check,45.01,176.32,Yes
2742-TELCO,Female,0,Yes,No,57,Yes,No,No,No,Yes,No,No,No,Yes,Month-to-month,No,Electronic check,25.35,1441.04,No
2743-TELCO,Male,0,Yes,No,54,Yes,No,Fiber optic,No,No,No,No,No,No,One year,No,Electronic check,73.81,3992.68,No
2744-TELCO,Male,0,No,No,28,Yes,No,Fiber optic,Yes,No,No,Yes,No internet service,Yes,One year,Yes,Credit card (automatic),90.23,2529.27,No
2745-TELCO,Male,0,No,No,16,Yes,No,Fiber optic,Yes,Yes,No,Yes,No,Yes,Two year,Yes,Credit card (automatic),29.46,478.38,Yes
2746-TELCO,Female,0,No,Yes,13,Yes,Yes,No,Yes,No,Yes,No,No,No internet service,Two year,No,Credit card (automatic),65.42,853.33,No
2747-TELCO,Male,0,Yes,No,72,Yes,Yes,No,No internet service,No internet service,Yes,No,No,Yes,Two year,Yes,Electronic check,100.15,7219.09,No
2748-TELCO,Male,0,Yes,Yes,56,Yes,No,Fiber optic,No,Yes,No internet service,No,Yes,Yes,Month-to-month,Yes,Bank transfer (automatic),85.03,4759.72,No
2749-TELCO,Female,0,No,No,53,Yes,Yes,DSL,No internet service,Yes,Yes,No internet service,Yes,No,Month-to-month,Yes,Mailed check,74.84,3973.37,No
2750-TELCO,Female,0,No,No,48,Yes,Yes,Fiber optic,Yes,Yes,No,Yes,No,Yes,Month-to-month,Yes,Bank transfer (automatic),71.35,3418.32,No
2751-TELCO,Female,0,No,No,25,Yes,No,No,Yes,No,No,Yes,Yes,Yes,Month-to-month,No,Credit card (automatic),55.47,1390.14,No
2752-TELCO,Male,0,Yes,No,66,Yes,Yes,Fiber optic,No internet service,No internet service,No internet service,No,Yes,No,One year,Yes,Electronic check,62.12,4097.2,No
2753-TELCO,Male,0,Yes,No,30,Yes,Yes,No,No,Yes,No,No,Yes,Yes,Two year,Yes,Electronic check,47.5,1425.5,No
2754-TELCO,Female,0,Yes,No,3,Yes,No phone service,Fiber optic,No internet service,No internet service,No,No,No internet service,Yes,Month-to-month,Yes,Electronic check,85.99,262.7,No
2755-TELCO,Female,0,Yes,No,23,Yes,No,No,No internet service,No,Yes,No,No,No,Month-to-month,Yes,Mailed check,82.93,1908.68,Yes
2756-TELCO,Male,0,Yes,No,29,Yes,Yes,DSL,No internet service,No,Yes,No,Yes,Yes,Two year,No,Bank transfer (automatic),38.52,1121.68,No
2757-TELCO,Male,0,Yes,Yes,41,Yes,Yes,Fiber optic,Yes,Yes,No,No,No internet service,No,Month-to-month,Yes,Electronic check,45.18,1843.11,No
2758-TELCO,Female,0,Yes,No,11,Yes,No,Fiber optic,Yes,No,Yes,No,No,No internet service,Month-to-month,Yes,Electronic check,117.38,1289.17,No
2759-TELCO,Female,0,Yes,No,21,Yes,No,Fiber optic,Yes,No internet service,No,No internet service,Yes,No,One year,No,Mailed check,28.75,612.83,No
2760-TELCO,Male,0,Yes,No,24,Yes,No,DSL,No internet service,No internet service,No,Yes,No,No internet service,Month-to-month,No,Electronic check,87.95,2116.03,Yes
2761-TELCO,Female,0,No,No,65,No,No,No,No,No,No internet service,No,No,Yes,Month-to-month,No,Mailed check,70.15,4559.41,No
2762-TELCO,Male,1,Yes,No,1,Yes,No,No,No,No,Yes,No,No,Yes,Month-to-month,Yes,Electronic check,26.1,30.27,Yes
2763-TELCO,Male,0,No,No,54,Yes,No,No,No internet service,Yes,No,No internet service,Yes,Yes,Month-to-month,Yes,Electronic check,24.22,1298.42,No
2764-TELCO,Male,1,No,No,72,Yes,No,DSL,No,No internet service,No,No internet service,Yes,No internet service,Month-to-month,No,Electronic check,98.82,7110.89,No
2765-TELCO,Male,1,No,Yes,34,Yes,Yes,DSL,Yes,No,Yes,No,No,Yes,One year,No,Mailed check,80.3,2738.26,Yes
2766-TELCO,Female,0,No,Yes,68,No,No,Fiber optic,No,No,No,No,Yes,No,Month-to-month,Yes,Electronic check,22.74,1546.25,No
2767-TELCO,Female,1,Yes,No,29,Yes,No phone service,Fiber optic,Yes,No internet service,No,No,No,No,One year,Yes,Electronic check,47.19,1377.56,No
2768-TELCO,Male,0,No,No,3,Yes,No phone service,DSL,No,Yes,Yes,No,No internet service,Yes,One year,Yes,Electronic check,44.25,128.05,No
2769-TELCO,Male,0,No,No,11,Yes,No,Fiber optic,Yes,Yes,No,Yes,No internet service,No internet service,One year,Yes,Credit card (automatic),74.65,827.84,Yes
2770-TELCO,Male,0,No,No,8,Yes,No,Fiber optic,Yes,No internet service,Yes,Yes,No,No,Two year,Yes,Credit card (automatic),42.5,330.39,Yes
2771-TELCO,Male,0,Yes,No,62,Yes,No,Fiber optic,No internet service,No,No internet service,No internet service,Yes,Yes,Month-to-month,Yes,Credit card (automatic),98.12,6073.52,No
2772-TELCO,Male,1,Yes,No,33,Yes,No,Fiber optic,No internet service,No,No,Yes,No,No internet service,One year,No,Mailed check,42.18,1384.68,No
2773-TELCO,Female,0,Yes,No,8,Yes,No,Fiber optic,No internet service,No,Yes,Yes,No,No,Two year,No,Credit card (automatic),63.57,503.79,Yes
2774-TELCO,Female,0,No,No,25,Yes,Yes,DSL,No,Yes,Yes,No internet service,No internet service,No,One year,Yes,Credit card (automatic),60.67,1507.6,No
2775-TELCO,Female,0,No,No,26,Yes,No,DSL,No internet service,No,No,No,No,No internet service,Month-to-month,Yes,Credit card (automatic),25.44,655.67,No
2776-TELCO,Female,0,Yes,Yes,26,Yes,No phone service,No,No,No,No internet service,No,Yes,No,Two year,No,Electronic check,57.4,1499.86,No
2777-TELCO,Male,0,No,Yes,17,Yes,No,DSL,No internet service,Yes,Yes,No internet service,Yes,Yes,Month-to-month,No,Credit card (automatic),59.26,1015.73,Yes
2778-TELCO,Male,0,No,No,29,Yes,Yes,No,No internet service,No,Yes,No,No,No internet service,Month-to-month,No,Mailed check,32.88,945.89,No
2779-TELCO,Male,1,Yes,No,43,Yes,Yes,DSL,No internet service,No,No internet service,No,Yes,No,Two year,Yes,Mailed check,107.19,4605.48,No
2780-TELCO,Male,0,No,Yes,5,Yes,No,Fiber optic,Yes,No internet service,Yes,No,Yes,Yes,Month-to-month,No,Bank transfer (automatic),55.78,281.1,No
2781-TELCO,Male,0,No,Yes,50,Yes,No,DSL,No,Yes,Yes,No internet service,No internet service,No internet service,Month-to-month,Yes,Bank transfer (automatic),103.49,5177.72,No
2782-TELCO,Female,0,Yes,No,56,Yes,No,No,No,No,Yes,Yes,Yes,Yes,Month-to-month,No,Credit card (automatic),76.76,4289.12,No
2783-TELCO,Male,0,No,No,63,Yes,No,No,No,No internet service,No,Yes,Yes,No,Two year,No,Credit card (automatic),19.23,1219.73,No
2784-TELCO,Female,0,Yes,Yes,57,Yes,No,DSL,No,Yes,No,No,Yes,Yes,Two year,Yes,Bank transfer (automatic),86.84,4948.42,No
2785-TELCO,Female,0,No,Yes,45,Yes,No,DSL,Yes,No internet service,No,No,No,Yes,Two year,No,Electronic check,58.88,2648.42,No
2786-TELCO,Female,0,No,No,37,Yes,No,Fiber optic,No internet service,Yes,Yes,Yes,No,Yes,Month-to-month,Yes,Mailed check,91.81,3388.68,Yes
2787-TELCO,Female,1,No,No,72,Yes,No,No,No internet service,No internet service,No,No,Yes,Yes,Month-to-month,Yes,Mailed check,87.53,6302.66,No
2788-TELCO,Male,0,Yes,Yes,36,Yes,No,Fiber optic,No,No,Yes,No internet service,Yes,No,Month-to-month,Yes,Credit card (automatic),92.51,3332.11,Yes
2789-TELCO,Female,1,Yes,No,33,No,Yes,No,No,No internet service,No,Yes,Yes,No,Month-to-month,Yes,Mailed check,87.78,2895.88,Yes
2790-TELCO,Female,0,Yes,No,6,Yes,No,DSL,Yes,Yes,No,Yes,No internet service,No,One year,Yes,Credit card (automatic),20.31,129.61,No
2791-TELCO,Female,0,No,No,71,Yes,Yes,Fiber optic,No internet service,No,No internet service,Yes,Yes,Yes,Two year,Yes,Credit card (automatic),115.24,8174.22,No
2792-TELCO,Male,0,Yes,No,45,Yes,No,Fiber optic,Yes,No,No,No,No internet service,No internet service,Month-to-month,Yes,Electronic check,64.84,2911.49,No
2793-TELCO,Male,1,No,No,7,Yes,No,DSL,No,No,No,Yes,No internet service,No internet service,Month-to-month,Yes,Electronic check,107.82,752.24,Yes
2794-TELCO,Male,0,Yes,No,65,Yes,Yes,Fiber optic,No internet service,Yes,No,No,Yes,Yes,Two year,No,Electronic check,34.82,2265.48,No
2795-TELCO,Female,1,Yes,No,24,Yes,No,No,No,Yes,Yes,No internet service,No,No,Month-to-month,Yes,Bank transfer (automatic),54.14,1297.84,No
2796-TELCO,Female,1,Yes,Yes,45,Yes,Yes,No,No,Yes,No,Yes,No,No,Month-to-month,Yes,Credit card (automatic),116.13,5232.87,No
2797-TELCO,Male,0,No,No,61,Yes,No,DSL,Yes,Yes,Yes,No,No internet service,No internet service,One year,No,Bank transfer (automatic),106.2,6472.45,No
2798-TELCO,Female,0,No,No,19,Yes,No phone service,DSL,No,No,No,No,No,No internet service,One year,Yes,Credit card (automatic),98.4,1864.4,No
2799-TELCO,Male,0,Yes,No,32,Yes,Yes,Fiber optic,No,Yes,Yes,No,No,Yes,Two year,Yes,Credit card (automatic),47.42,1525.27,Yes
2800-TELCO,Male,0,Yes,Yes,30,Yes,No,DSL,Yes,No,No,No,No,No internet service,One year,Yes,Electronic check,89.13,2673.26,No
2801-TELCO,Female,0,No,No,65,Yes,No phone service,No,No,No,No,Yes,Yes,Yes,One year,No,Electronic check,42.48,2764.24,No
2802-TELCO,Female,0,Yes,Yes,32,Yes,Yes,DSL,No,Yes,No,No,Yes,No,Month-to-month,Yes,Electronic check,85.72,2740.55,Yes
2803-TELCO,Female,0,No,No,57,Yes,No phone service,Fiber optic,No,Yes,No,No internet service,No,Yes,One year,Yes,Credit card (automatic),115.45,6578.16,No
2804-TELCO,Female,0,No,Yes,20,Yes,No,Fiber optic,No,Yes,No,No,Yes,No,Two year,No,Bank transfer (automatic),53.41,1061.1,No
2805-TELCO,Male,0,No,No,30,Yes,Yes,Fiber optic,No,No,Yes,No internet service,Yes,No,Two year,Yes,Electronic check,67.33,2027.65,No
2806-TELCO,Male,0,No,No,59,Yes,No phone service,DSL,No,No,No internet service,No,No,No,One year,No,Electronic check,58.41,3452.72,No
2807-TELCO,Male,0,No,No,62,Yes,Yes,DSL,Yes,No,Yes,No,No internet service,Yes,One year,Yes,Credit card (automatic),28.27,1753.46,No
2808-TELCO,Male,0,No,Yes,67,Yes,Yes,Fiber optic,Yes,No internet service,Yes,No,No internet service,No internet service,Month-to-month,Yes,Mailed check,113.83,7617.39,No
2809-TELCO,Male,0,No,No,31,Yes,No,Fiber optic,No internet service,Yes,Yes,Yes,No internet service,Yes,Month-to-month,No,Bank transfer (automatic),57.14,1765.84,No
2810-TELCO,Female,0,No,No,66,Yes,No,Fiber optic,No,No,No,Yes,No,Yes,Two year,Yes,Electronic check,114.8,7570.63,No
2811-TELCO,Male,0,Yes,No,54,Yes,No,DSL,No,No,Yes,No,No internet service,No internet service,One year,Yes,Bank transfer (automatic),90.63,4894.76,No
2812-TELCO,Male,0,Yes,Yes,10,Yes,No,DSL,No,Yes,Yes,No internet service,No,No internet service,Month-to-month,Yes,Credit card (automatic),40.48,397.96,No
2813-TELCO,Male,0,Yes,Yes,38,Yes,Yes,Fiber optic,Yes,No internet service,No,Yes,No,No internet service,One year,No,Credit card (automatic),79.3,3012.05,No
2814-TELCO,Female,0,No,No,31,Yes,No,No,Yes,No internet service,No,No internet service,Yes,Yes,Month-to-month,Yes,Mailed check,27.39,842.98,Yes
2815-TELCO,Female,0,No,No,29,Yes,No,DSL,No,No,No,No internet service,No internet service,No,Two year,No,Bank transfer (automatic),37.91,1095.11,No
2816-TELCO,Female,1,Yes,Yes,25,Yes,No phone service,DSL,No,No,No,No,No,No,Month-to-month,No,Bank transfer (automatic),28.94,719.53,No
2817-TELCO,Female,0,Yes,No,32,Yes,Yes,DSL,No,No internet service,No internet service,No,No,No,Month-to-month,Yes,Mailed check,24.77,787.19,No
2818-TELCO,Male,0,Yes,No,17,No,No,DSL,Yes,No,No internet service,No,Yes,No,Month-to-month,Yes,Electronic check,80.43,1362.57,No
2819-TELCO,Male,0,No,Yes,45,Yes,Yes,DSL,Yes,No internet service,Yes,No,No,No,One year,Yes,Electronic check,45.34,2033.38,No
2820-TELCO,Female,0,No,No,49,Yes,Yes,Fiber optic,No,Yes,No,Yes,No internet service,Yes,Two year,Yes,Electronic check,94.34,4628.12,No
2821-TELCO,Female,0,No,No,18,Yes,No phone service,No,No,Yes,No,No,No,Yes,One year,No,Credit card (automatic),51.99,945.27,Yes
2822-TELCO,Male,0,Yes,No,52,Yes,No,DSL,No internet service,Yes,Yes,Yes,No internet service,No,Month-to-month,Yes,Credit card (automatic),105.74,5504.12,No
2823-TELCO,Male,0,No,No,20,Yes,No,Fiber optic,Yes,No,Yes,No internet service,No,Yes,Month-to-month,No,Mailed check,62.63,1249.93,Yes
2824-TELCO,Female,0,Yes,No,62,Yes,Yes,Fiber optic,No internet service,No internet service,No internet service,Yes,Yes,No,One year,Yes,Credit card (automatic),53.56,3325.85,No
2825-TELCO,Female,0,No,Yes,13,Yes,Yes,No,No internet service,No,No,No,Yes,No,One year,No,Bank transfer (automatic),22.34,281.68,Yes
2826-TELCO,Female,0,Yes,Yes,43,Yes,No phone service,No,No,No,No,No,Yes,No,Month-to-month,Yes,Credit card (automatic),91.65,3938.02,No
2827-TELCO,Female,1,No,Yes,21,Yes,No,No,No,No,Yes,No,Yes,Yes,Two year,Yes,Electronic check,116.38,2441.92,No
2828-TELCO,Male,0,Yes,No,6,Yes,No,Fiber optic,No internet service,Yes,No internet service,No internet service,No,No,Month-to-month,No,Bank transfer (automatic),44.43,256.84,Yes
2829-TELCO,Male,0,Yes,No,71,Yes,No,No,Yes,No,No,No,Yes,No,One year,No,Bank transfer (automatic),84.02,5974.42,No
2830-TELCO,Male,0,No,No,53,No,No,Fiber optic,No,No,No internet service,Yes,No internet service,No internet service,Two year,No,Credit card (automatic),86.04,4559.41,No
2831-TELCO,Female,0,Yes,Yes,52,No,No,DSL,Yes,No internet service,Yes,No,No internet service,No,One year,No,Credit card (automatic),62.53,3261.32,No
2832-TELCO,Female,0,Yes,No,69,Yes,No,No,No,No,No,No internet service,Yes,Yes,One year,No,Electronic check,52.73,3633.95,No
2833-TELCO,Male,0,No,No,9,Yes,No,Fiber optic,Yes,No,No,No,No,No,One year,Yes,Bank transfer (automatic),23.5,221.08,No
2834-TELCO,Male,0,No,No,46,Yes,No,DSL,No internet service,No internet service,Yes,No internet service,No,Yes,Month-to-month,Yes,Credit card (automatic),113.68,5231.54,No
2835-TELCO,Male,0,Yes,No,71,Yes,No,No,No,Yes,No,No,Yes,No,Two year,Yes,Mailed check,69.5,4932.82,No
2836-TELCO,Male,0,No,No,30,Yes,No,Fiber optic,No internet service,Yes,Yes,No,No internet service,No internet service,Month-to-month,Yes,Mailed check,49.0,1476.65,No
2837-TELCO,Female,0,No,No,43,Yes,No,DSL,Yes,No,No internet service,No,Yes,No,Month-to-month,No,Mailed check,106.85,4595.38,No
2838-TELCO,Male,0,Yes,Yes,59,Yes,No,Fiber optic,No,No,No,Yes,No,Yes,Two year,No,Electronic check,32.12,1901.62,No
2839-TELCO,Male,0,Yes,No,38,Yes,No,Fiber optic,No,No,Yes,No,Yes,No,One year,No,Credit card (automatic),88.63,3368.06,No
2840-TELCO,Male,0,Yes,No,34,Yes,No phone service,Fiber optic,No,Yes,No,No,No internet service,No internet service,One year,No,Mailed check,30.03,1019.39,No
2841-TELCO,Male,0,No,No,46,Yes,No,DSL,No internet service,No internet service,No,No internet service,No,No internet service,Two year,No,Electronic check,91.63,4217.14,No
2842-TELCO,Male,0,Yes,Yes,32,Yes,No phone service,No,No,No,No,No internet service,No internet service,No internet service,Month-to-month,Yes,Credit card (automatic),78.81,2527.05,Yes
2843-TELCO,Male,0,Yes,No,16,Yes,No,No,Yes,Yes,No internet service,Yes,Yes,No,Month-to-month,No,Credit card (automatic),75.55,1199.74,Yes
2844-TELCO,Male,0,No,Yes,39,Yes,No,DSL,No internet service,Yes,No internet service,No,Yes,No,Month-to-month,No,Mailed check,74.82,2916.04,Yes
2845-TELCO,Female,0,No,No,1,No,No,DSL,No,No internet service,No,No internet service,Yes,Yes,Two year,No,Credit card (automatic),62.2,55.58,No
2846-TELCO,Female,0,Yes,No,57,Yes,No,DSL,Yes,No,No,No,No internet service,No internet service,Month-to-month,No,Electronic check,108.27,6180.39,No
2847-TELCO,Female,0,No,No,20,Yes,No,No,No,No,No,Yes,Yes,Yes,Month-to-month,Yes,Credit card (automatic),21.96,448.64,No
2848-TELCO,Female,1,Yes,Yes,42,Yes,Yes,No,No,Yes,Yes,Yes,Yes,Yes,Month-to-month,No,Electronic check,106.39,4476.58,No
2849-TELCO,Male,0,Yes,No,72,Yes,No,Fiber optic,No,Yes,No internet service,No,No,No,One year,No,Credit card (automatic),60.99,4391.54,No
2850-TELCO,Female,0,No,No,34,Yes,No phone service,No,No,No,No internet service,No,Yes,Yes,One year,Yes,Credit card (automatic),51.3,1749.32,Yes
2851-TELCO,Female,0,No,Yes,50,Yes,No phone service,Fiber optic,No,No,No,Yes,No internet service,No,Month-to-month,Yes,Electronic check,78.14,3915.44,No
2852-TELCO,Male,0,Yes,No,11,Yes,No,Fiber optic,Yes,Yes,Yes,No,Yes,No,Month-to-month,Yes,Credit card (automatic),40.01,447.54,No
2853-TELCO,Male,0,No,Yes,43,Yes,No,Fiber optic,No,No internet service,Yes,Yes,No,No,Month-to-month,Yes,Credit card (automatic),63.02,2710.57,No
2854-TELCO,Female,0,No,No,10,Yes,No phone service,DSL,No,Yes,Yes,No,No,No,Month-to-month,No,Credit card (automatic),81.28,805.78,Yes
2855-TELCO,Female,1,Yes,No,8,Yes,No,DSL,No,No,Yes,No,Yes,Yes,One year,Yes,Bank transfer (automatic),55.82,454.76,Yes
2856-TELCO,Male,1,No,No,72,Yes,Yes,Fiber optic,Yes,No,No internet service,No,Yes,No,One year,Yes,Bank transfer (automatic),50.22,3622.25,No
2857-TELCO,Female,0,Yes,No,19,Yes,No phone service,DSL,No,No internet service,No internet service,No,No,No,Month-to-month,Yes,Electronic check,77.52,1470.91,Yes
2858-TELCO,Male,0,No,No,65,Yes,Yes,DSL,No internet service,No internet service,Yes,Yes,Yes,No internet service,Month-to-month,Yes,Mailed check,81.11,5271.43,No
2859-TELCO,Male,1,No,No,55,Yes,Yes,DSL,No internet service,Yes,No,Yes,Yes,No,Two year,Yes,Mailed check,49.71,2743.83,No
2860-TELCO,Male,0,Yes,Yes,52,Yes,Yes,Fiber optic,No,No,Yes,No,Yes,No,Month-to-month,No,Electronic check,83.43,4340.39,No
2861-TELCO,Male,0,Yes,No,3,Yes,Yes,No,Yes,Yes,Yes,No internet service,No internet service,No,Month-to-month,No,Electronic check,103.01,302.42,No
2862-TELCO,Female,0,Yes,No,53,Yes,No phone service,No,No,No,Yes,No,Yes,No,One year,No,Bank transfer (automatic),29.63,1563.66,No
2863-TELCO,Male,0,Yes,No,44,Yes,No,Fiber optic,Yes,No internet service,No,No internet service,No internet service,Yes,Two year,Yes,Electronic check,112.61,4946.14,No
2864-TELCO,Male,0,Yes,No,48,Yes,No,No,No,No,Yes,No internet service,Yes,No internet service,Month-to-month,No,Electronic check,25.02,1202.72,No
2865-TELCO,Female,0,Yes,Yes,54,Yes,No,Fiber optic,No,No,Yes,No internet service,No internet service,No internet service,Month-to-month,No,Bank transfer (automatic),70.94,3821.3,No
2866-TELCO,Male,0,No,No,16,Yes,No,DSL,No,Yes,No,No internet service,No,No internet service,Month-to-month,No,Credit card (automatic),108.97,1749.86,No
2867-TELCO,Female,0,Yes,No,30,Yes,Yes,Fiber optic,Yes,Yes,Yes,No,No,Yes,Month-to-month,Yes,Electronic check,43.95,1314.87,Yes
2868-TELCO,Female,0,No,No,28,No,No,DSL,No,Yes,No,No internet service,Yes,Yes,One year,Yes,Credit card (automatic),88.27,2468.41,No
2869-TELCO,Female,0,No,Yes,16,Yes,No,Fiber optic,No internet service,Yes,No internet service,No,Yes,No internet service,Month-to-month,Yes,Credit card (automatic),22.47,364.74,Yes
2870-TELCO,Male,0,Yes,No,51,Yes,Yes,DSL,No,Yes,Yes,No,No,Yes,Month-to-month,Yes,Bank transfer (automatic),66.54,3385.65,No
2871-TELCO,Female,0,No,Yes,33,Yes,No phone service,Fiber optic,No,No internet service,No internet service,No internet service,No,No,Month-to-month,Yes,Electronic check,81.16,2678.85,Yes
2872-TELCO,Female,0,Yes,No,25,Yes,No,DSL,Yes,Yes,No,Yes,No,Yes,One year,Yes,Credit card (automatic),72.47,1809.15,No
2873-TELCO,Male,1,Yes,No,18,Yes,No,DSL,No,Yes,No,No internet service,Yes,No,One year,No,Electronic check,36.12,642.18,Yes
2874-TELCO,Female,1,No,No,26,Yes,Yes,No,No,No,Yes,No,No,No internet service,One year,No,Bank transfer (automatic),20.41,526.61,Yes
2875-TELCO,Female,0,Yes,No,6,Yes,No,DSL,No,No internet service,No,Yes,No,No,Two year,No,Bank transfer (automatic),63.31,382.44,No
2876-TELCO,Female,0,No,No,38,Yes,Yes,Fiber optic,No,No,No,No internet service,Yes,Yes,One year,No,Credit card (automatic),36.39,1386.08,No
2877-TELCO,Female,0,No,No,44,Yes,No,DSL,No,Yes,Yes,No,No internet service,No,Two year,Yes,Credit card (automatic),54.98,2411.64,No
2878-TELCO,Female,0,No,No,67,Yes,Yes,DSL,No,No,No,No internet service,No internet service,Yes,Month-to-month,Yes,Electronic check,102.73,6891.68,No
2879-TELCO,Male,1,No,No,43,Yes,No,Fiber optic,Yes,No,No,Yes,Yes,Yes,Two year,No,Electronic check,73.41,3150.3,No
2880-TELCO,Female,1,No,No,6,Yes,Yes,Fiber optic,No,No internet service,No,No internet service,No,No internet service,Month-to-month,No,Mailed check,26.46,162.02,Yes
2881-TELCO,Female,0,Yes,No,64,Yes,Yes,DSL,No internet service,No internet service,Yes,No,No,No internet service,Two year,No,Credit card (automatic),90.34,5778.27,No
2882-TELCO,Male,0,Yes,No,13,Yes,No,No,No,Yes,No,Yes,Yes,No,Two year,Yes,Bank transfer (automatic),63.48,829.29,No
2883-TELCO,Male,0,No,Yes,65,Yes,No,Fiber optic,Yes,No,Yes,Yes,No,No,One year,Yes,Credit card (automatic),22.33,1457.71,No
2884-TELCO,Male,0,Yes,No,38,Yes,No,DSL,No internet service,No,Yes,No,Yes,No internet service,One year,No,Electronic check,90.78,3441.25,No
2885-TELCO,Female,0,Yes,No,64,Yes,No,DSL,Yes,No internet service,No,No internet service,Yes,Yes,One year,Yes,Electronic check,107.27,6871.22,No
2886-TELCO,Male,0,Yes,Yes,14,Yes,Yes,Fiber optic,No,Yes,No,No,No internet service,Yes,Month-to-month,No,Electronic check,93.28,1298.34,No
2887-TELCO,Female,0,No,No,17,Yes,No,Fiber optic,Yes,No,No,No,No,No,Month-to-month,No,Electronic check,116.55,1981.73,Yes
2888-TELCO,Female,0,Yes,No,13,Yes,Yes,DSL,No internet service,No,No internet service,No internet service,Yes,Yes,One year,Yes,Credit card (automatic),34.07,439.67,No
2889-TELCO,Male,0,No,No,6,Yes,Yes,Fiber optic,No,No,No internet service,No internet service,No,Yes,Month-to-month,Yes,Credit card (automatic),74.99,446.08,No
2890-TELCO,Male,0,Yes,Yes,6,No,No,DSL,No,No,Yes,No internet service,No internet service,No,Month-to-month,Yes,Credit card (automatic),27.53,158.22,Yes
2891-TELCO,Female,0,Yes,No,37,Yes,No,DSL,No,No,No,No,Yes,No,Month-to-month,Yes,Mailed check,116.31,4307.0,No
2892-TELCO,Male,0,Yes,Yes,57,Yes,No,DSL,Yes,No internet service,No,Yes,No,Yes,Two year,No,Mailed check,39.87,2268.64,Yes
2893-TELCO,Female,0,Yes,Yes,53,Yes,No,No,No,No internet service,No internet service,No,No internet service,No,One year,Yes,Electronic check,112.92,5984.87,No
2894-TELCO,Male,0,No,No,46,No,No,Fiber optic,No,No,No internet service,No internet service,No internet service,No,Two year,Yes,Mailed check,64.28,2947.18,No
2895-TELCO,Male,1,Yes,Yes,4,Yes,No,No,No internet service,No,No,No,No,Yes,Month-to-month,No,Electronic check,98.0,394.09,Yes
2896-TELCO,Male,0,Yes,No,34,Yes,Yes,DSL,No internet service,No internet service,No,No,No internet service,No,Month-to-month,Yes,Bank transfer (automatic),114.19,3886.0,No
2897-TELCO,Female,0,No,Yes,66,Yes,No,DSL,No internet service,Yes,Yes,No,Yes,No internet service,Month-to-month,No,Electronic check,41.65,2740.15,No
2898-TELCO,Male,0,No,No,63,Yes,No,DSL,No,Yes,Yes,No,Yes,No,Month-to-month,Yes,Mailed check,100.24,6315.77,No
2899-TELCO,Female,0,Yes,No,61,Yes,No,Fiber optic,No,No internet service,No,No internet service,Yes,No,One year,No,Credit card (automatic),107.64,6570.33,No
2900-TELCO,Female,1,Yes,No,42,No,Yes,DSL,No,No,Yes,Yes,Yes,Yes,Month-to-month,No,Credit card (automatic),73.68,3087.39,No
2901-TELCO,Female,0,No,No,64,Yes,No,DSL,No,Yes,Yes,No,Yes,Yes,Month-to-month,Yes,Bank transfer (automatic),86.01,5495.52,No
2902-TELCO,Female,1,No,No,17,Yes,No,DSL,No,No internet service,No internet service,No,No internet service,Yes,Two year,Yes,Electronic check,62.8,1061.47,No
2903-TELCO,Male,0,Yes,No,61,Yes,Yes,No,No internet service,No internet service,No internet service,No internet service,No internet service,No,Month-to-month,Yes,Electronic check,60.99,3717.42,No
2904-TELCO,Female,1,Yes,No,30,Yes,Yes,Fiber optic,No internet service,No internet service,Yes,No,Yes,No,Month-to-month,Yes,Electronic check,34.27,1026.63,No
2905-TELCO,Female,0,Yes,No,43,Yes,Yes,DSL,Yes,Yes,No internet service,No,No internet service,No,Month-to-month,No,Mailed check,87.49,3753.53,No
2906-TELCO,Male,1,Yes,No,7,Yes,Yes,Fiber optic,No internet service,Yes,No internet service,No,No,Yes,One year,Yes,Mailed check,35.02,254.73,No
2907-TELCO,Female,0,No,No,46,No,No,Fiber optic,No,No,No,No,Yes,Yes,Month-to-month,Yes,Electronic check,36.53,1684.17,No
2908-TELCO,Male,0,No,No,23,Yes,Yes,DSL,No,No,No,Yes,No,No,Two year,No,Credit card (automatic),68.77,1574.38,No
2909-TELCO,Female,0,Yes,No,36,Yes,No,DSL,No,No internet service,No internet service,Yes,No,No internet service,Month-to-month,Yes,Bank transfer (automatic),64.29,2320.39,No
2910-TELCO,Male,1,No,No,14,Yes,No phone service,No,No internet service,No internet service,Yes,Yes,Yes,No,Month-to-month,Yes,Mailed check,83.52,1165.68,Yes
2911-TELCO,Female,0,Yes,Yes,20,Yes,Yes,DSL,No,No internet service,No internet service,Yes,No internet service,No,Month-to-month,Yes,Credit card (automatic),70.73,1412.1,No
2912-TELCO,Male,0,Yes,No,56,Yes,No,No,Yes,Yes,Yes,No,No,No,Month-to-month,Yes,Mailed check,49.93,2787.53,No
2913-TELCO,Female,1,Yes,No,32,Yes,No,DSL,No,No,No,No,No,No internet service,Month-to-month,Yes,Credit card (automatic),24.07,768.7,No
2914-TELCO,Female,0,Yes,No,25,Yes,No,Fiber optic,No internet service,No internet service,Yes,No,No internet service,Yes,Month-to-month,Yes,Mailed check,77.42,1927.06,No
2915-TELCO,Male,0,No,No,49,Yes,No,DSL,No internet service,Yes,No,Yes,No internet service,No internet service,Month-to-month,Yes,Bank transfer (automatic),67.38,3305.23,Yes
2916-TELCO,Male,0,Yes,Yes,57,Yes,No,Fiber optic,Yes,Yes,No internet service,No internet service,Yes,No internet service,Two year,Yes,Electronic check,26.38,1500.53,Yes
2917-TELCO,Male,0,Yes,No,27,Yes,Yes,No,No,No,Yes,No internet service,Yes,No internet service,Month-to-month,Yes,Electronic check,88.51,2385.7,No
2918-TELCO,Male,1,No,No,27,Yes,Yes,Fiber optic,Yes,Yes,No,No,Yes,No internet service,Month-to-month,Yes,Bank transfer (automatic),43.86,1187.19,Yes
2919-TELCO,Female,0,No,No,46,Yes,No phone service,DSL,No,No internet service,No internet service,Yes,Yes,No,Month-to-month,Yes,Mailed check,21.7,1001.96,No
2920-TELCO,Female,0,No,No,45,Yes,Yes,DSL,No,Yes,No internet service,No,No internet service,Yes,Month-to-month,No,Electronic check,19.36,873.98,Yes
2921-TELCO,Male,1,No,No,26,Yes,No,No,No,No,No internet service,No,No internet service,No internet service,Two year,Yes,Electronic check,72.49,1890.51,No
2922-TELCO,Female,0,Yes,No,14,No,No phone service,Fiber optic,Yes,No internet service,No,No,Yes,Yes,Month-to-month,Yes,Bank transfer (automatic),111.55,1564.47,No
2923-TELCO,Male,0,No,No,48,Yes,Yes,DSL,No,No internet service,No,No,No internet service,No,One year,No,Bank transfer (automatic),103.45,4974.5,No
2924-TELCO,Male,0,No,No,15,Yes,Yes,No,No internet service,No,No,Yes,Yes,No,Two year,Yes,Bank transfer (automatic),28.47,428.37,No
2925-TELCO,Female,0,No,No,51,Yes,No,Fiber optic,No,No internet service,No,No,No,Yes,Month-to-month,No,Bank transfer (automatic),50.24,2569.94,No
2926-TELCO,Female,0,No,No,54,Yes,No,DSL,Yes,No internet service,Yes,Yes,Yes,No,One year,No,Credit card (automatic),49.72,2694.1,No
2927-TELCO,Female,1,Yes,No,11,Yes,No,Fiber optic,Yes,No internet service,Yes,No internet service,Yes,No internet service,One year,Yes,Credit card (automatic),103.94,1136.61,No
2928-TELCO,Female,0,No,Yes,28,Yes,Yes,Fiber optic,Yes,No,Yes,No internet service,No,Yes,One year,No,Mailed check,98.67,2766.3,Yes
2929-TELCO,Female,0,Yes,Yes,55,Yes,No,No,Yes,No,No,No internet service,No,Yes,Two year,No,Bank transfer (automatic),115.29,6344.07,No
2930-TELCO,Female,0,Yes,Yes,69,Yes,No,Fiber optic,No internet service,No,Yes,Yes,Yes,No,Two year,No,Bank transfer (automatic),70.57,4876.72,No
2931-TELCO,Female,0,Yes,No,72,Yes,Yes,No,No,No,Yes,No,No internet service,Yes,Month-to-month,Yes,Electronic check,19.65,1411.54,No
2932-TELCO,Male,1,No,No,26,Yes,No,No,Yes,No internet service,Yes,No,No internet service,No internet service,Month-to-month,Yes,Credit card (automatic),108.92,2829.8,No
2933-TELCO,Male,1,Yes,No,70,Yes,Yes,Fiber optic,Yes,No,No,Yes,Yes,No internet service,Month-to-month,Yes,Credit card (automatic),21.84,1519.74,No
2934-TELCO,Male,0,No,No,32,Yes,Yes,DSL,No internet service,No internet service,No internet service,No,No,No,Month-to-month,No,Electronic check,101.83,3263.89,Yes
2935-TELCO,Male,0,Yes,No,48,Yes,No,No,No,Yes,No,No,Yes,Yes,Month-to-month,No,Mailed check,70.39,3374.05,No
2936-TELCO,Male,0,No,No,12,Yes,Yes,Fiber optic,No,No,No,No internet service,Yes,No,Two year,Yes,Electronic check,115.3,1392.18,No
2937-TELCO,Female,0,Yes,Yes,70,Yes,No,No,No,Yes,Yes,Yes,No internet service,No,One year,Yes,Credit card (automatic),42.64,2988.06,No
2938-TELCO,Male,0,No,No,61,Yes,Yes,DSL,Yes,No,No,No,Yes,No,Two year,Yes,Electronic check,69.77,4252.62,No
2939-TELCO,Male,0,No,Yes,34,Yes,No,No,No internet service,No,No,No internet service,No internet service,No internet service,Two year,Yes,Bank transfer (automatic),19.61,673.11,No
2940-TELCO,Male,0,Yes,Yes,45,No,Yes,No,Yes,No internet service,Yes,No,No,No internet service,Two year,Yes,Bank transfer (automatic),78.64,3545.15,No
2941-TELCO,Male,0,Yes,Yes,60,Yes,No,No,No,Yes,No internet service,No,Yes,Yes,Month-to-month,No,Electronic check,25.04,1495.63,No
2942-TELCO,Male,0,No,Yes,65,Yes,No,DSL,Yes,Yes,No internet service,Yes,No internet service,No,One year,No,Bank transfer (automatic),24.82,1614.14,No
2943-TELCO,Male,0,No,Yes,71,Yes,No,Fiber optic,No,No internet service,No internet service,No internet service,No,No,Month-to-month,Yes,Electronic check,91.48,6485.28,No
2944-TELCO,Male,0,No,No,13,Yes,No,DSL,No internet service,No internet service,No,Yes,No,No internet service,One year,No,Bank transfer (automatic),36.87,476.19,No
2945-TELCO,Female,0,Yes,Yes,48,Yes,No,DSL,No,Yes,No internet service,No internet service,No,No,Two year,Yes,Electronic check,116.52,5596.85,No
2946-TELCO,Female,0,No,No,49,Yes,No,DSL,No,Yes,Yes,No,Yes,No,Month-to-month,Yes,Mailed check,58.08,2842.52,No
2947-TELCO,Male,1,Yes,Yes,58,Yes,No,No,No,Yes,No,No internet service,No,No,Month-to-month,No,Electronic check,66.83,3868.82,Yes
2948-TELCO,Female,0,No,Yes,70,Yes,No,Fiber optic,Yes,No,No internet service,No,Yes,Yes,Month-to-month,Yes,Bank transfer (automatic),49.88,3493.15,No
2949-TELCO,Female,0,No,No,61,Yes,No,DSL,No internet service,No,Yes,No internet service,No,Yes,Two year,No,Bank transfer (automatic),46.23,2829.26,No
2950-TELCO,Female,0,Yes,No,26,Yes,No,No,No,No,Yes,No,No,Yes,Month-to-month,Yes,Mailed check,106.11,2757.12,No
2951-TELCO,Female,1,No,No,39,Yes,No phone service,Fiber optic,No,No,Yes,No internet service,Yes,Yes,Month-to-month,Yes,Electronic check,108.01,4220.75,Yes
2952-TELCO,Male,1,No,No,58,Yes,No,No,No,No,No internet service,Yes,No,Yes,One year,Yes,Bank transfer (automatic),39.23,2283.45,No
2953-TELCO,Female,0,No,No,27,Yes,Yes,No,Yes,Yes,No,No,No internet service,No internet service,Month-to-month,Yes,Electronic check,22.22,603.31,Yes
2954-TELCO,Female,0,Yes,No,40,Yes,No,Fiber optic,No internet service,No,No,No internet service,No,Yes,Two year,Yes,Mailed check,46.14,1837.01,No
2955-TELCO,Female,1,Yes,No,31,Yes,Yes,DSL,No,No internet service,No,Yes,Yes,No internet service,Month-to-month,Yes,Credit card (automatic),101.14,3138.42,No
2956-TELCO,Male,0,No,No,3,No,No phone service,No,No,No internet service,No internet service,No,No,Yes,One year,Yes,Credit card (automatic),68.29,206.69,Yes
2957-TELCO,Male,0,Yes,Yes,15,Yes,Yes,DSL,No internet service,No internet service,No internet service,No,No,Yes,Two year,Yes,Electronic check,97.52,1464.43,No
2958-TELCO,Male,0,Yes,No,54,Yes,No,Fiber optic,Yes,No,Yes,No,No,No internet service,Month-to-month,No,Electronic check,101.98,5503.69,No
2959-TELCO,Male,0,No,No,70,Yes,No,No,Yes,Yes,No,No,No,No internet service,Month-to-month,No,Bank transfer (automatic),100.59,7046.31,No
2960-TELCO,Male,0,Yes,No,11,Yes,No,DSL,No,Yes,No internet service,Yes,No,Yes,One year,Yes,Electronic check,76.81,852.57,No
2961-TELCO,Male,0,No,No,30,Yes,No,Fiber optic,Yes,No,No,Yes,No internet service,Yes,One year,No,Mailed check,35.39,1065.2,Yes
2962-TELCO,Male,0,Yes,Yes,35,Yes,No,Fiber optic,No,Yes,No,Yes,No internet service,Yes,Month-to-month,No,Mailed check,81.73,2853.51,No
2963-TELCO,Female,1,Yes,No,43,Yes,Yes,DSL,No,Yes,No internet service,No,No,No,Month-to-month,Yes,Credit card (automatic),48.75,2101.94,No
2964-TELCO,Female,0,No,Yes,61,Yes,No phone service,DSL,Yes,Yes,No,Yes,No,Yes,Month-to-month,Yes,Electronic check,95.06,5791.79,No
2965-TELCO,Female,0,No,No,40,Yes,Yes,No,Yes,No internet service,No,No,No,Yes,One year,Yes,Credit card (automatic),38.82,1558.8,No
2966-TELCO,Male,0,No,Yes,42,Yes,Yes,DSL,Yes,Yes,No,No,Yes,No internet service,Month-to-month,No,Credit card (automatic),83.2,3496.56,No
2967-TELCO,Male,0,No,Yes,42,Yes,No,No,Yes,Yes,No internet service,No,Yes,No internet service,Two year,Yes,Bank transfer (automatic),26.87,1125.39,No
2968-TELCO,Male,0,No,No,3,Yes,No,Fiber optic,Yes,No internet service,Yes,No,Yes,No internet service,Month-to-month,Yes,Mailed check,98.85,297.88,Yes
2969-TELCO,Male,1,Yes,No,21,Yes,No,Fiber optic,Yes,No,Yes,No,No internet service,No,Two year,No,Electronic check,49.88,1053.95,Yes
2970-TELCO,Male,0,Yes,Yes,53,Yes,No phone service,No,No,Yes,No internet service,Yes,No,Yes,Month-to-month,No,Bank transfer (automatic),116.0,6148.23,No
2971-TELCO,Female,0,Yes,No,44,Yes,No phone service,Fiber optic,No internet service,No internet service,No,No internet service,Yes,No,Two year,Yes,Bank transfer (automatic),64.49,2837.09,No
2972-TELCO,Female,0,No,Yes,46,No,No,Fiber optic,Yes,Yes,No,Yes,No,No internet service,Two year,Yes,Bank transfer (automatic),44.1,2022.85,No
2973-TELCO,Male,0,Yes,Yes,37,Yes,No phone service,DSL,No,No internet service,No,No,Yes,Yes,Month-to-month,No,Electronic check,30.87,1139.51,Yes
2974-TELCO,Male,1,Yes,Yes,38,Yes,No,Fiber optic,Yes,No,No,Yes,Yes,No internet service,Month-to-month,Yes,Credit card (automatic),117.43,4462.74,No
2975-TELCO,Male,0,Yes,No,38,No,No,Fiber optic,No,Yes,No,No,No,Yes,Month-to-month,Yes,Electronic check,58.42,2212.25,No
2976-TELCO,Male,1,Yes,No,11,Yes,Yes,DSL,No internet service,No,No,No,No,Yes,Month-to-month,Yes,Electronic check,85.3,942.55,No
2977-TELCO,Female,0,Yes,No,45,Yes,Yes,Fiber optic,No,No,No,Yes,No internet service,Yes,One year,No,Mailed check,50.51,2280.85,Yes
2978-TELCO,Male,0,No,No,64,Yes,No,Fiber optic,Yes,No,No,Yes,Yes,No internet service,Month-to-month,No,Bank transfer (automatic),40.95,2626.61,Yes
2979-TELCO,Male,0,Yes,Yes,44,Yes,No,No,No,No internet service,Yes,Yes,No,Yes,One year,Yes,Bank transfer (automatic),75.67,3329.21,No
2980-TELCO,Male,0,No,No,62,Yes,No,Fiber optic,No internet service,Yes,No,No,No,Yes,Month-to-month,Yes,Bank transfer (automatic),58.02,3587.4,No
2981-TELCO,Male,0,No,No,61,Yes,No,No,No,No,No,No,No internet service,No,Month-to-month,Yes,Bank transfer (automatic),66.6,4061.72,No
2982-TELCO,Female,0,Yes,Yes,12,Yes,No,Fiber optic,Yes,No internet service,No,Yes,No,No internet service,Two year,Yes,Bank transfer (automatic),89.14,1062.16,No
2983-TELCO,Male,0,No,No,9,Yes,No,No,No internet service,No,No internet service,Yes,Yes,Yes,Month-to-month,Yes,Electronic check,46.64,424.6,Yes
2984-TELCO,Male,0,Yes,No,67,No,No,Fiber optic,No,No,Yes,No,Yes,No,One year,Yes,Bank transfer (automatic),33.75,2253.79,No
2985-TELCO,Female,0,No,No,2,Yes,Yes,Fiber optic,No internet service,Yes,No,No internet service,Yes,No internet service,Month-to-month,Yes,Credit card (automatic),72.27,137.0,No
2986-TELCO,Female,0,No,No,8,Yes,Yes,Fiber optic,Yes,No,Yes,No,No internet service,No internet service,One year,No,Electronic check,29.92,239.62,No
2987-TELCO,Female,1,No,No,43,No,Yes,Fiber optic,No,No,No,No,No,No internet service,Two year,No,Credit card (automatic),86.18,3700.56,No
2988-TELCO,Male,0,No,No,18,Yes,No,No,No,Yes,No,No,Yes,No internet service,One year,Yes,Electronic check,77.67,1392.89,No
2989-TELCO,Male,0,Yes,No,52,Yes,Yes,DSL,No,Yes,No,Yes,No,Yes,Month-to-month,No,Bank transfer (automatic),41.8,2182.79,No
2990-TELCO,Female,0,Yes,Yes,39,Yes,No,DSL,Yes,No,Yes,No internet service,Yes,Yes,Month-to-month,Yes,Bank transfer (automatic),45.32,1763.36,No
2991-TELCO,Female,0,No,No,31,Yes,Yes,No,No,Yes,No internet service,Yes,No,No internet service,Two year,No,Electronic check,36.96,1154.15,No
2992-TELCO,Female,0,Yes,Yes,14,Yes,Yes,Fiber optic,No,No,No,No,Yes,No,Month-to-month,Yes,Mailed check,107.86,1504.69,Yes
2993-TELCO,Female,0,Yes,Yes,64,Yes,Yes,DSL,No,No,No,No internet service,No internet service,Yes,Two year,No,Credit card (automatic),50.25,3223.97,No
2994-TELCO,Female,0,Yes,No,44,Yes,Yes,Fiber optic,No,Yes,No,No,No internet service,No,Two year,Yes,Credit card (automatic),109.78,4824.39,No
2995-TELCO,Female,1,No,No,60,Yes,No,Fiber optic,No,No,No,Yes,No internet service,Yes,One year,Yes,Mailed check,20.51,1224.09,No
2996-TELCO,Male,0,Yes,No,2,Yes,No,Fiber optic,No,No,No internet service,No,Yes,No,Two year,No,Mailed check,57.71,110.97,Yes
2997-TELCO,Male,0,No,No,32,Yes,Yes,No,Yes,No internet service,No,No internet service,No internet service,Yes,One year,No,Electronic check,109.2,3492.83,No
2998-TELCO,Male,0,Yes,Yes,36,Yes,Yes,Fiber optic,No,No internet service,No,No internet service,Yes,No,Month-to-month,No,Mailed check,90.26,3243.53,No
2999-TELCO,Female,0,Yes,No,55,Yes,Yes,Fiber optic,Yes,No internet service,No internet service,No,No internet service,No internet service,Month-to-month,Yes,Bank transfer (automatic),24.34,1341.03,No
3000-TELCO,Female,0,No,Yes,63,Yes,No,No,No internet service,No,Yes,No,Yes,No,One year,No,Mailed check,67.99,4282.73,No
3001-TELCO,Female,0,Yes,No,69,Yes,No,No,No,No internet service,No,No,Yes,No,One year,No,Bank transfer (automatic),31.06,2143.92,No
3002-TELCO,Female,0,No,No,40,Yes,No phone service,DSL,No,No internet service,No,No,No internet service,Yes,Month-to-month,Yes,Credit card (automatic),32.5,1303.29,No
3003-TELCO,Female,0,Yes,Yes,24,Yes,Yes,Fiber optic,No internet service,No,Yes,No internet service,Yes,Yes,Month-to-month,Yes,Electronic check,62.85,1507.64,No
3004-TELCO,Female,0,Yes,No,58,Yes,No phone service,Fiber optic,Yes,No,No internet service,Yes,No,No,One year,Yes,Bank transfer (automatic),106.22,6152.65,No
3005-TELCO,Male,0,Yes,No,28,Yes,No,No,No,Yes,Yes,No,Yes,No,One year,No,Mailed check,54.86,1533.15,Yes
3006-TELCO,Male,0,No,No,62,Yes,Yes,No,No,Yes,No,No internet service,No,Yes,Two year,No,Electronic check,87.05,5397.46,No
3007-TELCO,Female,0,No,No,25,Yes,No,Fiber optic,No internet service,No,Yes,No internet service,No,No internet service,Two year,No,Electronic check,41.09,1020.83,Yes
3008-TELCO,Male,1,No,Yes,7,Yes,Yes,No,No internet service,No,No internet service,Yes,No,No,Two year,Yes,Electronic check,58.78,411.32,No
3009-TELCO,Female,1,Yes,Yes,38,Yes,Yes,Fiber optic,No,Yes,Yes,Yes,Yes,No,One year,No,Credit card (automatic),29.85,1126.76,No
3010-TELCO,Male,0,No,Yes,71,Yes,No phone service,No,Yes,Yes,Yes,No,No internet service,Yes,Month-to-month,Yes,Bank transfer (automatic),31.79,2254.14,No
3011-TELCO,Female,0,No,Yes,45,No,No,No,Yes,No internet service,Yes,No,No,No internet service,Month-to-month,Yes,Credit card (automatic),83.91,3782.73,No
3012-TELCO,Female,0,No,No,32,Yes,Yes,No,Yes,No,No,No,Yes,No internet service,Two year,No,Bank transfer (automatic),19.43,612.7,No
3013-TELCO,Male,1,No,No,32,Yes,No,No,No,No,No,Yes,Yes,No,Two year,No,Mailed check,89.98,2870.09,No
3014-TELCO,Male,0,No,No,1,Yes,No,Fiber optic,No,No,Yes,No,No internet service,Yes,Two year,Yes,Mailed check,105.11,103.09,No
3015-TELCO,Female,0,Yes,No,45,Yes,Yes,DSL,No,No,Yes,No internet service,Yes,Yes,Two year,Yes,Mailed check,43.77,1977.94,Yes
3016-TELCO,Female,0,No,No,64,Yes,No,Fiber optic,No,Yes,Yes,Yes,No internet service,No,Two year,No,Credit card (automatic),106.08,6791.41,No
3017-TELCO,Male,1,Yes,No,68,No,No,No,No internet service,No,No,Yes,No internet service,Yes,Two year,Yes,Mailed check,91.85,6249.54,No
3018-TELCO,Male,0,No,No,7,Yes,No phone service,No,Yes,Yes,Yes,No internet service,Yes,Yes,Two year,Yes,Electronic check,101.03,708.34,No
3019-TELCO,Female,1,Yes,No,38,Yes,No,DSL,No internet service,No internet service,No,No,No internet service,Yes,Two year,Yes,Bank transfer (automatic),97.33,3704.04,No
3020-TELCO,Male,0,Yes,No,70,Yes,No,DSL,Yes,Yes,Yes,No internet service,Yes,Yes,One year,Yes,Mailed check,18.4,1286.15,No
3021-TELCO,Female,0,Yes,Yes,53,Yes,No,Fiber optic,Yes,Yes,No internet service,No,Yes,No internet service,Month-to-month,Yes,Electronic check,86.44,4586.3,No
3022-TELCO,Female,0,Yes,No,30,Yes,No,Fiber optic,No internet service,No,Yes,No,No,No,One year,No,Credit card (automatic),63.41,1910.98,No
3023-TELCO,Female,0,Yes,Yes,22,Yes,Yes,DSL,No,No,No,No internet service,No,Yes,Month-to-month,Yes,Mailed check,117.59,2583.88,Yes
3024-TELCO,Female,0,No,No,58,Yes,No,No,No internet service,No,No internet service,No,Yes,No,Two year,No,Electronic check,76.58,4439.85,No
3025-TELCO,Male,0,No,No,55,Yes,Yes,DSL,No,Yes,No internet service,No,No,Yes,Month-to-month,Yes,Bank transfer (automatic),78.93,4334.65,No
3026-TELCO,Male,1,No,Yes,46,Yes,No,Fiber optic,No internet service,No,No,No internet service,No,No internet service,Month-to-month,Yes,Credit card (automatic),118.71,5453.01,No
3027-TELCO,Male,0,No,No,26,Yes,No,DSL,Yes,Yes,No,No internet service,Yes,No,One year,No,Mailed check,45.19,1179.93,Yes
3028-TELCO,Male,0,Yes,No,64,Yes,Yes,No,No,No,Yes,No,No,No,Two year,Yes,Electronic check,95.72,6127.84,No
3029-TELCO,Male,0,No,No,9,Yes,No,Fiber optic,No internet service,Yes,Yes,No internet service,No,Yes,Month-to-month,No,Electronic check,23.82,218.7,Yes
3030-TELCO,Male,1,Yes,No,15,Yes,No,Fiber optic,No,No internet service,No internet service,Yes,Yes,No,Month-to-month,No,Credit card (automatic),67.67,1008.41,Yes
3031-TELCO,Male,0,No,Yes,19,Yes,No,Fiber optic,Yes,No internet service,No,Yes,No,No,One year,Yes,Mailed check,81.53,1554.21,No
3032-TELCO,Female,1,Yes,No,16,Yes,No,DSL,Yes,No internet service,No,Yes,Yes,No,One year,Yes,Credit card (automatic),39.03,620.76,No
3033-TELCO,Male,1,Yes,No,25,Yes,No,No,No internet service,No internet service,No,No,No,Yes,Two year,Yes,Bank transfer (automatic),65.93,1650.65,No
3034-TELCO,Male,0,Yes,Yes,51,Yes,No phone service,No,No,Yes,No internet service,No,Yes,Yes,Two year,Yes,Mailed check,64.14,3278.09,No
3035-TELCO,Female,0,Yes,No,46,Yes,No,No,No,No,No,No,No,Yes,Month-to-month,Yes,Bank transfer (automatic),46.52,2142.23,Yes
3036-TELCO,Male,0,Yes,No,7,Yes,Yes,DSL,No internet service,Yes,Yes,No internet service,No internet service,Yes,Month-to-month,Yes,Electronic check,79.38,549.09,Yes
3037-TELCO,Male,0,Yes,Yes,34,Yes,Yes,DSL,No internet service,Yes,No,Yes,No,Yes,Two year,No,Electronic check,86.29,2933.86,No
3038-TELCO,Female,1,No,No,58,Yes,No phone service,Fiber optic,No,Yes,Yes,No,Yes,Yes,One year,No,Electronic check,27.05,1563.96,No
3039-TELCO,Male,0,No,Yes,23,Yes,Yes,DSL,No internet service,No,No,No,No internet service,No internet service,Month-to-month,No,Credit card (automatic),33.82,778.92,Yes
3040-TELCO,Male,0,Yes,No,23,Yes,No,No,No,No,No internet service,No,Yes,No,Two year,No,Bank transfer (automatic),114.44,2623.7,No
3041-TELCO,Male,0,Yes,No,17,Yes,No,Fiber optic,No,No internet service,No internet service,No,Yes,No internet service,Two year,No,Credit card (automatic),22.21,387.22,No
3042-TELCO,Female,0,No,Yes,13,Yes,Yes,DSL,Yes,No,Yes,No,No,Yes,One year,No,Bank transfer (automatic),29.16,381.49,Yes
3043-TELCO,Male,1,Yes,No,27,Yes,No,DSL,Yes,No,Yes,No,Yes,No internet service,Month-to-month,Yes,Mailed check,99.91,2695.2,No
3044-TELCO,Male,0,No,Yes,66,Yes,No,No,No internet service,No,No,No internet service,No internet service,No internet service,Month-to-month,Yes,Credit card (automatic),99.55,6567.2,No
3045-TELCO,Female,0,Yes,No,30,Yes,No,No,No,No internet service,No,No internet service,No,No,Month-to-month,Yes,Bank transfer (automatic),114.15,3426.12,Yes
3046-TELCO,Male,0,No,No,4,Yes,No,DSL,No,No internet service,Yes,No,No,No,Month-to-month,Yes,Credit card (automatic),105.29,424.6,Yes
3047-TELCO,Female,0,No,No,67,Yes,No phone service,DSL,No,No,No,Yes,Yes,No,Two year,Yes,Electronic check,40.0,2674.69,No
3048-TELCO,Female,0,No,Yes,14,Yes,Yes,Fiber optic,No,Yes,Yes,No internet service,No internet service,Yes,Month-to-month,Yes,Mailed check,86.64,1213.98,No
3049-TELCO,Male,0,No,No,11,Yes,No,DSL,Yes,Yes,No,No,No internet service,Yes,Month-to-month,No,Mailed check,38.14,426.68,Yes
3050-TELCO,Female,0,Yes,No,40,Yes,No,No,No,No,No internet service,No internet service,No internet service,Yes,Month-to-month,Yes,Electronic check,101.1,4050.21,No
3051-TELCO,Female,0,Yes,No,3,Yes,No phone service,Fiber optic,No,Yes,No,Yes,Yes,No internet service,Month-to-month,No,Bank transfer (automatic),70.73,205.88,Yes
3052-TELCO,Male,0,No,No,1,Yes,Yes,No,No internet service,No internet service,Yes,No internet service,No,No,Month-to-month,Yes,Credit card (automatic),64.86,62.52,Yes
3053-TELCO,Female,0,No,Yes,9,Yes,No,No,No,No,No internet service,No,Yes,Yes,Two year,Yes,Credit card (automatic),68.58,623.04,No
3054-TELCO,Female,0,Yes,No,1,Yes,No,Fiber optic,No,No,No,No,Yes,No,Two year,Yes,Credit card (automatic),20.7,16.88,No
3055-TELCO,Male,0,No,No,16,Yes,Yes,Fiber optic,No,No internet service,No,Yes,No,Yes,One year,No,Electronic check,90.23,1449.06,Yes
3056-TELCO,Male,0,Yes,No,72,Yes,No phone service,No,Yes,No,Yes,No,No,Yes,Month-to-month,Yes,Mailed check,35.06,2528.51,No
3057-TELCO,Male,0,Yes,No,46,Yes,No,Fiber optic,Yes,No,Yes,Yes,Yes,No,One year,No,Mailed check,32.02,1466.57,No
3058-TELCO,Female,0,No,No,10,Yes,No,DSL,Yes,Yes,Yes,Yes,No,No internet service,Two year,No,Mailed check,48.5,488.94,No
3059-TELCO,Male,0,Yes,Yes,33,Yes,No,Fiber optic,No internet service,No,No internet service,No,No internet service,Yes,Two year,Yes,Mailed check,67.46,2232.92,No
3060-TELCO,Female,1,No,Yes,41,Yes,No,Fiber optic,No internet service,No,No,Yes,Yes,No,One year,No,Credit card (automatic),69.43,2854.77,No
3061-TELCO,Female,0,Yes,Yes,51,Yes,No,No,No,No internet service,No,Yes,No,Yes,Month-to-month,No,Electronic check,84.29,4293.69,No
3062-TELCO,Female,0,Yes,Yes,22,Yes,No,Fiber optic,Yes,No,No internet service,No,No,No,Two year,Yes,Bank transfer (automatic),24.85,556.64,No
3063-TELCO,Female,0,No,No,16,Yes,Yes,DSL,Yes,No,No internet service,No internet service,No internet service,No,One year,Yes,Bank transfer (automatic),52.27,836.13,Yes
3064-TELCO,Female,0,No,No,62,Yes,No,DSL,Yes,No,No,Yes,No,Yes,Month-to-month,Yes,Bank transfer (automatic),42.83,2650.49,Yes
3065-TELCO,Female,0,Yes,No,53,Yes,No,No,No internet service,Yes,No,No internet service,No,No,Month-to-month,No,Credit card (automatic),58.75,3118.19,No
3066-TELCO,Female,0,Yes,No,14,Yes,Yes,No,No,No,No,No,No,Yes,Month-to-month,No,Credit card (automatic),69.42,976.14,No
3067-TELCO,Male,0,Yes,No,59,Yes,No,Fiber optic,No internet service,Yes,No,No internet service,No,No internet service,One year,Yes,Electronic check,103.62,6115.86,No
3068-TELCO,Male,0,Yes,No,26,Yes,No,DSL,No,Yes,Yes,Yes,No,Yes,Month-to-month,Yes,Credit card (automatic),104.72,2715.62,Yes
3069-TELCO,Female,0,No,No,44,Yes,No,DSL,No,Yes,No,Yes,Yes,Yes,Month-to-month,No,Electronic check,72.0,3158.64,No
3070-TELCO,Female,0,No,No,20,Yes,Yes,Fiber optic,No,No,No,No internet service,No,No internet service,One year,Yes,Electronic check,97.24,1949.51,No
3071-TELCO,Male,0,Yes,No,5,Yes,Yes,No,Yes,No internet service,No internet service,No,No internet service,Yes,Two year,Yes,Credit card (automatic),58.83,291.13,No
3072-TELCO,Female,0,Yes,Yes,65,Yes,No phone service,No,No,No internet service,No,No,No,No,Month-to-month,No,Credit card (automatic),117.54,7632.05,No
3073-TELCO,Male,0,No,Yes,11,Yes,Yes,No,No internet service,Yes,No,No,No internet service,Yes,Two year,Yes,Mailed check,30.93,348.85,No
3074-TELCO,Male,1,No,No,47,Yes,No,Fiber optic,No,Yes,No internet service,No internet service,Yes,Yes,Month-to-month,Yes,Electronic check,32.63,1542.14,No
3075-TELCO,Male,0,No,No,10,Yes,No,No,No,No,Yes,Yes,No,No internet service,Two year,No,Credit card (automatic),47.72,480.05,No
3076-TELCO,Female,0,No,No,61,Yes,No,DSL,No,Yes,No,No,Yes,Yes,Two year,Yes,Credit card (automatic),28.72,1746.77,No
3077-TELCO,Female,1,Yes,No,45,Yes,Yes,DSL,No,No,No,No,Yes,No,Month-to-month,Yes,Electronic check,18.81,856.14,Yes
3078-TELCO,Male,0,No,No,47,Yes,Yes,No,No,No,Yes,No,No internet service,No internet service,Month-to-month,Yes,Credit card (automatic),51.09,2396.05,Yes
3079-TELCO,Male,0,No,No,34,Yes,Yes,DSL,Yes,Yes,No,No,No internet service,No,One year,Yes,Credit card (automatic),22.91,769.15,No
3080-TELCO,Male,0,No,No,13,No,Yes,Fiber optic,No internet service,No,Yes,No internet service,Yes,No,One year,Yes,Mailed check,76.78,1006.13,No
3081-TELCO,Male,1,Yes,No,23,Yes,No,Fiber optic,Yes,No,No,Yes,No internet service,No internet service,Two year,Yes,Mailed check,102.2,2344.52,No
3082-TELCO,Male,1,Yes,Yes,36,No,No,DSL,No,No,Yes,No,No internet service,Yes,Two year,Yes,Mailed check,36.57,1319.12,No
3083-TELCO,Female,0,Yes,No,63,Yes,No,DSL,Yes,No,Yes,No,No internet service,No,Month-to-month,No,Bank transfer (automatic),78.64,4949.09,No
3084-TELCO,Male,0,No,Yes,47,Yes,No,DSL,Yes,Yes,Yes,No,Yes,Yes,One year,Yes,Bank transfer (automatic),42.55,1998.79,No
3085-TELCO,Female,0,Yes,No,66,Yes,No,Fiber optic,No,Yes,No,No,No,Yes,One year,No,Credit card (automatic),71.47,4715.08,No
3086-TELCO,Male,0,Yes,No,14,Yes,Yes,DSL,No internet service,Yes,No,No,Yes,No internet service,Two year,No,Mailed check,71.97,1005.08,No
3087-TELCO,Female,0,No,No,53,Yes,Yes,Fiber optic,No,Yes,Yes,No,No,Yes,Two year,No,Electronic check,23.43,1238.15,No
3088-TELCO,Female,0,Yes,No,66,Yes,No,Fiber optic,Yes,Yes,Yes,No,Yes,No,One year,Yes,Credit card (automatic),111.71,7363.16,No
3089-TELCO,Female,0,Yes,No,49,Yes,Yes,DSL,No,Yes,No internet service,No,No internet service,Yes,Month-to-month,Yes,Mailed check,36.11,1763.68,No
3090-TELCO,Female,0,Yes,No,16,Yes,Yes,DSL,Yes,No,No internet service,Yes,No,No internet service,One year,No,Bank transfer (automatic),76.14,1228.12,No
3091-TELCO,Female,0,Yes,No,68,Yes,No phone service,Fiber optic,No,No,No,No internet service,Yes,Yes,Month-to-month,Yes,Electronic check,64.29,4361.87,No
3092-TELCO,Female,0,Yes,No,43,Yes,No,DSL,Yes,Yes,No,No,No internet service,No internet service,Month-to-month,No,Electronic check,99.08,4251.88,No
3093-TELCO,Male,0,No,No,65,Yes,No,Fiber optic,No internet service,Yes,No,No,Yes,No,One year,No,Mailed check,56.12,3638.45,No
3094-TELCO,Female,1,No,No,9,Yes,No,No,Yes,No,Yes,No,No internet service,Yes,Month-to-month,Yes,Mailed check,91.57,824.41,Yes
3095-TELCO,Male,0,Yes,Yes,21,Yes,No,DSL,Yes,No,No internet service,Yes,Yes,No,One year,No,Electronic check,96.07,2008.21,No
3096-TELCO,Female,0,Yes,Yes,43,Yes,Yes,No,No internet service,No,No,No internet service,No,No internet service,Two year,Yes,Electronic check,34.85,1499.28,No
3097-TELCO,Female,0,No,No,66,Yes,No,Fiber optic,No internet service,Yes,Yes,Yes,No,No,Two year,No,Electronic check,85.88,5664.61,No
3098-TELCO,Male,0,Yes,No,4,Yes,Yes,Fiber optic,Yes,No,Yes,No,No internet service,Yes,Month-to-month,Yes,Electronic check,62.14,256.11,Yes
3099-TELCO,Female,1,Yes,No,7,Yes,No,No,Yes,Yes,No,No internet service,No,No,Month-to-month,No,Credit card (automatic),114.23,796.79,Yes
3100-TELCO,Male,0,No,No,58,Yes,No,Fiber optic,No,No,Yes,No,Yes,Yes,One year,Yes,Electronic check,117.54,6823.72,Yes
3101-TELCO,Male,0,Yes,No,4,Yes,Yes,DSL,No,No,No,No,Yes,No internet service,One year,Yes,Mailed check,88.65,358.69,No
3102-TELCO,Male,0,Yes,No,20,Yes,No,DSL,No internet service,No,No internet service,No internet service,No internet service,Yes,Month-to-month,Yes,Credit card (automatic),74.91,1507.59,Yes
3103-TELCO,Male,0,Yes,No,35,Yes,Yes,No,No,Yes,Yes,No internet service,No,No,Month-to-month,Yes,Electronic check,50.17,1754.8,No
3104-TELCO,Female,0,No,No,59,Yes,No phone service,DSL,Yes,No internet service,No,Yes,No internet service,No,Two year,Yes,Bank transfer (automatic),44.65,2643.44,No
3105-TELCO,Female,0,Yes,No,45,Yes,Yes,Fiber optic,Yes,No internet service,No internet service,Yes,No,Yes,Month-to-month,No,Mailed check,66.41,2991.38,No
3106-TELCO,Male,0,Yes,No,14,Yes,No,Fiber optic,No,Yes,Yes,No,No,Yes,One year,Yes,Electronic check,72.05,1006.35,Yes
3107-TELCO,Female,0,Yes,Yes,22,Yes,No,DSL,No,Yes,Yes,Yes,No internet service,No,One year,No,Electronic check,73.07,1607.34,Yes
3108-TELCO,Female,0,No,Yes,48,Yes,Yes,No,No internet service,No,No internet service,No,No,No,Two year,No,Credit card (automatic),99.51,4781.09,No
3109-TELCO,Male,1,Yes,No,30,Yes,Yes,Fiber optic,No internet service,No,Yes,No,No,No internet service,Two year,No,Electronic check,102.98,3097.1,No
3110-TELCO,Female,0,Yes,No,29,Yes,No phone service,Fiber optic,Yes,No,Yes,No,No internet service,Yes,Month-to-month,Yes,Mailed check,53.79,1558.03,Yes
3111-TELCO,Male,1,No,No,36,Yes,Yes,Fiber optic,No,No internet service,No internet service,No,Yes,Yes,Month-to-month,Yes,Mailed check,69.64,2515.9,No
3112-TELCO,Male,0,No,No,42,Yes,Yes,DSL,No internet service,Yes,Yes,Yes,No internet service,No internet service,Month-to-month,No,Credit card (automatic),94.37,3963.11,No
3113-TELCO,Female,0,Yes,No,29,Yes,No,Fiber optic,No internet service,No,Yes,Yes,Yes,Yes,Month-to-month,Yes,Electronic check,105.87,3075.64,No
3114-TELCO,Female,0,Yes,No,7,Yes,No,No,No,Yes,Yes,No,No,No,One year,No,Credit card (automatic),33.32,241.39,No
3115-TELCO,Female,0,No,No,32,Yes,No,Fiber optic,No,Yes,No internet service,No,No internet service,Yes,Month-to-month,No,Electronic check,93.32,2980.64,Yes
3116-TELCO,Male,0,No,Yes,13,Yes,No,No,No,Yes,No,No,No,No internet service,Month-to-month,No,Electronic check,110.64,1432.34,Yes
3117-TELCO,Male,0,Yes,Yes,13,Yes,No,DSL,No,No,No,No,Yes,Yes,Month-to-month,Yes,Mailed check,43.47,568.75,No
3118-TELCO,Female,0,Yes,No,54,Yes,Yes,No,No,No,No,No,Yes,No internet service,Month-to-month,Yes,Electronic check,67.39,3641.7,No
3119-TELCO,Female,0,Yes,No,14,Yes,Yes,Fiber optic,No,Yes,Yes,No internet service,No,No internet service,Month-to-month,Yes,Electronic check,18.55,266.27,Yes
3120-TELCO,Female,0,Yes,No,6,Yes,No,No,No,No,No internet service,Yes,No,No internet service,Month-to-month,No,Credit card (automatic),100.9,606.23,Yes
3121-TELCO,Female,0,No,No,16,Yes,No,DSL,Yes,No,No,No,No,No,One year,No,Bank transfer (automatic),102.93,1651.41,No
3122-TELCO,Male,0,Yes,No,41,Yes,Yes,Fiber optic,No,Yes,Yes,No,No internet service,No internet service,Two year,No,Electronic check,110.09,4507.09,No
3123-TELCO,Female,0,No,No,52,Yes,No,No,No,Yes,No internet service,No internet service,No internet service,No,Month-to-month,No,Mailed check,91.64,4766.19,Yes
3124-TELCO,Male,0,No,No,16,Yes,No,Fiber optic,No,Yes,No internet service,No,Yes,No internet service,Two year,Yes,Bank transfer (automatic),52.31,827.16,Yes
3125-TELCO,Male,0,Yes,No,5,Yes,Yes,DSL,No,No,No,No,Yes,Yes,Month-to-month,No,Electronic check,36.43,185.79,No
3126-TELCO,Female,0,Yes,Yes,24,Yes,Yes,DSL,No,No,No internet service,Yes,Yes,No,Month-to-month,No,Credit card (automatic),52.22,1262.69,Yes
3127-TELCO,Female,0,No,No,43,Yes,Yes,Fiber optic,No,No,Yes,Yes,Yes,No,Two year,No,Credit card (automatic),41.12,1761.67,No
3128-TELCO,Female,0,Yes,No,65,Yes,Yes,No,Yes,Yes,No,No,No,Yes,Two year,Yes,Mailed check,29.13,1886.18,No
3129-TELCO,Male,0,No,No,10,Yes,Yes,Fiber optic,Yes,No internet service,Yes,No,Yes,No internet service,Month-to-month,No,Bank transfer (automatic),65.08,650.27,Yes
3130-TELCO,Female,0,No,No,59,Yes,No,Fiber optic,Yes,No,No,No,No,Yes,One year,No,Mailed check,38.78,2286.95,No
3131-TELCO,Female,0,Yes,No,35,Yes,No,No,Yes,No,No internet service,No,Yes,No,One year,Yes,Credit card (automatic),24.79,866.51,No
3132-TELCO,Male,0,Yes,No,31,Yes,Yes,Fiber optic,No,Yes,No,No internet service,No,Yes,One year,No,Mailed check,74.14,2294.15,No
3133-TELCO,Female,0,Yes,No,11,No,No phone service,Fiber optic,No internet service,No,No,Yes,No,Yes,One year,No,Electronic check,75.47,822.93,No
3134-TELCO,Male,0,No,No,9,Yes,No,DSL,No,No,Yes,Yes,No internet service,No,Month-to-month,No,Electronic check,69.3,632.16,Yes
3135-TELCO,Female,0,No,Yes,66,Yes,No phone service,Fiber optic,No internet service,No,No,No internet service,No,No,Month-to-month,Yes,Bank transfer (automatic),35.91,2367.03,No
3136-TELCO,Male,0,No,No,44,Yes,No,Fiber optic,No,No,Yes,No,No,Yes,Month-to-month,Yes,Credit card (automatic),60.26,2649.58,No
3137-TELCO,Female,1,No,No,16,Yes,No,DSL,Yes,No,Yes,No internet service,No,No,Month-to-month,No,Credit card (automatic),88.89,1420.67,Yes
3138-TELCO,Female,0,Yes,No,48,Yes,No,Fiber optic,Yes,Yes,No,No internet service,Yes,Yes,Month-to-month,Yes,Credit card (automatic),90.64,4343.28,Yes
3139-TELCO,Male,0,No,No,53,Yes,No,DSL,No,No internet service,No,Yes,Yes,No internet service,Month-to-month,No,Mailed check,78.69,4164.53,No
3140-TELCO,Male,0,No,Yes,65,Yes,Yes,DSL,No,Yes,Yes,No,No internet service,No,Month-to-month,Yes,Electronic check,101.96,6617.66,No
3141-TELCO,Female,0,No,No,48,No,Yes,Fiber optic,Yes,Yes,No,Yes,No internet service,No,Month-to-month,Yes,Electronic check,80.28,3853.39,Yes
3142-TELCO,Male,0,Yes,No,70,Yes,Yes,Fiber optic,No,Yes,No,No,Yes,No internet service,Month-to-month,Yes,Mailed check,24.19,1694.39,No
3143-TELCO,Male,0,No,Yes,46,Yes,No,DSL,No internet service,Yes,No,No internet service,No internet service,No,Month-to-month,Yes,Bank transfer (automatic),95.63,4393.25,Yes
3144-TELCO,Male,1,No,Yes,33,No,No,DSL,Yes,Yes,Yes,No,No,Yes,Two year,Yes,Electronic check,56.98,1878.8,No
3145-TELCO,Male,0,No,Yes,52,Yes,No,Fiber optic,No internet service,No,No,Yes,No internet service,No internet service,Month-to-month,Yes,Electronic check,40.44,2106.7,No
3146-TELCO,Female,0,No,No,55,Yes,Yes,DSL,Yes,No,No,Yes,No,Yes,Two year,Yes,Electronic check,21.76,1191.99,No
3147-TELCO,Female,1,No,Yes,51,Yes,Yes,Fiber optic,No,Yes,No,Yes,Yes,Yes,Month-to-month,Yes,Bank transfer (automatic),50.81,2588.65,No
3148-TELCO,Male,1,No,Yes,40,Yes,No,No,No,No internet service,No internet service,No,Yes,Yes,Month-to-month,No,Electronic check,79.69,3191.68,Yes
3149-TELCO,Male,0,No,Yes,25,Yes,Yes,Fiber optic,No,No,No,No,No,Yes,Two year,Yes,Bank transfer (automatic),103.98,2601.44,No
3150-TELCO,Male,1,No,No,63,Yes,No,DSL,No,No,No internet service,No,No,Yes,Month-to-month,Yes,Mailed check,49.69,3130.59,No
3151-TELCO,Male,0,Yes,No,22,Yes,No,DSL,Yes,No,No internet service,No,No internet service,No,Month-to-month,Yes,Credit card (automatic),69.25,1530.86,No
3152-TELCO,Female,1,Yes,No,38,Yes,Yes,DSL,No,No,No,No,No,No,Month-to-month,Yes,Credit card (automatic),34.0,1283.41,No
3153-TELCO,Female,0,Yes,No,9,Yes,No,DSL,Yes,Yes,No,Yes,No,No,One year,Yes,Mailed check,63.54,572.38,Yes
3154-TELCO,Male,0,No,Yes,37,Yes,No phone service,DSL,No,No,Yes,Yes,No,Yes,Month-to-month,No,Credit card (automatic),46.79,1735.22,Yes
3155-TELCO,Male,0,No,No,5,Yes,No,DSL,No internet service,No internet service,No internet service,No internet service,Yes,No internet service,Month-to-month,No,Mailed check,32.92,160.12,Yes
3156-TELCO,Male,0,No,No,22,Yes,Yes,No,No internet service,Yes,Yes,Yes,No internet service,Yes,Month-to-month,Yes,Electronic check,67.51,1480.97,No
3157-TELCO,Female,0,Yes,Yes,12,No,No,No,Yes,No internet service,Yes,Yes,Yes,No internet service,Two year,Yes,Electronic check,113.85,1366.17,No
3158-TELCO,Male,0,Yes,No,60,Yes,No,Fiber optic,No,No,No internet service,Yes,No,Yes,One year,No,Bank transfer (automatic),79.65,4775.82,No
3159-TELCO,Female,0,Yes,Yes,44,No,Yes,DSL,No,Yes,No,No,Yes,Yes,Month-to-month,Yes,Electronic check,90.4,3976.08,No
3160-TELCO,Male,0,Yes,Yes,22,Yes,No,No,No,No internet service,Yes,No internet service,Yes,No internet service,Month-to-month,Yes,Mailed check,40.43,893.28,No
3161-TELCO,Female,0,No,No,6,Yes,No,DSL,No,Yes,No internet service,No,No,Yes,One year,Yes,Electronic check,61.26,365.02,Yes
3162-TELCO,Male,0,Yes,No,27,Yes,No,DSL,No,Yes,No,No,No,No internet service,Month-to-month,No,Electronic check,106.02,2853.09,Yes
3163-TELCO,Female,0,No,Yes,55,No,Yes,DSL,No,No internet service,No,No internet service,Yes,No,Month-to-month,Yes,Bank transfer (automatic),61.56,3377.66,No
3164-TELCO,Male,0,No,No,15,Yes,No,Fiber optic,No internet service,No,Yes,No internet service,No,No internet service,Month-to-month,Yes,Electronic check,49.23,738.56,No
3165-TELCO,Male,1,Yes,No,64,Yes,Yes,Fiber optic,No internet service,No,No,Yes,Yes,No,Month-to-month,No,Electronic check,34.15,2194.3,No
3166-TELCO,Male,0,No,No,17,Yes,Yes,DSL,No,No,No,No,No internet service,No internet service,One year,No,Electronic check,76.73,1300.12,No
3167-TELCO,Female,0,Yes,No,3,Yes,Yes,DSL,No,Yes,No,No,No,Yes,Two year,Yes,Electronic check,25.37,66.59,No
3168-TELCO,Male,0,Yes,No,10,No,No,No,No internet service,Yes,Yes,No internet service,Yes,No,One year,No,Electronic check,37.13,377.58,No
3169-TELCO,Female,0,No,No,63,Yes,Yes,Fiber optic,No,No internet service,No,No,Yes,No internet service,Two year,Yes,Electronic check,38.57,2435.35,No
3170-TELCO,Female,0,No,No,63,No,Yes,DSL,No,Yes,No,Yes,Yes,No internet service,One year,Yes,Credit card (automatic),22.08,1398.46,No
3171-TELCO,Male,0,Yes,Yes,62,Yes,No,Fiber optic,No internet service,No,No internet service,Yes,Yes,Yes,One year,Yes,Credit card (automatic),27.67,1714.86,No
3172-TELCO,Male,0,Yes,No,9,Yes,No,DSL,Yes,Yes,No,No,No,Yes,Two year,No,Mailed check,60.85,539.16,No
3173-TELCO,Male,0,Yes,No,24,Yes,Yes,Fiber optic,Yes,No internet service,Yes,Yes,Yes,No,Month-to-month,Yes,Credit card (automatic),19.02,449.44,Yes
3174-TELCO,Female,0,Yes,Yes,32,Yes,No,DSL,No internet service,No internet service,Yes,Yes,No,Yes,Month-to-month,No,Electronic check,64.76,2081.53,No
3175-TELCO,Male,0,No,No,3,Yes,No,Fiber optic,No internet service,Yes,No,No,Yes,Yes,Month-to-month,No,Bank transfer (automatic),115.65,354.07,Yes
3176-TELCO,Female,1,No,Yes,33,Yes,Yes,Fiber optic,Yes,No,No,No,No,No,Two year,Yes,Credit card (automatic),64.0,2114.13,No
3177-TELCO,Female,0,Yes,No,43,Yes,Yes,No,No,No internet service,Yes,Yes,No,No,Month-to-month,No,Bank transfer (automatic),99.75,4280.29,Yes
3178-TELCO,Male,0,No,Yes,12,Yes,No phone service,DSL,No,No internet service,No,Yes,No,No,One year,No,Bank transfer (automatic),18.52,213.57,No
3179-TELCO,Male,0,Yes,No,32,Yes,No,Fiber optic,No,No,Yes,Yes,No internet service,Yes,One year,No,Electronic check,92.95,2968.06,No
3180-TELCO,Male,0,Yes,Yes,20,Yes,Yes,No,Yes,Yes,Yes,Yes,No,No,One year,No,Mailed check,64.44,1291.98,Yes
3181-TELCO,Male,0,No,Yes,67,Yes,Yes,Fiber optic,No internet service,No,Yes,No internet service,Yes,Yes,One year,Yes,Electronic check,47.65,3202.01,No
3182-TELCO,Male,0,No,No,68,Yes,Yes,No,No internet service,No,No internet service,No internet service,No internet service,No,Month-to-month,Yes,Electronic check,18.63,1268.43,No
3183-TELCO,Male,1,No,No,17,Yes,Yes,No,No,No internet service,No,No,Yes,Yes,Two year,Yes,Electronic check,77.26,1320.18,No
3184-TELCO,Female,0,No,No,19,No,Yes,Fiber optic,No internet service,No,No internet service,No,No internet service,Yes,Month-to-month,Yes,Credit card (automatic),96.28,1834.64,No
3185-TELCO,Female,0,No,Yes,4,Yes,Yes,DSL,No internet service,Yes,No internet service,No,Yes,No,One year,Yes,Electronic check,35.33,136.56,Yes
3186-TELCO,Female,0,Yes,No,17,Yes,No phone service,Fiber optic,No,Yes,No,No internet service,No,No,One year,No,Mailed check,97.32,1656.1,No
3187-TELCO,Male,0,No,No,64,Yes,No phone service,Fiber optic,No internet service,No internet service,No,Yes,No,Yes,Month-to-month,Yes,Bank transfer (automatic),105.71,6769.59,No
3188-TELCO,Female,0,No,No,22,Yes,No,Fiber optic,No internet service,No,No internet service,Yes,No internet service,No,Month-to-month,No,Mailed check,94.05,2065.54,Yes
3189-TELCO,Female,0,Yes,No,66,Yes,No,Fiber optic,Yes,No,Yes,Yes,No,No,Two year,Yes,Bank transfer (automatic),99.67,6580.43,No
3190-TELCO,Female,0,No,No,42,Yes,No phone service,Fiber optic,Yes,No,Yes,Yes,Yes,No,Month-to-month,Yes,Credit card (automatic),85.13,3568.05,Yes
3191-TELCO,Female,0,No,No,45,Yes,No,Fiber optic,No,No internet service,No,Yes,No,No internet service,One year,No,Bank transfer (automatic),97.69,4402.07,No
3192-TELCO,Female,0,Yes,No,11,Yes,Yes,Fiber optic,No,Yes,Yes,No internet service,Yes,Yes,Month-to-month,Yes,Bank transfer (automatic),105.37,1155.29,Yes
3193-TELCO,Male,0,No,No,53,Yes,Yes,DSL,Yes,No,Yes,Yes,Yes,No internet service,Month-to-month,No,Electronic check,71.11,3764.92,No
3194-TELCO,Male,0,Yes,No,60,Yes,No phone service,No,Yes,No internet service,Yes,No,Yes,Yes,Two year,No,Credit card (automatic),101.83,6114.39,No
3195-TELCO,Female,0,No,No,29,No,No,No,No internet service,No,Yes,No,Yes,No,Month-to-month,Yes,Mailed check,97.64,2837.25,Yes
3196-TELCO,Female,0,Yes,No,20,No,No,Fiber optic,No,Yes,No,No,No,Yes,Two year,No,Electronic check,37.81,760.8,No
3197-TELCO,Female,0,No,Yes,5,Yes,Yes,DSL,No internet service,Yes,No,Yes,No internet service,No,Month-to-month,Yes,Credit card (automatic),47.12,232.25,Yes
3198-TELCO,Male,0,Yes,No,25,Yes,No,DSL,No internet service,Yes,No,Yes,No,No,Month-to-month,Yes,Credit card (automatic),106.42,2668.91,Yes
3199-TELCO,Male,0,Yes,No,34,Yes,Yes,DSL,No,No internet service,Yes,No internet service,No,No internet service,One year,Yes,Bank transfer (automatic),58.08,1976.62,No
3200-TELCO,Female,0,Yes,No,12,Yes,No phone service,DSL,No,Yes,No,No,No internet service,No,Month-to-month,Yes,Credit card (automatic),118.47,1418.83,Yes
3201-TELCO,Male,0,No,No,28,Yes,No,Fiber optic,Yes,No internet service,Yes,No,No internet service,No,Two year,Yes,Electronic check,84.57,2364.89,No
3202-TELCO,Male,0,No,No,6,Yes,No,DSL,No,Yes,No,No,Yes,Yes,Month-to-month,No,Bank transfer (automatic),22.93,129.16,Yes
3203-TELCO,Female,0,No,No,19,Yes,No,DSL,Yes,Yes,No internet service,Yes,No,Yes,One year,No,Mailed check,57.12,1078.62,Yes
3204-TELCO,Male,0,No,No,12,Yes,Yes,Fiber optic,Yes,No internet service,Yes,No,Yes,No internet service,One year,Yes,Electronic check,97.82,1176.91,No
3205-TELCO,Male,0,Yes,No,25,Yes,Yes,No,Yes,No internet service,Yes,Yes,No,Yes,One year,No,Bank transfer (automatic),55.35,1380.04,No
3206-TELCO,Female,0,Yes,No,13,No,No,DSL,No,Yes,No,No internet service,Yes,No internet service,Month-to-month,Yes,Bank transfer (automatic),56.08,724.2,Yes
3207-TELCO,Male,1,No,No,3,Yes,Yes,Fiber optic,No internet service,Yes,Yes,No,Yes,Yes,Two year,Yes,Electronic check,52.84,148.62,No
3208-TELCO,Male,0,Yes,No,24,Yes,No,No,Yes,No,Yes,No,Yes,No,Two year,No,Electronic check,51.35,1239.28,No
3209-TELCO,Female,0,No,No,8,Yes,No phone service,No,No,Yes,Yes,No,No internet service,No,Two year,No,Electronic check,37.74,297.36,No
3210-TELCO,Male,1,No,No,45,Yes,Yes,Fiber optic,No,No internet service,Yes,No,Yes,No internet service,Two year,No,Electronic check,37.29,1674.19,No
3211-TELCO,Male,0,Yes,No,72,No,No,DSL,No,No,No internet service,No,No,No,Month-to-month,Yes,Bank transfer (automatic),98.05,7069.48,No
3212-TELCO,Female,0,Yes,Yes,1,Yes,No phone service,DSL,No internet service,No,No internet service,No internet service,No internet service,Yes,One year,No,Mailed check,80.11,79.68,No
3213-TELCO,Female,0,No,No,3,Yes,No,DSL,Yes,Yes,No,Yes,No,No,Two year,Yes,Mailed check,45.72,137.9,Yes
3214-TELCO,Female,0,Yes,No,65,Yes,No,Fiber optic,Yes,Yes,No internet service,No,No,No internet service,Two year,Yes,Mailed check,96.91,6290.33,No
3215-TELCO,Male,1,Yes,Yes,15,Yes,No phone service,Fiber optic,No,No,Yes,No,Yes,Yes,Month-to-month,No,Credit card (automatic),78.11,1171.81,Yes
3216-TELCO,Female,0,Yes,No,50,Yes,Yes,Fiber optic,No,Yes,Yes,No,No,Yes,Two year,Yes,Electronic check,66.19,3308.02,No
3217-TELCO,Male,0,No,Yes,20,Yes,No,DSL,Yes,No,Yes,No,No internet service,No internet service,Month-to-month,Yes,Electronic check,80.39,1615.2,Yes
3218-TELCO,Female,0,No,No,3,No,No,Fiber optic,Yes,No internet service,No,Yes,Yes,No internet service,One year,Yes,Mailed check,48.82,146.92,Yes
3219-TELCO,Male,0,Yes,No,61,Yes,No,DSL,No internet service,Yes,No internet service,Yes,Yes,Yes,One year,No,Credit card (automatic),92.74,5664.52,No
3220-TELCO,Female,0,Yes,No,15,Yes,No,Fiber optic,Yes,No,Yes,No,Yes,No,Two year,Yes,Bank transfer (automatic),41.99,634.95,No
3221-TELCO,Female,0,Yes,No,59,Yes,Yes,Fiber optic,No,No internet service,Yes,No internet service,No,Yes,Two year,No,Credit card (automatic),74.2,4368.05,No
3222-TELCO,Female,0,No,No,54,Yes,Yes,Fiber optic,No internet service,No,No internet service,No,No,No,Two year,Yes,Bank transfer (automatic),103.08,5575.78,No
3223-TELCO,Female,0,Yes,No,60,Yes,Yes,DSL,No,No internet service,No,No internet service,No internet service,Yes,Two year,No,Electronic check,70.78,4238.26,No
3224-TELCO,Male,0,Yes,Yes,37,No,No,DSL,No,Yes,No,No,Yes,Yes,Month-to-month,No,Electronic check,69.24,2552.58,Yes
3225-TELCO,Female,0,No,Yes,21,Yes,Yes,DSL,No,Yes,No,No internet service,Yes,No,Month-to-month,No,Mailed check,83.36,1746.76,Yes
3226-TELCO,Female,0,No,No,23,Yes,No,Fiber optic,No,Yes,Yes,No,Yes,No internet service,Month-to-month,Yes,Electronic check,49.8,1143.88,Yes
3227-TELCO,Male,0,No,No,18,Yes,No phone service,DSL,No,No internet service,No,Yes,No internet service,Yes,Month-to-month,Yes,Mailed check,117.65,2112.17,Yes
3228-TELCO,Female,0,No,Yes,17,Yes,Yes,Fiber optic,No internet service,Yes,No,No internet service,Yes,Yes,Two year,Yes,Electronic check,88.74,1508.52,No
3229-TELCO,Male,1,Yes,No,31,Yes,No,DSL,No,No,Yes,No internet service,Yes,Yes,Month-to-month,Yes,Bank transfer (automatic),52.0,1621.36,Yes
3230-TELCO,Female,0,Yes,No,64,Yes,No phone service,DSL,No internet service,No internet service,No internet service,No,No,No internet service,Two year,Yes,Electronic check,82.0,5249.11,No
3231-TELCO,Female,0,Yes,No,48,Yes,Yes,Fiber optic,Yes,No internet service,Yes,No internet service,Yes,No internet service,Two year,No,Credit card (automatic),106.49,5103.76,No
3232-TELCO,Female,0,Yes,No,26,Yes,Yes,Fiber optic,Yes,No internet service,No,Yes,Yes,No internet service,Two year,Yes,Bank transfer (automatic),102.92,2684.16,No
3233-TELCO,Male,1,No,No,22,Yes,No,DSL,No,No,Yes,No internet service,Yes,Yes,Two year,Yes,Mailed check,113.2,2482.6,No
3234-TELCO,Female,0,No,No,45,Yes,Yes,Fiber optic,Yes,No,Yes,No,No internet service,Yes,One year,Yes,Electronic check,33.73,1517.0,No
3235-TELCO,Female,0,No,No,36,Yes,Yes,Fiber optic,No internet service,No,Yes,No,Yes,Yes,Month-to-month,Yes,Bank transfer (automatic),50.24,1807.87,No
3236-TELCO,Female,0,Yes,No,64,Yes,Yes,DSL,No,No,Yes,No internet service,Yes,No internet service,Month-to-month,No,Credit card (automatic),113.21,7250.0,No
3237-TELCO,Male,1,No,No,35,Yes,No,DSL,No,Yes,No,Yes,No,Yes,Month-to-month,Yes,Credit card (automatic),83.73,2934.14,No
3238-TELCO,Male,0,No,Yes,27,Yes,Yes,Fiber optic,No,No,Yes,Yes,Yes,No,Month-to-month,No,Electronic check,110.35,2981.78,No
3239-TELCO,Female,0,Yes,Yes,68,Yes,Yes,No,No,Yes,No internet service,No,No,Yes,One year,Yes,Credit card (automatic),43.86,2985.21,No
3240-TELCO,Male,1,No,Yes,17,Yes,Yes,DSL,No,No internet service,Yes,No internet service,No,No,One year,No,Electronic check,92.82,1583.15,Yes
3241-TELCO,Female,0,Yes,No,70,Yes,Yes,Fiber optic,No,Yes,No,Yes,Yes,Yes,Month-to-month,Yes,Electronic check,70.02,4894.84,No
3242-TELCO,Female,0,Yes,No,11,Yes,No,No,No,No,Yes,No,No,Yes,Two year,No,Mailed check,83.65,929.68,No
3243-TELCO,Female,0,No,No,5,No,No,Fiber optic,No internet service,No,Yes,No,No internet service,No,Two year,No,Mailed check,75.16,376.71,No
3244-TELCO,Female,1,No,No,58,Yes,Yes,DSL,No internet service,Yes,Yes,No,No internet service,Yes,Month-to-month,Yes,Bank transfer (automatic),91.74,5325.35,No
3245-TELCO,Female,0,Yes,No,57,Yes,No,Fiber optic,No,Yes,No internet service,No,No internet service,No internet service,Month-to-month,Yes,Mailed check,38.91,2219.45,No
3246-TELCO,Female,1,Yes,No,14,Yes,No phone service,DSL,No internet service,Yes,Yes,No internet service,No internet service,No,Month-to-month,Yes,Electronic check,116.3,1635.71,No
3247-TELCO,Female,0,No,No,72,Yes,Yes,Fiber optic,No internet service,No internet service,No,No,No internet service,Yes,Month-to-month,No,Electronic check,69.54,5008.62,Yes
3248-TELCO,Male,0,No,Yes,1,Yes,No,DSL,No,No internet service,Yes,No internet service,Yes,Yes,Two year,No,Bank transfer (automatic),100.67,92.58,No
3249-TELCO,Male,1,No,No,16,Yes,No,DSL,No,Yes,No,No,No,Yes,One year,Yes,Electronic check,20.29,332.11,No
3250-TELCO,Male,0,Yes,No,26,Yes,No phone service,DSL,No,No,No internet service,No,No,Yes,One year,No,Bank transfer (automatic),33.48,862.53,No
3251-TELCO,Male,0,Yes,No,49,Yes,Yes,Fiber optic,Yes,No,No,No,No,No,Month-to-month,Yes,Bank transfer (automatic),51.73,2535.2,No
3252-TELCO,Male,0,Yes,No,42,Yes,Yes,No,Yes,No,No,Yes,No internet service,Yes,One year,Yes,Bank transfer (automatic),89.56,3755.56,Yes
3253-TELCO,Male,0,Yes,Yes,70,Yes,Yes,Fiber optic,No internet service,Yes,No,Yes,Yes,Yes,Month-to-month,No,Bank transfer (automatic),49.29,3442.72,No
3254-TELCO,Male,0,Yes,No,66,Yes,No,DSL,No,No internet service,No internet service,No,Yes,Yes,One year,Yes,Electronic check,96.3,6348.24,No
3255-TELCO,Female,0,Yes,No,53,Yes,Yes,Fiber optic,Yes,No internet service,No,No,No internet service,No,Month-to-month,Yes,Mailed check,31.47,1675.23,Yes
3256-TELCO,Female,0,No,Yes,9,Yes,No,Fiber optic,No,Yes,Yes,No,No,No,Month-to-month,Yes,Mailed check,62.87,562.75,No
3257-TELCO,Female,0,Yes,No,69,Yes,No,Fiber optic,No,No,Yes,No,Yes,Yes,Month-to-month,No,Credit card (automatic),50.32,3469.14,No
3258-TELCO,Female,0,No,No,40,Yes,No,Fiber optic,No internet service,Yes,No,No internet service,Yes,No internet service,Month-to-month,Yes,Electronic check,28.13,1128.91,No
3259-TELCO,Male,1,Yes,No,56,Yes,Yes,No,No,No,No,No,No,No,One year,Yes,Credit card (automatic),91.14,5110.47,No
3260-TELCO,Male,0,Yes,No,5,Yes,No phone service,DSL,No,No internet service,Yes,No,No internet service,No,One year,Yes,Credit card (automatic),106.48,538.79,No
3261-TELCO,Female,0,Yes,No,56,Yes,Yes,DSL,Yes,No,No,No,No internet service,Yes,Two year,Yes,Bank transfer (automatic),106.18,5949.03,No
3262-TELCO,Female,0,No,Yes,72,Yes,No,Fiber optic,No internet service,No,No,No,No,No,Two year,Yes,Bank transfer (automatic),45.0,3244.36,Yes
3263-TELCO,Male,0,Yes,No,5,Yes,No phone service,Fiber optic,No internet service,No internet service,No,No internet service,Yes,No,One year,No,Mailed check,115.45,579.57,Yes
3264-TELCO,Female,0,No,No,69,Yes,Yes,No,No internet service,No,No,No internet service,No internet service,Yes,Month-to-month,Yes,Electronic check,98.72,6818.32,No
3265-TELCO,Female,0,No,No,52,Yes,Yes,No,No,Yes,No internet service,No,No internet service,Yes,Month-to-month,No,Mailed check,42.28,2195.45,No
3266-TELCO,Female,1,No,Yes,33,Yes,Yes,No,No internet service,No,Yes,Yes,No,Yes,One year,No,Electronic check,106.37,3504.97,No
3267-TELCO,Female,1,Yes,No,22,Yes,No,DSL,Yes,No,No internet service,No,Yes,Yes,Month-to-month,Yes,Mailed check,37.47,818.27,Yes
3268-TELCO,Male,0,No,No,15,Yes,Yes,Fiber optic,Yes,Yes,Yes,No internet service,No,No,Month-to-month,Yes,Bank transfer (automatic),33.15,499.32,No
3269-TELCO,Female,1,No,No,65,Yes,Yes,Fiber optic,No,Yes,Yes,Yes,Yes,Yes,Month-to-month,Yes,Mailed check,106.69,6929.59,No
3270-TELCO,Female,0,Yes,Yes,71,Yes,No,No,Yes,No internet service,No internet service,No internet service,No,Yes,Month-to-month,No,Electronic check,111.16,7884.96,No
3271-TELCO,Male,0,No,Yes,23,Yes,No,DSL,Yes,Yes,No,No,Yes,Yes,Two year,Yes,Bank transfer (automatic),63.73,1475.08,No
3272-TELCO,Male,1,No,Yes,6,Yes,Yes,DSL,No,No,No,No internet service,No,No,Month-to-month,Yes,Credit card (automatic),83.9,500.96,No
3273-TELCO,Female,0,No,No,58,Yes,Yes,No,No,Yes,Yes,No,No,No,Month-to-month,Yes,Bank transfer (automatic),50.44,2933.4,No
3274-TELCO,Male,0,No,Yes,26,Yes,No,Fiber optic,No internet service,No internet service,Yes,No,No,No,Month-to-month,Yes,Bank transfer (automatic),95.14,2477.73,No
3275-TELCO,Female,0,No,No,12,No,Yes,No,Yes,No internet service,No,No,No internet service,Yes,Month-to-month,No,Mailed check,102.39,1225.65,Yes
3276-TELCO,Female,0,No,No,2,No,Yes,DSL,No internet service,No internet service,No,No internet service,Yes,No,Month-to-month,Yes,Bank transfer (automatic),38.43,69.7,No
3277-TELCO,Male,0,Yes,No,32,Yes,No phone service,No,No,Yes,No,No,Yes,Yes,Month-to-month,Yes,Electronic check,87.9,2819.63,No
3278-TELCO,Female,0,No,No,50,Yes,Yes,Fiber optic,No,No,Yes,No,No,No,One year,No,Bank transfer (automatic),107.37,5376.33,No
3279-TELCO,Female,1,No,No,61,Yes,Yes,Fiber optic,Yes,No,No,No,No internet service,Yes,One year,No,Mailed check,95.4,5813.05,No
3280-TELCO,Female,0,No,No,11,Yes,Yes,Fiber optic,No,No internet service,No,No internet service,No internet service,Yes,Two year,No,Bank transfer (automatic),97.95,1080.02,No
3281-TELCO,Female,0,No,No,68,Yes,Yes,Fiber optic,No internet service,Yes,No internet service,No,Yes,No,Month-to-month,Yes,Mailed check,41.38,2815.1,No
3282-TELCO,Male,0,Yes,Yes,34,No,No,Fiber optic,No,Yes,No,No internet service,Yes,No,Month-to-month,Yes,Electronic check,101.26,3451.41,Yes
3283-TELCO,Male,0,Yes,Yes,8,Yes,Yes,DSL,Yes,Yes,No,No internet service,No,No,Month-to-month,Yes,Electronic check,69.3,557.35,Yes
3284-TELCO,Female,0,Yes,No,8,No,Yes,Fiber optic,No,No,No,No,No,No internet service,One year,No,Bank transfer (automatic),19.45,151.01,Yes
3285-TELCO,Male,0,Yes,No,15,Yes,No,Fiber optic,No,No,No,Yes,No internet service,No internet service,Month-to-month,Yes,Electronic check,85.37,1284.86,No
3286-TELCO,Female,1,Yes,Yes,5,No,Yes,DSL,Yes,No,No,No internet service,No,Yes,Month-to-month,No,Electronic check,96.23,481.71,Yes
3287-TELCO,Female,1,No,No,19,Yes,Yes,DSL,No internet service,Yes,No,Yes,No internet service,No,Month-to-month,No,Bank transfer (automatic),96.82,1836.53,No
3288-TELCO,Female,0,Yes,No,9,Yes,No,Fiber optic,No,No,No internet service,Yes,No,No,Month-to-month,Yes,Electronic check,112.01,1010.24,No
3289-TELCO,Female,1,No,Yes,57,Yes,Yes,DSL,No,No,No,Yes,Yes,Yes,One year,Yes,Electronic check,26.88,1541.41,No
3290-TELCO,Female,0,No,No,54,Yes,Yes,DSL,No,No,Yes,Yes,No internet service,Yes,One year,Yes,Mailed check,37.13,2011.37,No
3291-TELCO,Male,0,Yes,Yes,29,Yes,No phone service,No,Yes,No,No,No internet service,Yes,No internet service,One year,Yes,Credit card (automatic),111.33,3233.42,Yes
3292-TELCO,Female,0,Yes,No,19,Yes,Yes,DSL,No internet service,No,No,Yes,Yes,No internet service,Month-to-month,No,Electronic check,93.69,1771.64,No
3293-TELCO,Male,0,No,No,46,Yes,Yes,Fiber optic,Yes,Yes,No,Yes,No internet service,Yes,One year,Yes,Credit card (automatic),60.17,2760.24,No
3294-TELCO,Male,0,No,No,62,Yes,No phone service,Fiber optic,No,No internet service,Yes,No,No internet service,Yes,Month-to-month,No,Bank transfer (automatic),32.16,1996.17,No
3295-TELCO,Female,0,No,No,60,Yes,No,Fiber optic,No,Yes,No,No,Yes,Yes,Two year,Yes,Electronic check,102.39,6134.03,No
3296-TELCO,Female,0,No,No,5,No,No,Fiber optic,No,No internet service,No,No,No,No,Month-to-month,Yes,Credit card (automatic),49.48,250.25,Yes
3297-TELCO,Female,1,No,No,33,Yes,No,No,No,No,No,No,No,No,Two year,No,Electronic check,102.06,3364.02,No
3298-TELCO,Female,0,No,No,55,Yes,Yes,Fiber optic,No,No,No,No,No,No,Month-to-month,No,Mailed check,74.25,4076.97,Yes
3299-TELCO,Female,0,No,No,19,Yes,No,Fiber optic,No internet service,Yes,No internet service,Yes,No,Yes,Month-to-month,Yes,Bank transfer (automatic),72.21,1362.91,Yes
3300-TELCO,Male,0,No,No,17,Yes,Yes,Fiber optic,No,No internet service,No,No,No internet service,No,Two year,No,Bank transfer (automatic),78.81,1334.0,No
3301-TELCO,Female,0,No,No,42,No,Yes,Fiber optic,No internet service,Yes,No,No internet service,No internet service,No,One year,Yes,Electronic check,60.43,2541.98,No
3302-TELCO,Female,0,Yes,No,22,Yes,No,DSL,No,No,No internet service,No internet service,No internet service,No,Month-to-month,Yes,Electronic check,29.3,643.59,No
3303-TELCO,Male,0,No,Yes,39,Yes,No,No,Yes,No internet service,Yes,Yes,Yes,No,Month-to-month,Yes,Credit card (automatic),77.12,2998.34,Yes
3304-TELCO,Male,0,Yes,Yes,27,Yes,No,DSL,No,Yes,Yes,No,Yes,Yes,One year,No,Mailed check,60.62,1628.12,No
3305-TELCO,Female,0,No,No,46,No,No,Fiber optic,No internet service,No internet service,Yes,No,No,No,One year,Yes,Mailed check,64.4,2964.07,No
3306-TELCO,Male,0,Yes,Yes,28,Yes,No,Fiber optic,No,No,No internet service,No internet service,No,Yes,Month-to-month,Yes,Mailed check,78.58,2206.98,Yes
3307-TELCO,Female,0,Yes,No,52,Yes,No,No,No,No,No,Yes,Yes,No,Month-to-month,Yes,Electronic check,32.52,1692.96,Yes
3308-TELCO,Male,0,Yes,No,65,Yes,No phone service,DSL,No internet service,No internet service,No,Yes,Yes,Yes,Month-to-month,Yes,Mailed check,42.31,2747.85,No
3309-TELCO,Male,0,Yes,No,39,Yes,No,Fiber optic,Yes,No,Yes,No internet service,Yes,No internet service,Two year,Yes,Electronic check,47.13,1836.8,No
3310-TELCO,Female,0,Yes,No,18,Yes,Yes,DSL,No,No,No,No internet service,No,No internet service,Two year,Yes,Electronic check,56.15,1008.7,No
3311-TELCO,Male,0,No,No,22,No,No,No,No,No,No,No,Yes,No,Two year,No,Credit card (automatic),28.04,624.82,No
3312-TELCO,Male,0,Yes,No,68,Yes,No phone service,Fiber optic,No,No,No internet service,Yes,No,No,Month-to-month,Yes,Credit card (automatic),33.97,2303.01,No
3313-TELCO,Male,0,Yes,Yes,11,Yes,Yes,DSL,No,Yes,Yes,No internet service,No,No,Two year,Yes,Electronic check,43.88,480.31,No
3314-TELCO,Male,0,Yes,No,64,Yes,No phone service,Fiber optic,No,Yes,Yes,No,No,No,Month-to-month,Yes,Electronic check,88.07,5632.65,No
3315-TELCO,Male,0,No,Yes,71,Yes,No phone service,DSL,Yes,Yes,No internet service,Yes,No,No,Month-to-month,Yes,Credit card (automatic),85.65,6082.93,No
3316-TELCO,Male,0,Yes,No,57,Yes,Yes,DSL,No,Yes,No,No internet service,No,Yes,Month-to-month,No,Bank transfer (automatic),19.17,1096.53,No
3317-TELCO,Female,0,Yes,No,35,Yes,Yes,Fiber optic,No,No,No,No,No,No internet service,Month-to-month,No,Electronic check,25.35,887.6,Yes
3318-TELCO,Female,1,No,No,37,Yes,No phone service,DSL,No internet service,Yes,No,Yes,No,No,Month-to-month,Yes,Electronic check,68.4,2540.63,No
3319-TELCO,Male,1,No,No,50,Yes,No,No,Yes,Yes,No internet service,No internet service,Yes,No internet service,Month-to-month,Yes,Bank transfer (automatic),60.97,3043.58,Yes
3320-TELCO,Female,0,Yes,Yes,30,Yes,No,Fiber optic,No internet service,No,No,No,No,No,Month-to-month,Yes,Bank transfer (automatic),47.82,1424.97,No
3321-TELCO,Female,0,Yes,No,17,Yes,No,Fiber optic,No,No internet service,No,No,Yes,Yes,Month-to-month,Yes,Credit card (automatic),68.57,1170.16,Yes
3322-TELCO,Female,0,Yes,Yes,33,Yes,Yes,No,No,Yes,Yes,No internet service,Yes,Yes,Two year,Yes,Bank transfer (automatic),38.35,1260.45,No
3323-TELCO,Male,1,No,No,16,No,No,Fiber optic,No,No internet service,No,No,Yes,No,Month-to-month,No,Credit card (automatic),31.83,518.69,Yes
3324-TELCO,Female,1,Yes,No,15,Yes,No,Fiber optic,No,No,No internet service,Yes,Yes,No internet service,One year,Yes,Mailed check,25.25,384.82,No
3325-TELCO,Male,0,No,No,13,Yes,Yes,DSL,No,Yes,No internet service,No internet service,No,No,Two year,No,Electronic check,25.46,333.5,Yes
3326-TELCO,Female,0,Yes,No,3,Yes,Yes,No,No internet service,Yes,No internet service,Yes,No,No,One year,No,Electronic check,38.12,118.45,No
3327-TELCO,Male,0,No,No,24,No,Yes,No,No,No,No,No internet service,No internet service,Yes,One year,No,Electronic check,97.75,2351.99,No
3328-TELCO,Male,0,Yes,Yes,23,Yes,No,DSL,No internet service,Yes,No,Yes,No,Yes,Month-to-month,Yes,Electronic check,98.91,2278.62,Yes
3329-TELCO,Female,0,Yes,No,59,Yes,No,DSL,No,No,No,No,No,Yes,Month-to-month,Yes,Bank transfer (automatic),109.95,6483.33,No
3330-TELCO,Female,0,Yes,No,55,Yes,No,No,No internet service,No,No,No,Yes,No,One year,No,Mailed check,84.71,4659.18,No
3331-TELCO,Male,1,Yes,No,65,Yes,Yes,Fiber optic,Yes,No,No internet service,No internet service,Yes,No internet service,One year,No,Credit card (automatic),56.02,3637.58,No
3332-TELCO,Female,0,Yes,No,32,Yes,Yes,Fiber optic,No,Yes,No internet service,No internet service,No,Yes,Month-to-month,Yes,Electronic check,31.17,1001.49,Yes
3333-TELCO,Female,0,No,No,60,Yes,No,Fiber optic,No internet service,No,Yes,Yes,Yes,Yes,Month-to-month,No,Mailed check,40.27,2406.37,No
3334-TELCO,Female,1,No,No,30,Yes,No,Fiber optic,No internet service,Yes,No internet service,Yes,No,No,Month-to-month,Yes,Bank transfer (automatic),62.43,1870.61,No
3335-TELCO,Male,1,Yes,Yes,66,Yes,No,No,No internet service,No,No internet service,No,No,Yes,Two year,No,Credit card (automatic),43.3,2850.97,No
3336-TELCO,Male,0,No,No,18,No,No,No,No,Yes,No,Yes,Yes,No,Month-to-month,Yes,Bank transfer (automatic),49.91,907.37,Yes
3337-TELCO,Female,0,No,No,59,No,Yes,No,No,No,No internet service,No,No,No internet service,Month-to-month,No,Electronic check,113.13,6679.06,No
3338-TELCO,Female,0,No,No,53,Yes,No,No,No,No internet service,No,No internet service,Yes,No,Two year,Yes,Mailed check,57.04,3023.19,No
3339-TELCO,Female,0,Yes,No,64,Yes,No,DSL,No,No,No,No,No,Yes,Month-to-month,Yes,Credit card (automatic),33.63,2147.16,No
3340-TELCO,Male,1,No,No,30,Yes,Yes,DSL,No,Yes,No,No,Yes,Yes,Month-to-month,Yes,Credit card (automatic),53.03,1581.28,No
3341-TELCO,Male,1,Yes,Yes,18,Yes,No phone service,No,No,No internet service,No,No,Yes,No,One year,Yes,Electronic check,22.09,402.73,Yes
3342-TELCO,Female,0,No,No,5,Yes,No,DSL,No,No,Yes,No,No internet service,No internet service,Month-to-month,Yes,Electronic check,80.23,401.08,No
3343-TELCO,Female,0,Yes,Yes,69,Yes,No,No,No,No,No internet service,No,No,No internet service,Month-to-month,No,Bank transfer (automatic),90.67,6248.02,No
3344-TELCO,Female,0,Yes,No,8,Yes,Yes,No,Yes,Yes,No internet service,No internet service,Yes,Yes,Two year,Yes,Bank transfer (automatic),58.8,471.9,Yes
3345-TELCO,Female,1,Yes,No,9,Yes,No,Fiber optic,No,Yes,No internet service,No,No,Yes,Month-to-month,No,Electronic check,73.65,653.65,No
3346-TELCO,Female,0,Yes,No,32,Yes,No,Fiber optic,No,No,Yes,No,Yes,No,One year,Yes,Mailed check,106.07,3392.9,No
3347-TELCO,Female,0,No,No,14,No,No,DSL,Yes,Yes,Yes,No internet service,Yes,Yes,Month-to-month,Yes,Bank transfer (automatic),38.92,543.68,No
3348-TELCO,Male,0,Yes,Yes,13,Yes,No,DSL,No,No internet service,No,No internet service,No internet service,Yes,Month-to-month,No,Electronic check,34.8,459.67,Yes
3349-TELCO,Female,0,No,No,18,Yes,No,Fiber optic,No,No,No internet service,No internet service,No,Yes,Month-to-month,Yes,Mailed check,44.25,806.25,Yes
3350-TELCO,Male,0,Yes,Yes,68,Yes,Yes,DSL,No,Yes,No,Yes,Yes,No,Month-to-month,No,Electronic check,40.29,2732.6,No
3351-TELCO,Female,0,Yes,Yes,22,Yes,No,No,Yes,Yes,No,No,No internet service,Yes,One year,No,Bank transfer (automatic),106.22,2340.88,Yes
3352-TELCO,Female,1,No,No,20,Yes,No,DSL,No,No internet service,No,No,Yes,No,Month-to-month,Yes,Electronic check,22.85,464.43,Yes
3353-TELCO,Male,1,No,Yes,15,Yes,Yes,No,Yes,No internet service,Yes,No,Yes,No,Month-to-month,No,Electronic check,26.73,399.55,No
3354-TELCO,Male,0,Yes,No,7,Yes,No,DSL,Yes,No,No,No,Yes,Yes,One year,No,Credit card (automatic),112.78,785.99,No
3355-TELCO,Male,0,Yes,No,30,Yes,No,Fiber optic,No,Yes,Yes,No,Yes,No internet service,Month-to-month,Yes,Mailed check,57.68,1720.8,No
3356-TELCO,Male,0,No,No,5,Yes,Yes,Fiber optic,No internet service,No,Yes,No internet service,Yes,Yes,Month-to-month,Yes,Bank transfer (automatic),68.05,341.52,Yes
3357-TELCO,Female,0,Yes,No,1,No,No,DSL,Yes,No internet service,No,No internet service,No,No,Two year,Yes,Bank transfer (automatic),76.55,70.16,Yes
3358-TELCO,Male,0,No,No,60,Yes,Yes,Fiber optic,Yes,Yes,No,No,No,Yes,Month-to-month,No,Electronic check,96.88,5804.29,No
3359-TELCO,Female,1,No,No,31,Yes,No phone service,No,Yes,No,Yes,No internet service,No,No internet service,One year,Yes,Electronic check,89.81,2774.19,No
3360-TELCO,Male,0,Yes,No,20,Yes,Yes,DSL,No,No,No,No,No,No,Month-to-month,Yes,Bank transfer (automatic),55.68,1122.82,Yes
3361-TELCO,Female,0,Yes,Yes,64,Yes,Yes,DSL,No,No internet service,Yes,Yes,No,No,Two year,No,Electronic check,98.82,6331.64,No
3362-TELCO,Female,1,Yes,No,64,Yes,No,Fiber optic,No,No,No,Yes,No,Yes,One year,Yes,Mailed check,93.28,5979.17,No
3363-TELCO,Female,1,Yes,No,29,Yes,No,No,No internet service,Yes,Yes,Yes,No internet service,Yes,Month-to-month,Yes,Credit card (automatic),106.58,3099.65,Yes
3364-TELCO,Female,0,No,No,10,No,No,DSL,Yes,Yes,Yes,No,Yes,No,Month-to-month,Yes,Electronic check,43.56,438.11,Yes
3365-TELCO,Female,0,No,Yes,29,Yes,Yes,DSL,No,Yes,Yes,No,No internet service,No,One year,Yes,Mailed check,27.79,808.03,No
3366-TELCO,Female,0,No,Yes,31,Yes,No phone service,DSL,No internet service,No internet service,No,No,Yes,Yes,Two year,Yes,Electronic check,28.88,902.22,No
3367-TELCO,Male,0,No,No,30,Yes,Yes,DSL,Yes,No internet service,Yes,No internet service,Yes,No internet service,Month-to-month,No,Bank transfer (automatic),73.0,2198.93,Yes
3368-TELCO,Female,0,Yes,No,25,Yes,Yes,DSL,No,No,No,Yes,Yes,No,Month-to-month,Yes,Electronic check,44.58,1116.29,No
3369-TELCO,Male,0,No,No,58,Yes,No,Fiber optic,No,No,No,No internet service,No,No,Month-to-month,No,Mailed check,22.75,1311.9,Yes
3370-TELCO,Male,1,Yes,No,57,Yes,No,Fiber optic,No internet service,No,No internet service,Yes,No internet service,Yes,One year,Yes,Mailed check,102.35,5826.58,No
3371-TELCO,Female,0,No,No,63,Yes,No,Fiber optic,No internet service,Yes,No internet service,No internet service,Yes,Yes,Month-to-month,No,Mailed check,104.92,6613.16,No
3372-TELCO,Male,0,Yes,No,37,Yes,Yes,DSL,No,No,No internet service,No internet service,No,No,Month-to-month,Yes,Electronic check,55.12,2031.06,No
3373-TELCO,Female,0,No,Yes,58,Yes,No phone service,Fiber optic,Yes,No internet service,No,No,Yes,No internet service,Month-to-month,No,Bank transfer (automatic),31.45,1826.33,No
3374-TELCO,Male,0,No,No,28,Yes,No,DSL,No,Yes,Yes,No,No,Yes,Month-to-month,No,Mailed check,43.24,1220.0,Yes
3375-TELCO,Female,1,Yes,Yes,27,Yes,No,DSL,No internet service,Yes,No,Yes,No,Yes,Month-to-month,No,Mailed check,86.35,2321.52,No
3376-TELCO,Male,0,Yes,No,70,Yes,No,Fiber optic,No,Yes,No,No,No,No,Two year,No,Mailed check,87.37,6109.61,No
3377-TELCO,Female,0,No,No,37,No,No,DSL,No internet service,Yes,No,Yes,No internet service,Yes,Month-to-month,No,Credit card (automatic),88.78,3293.75,Yes
3378-TELCO,Female,0,Yes,No,6,Yes,Yes,No,No internet service,No,No,No,Yes,Yes,Month-to-month,No,Mailed check,104.19,624.92,Yes
3379-TELCO,Female,0,No,No,62,No,Yes,DSL,Yes,Yes,No,No,No internet service,Yes,Month-to-month,Yes,Credit card (automatic),107.08,6634.7,No
3380-TELCO,Female,0,No,Yes,33,Yes,Yes,Fiber optic,No internet service,No,No internet service,No,No,Yes,Two year,Yes,Mailed check,117.69,3878.75,No
3381-TELCO,Male,0,No,No,40,Yes,Yes,Fiber optic,Yes,No,No internet service,No,No internet service,No,Month-to-month,Yes,Credit card (automatic),53.75,2157.28,No
3382-TELCO,Female,0,Yes,No,41,Yes,Yes,Fiber optic,No,No internet service,No internet service,No,Yes,No internet service,Month-to-month,Yes,Bank transfer (automatic),109.97,4507.36,No
3383-TELCO,Male,0,No,No,42,Yes,No,Fiber optic,No,No internet service,Yes,No internet service,No internet service,No internet service,Two year,No,Credit card (automatic),82.77,3479.05,No
3384-TELCO,Male,0,Yes,No,9,Yes,Yes,DSL,No,No,No internet service,No,Yes,No,Month-to-month,Yes,Bank transfer (automatic),30.55,271.15,Yes
3385-TELCO,Male,1,Yes,No,18,Yes,No,DSL,No,Yes,No,No,No,Yes,One year,No,Electronic check,77.87,1402.56,Yes
3386-TELCO,Female,1,No,Yes,15,Yes,No,DSL,No,Yes,No,No internet service,No internet service,No,Month-to-month,Yes,Electronic check,56.34,851.02,No
3387-TELCO,Male,0,No,No,4,Yes,No,Fiber optic,No,No,Yes,No,No internet service,No,Month-to-month,Yes,Bank transfer (automatic),25.67,99.45,Yes
3388-TELCO,Male,0,Yes,Yes,34,Yes,No,Fiber optic,No,Yes,No,No,No,Yes,Month-to-month,No,Bank transfer (automatic),43.08,1462.68,No
3389-TELCO,Male,0,Yes,No,62,Yes,No,Fiber optic,No internet service,No internet service,No,No,Yes,No,Month-to-month,Yes,Mailed check,89.9,5572.67,No
3390-TELCO,Female,0,No,No,38,Yes,No phone service,DSL,No,No,Yes,No,No,No internet service,One year,Yes,Mailed check,53.22,2024.34,No
3391-TELCO,Female,0,No,No,71,No,Yes,No,No,No internet service,Yes,No,No,Yes,Month-to-month,Yes,Bank transfer (automatic),83.12,5897.6,No
3392-TELCO,Male,1,No,No,23,Yes,No,DSL,No,No,No,No,No,Yes,Month-to-month,Yes,Mailed check,109.58,2519.25,No
3393-TELCO,Female,1,Yes,Yes,20,Yes,No,DSL,Yes,No internet service,No,No,No internet service,No,Month-to-month,Yes,Electronic check,77.58,1552.56,Yes
3394-TELCO,Female,0,No,No,56,Yes,Yes,No,Yes,No internet service,Yes,No,Yes,No,Month-to-month,Yes,Credit card (automatic),114.04,6383.33,No
3395-TELCO,Male,0,No,Yes,53,Yes,No,DSL,No,Yes,No,Yes,No,No,Month-to-month,No,Bank transfer (automatic),52.75,2785.89,No
3396-TELCO,Male,1,No,Yes,2,Yes,No phone service,No,No,No,Yes,Yes,No,No,One year,Yes,Bank transfer (automatic),106.32,208.04,Yes
3397-TELCO,Female,0,No,No,21,Yes,Yes,DSL,No,Yes,No,No internet service,Yes,No,Two year,Yes,Mailed check,115.07,2422.79,Yes
3398-TELCO,Male,0,Yes,Yes,42,Yes,No,DSL,No internet service,No internet service,Yes,Yes,Yes,No,Month-to-month,No,Credit card (automatic),70.31,2948.69,Yes
3399-TELCO,Female,0,No,Yes,57,Yes,No,DSL,No,No,No internet service,Yes,No,Yes,Month-to-month,Yes,Electronic check,54.8,3130.05,No
3400-TELCO,Female,0,Yes,No,49,Yes,No,Fiber optic,No,Yes,Yes,No,Yes,Yes,Month-to-month,Yes,Bank transfer (automatic),53.52,2620.66,Yes
3401-TELCO,Female,0,Yes,No,10,Yes,No,Fiber optic,No internet service,No internet service,No,Yes,No,No,Month-to-month,No,Credit card (automatic),60.88,616.13,Yes
3402-TELCO,Female,0,No,Yes,72,Yes,No,DSL,No,Yes,Yes,Yes,No internet service,No internet service,Month-to-month,No,Bank transfer (automatic),84.66,6093.03,No
3403-TELCO,Female,0,No,No,61,Yes,No,DSL,No,No,Yes,Yes,Yes,No,Month-to-month,Yes,Bank transfer (automatic),62.33,3797.98,No
3404-TELCO,Female,0,No,No,21,Yes,No phone service,DSL,No internet service,No,Yes,No,No internet service,Yes,Month-to-month,Yes,Credit card (automatic),94.93,1988.28,Yes
3405-TELCO,Male,0,No,No,60,Yes,No,DSL,No,No internet service,No internet service,No internet service,No,No,Month-to-month,Yes,Electronic check,87.64,5254.45,No
3406-TELCO,Male,0,Yes,No,13,Yes,Yes,No,No internet service,No internet service,Yes,Yes,No,No internet service,Month-to-month,No,Electronic check,50.93,656.06,Yes
3407-TELCO,Female,0,No,No,48,Yes,No,Fiber optic,No internet service,No,No,No,No,No,Month-to-month,No,Credit card (automatic),99.23,4768.05,No
3408-TELCO,Female,0,Yes,No,40,Yes,Yes,Fiber optic,No,Yes,No,Yes,No internet service,Yes,Two year,Yes,Bank transfer (automatic),94.42,3786.44,No
3409-TELCO,Female,1,No,No,63,Yes,No,DSL,Yes,Yes,No,No,No internet service,No,One year,Yes,Credit card (automatic),80.36,5060.62,No
3410-TELCO,Male,0,Yes,Yes,9,Yes,Yes,DSL,No internet service,No,No,No,No,Yes,Month-to-month,No,Mailed check,37.03,329.93,No
3411-TELCO,Female,0,No,No,57,Yes,No,Fiber optic,No internet service,Yes,Yes,Yes,No,No internet service,Month-to-month,No,Mailed check,69.12,3942.59,No
3412-TELCO,Male,1,Yes,No,51,Yes,No,No,Yes,No,No,No internet service,No,Yes,One year,No,Bank transfer (automatic),63.75,3249.86,No
3413-TELCO,Female,0,No,No,40,Yes,No,No,No,No,No internet service,No internet service,No,Yes,Month-to-month,Yes,Electronic check,20.25,800.96,No
3414-TELCO,Female,0,No,Yes,64,Yes,Yes,Fiber optic,No,No,No internet service,No,Yes,Yes,Month-to-month,No,Electronic check,117.9,7542.49,No
3415-TELCO,Male,0,Yes,No,70,Yes,No phone service,DSL,No internet service,Yes,No,Yes,Yes,Yes,Month-to-month,No,Credit card (automatic),89.42,6265.4,No
3416-TELCO,Male,0,No,No,64,No,No,DSL,Yes,No,No,No,Yes,No internet service,Month-to-month,Yes,Credit card (automatic),55.42,3538.25,No
3417-TELCO,Female,0,No,No,25,Yes,No phone service,Fiber optic,No,Yes,Yes,No internet service,No,No,Two year,Yes,Bank transfer (automatic),76.24,1901.17,No
3418-TELCO,Female,1,No,No,28,No,No,DSL,No,No,No,No,Yes,No,Month-to-month,No,Mailed check,107.76,3026.78,No
3419-TELCO,Female,0,No,No,10,Yes,Yes,No,No,No,Yes,Yes,No,Yes,One year,No,Bank transfer (automatic),22.06,216.26,Yes
3420-TELCO,Male,0,Yes,Yes,28,Yes,Yes,Fiber optic,No internet service,No,Yes,No,Yes,No,Month-to-month,Yes,Electronic check,44.26,1246.31,No
3421-TELCO,Male,1,Yes,No,36,Yes,No,No,No internet service,Yes,No,No,No,No internet service,Month-to-month,Yes,Mailed check,113.51,4094.34,No
3422-TELCO,Male,0,Yes,No,11,Yes,No,Fiber optic,Yes,No,Yes,Yes,No,Yes,One year,Yes,Mailed check,19.83,221.77,No
3423-TELCO,Male,0,Yes,Yes,21,Yes,No,Fiber optic,No,No,Yes,No internet service,No,Yes,One year,Yes,Mailed check,76.65,1609.14,No
3424-TELCO,Male,0,Yes,No,26,Yes,Yes,DSL,Yes,Yes,Yes,No,No,No,One year,Yes,Mailed check,72.17,1885.53,No
3425-TELCO,Male,0,No,No,18,Yes,No,Fiber optic,No,No,No internet service,Yes,No internet service,No internet service,Month-to-month,Yes,Mailed check,116.74,2110.59,Yes
3426-TELCO,Female,0,Yes,No,68,No,No,DSL,No,No,No internet service,Yes,No internet service,No,One year,No,Bank transfer (automatic),61.46,4182.0,No
3427-TELCO,Female,0,Yes,No,41,Yes,No,Fiber optic,No,Yes,No,No internet service,No internet service,No internet service,One year,Yes,Mailed check,116.32,4774.03,No
3428-TELCO,Male,0,Yes,Yes,15,No,No phone service,Fiber optic,Yes,Yes,Yes,No,Yes,No internet service,Month-to-month,No,Bank transfer (automatic),19.42,298.91,Yes
3429-TELCO,Female,0,No,Yes,23,Yes,Yes,Fiber optic,Yes,Yes,No,No,Yes,Yes,Month-to-month,No,Mailed check,52.37,1196.65,Yes
3430-TELCO,Female,0,No,Yes,41,Yes,No,Fiber optic,Yes,Yes,No,No,Yes,No,Month-to-month,Yes,Mailed check,45.29,1858.19,No
3431-TELCO,Male,0,Yes,No,6,Yes,Yes,Fiber optic,No,Yes,Yes,No,No,No internet service,Month-to-month,Yes,Credit card (automatic),32.95,204.97,No
3432-TELCO,Female,0,No,No,71,Yes,No,DSL,No,Yes,No internet service,No,No,No,One year,Yes,Electronic check,118.33,8409.69,No
3433-TELCO,Male,0,Yes,No,60,Yes,Yes,No,No,Yes,No,Yes,No,No,Two year,Yes,Electronic check,115.95,6966.99,No
3434-TELCO,Male,0,No,No,52,Yes,No phone service,DSL,Yes,No internet service,No internet service,Yes,Yes,No internet service,Month-to-month,No,Mailed check,32.73,1706.62,No
3435-TELCO,Female,1,No,Yes,9,No,Yes,No,No internet service,Yes,No,Yes,Yes,No,Month-to-month,Yes,Credit card (automatic),70.83,631.65,Yes
3436-TELCO,Male,0,Yes,Yes,30,Yes,No,Fiber optic,No internet service,No,No,No internet service,No,No,Month-to-month,Yes,Electronic check,27.84,837.89,Yes
3437-TELCO,Male,0,No,No,44,Yes,Yes,No,Yes,Yes,No,No internet service,Yes,Yes,One year,Yes,Bank transfer (automatic),30.7,1360.59,No
3438-TELCO,Male,0,No,Yes,62,Yes,Yes,Fiber optic,No,No internet service,Yes,No,Yes,No,Two year,Yes,Electronic check,89.52,5551.99,No
3439-TELCO,Male,0,Yes,Yes,43,Yes,No,Fiber optic,Yes,No,No internet service,No,No,Yes,Month-to-month,No,Electronic check,105.39,4529.48,No
3440-TELCO,Male,0,No,No,28,Yes,No,Fiber optic,Yes,No,No,Yes,No internet service,Yes,Two year,Yes,Credit card (automatic),79.02,2207.99,No
3441-TELCO,Male,0,Yes,No,8,Yes,Yes,Fiber optic,No,No,No,No,No,No,Month-to-month,No,Credit card (automatic),29.56,233.46,Yes
3442-TELCO,Male,1,Yes,No,51,Yes,No,DSL,No,Yes,No,No,Yes,No,Month-to-month,No,Electronic check,101.24,5167.96,Yes
3443-TELCO,Male,0,Yes,No,30,No,Yes,Fiber optic,No,No internet service,No,No,Yes,No,Two year,No,Credit card (automatic),105.0,3144.21,No
3444-TELCO,Female,0,Yes,No,11,No,No,DSL,No internet service,Yes,No,Yes,No,No,One year,No,Mailed check,74.54,822.76,Yes
3445-TELCO,Female,0,Yes,No,20,Yes,No,Fiber optic,No,No,No,No,No internet service,No internet service,Two year,No,Electronic check,60.15,1205.54,No
3446-TELCO,Female,0,No,Yes,31,Yes,No,DSL,No,Yes,No internet service,No internet service,No internet service,No,One year,Yes,Electronic check,59.23,1831.41,No
3447-TELCO,Male,0,Yes,No,34,Yes,No phone service,DSL,No,No internet service,No internet service,Yes,Yes,No,Month-to-month,No,Bank transfer (automatic),84.68,2879.21,No
3448-TELCO,Male,0,Yes,Yes,12,Yes,No,No,Yes,Yes,No,No,Yes,Yes,Month-to-month,Yes,Electronic check,110.22,1329.97,No
3449-TELCO,Female,1,No,Yes,48,Yes,No phone service,No,No,No,Yes,No internet service,No,No,One year,Yes,Bank transfer (automatic),109.48,5260.95,No
3450-TELCO,Female,0,No,Yes,28,Yes,Yes,Fiber optic,Yes,Yes,No,Yes,No,Yes,Month-to-month,Yes,Electronic check,97.15,2721.92,Yes
3451-TELCO,Female,0,No,No,67,Yes,Yes,No,Yes,No,Yes,No,Yes,No,One year,No,Electronic check,53.82,3609.28,No
3452-TELCO,Male,0,No,No,63,Yes,No phone service,DSL,Yes,Yes,No,Yes,No,No,One year,Yes,Bank transfer (automatic),58.75,3691.95,No
3453-TELCO,Female,0,No,No,48,Yes,No,DSL,Yes,No internet service,No,No,Yes,Yes,Month-to-month,No,Credit card (automatic),91.31,4374.67,No
3454-TELCO,Female,0,No,No,42,Yes,Yes,DSL,No,Yes,Yes,No,Yes,No,Two year,Yes,Bank transfer (automatic),87.86,3687.62,No
3455-TELCO,Male,0,No,No,52,Yes,No,DSL,No internet service,No,No internet service,No internet service,No internet service,Yes,Month-to-month,Yes,Electronic check,110.53,5745.23,No
3456-TELCO,Female,0,No,No,5,Yes,Yes,DSL,No internet service,No,No,No,No,No,One year,No,Credit card (automatic),97.87,485.31,No
3457-TELCO,Male,0,Yes,No,12,Yes,No,Fiber optic,No,No internet service,Yes,No,No,No internet service,Month-to-month,No,Electronic check,116.6,1402.21,Yes
3458-TELCO,Male,0,Yes,No,59,Yes,Yes,DSL,Yes,No internet service,Yes,No internet service,No internet service,No internet service,Two year,No,Bank transfer (automatic),40.51,2392.23,Yes
3459-TELCO,Male,0,No,No,65,Yes,Yes,DSL,Yes,No internet service,No internet service,No internet service,Yes,Yes,Month-to-month,Yes,Bank transfer (automatic),110.97,7216.74,No
3460-TELCO,Female,1,Yes,No,52,Yes,Yes,Fiber optic,Yes,Yes,No,Yes,No,Yes,Month-to-month,Yes,Mailed check,116.14,6033.9,No
3461-TELCO,Female,0,Yes,No,43,Yes,No,DSL,Yes,Yes,No internet service,No,Yes,No internet service,One year,Yes,Bank transfer (automatic),109.23,4686.94,No
3462-TELCO,Male,0,No,Yes,63,Yes,No,Fiber optic,No,No,No,Yes,Yes,No,Month-to-month,Yes,Electronic check,32.44,2053.06,No
3463-TELCO,Female,1,No,No,50,Yes,No phone service,DSL,No internet service,No,Yes,Yes,No,No,Month-to-month,Yes,Credit card (automatic),112.86,5648.45,Yes
3464-TELCO,Female,0,Yes,No,39,Yes,Yes,No,No,No,No,No,Yes,No internet service,Two year,Yes,Electronic check,94.41,3681.13,No
3465-TELCO,Female,0,No,No,42,Yes,No,DSL,No internet service,No,Yes,Yes,No,Yes,Two year,No,Credit card (automatic),54.61,2284.5,No
3466-TELCO,Female,0,No,No,17,Yes,Yes,No,No,Yes,No internet service,Yes,Yes,Yes,Month-to-month,Yes,Electronic check,64.01,1082.15,No
3467-TELCO,Male,1,No,No,43,Yes,No,Fiber optic,No,Yes,No,No,No,No,One year,Yes,Mailed check,24.78,1056.6,No
3468-TELCO,Female,0,No,No,49,Yes,No,DSL,No internet service,No,No internet service,No,Yes,Yes,Month-to-month,No,Bank transfer (automatic),59.7,2924.84,No
3469-TELCO,Male,0,No,No,5,Yes,No,DSL,No,No internet service,No,No internet service,Yes,No,Month-to-month,Yes,Credit card (automatic),43.11,209.89,Yes
3470-TELCO,Male,0,No,No,1,Yes,Yes,Fiber optic,No,No,Yes,No,No internet service,No,Month-to-month,Yes,Bank transfer (automatic),90.55,91.32,No
3471-TELCO,Female,0,Yes,No,67,Yes,Yes,No,No,Yes,No,No internet service,No,Yes,Month-to-month,Yes,Electronic check,75.02,5017.58,No
3472-TELCO,Male,0,No,No,24,Yes,Yes,DSL,Yes,No internet service,No,No,No,Yes,One year,No,Mailed check,112.12,2695.1,No
3473-TELCO,Female,0,No,Yes,29,Yes,Yes,DSL,No internet service,No,No internet service,No,Yes,No,One year,Yes,Bank transfer (automatic),80.46,2325.35,No
3474-TELCO,Female,0,No,No,15,Yes,Yes,Fiber optic,Yes,No,No,No,Yes,No internet service,Month-to-month,Yes,Credit card (automatic),96.43,1442.64,Yes
3475-TELCO,Male,0,No,Yes,4,No,Yes,Fiber optic,No,Yes,No,No,No,No,Month-to-month,Yes,Mailed check,99.92,402.58,No
3476-TELCO,Male,0,Yes,No,44,Yes,No,No,No,No,Yes,No,No,Yes,Month-to-month,No,Electronic check,25.02,1093.03,No
3477-TELCO,Male,0,No,Yes,65,Yes,No,Fiber optic,No,Yes,Yes,No,No internet service,No,One year,Yes,Electronic check,100.74,6557.67,No
3478-TELCO,Male,0,Yes,No,31,Yes,No,DSL,Yes,No internet service,No,No,No,Yes,Month-to-month,Yes,Credit card (automatic),34.72,1070.14,No
3479-TELCO,Female,0,Yes,Yes,20,Yes,Yes,No,Yes,No,No,No,Yes,No internet service,Month-to-month,No,Electronic check,40.38,798.32,Yes
3480-TELCO,Female,0,Yes,Yes,10,No,No,Fiber optic,No,No,No,No,Yes,No,Month-to-month,No,Bank transfer (automatic),68.68,690.17,No
3481-TELCO,Female,0,Yes,No,11,Yes,No,Fiber optic,No,No,No,No internet service,Yes,Yes,Month-to-month,No,Credit card (automatic),65.09,713.62,Yes
3482-TELCO,Male,0,No,No,28,Yes,Yes,Fiber optic,Yes,Yes,Yes,Yes,Yes,Yes,One year,No,Credit card (automatic),114.11,3204.43,No
3483-TELCO,Male,1,Yes,Yes,38,Yes,No,DSL,No internet service,No,No,No,No,No internet service,Month-to-month,No,Electronic check,63.1,2389.55,No
3484-TELCO,Male,0,Yes,No,24,Yes,Yes,DSL,No internet service,No,Yes,No internet service,Yes,Yes,Month-to-month,Yes,Credit card (automatic),60.52,1449.58,No
3485-TELCO,Female,1,No,No,39,Yes,Yes,DSL,No,No,No,Yes,No,No internet service,One year,No,Credit card (automatic),100.72,3929.95,No
3486-TELCO,Male,0,Yes,Yes,51,Yes,Yes,No,No,Yes,Yes,Yes,Yes,No internet service,Month-to-month,No,Credit card (automatic),47.77,2437.16,No
3487-TELCO,Female,0,Yes,No,50,Yes,Yes,No,Yes,No internet service,No,No,No internet service,Yes,Month-to-month,No,Bank transfer (automatic),98.56,4927.76,Yes
3488-TELCO,Male,0,Yes,No,7,Yes,Yes,DSL,No internet service,No,Yes,Yes,No,No,One year,Yes,Mailed check,42.92,298.12,Yes
3489-TELCO,Female,0,Yes,No,68,Yes,Yes,Fiber optic,No internet service,Yes,No internet service,No,No internet service,No,Month-to-month,Yes,Bank transfer (automatic),58.97,4016.65,No
3490-TELCO,Female,0,Yes,No,53,Yes,No,Fiber optic,No,No,No,No,No internet service,No,Two year,No,Bank transfer (automatic),110.03,5824.35,No
3491-TELCO,Male,1,Yes,No,37,Yes,Yes,DSL,No,No internet service,No,No internet service,No,Yes,Month-to-month,No,Mailed check,65.77,2433.52,Yes
3492-TELCO,Male,0,No,Yes,54,Yes,Yes,Fiber optic,No,No,No internet service,Yes,Yes,No,Two year,No,Mailed check,111.81,6039.19,No
3493-TELCO,Female,0,Yes,No,55,Yes,No,Fiber optic,No,No,Yes,No,Yes,Yes,Two year,Yes,Bank transfer (automatic),56.24,3100.9,Yes
3494-TELCO,Female,0,Yes,Yes,31,Yes,No,DSL,No,No,No,No internet service,Yes,Yes,Two year,No,Mailed check,27.05,834.2,No
3495-TELCO,Male,1,No,No,65,Yes,No,No,No,Yes,No internet service,No,No,No,Month-to-month,No,Bank transfer (automatic),94.93,6165.93,Yes
3496-TELCO,Male,0,Yes,Yes,59,Yes,No,Fiber optic,No,No,No,Yes,No,Yes,Month-to-month,Yes,Credit card (automatic),43.19,2554.41,No
3497-TELCO,Female,0,No,No,47,Yes,No phone service,DSL,No,No,No,Yes,No,Yes,Two year,No,Electronic check,93.48,4389.1,No
3498-TELCO,Male,1,No,No,49,Yes,Yes,No,No,Yes,No,No internet service,Yes,No internet service,Two year,No,Credit card (automatic),76.16,3722.92,No
3499-TELCO,Female,0,Yes,No,18,Yes,No,DSL,No,Yes,No,Yes,No,Yes,One year,No,Electronic check,116.2,2092.05,No
3500-TELCO,Female,0,No,No,3,Yes,No,No,No internet service,Yes,No,No,Yes,No internet service,One year,No,Bank transfer (automatic),61.05,188.33,Yes
3501-TELCO,Male,0,Yes,No,18,Yes,No,DSL,No,No,Yes,Yes,No internet service,Yes,Two year,No,Credit card (automatic),108.18,1940.31,No
3502-TELCO,Male,0,Yes,No,58,Yes,No,Fiber optic,No,Yes,No,No,Yes,Yes,Month-to-month,Yes,Electronic check,90.99,5282.66,Yes
3503-TELCO,Male,0,No,No,71,No,No,No,Yes,No internet service,No,Yes,No,Yes,Two year,Yes,Credit card (automatic),32.84,2328.73,No
3504-TELCO,Male,0,No,Yes,25,Yes,No,DSL,No,No,No internet service,No,No,No,Month-to-month,Yes,Credit card (automatic),89.83,2254.72,Yes
3505-TELCO,Male,0,No,Yes,18,Yes,Yes,Fiber optic,No,No,No,No,No,No,Month-to-month,Yes,Credit card (automatic),82.33,1473.68,No
3506-TELCO,Female,0,No,No,52,Yes,Yes,Fiber optic,No,No,No internet service,Yes,Yes,No internet service,One year,Yes,Mailed check,116.53,6055.87,No
3507-TELCO,Female,0,Yes,No,43,Yes,Yes,Fiber optic,No,Yes,No,Yes,No internet service,No internet service,One year,No,Electronic check,64.19,2754.37,No
3508-TELCO,Male,0,No,Yes,67,Yes,No,DSL,No,Yes,No,No,No,Yes,One year,No,Electronic check,74.07,4970.63,No
3509-TELCO,Male,0,No,Yes,7,Yes,Yes,No,No,No,Yes,Yes,No,Yes,Month-to-month,No,Electronic check,89.56,622.5,No
3510-TELCO,Male,0,No,Yes,44,Yes,Yes,Fiber optic,No,No,Yes,Yes,Yes,Yes,Month-to-month,Yes,Bank transfer (automatic),79.36,3487.15,No
3511-TELCO,Female,0,No,No,44,Yes,Yes,DSL,Yes,No,No internet service,Yes,No internet service,No,Two year,No,Bank transfer (automatic),80.1,3528.49,No
3512-TELCO,Male,0,No,No,51,Yes,No phone service,Fiber optic,No,Yes,No,Yes,Yes,Yes,Month-to-month,Yes,Electronic check,63.65,3255.13,No
3513-TELCO,Male,0,Yes,No,21,Yes,No phone service,Fiber optic,No,Yes,No internet service,No,Yes,Yes,One year,No,Mailed check,95.74,2012.34,No
3514-TELCO,Female,0,No,Yes,37,Yes,No,No,No,No internet service,No,No internet service,No,No,Two year,Yes,Mailed check,19.21,719.61,No
3515-TELCO,Female,0,Yes,Yes,28,Yes,Yes,DSL,No,Yes,No,Yes,No internet service,Yes,Two year,No,Credit card (automatic),34.07,957.12,No
3516-TELCO,Male,1,Yes,No,32,Yes,Yes,DSL,Yes,Yes,No,Yes,Yes,Yes,Month-to-month,Yes,Electronic check,103.86,3317.46,Yes
3517-TELCO,Male,0,No,No,57,Yes,No,DSL,Yes,Yes,No,No,Yes,Yes,Month-to-month,No,Credit card (automatic),111.81,6378.06,No
3518-TELCO,Male,0,Yes,No,41,Yes,No,No,Yes,No,Yes,Yes,No,Yes,Month-to-month,No,Bank transfer (automatic),92.49,3788.02,Yes
3519-TELCO,Female,0,No,Yes,54,Yes,Yes,Fiber optic,No,No internet service,Yes,No internet service,No,Yes,Month-to-month,Yes,Bank transfer (automatic),34.05,1834.88,No
3520-TELCO,Male,0,Yes,No,27,Yes,Yes,DSL,Yes,Yes,No internet service,Yes,No internet service,No,Two year,Yes,Electronic check,76.51,2071.95,No
3521-TELCO,Male,0,No,No,40,Yes,Yes,Fiber optic,No,No,No,Yes,No,No,Month-to-month,No,Electronic check,46.37,1849.98,No
3522-TELCO,Male,0,Yes,No,41,Yes,Yes,DSL,No internet service,No,No,No,No,Yes,Month-to-month,No,Credit card (automatic),74.71,3059.78,Yes
3523-TELCO,Female,1,Yes,No,70,Yes,No,DSL,Yes,No internet service,Yes,No,No,No internet service,One year,No,Mailed check,38.84,2728.54,No
3524-TELCO,Female,0,Yes,Yes,24,Yes,No,Fiber optic,No internet service,No,No internet service,No,No,Yes,Month-to-month,Yes,Bank transfer (automatic),32.04,762.36,Yes
3525-TELCO,Male,0,No,No,18,Yes,Yes,DSL,No,No internet service,No internet service,No internet service,No internet service,No internet service,Two year,Yes,Credit card (automatic),37.61,679.62,No
3526-TELCO,Male,0,Yes,No,56,Yes,Yes,Fiber optic,No internet service,No,No,No,No,No,Month-to-month,Yes,Electronic check,107.99,6045.33,No
3527-TELCO,Female,0,No,No,15,Yes,Yes,Fiber optic,Yes,No,No,No,Yes,No,Month-to-month,No,Electronic check,24.08,357.59,Yes
3528-TELCO,Female,1,Yes,No,72,Yes,No phone service,Fiber optic,No internet service,No,No,No,Yes,Yes,Month-to-month,No,Mailed check,21.76,1559.38,No
3529-TELCO,Female,0,Yes,Yes,35,Yes,No phone service,DSL,No internet service,No internet service,No,No,No internet service,No,Month-to-month,Yes,Mailed check,37.41,1310.0,No
3530-TELCO,Female,0,Yes,No,27,Yes,No,Fiber optic,No internet service,No,No internet service,No,No,No,Two year,No,Credit card (automatic),75.24,2032.88,No
3531-TELCO,Female,0,Yes,No,3,Yes,Yes,DSL,No internet service,No,No internet service,No,Yes,Yes,One year,Yes,Electronic check,27.21,85.39,Yes
3532-TELCO,Female,0,No,No,21,Yes,No,Fiber optic,Yes,Yes,No,No,Yes,No,Month-to-month,Yes,Credit card (automatic),70.45,1485.21,Yes
3533-TELCO,Female,0,No,Yes,39,Yes,Yes,DSL,Yes,No,Yes,No,Yes,Yes,Two year,Yes,Mailed check,90.61,3532.04,No
3534-TELCO,Female,0,Yes,Yes,32,Yes,Yes,Fiber optic,No internet service,No,Yes,No internet service,No,No,Month-to-month,No,Electronic check,72.52,2321.41,No
3535-TELCO,Female,0,No,Yes,50,Yes,No,Fiber optic,Yes,No,No,No,No,Yes,One year,No,Bank transfer (automatic),95.32,4757.3,No
3536-TELCO,Male,0,No,Yes,9,Yes,No,Fiber optic,No,No,No,No,Yes,No internet service,One year,Yes,Bank transfer (automatic),70.49,632.75,No
3537-TELCO,Male,0,Yes,No,50,Yes,Yes,Fiber optic,Yes,Yes,Yes,Yes,No internet service,No internet service,Two year,Yes,Electronic check,27.38,1361.64,No
3538-TELCO,Male,0,Yes,Yes,1,Yes,No,Fiber optic,No,No,Yes,No internet service,No,No,Two year,Yes,Mailed check,85.52,75.53,Yes
3539-TELCO,Female,0,No,No,4,Yes,Yes,DSL,No,Yes,No,Yes,No,No,One year,Yes,Electronic check,51.16,195.83,No
3540-TELCO,Male,0,Yes,Yes,4,Yes,No,Fiber optic,No internet service,Yes,Yes,No,No,No internet service,Month-to-month,Yes,Electronic check,70.51,272.53,Yes
3541-TELCO,Female,0,Yes,No,34,Yes,No,No,No internet service,No internet service,Yes,No internet service,No,No,Two year,No,Bank transfer (automatic),118.23,4017.67,No
3542-TELCO,Female,0,Yes,No,27,Yes,No phone service,DSL,No,Yes,No,No internet service,No,No,Two year,Yes,Mailed check,45.86,1235.91,No
3543-TELCO,Male,0,No,No,15,Yes,No,DSL,No,No,No internet service,No,No,No,One year,Yes,Electronic check,100.77,1505.53,No
3544-TELCO,Female,0,Yes,No,32,Yes,No,DSL,No,No internet service,No,No,Yes,No internet service,Two year,Yes,Credit card (automatic),74.96,2398.02,No
3545-TELCO,Male,1,Yes,No,41,Yes,Yes,Fiber optic,Yes,Yes,No,Yes,No,Yes,Month-to-month,No,Bank transfer (automatic),110.28,4513.07,Yes
3546-TELCO,Male,0,Yes,No,71,Yes,Yes,DSL,No internet service,Yes,No internet service,No internet service,No,No internet service,Month-to-month,No,Electronic check,109.77,7789.51,Yes
3547-TELCO,Male,0,Yes,No,61,Yes,Yes,No,No,No,Yes,Yes,No internet service,No,Month-to-month,No,Bank transfer (automatic),90.04,5483.35,No
3548-TELCO,Female,0,Yes,No,63,Yes,Yes,Fiber optic,No,Yes,No,No,Yes,No,Month-to-month,Yes,Credit card (automatic),48.85,3067.68,No
3549-TELCO,Male,0,No,No,61,Yes,No,DSL,Yes,No internet service,No internet service,No internet service,No,No internet service,Month-to-month,Yes,Mailed check,113.84,6945.98,No
3550-TELCO,Female,0,Yes,Yes,14,Yes,No,No,No,Yes,Yes,No internet service,Yes,No,Two year,Yes,Bank transfer (automatic),102.21,1435.29,No
3551-TELCO,Male,1,No,No,23,Yes,Yes,DSL,No,No internet service,No internet service,No,No internet service,No,Two year,No,Electronic check,115.4,2649.37,No
3552-TELCO,Male,0,Yes,Yes,65,Yes,No,DSL,Yes,Yes,No,Yes,No,No,Month-to-month,No,Electronic check,115.74,7526.95,No
3553-TELCO,Male,1,No,No,32,Yes,Yes,DSL,No internet service,No internet service,Yes,Yes,No,No internet service,Two year,Yes,Credit card (automatic),62.49,2002.24,No
3554-TELCO,Female,0,No,No,41,Yes,No,DSL,Yes,No internet service,No internet service,No,Yes,No,Two year,Yes,Electronic check,28.08,1156.79,No
3555-TELCO,Female,0,Yes,No,26,Yes,Yes,Fiber optic,No,No,No,No,Yes,Yes,Month-to-month,Yes,Mailed check,69.08,1790.19,No
3556-TELCO,Female,0,No,No,48,Yes,Yes,DSL,No internet service,No,No,Yes,No,No,Two year,No,Electronic check,30.46,1461.7,No
3557-TELCO,Male,0,No,No,16,Yes,Yes,Fiber optic,No internet service,Yes,No,Yes,No,No internet service,Month-to-month,Yes,Bank transfer (automatic),67.54,1074.86,No
3558-TELCO,Male,0,No,No,31,Yes,No,Fiber optic,No internet service,Yes,No,No,No internet service,No,Month-to-month,Yes,Electronic check,73.42,2283.43,No
3559-TELCO,Female,1,Yes,No,66,No,No,DSL,No internet service,No,Yes,No,No,Yes,One year,Yes,Electronic check,76.23,5034.09,No
3560-TELCO,Female,1,No,No,32,Yes,Yes,Fiber optic,Yes,No,No,No internet service,Yes,No,Month-to-month,No,Bank transfer (automatic),19.16,604.83,Yes
3561-TELCO,Female,1,No,No,10,No,Yes,Fiber optic,No internet service,No internet service,No,Yes,No,Yes,Month-to-month,No,Credit card (automatic),104.31,1040.42,Yes
3562-TELCO,Female,0,No,No,25,Yes,No phone service,No,Yes,No,No,No,No internet service,No,Month-to-month,No,Credit card (automatic),64.31,1598.52,Yes
3563-TELCO,Female,0,No,Yes,45,Yes,No,DSL,Yes,No,No,No internet service,No internet service,Yes,Two year,Yes,Electronic check,89.37,4031.35,No
3564-TELCO,Female,0,Yes,No,24,Yes,Yes,DSL,Yes,No,No internet service,No,No,Yes,Month-to-month,No,Electronic check,29.29,709.43,Yes
3565-TELCO,Male,0,No,No,3,Yes,Yes,No,No internet service,No internet service,Yes,Yes,Yes,No,Month-to-month,Yes,Bank transfer (automatic),93.13,276.45,Yes
3566-TELCO,Female,0,No,No,62,Yes,No,DSL,No,No,No internet service,No,No,Yes,Two year,Yes,Electronic check,62.61,3879.51,No
3567-TELCO,Male,0,No,No,67,Yes,Yes,DSL,No,No internet service,Yes,No internet service,No,Yes,Two year,No,Electronic check,92.69,6207.62,No
3568-TELCO,Male,0,Yes,No,55,Yes,No,Fiber optic,Yes,Yes,No internet service,Yes,No,No internet service,Month-to-month,Yes,Electronic check,111.28,6123.55,No
3569-TELCO,Female,0,No,No,10,Yes,Yes,DSL,Yes,Yes,No internet service,No internet service,Yes,No internet service,One year,Yes,Credit card (automatic),91.71,914.06,Yes
3570-TELCO,Female,0,Yes,No,55,No,No,Fiber optic,No,No internet service,No,Yes,Yes,No internet service,Month-to-month,Yes,Credit card (automatic),80.04,4396.45,No
3571-TELCO,Male,0,No,Yes,22,Yes,Yes,No,Yes,No internet service,No,Yes,No,No internet service,One year,Yes,Mailed check,89.26,1959.08,No
3572-TELCO,Female,0,Yes,Yes,14,Yes,Yes,Fiber optic,No,Yes,No,No internet service,No internet service,No internet service,Two year,No,Credit card (automatic),92.64,1302.87,No
3573-TELCO,Female,0,Yes,Yes,8,Yes,No,Fiber optic,No,No internet service,No internet service,No internet service,Yes,No internet service,Month-to-month,No,Bank transfer (automatic),68.7,541.66,Yes
3574-TELCO,Male,0,No,Yes,15,Yes,No,DSL,No,No internet service,Yes,Yes,Yes,No,Month-to-month,Yes,Mailed check,102.25,1532.35,Yes
3575-TELCO,Male,0,Yes,Yes,15,Yes,No,No,No internet service,Yes,No,Yes,No,Yes,Two year,Yes,Electronic check,73.98,1107.62,No
3576-TELCO,Male,0,No,Yes,52,Yes,Yes,Fiber optic,Yes,No internet service,No,No internet service,No,No,One year,Yes,Bank transfer (automatic),81.84,4256.82,Yes
3577-TELCO,Female,0,No,Yes,70,Yes,Yes,DSL,Yes,No internet service,No internet service,Yes,No,No,Month-to-month,Yes,Bank transfer (automatic),60.81,4247.91,No
3578-TELCO,Male,0,Yes,No,54,Yes,Yes,DSL,No,Yes,Yes,Yes,Yes,No,Month-to-month,Yes,Electronic check,114.02,6147.75,No
3579-TELCO,Female,0,Yes,Yes,42,Yes,Yes,No,No internet service,No,No,Yes,No,No,Month-to-month,Yes,Mailed check,70.01,2944.31,No
3580-TELCO,Male,0,No,No,19,Yes,Yes,Fiber optic,No,No internet service,No,No,No internet service,Yes,One year,No,Credit card (automatic),39.68,754.38,No
3581-TELCO,Male,0,Yes,No,40,Yes,Yes,Fiber optic,No internet service,No,No internet service,No internet service,Yes,No internet service,Month-to-month,Yes,Bank transfer (automatic),50.26,2002.83,Yes
3582-TELCO,Male,0,No,No,69,Yes,Yes,Fiber optic,No,No internet service,Yes,Yes,Yes,No,Month-to-month,No,Credit card (automatic),33.1,2281.6,No
3583-TELCO,Female,0,No,No,27,Yes,No,DSL,Yes,Yes,No internet service,Yes,No internet service,Yes,Month-to-month,Yes,Mailed check,30.83,832.89,No
3584-TELCO,Female,0,Yes,No,43,Yes,Yes,Fiber optic,No,No,Yes,No,No,No,Two year,No,Credit card (automatic),111.84,4806.18,No
3585-TELCO,Male,0,Yes,No,52,Yes,No,No,Yes,Yes,Yes,No,No,No internet service,Month-to-month,Yes,Electronic check,85.08,4416.44,Yes
3586-TELCO,Male,0,Yes,Yes,46,Yes,Yes,Fiber optic,No,Yes,No,No,No,No,Month-to-month,Yes,Bank transfer (automatic),18.31,835.27,No
3587-TELCO,Male,0,No,No,14,Yes,No,Fiber optic,Yes,No,Yes,No,Yes,No,Month-to-month,Yes,Electronic check,99.9,1393.51,No
3588-TELCO,Female,0,Yes,No,64,Yes,No,DSL,Yes,No,No,Yes,Yes,No,Month-to-month,Yes,Electronic check,71.59,4571.78,No
3589-TELCO,Male,0,Yes,No,61,Yes,No,DSL,No internet service,No,No internet service,Yes,Yes,Yes,One year,Yes,Bank transfer (automatic),29.25,1788.82,No
3590-TELCO,Female,0,No,No,58,Yes,Yes,DSL,Yes,No internet service,No,Yes,Yes,No,Month-to-month,Yes,Mailed check,63.81,3704.71,No
3591-TELCO,Male,0,No,No,49,Yes,No,DSL,Yes,No,No internet service,Yes,Yes,Yes,Month-to-month,No,Bank transfer (automatic),55.01,2703.11,No
3592-TELCO,Male,1,Yes,Yes,29,Yes,Yes,Fiber optic,No internet service,Yes,No,No internet service,No internet service,Yes,Two year,No,Credit card (automatic),50.44,1455.05,No
3593-TELCO,Male,0,Yes,Yes,26,Yes,No,Fiber optic,No,No internet service,No internet service,Yes,Yes,No,One year,Yes,Mailed check,64.8,1687.11,No
3594-TELCO,Male,0,No,No,27,Yes,No,DSL,No,Yes,Yes,No internet service,Yes,Yes,One year,Yes,Mailed check,82.63,2235.45,No
3595-TELCO,Male,0,No,No,67,Yes,No phone service,No,No internet service,No,No internet service,No,Yes,Yes,Two year,Yes,Bank transfer (automatic),72.19,4838.87,No
3596-TELCO,Male,0,No,Yes,67,Yes,No,Fiber optic,No,Yes,Yes,No internet service,Yes,No,Month-to-month,No,Credit card (automatic),46.58,3117.98,No
3597-TELCO,Female,0,No,No,35,Yes,No,No,Yes,No internet service,No,Yes,Yes,No,Two year,No,Electronic check,90.97,3180.47,No
3598-TELCO,Male,0,No,Yes,60,Yes,No,DSL,No,Yes,No,Yes,Yes,No,Month-to-month,Yes,Electronic check,117.62,7049.97,No
3599-TELCO,Female,0,No,No,61,Yes,No,DSL,No,No,No internet service,Yes,No,No,Month-to-month,Yes,Credit card (automatic),115.33,7044.56,No
3600-TELCO,Male,1,No,No,70,Yes,No phone service,Fiber optic,No internet service,No,No,No,No,No internet service,Two year,No,Credit card (automatic),118.41,8280.92,Yes
3601-TELCO,Male,0,No,No,3,Yes,No,DSL,Yes,Yes,No,No,Yes,Yes,Month-to-month,No,Mailed check,67.22,205.31,Yes
3602-TELCO,Female,0,No,Yes,33,Yes,Yes,DSL,Yes,No,No internet service,No internet service,No,Yes,Month-to-month,No,Electronic check,22.61,753.84,No
3603-TELCO,Male,1,Yes,No,42,Yes,No,DSL,No,Yes,No internet service,No,Yes,No,Month-to-month,Yes,Credit card (automatic),91.46,3849.32,No
3604-TELCO,Female,0,Yes,No,13,Yes,No,DSL,No,No internet service,Yes,No,No,No,Two year,No,Bank transfer (automatic),84.94,1112.71,No
3605-TELCO,Female,0,No,Yes,29,Yes,No,Fiber optic,Yes,No internet service,No internet service,No,Yes,Yes,One year,Yes,Mailed check,115.43,3350.67,Yes
3606-TELCO,Male,0,Yes,Yes,9,Yes,No,Fiber optic,No internet service,No internet service,No,Yes,No,No,One year,Yes,Credit card (automatic),55.53,492.38,No
3607-TELCO,Female,0,No,No,32,Yes,No,DSL,No internet service,No,No internet service,Yes,No,No,Month-to-month,Yes,Electronic check,118.16,3781.52,No
3608-TELCO,Female,0,Yes,No,22,Yes,Yes,DSL,No,Yes,Yes,No,Yes,No,Month-to-month,No,Mailed check,24.85,545.47,Yes
3609-TELCO,Male,1,No,Yes,58,Yes,Yes,No,No internet service,Yes,Yes,Yes,Yes,No,Month-to-month,Yes,Bank transfer (automatic),54.33,3154.57,Yes
3610-TELCO,Female,0,Yes,No,57,Yes,No phone service,DSL,No,No,No,No internet service,Yes,Yes,Month-to-month,Yes,Electronic check,92.63,5279.08,No
3611-TELCO,Male,0,No,No,10,Yes,No,Fiber optic,No internet service,No,Yes,No internet service,No,Yes,Month-to-month,Yes,Credit card (automatic),80.08,807.24,Yes
3612-TELCO,Male,1,No,Yes,25,Yes,No,No,No,No internet service,No,No,No internet service,No,Two year,Yes,Bank transfer (automatic),38.93,971.49,Yes
3613-TELCO,Male,0,Yes,No,62,Yes,No,DSL,Yes,No,No,No,No internet service,No internet service,One year,No,Electronic check,54.15,3362.38,No
3614-TELCO,Male,0,No,Yes,63,Yes,No phone service,DSL,No,No internet service,No,No,No,No,Month-to-month,No,Electronic check,34.56,2186.31,No
3615-TELCO,Female,0,Yes,Yes,3,Yes,No,No,No,No,No,No,No internet service,No,Two year,Yes,Electronic check,118.2,359.14,No
3616-TELCO,Male,1,Yes,Yes,47,Yes,Yes,DSL,No internet service,No,No,No,No internet service,No internet service,Two year,No,Credit card (automatic),69.95,3292.91,No
3617-TELCO,Male,0,Yes,No,55,Yes,No phone service,DSL,No internet service,Yes,No,Yes,No,No,One year,No,Electronic check,105.41,5801.77,No
3618-TELCO,Female,0,Yes,No,26,Yes,No,Fiber optic,No,Yes,Yes,No,Yes,Yes,One year,Yes,Electronic check,57.84,1510.65,No
3619-TELCO,Male,0,No,Yes,13,Yes,Yes,DSL,No,No,No internet service,No internet service,No internet service,Yes,Month-to-month,No,Bank transfer (automatic),42.78,551.97,Yes
3620-TELCO,Male,0,Yes,No,7,Yes,No,No,Yes,No,No internet service,No,No,Yes,Month-to-month,Yes,Bank transfer (automatic),67.29,480.87,Yes
3621-TELCO,Female,1,No,No,34,Yes,No phone service,DSL,No,No,Yes,Yes,No,Yes,Month-to-month,No,Mailed check,95.58,3255.64,No
3622-TELCO,Female,0,Yes,Yes,22,Yes,Yes,Fiber optic,No,Yes,No internet service,Yes,No,Yes,Month-to-month,No,Bank transfer (automatic),109.71,2418.78,Yes
3623-TELCO,Female,0,No,No,23,Yes,No phone service,Fiber optic,Yes,No,Yes,No,No internet service,Yes,Month-to-month,No,Credit card (automatic),37.64,857.51,No
3624-TELCO,Female,1,Yes,No,48,Yes,Yes,Fiber optic,No internet service,Yes,Yes,No internet service,No,No,Month-to-month,No,Mailed check,31.11,1489.94,No
3625-TELCO,Female,0,No,No,14,Yes,No phone service,Fiber optic,No,No,No,No internet service,Yes,Yes,Two year,Yes,Electronic check,34.44,477.23,No
3626-TELCO,Female,0,No,No,52,Yes,No,No,No internet service,Yes,No,No internet service,Yes,No,Two year,Yes,Bank transfer (automatic),48.75,2527.24,No
3627-TELCO,Female,0,No,No,39,No,Yes,No,No,No,Yes,No internet service,Yes,Yes,One year,Yes,Credit card (automatic),78.42,3066.66,No
3628-TELCO,Male,0,Yes,No,41,Yes,No,DSL,No internet service,No,No internet service,Yes,No,Yes,Month-to-month,Yes,Electronic check,92.38,3789.78,Yes
3629-TELCO,Female,0,No,Yes,36,Yes,No,Fiber optic,Yes,No,No internet service,Yes,Yes,Yes,Two year,Yes,Bank transfer (automatic),54.9,1984.34,No
3630-TELCO,Female,1,Yes,No,6,Yes,No,DSL,No,No,No internet service,No,No,No,Two year,Yes,Mailed check,110.61,664.31,No
3631-TELCO,Female,0,Yes,No,23,Yes,Yes,Fiber optic,Yes,No,Yes,No,No,Yes,Month-to-month,No,Bank transfer (automatic),64.52,1492.17,Yes
3632-TELCO,Male,0,Yes,Yes,10,Yes,Yes,DSL,Yes,No,No internet service,No,No,No,Month-to-month,Yes,Electronic check,67.33,681.82,Yes
3633-TELCO,Male,0,Yes,No,60,Yes,No,Fiber optic,No,No internet service,No,Yes,Yes,No,Month-to-month,Yes,Bank transfer (automatic),107.33,6442.85,No
3634-TELCO,Female,0,Yes,No,30,Yes,Yes,DSL,No,No,No,No,No,No internet service,Two year,No,Electronic check,24.53,735.92,No
3635-TELCO,Female,0,No,No,70,Yes,Yes,Fiber optic,No internet service,No,No internet service,Yes,No,No,Month-to-month,Yes,Electronic check,79.42,5553.83,No
3636-TELCO,Female,0,Yes,Yes,5,Yes,Yes,DSL,No,No internet service,No,No,No internet service,No,Month-to-month,No,Mailed check,74.55,381.03,Yes
3637-TELCO,Male,1,Yes,No,57,Yes,No,No,No,Yes,No,Yes,No internet service,No,Month-to-month,Yes,Electronic check,58.55,3342.94,No
3638-TELCO,Male,0,Yes,No,43,Yes,Yes,Fiber optic,No internet service,No,No,No internet service,Yes,Yes,Month-to-month,Yes,Credit card (automatic),61.65,2647.66,Yes
3639-TELCO,Female,0,No,Yes,52,Yes,No,No,No,No,No,No internet service,Yes,No,Month-to-month,Yes,Electronic check,87.5,4553.35,No
3640-TELCO,Male,0,No,Yes,6,Yes,Yes,Fiber optic,Yes,No internet service,No internet service,No internet service,No,No,One year,Yes,Bank transfer (automatic),75.44,454.86,Yes
3641-TELCO,Female,1,Yes,No,2,Yes,No phone service,No,Yes,No,No internet service,No internet service,No internet service,No,Two year,No,Credit card (automatic),84.13,160.41,Yes
3642-TELCO,Male,0,No,Yes,17,Yes,No,Fiber optic,Yes,Yes,No,No,Yes,Yes,One year,Yes,Electronic check,62.49,1070.95,No
3643-TELCO,Male,0,No,Yes,12,Yes,Yes,Fiber optic,Yes,Yes,Yes,Yes,No,No internet service,One year,No,Credit card (automatic),58.7,694.52,No
3644-TELCO,Female,0,Yes,No,44,Yes,Yes,DSL,No,No internet service,No,No,Yes,No internet service,One year,No,Electronic check,70.43,3105.48,No
3645-TELCO,Female,1,No,No,54,Yes,No,Fiber optic,No,No,No,No,No,No,Month-to-month,Yes,Mailed check,61.05,3296.93,Yes
3646-TELCO,Female,0,No,No,7,Yes,Yes,DSL,Yes,Yes,Yes,Yes,No internet service,Yes,Two year,Yes,Electronic check,103.19,728.84,Yes
3647-TELCO,Female,0,No,No,32,Yes,No,DSL,No,No,No,No,No,No,One year,No,Electronic check,105.91,3390.23,No
3648-TELCO,Male,0,Yes,No,29,Yes,No phone service,Fiber optic,No,Yes,No internet service,No,No,No,Two year,No,Electronic check,25.67,737.5,No
3649-TELCO,Male,0,Yes,No,46,Yes,No phone service,DSL,No,Yes,Yes,No,No,No,Two year,No,Electronic check,24.19,1112.21,Yes
3650-TELCO,Male,0,Yes,Yes,53,Yes,No phone service,Fiber optic,No internet service,No,No internet service,Yes,No,Yes,Two year,Yes,Credit card (automatic),47.28,2513.42,No
3651-TELCO,Female,0,No,No,25,Yes,Yes,DSL,No internet service,No,No,No,Yes,No internet service,Two year,Yes,Bank transfer (automatic),26.91,667.34,No
3652-TELCO,Male,0,No,No,53,No,No,DSL,No,No internet service,No,No internet service,No internet service,Yes,Month-to-month,No,Mailed check,72.5,3834.9,No
3653-TELCO,Female,1,Yes,No,29,Yes,No,DSL,No,No,No,No internet service,No,No,Two year,No,Bank transfer (automatic),20.39,589.6,No
3654-TELCO,Male,1,Yes,No,6,Yes,Yes,DSL,No,No internet service,No,No,Yes,Yes,Two year,Yes,Mailed check,97.13,589.0,No
3655-TELCO,Female,0,No,Yes,38,Yes,No,DSL,No,No internet service,No,No internet service,Yes,Yes,One year,No,Credit card (automatic),83.48,3176.35,No
3656-TELCO,Female,0,No,No,3,Yes,Yes,Fiber optic,No,No,No,No,Yes,Yes,One year,Yes,Electronic check,39.53,128.52,Yes
3657-TELCO,Male,0,No,No,35,Yes,Yes,DSL,No,No internet service,Yes,Yes,Yes,No internet service,Two year,Yes,Mailed check,51.37,1805.56,No
3658-TELCO,Female,0,No,No,55,Yes,No,No,No,No internet service,Yes,No internet service,Yes,No,Month-to-month,No,Electronic check,48.96,2686.23,No
3659-TELCO,Female,0,No,No,47,Yes,No,No,No internet service,No internet service,No internet service,No internet service,Yes,Yes,Month-to-month,Yes,Bank transfer (automatic),110.97,5221.35,No
3660-TELCO,Male,0,Yes,Yes,33,Yes,No,DSL,Yes,Yes,Yes,No,No,No,Month-to-month,Yes,Bank transfer (automatic),107.4,3548.56,No
3661-TELCO,Female,0,Yes,Yes,3,Yes,No,DSL,No,No internet service,No,Yes,No internet service,Yes,Two year,No,Bank transfer (automatic),74.97,218.82,No
3662-TELCO,Female,0,Yes,Yes,69,No,No,DSL,No,Yes,No internet service,Yes,No,No,Month-to-month,Yes,Bank transfer (automatic),54.83,3788.88,No
3663-TELCO,Female,0,No,No,59,Yes,No,No,No,No,No internet service,Yes,No,No,Month-to-month,Yes,Mailed check,64.66,3809.79,No
3664-TELCO,Male,0,Yes,Yes,18,Yes,Yes,Fiber optic,Yes,No,Yes,No,Yes,No internet service,One year,No,Electronic check,75.32,1354.87,No
3665-TELCO,Male,0,No,No,66,Yes,No phone service,Fiber optic,No,No internet service,No internet service,Yes,Yes,No,One year,Yes,Electronic check,67.75,4467.05,No
3666-TELCO,Female,0,Yes,No,25,Yes,Yes,No,No,No,No,Yes,Yes,No,Two year,No,Bank transfer (automatic),24.54,612.52,No
3667-TELCO,Male,1,Yes,No,20,Yes,No,No,No,No,Yes,Yes,No internet service,Yes,Month-to-month,Yes,Credit card (automatic),64.76,1291.24,No
3668-TELCO,Female,0,No,Yes,71,Yes,No,No,No,No,No,No,No internet service,No internet service,Month-to-month,Yes,Mailed check,110.72,7864.3,No
3669-TELCO,Female,0,Yes,No,69,Yes,No phone service,Fiber optic,No,Yes,No internet service,No,No,No,Two year,Yes,Electronic check,59.31,4098.43,No
3670-TELCO,Female,0,Yes,No,29,Yes,No,No,No,No,Yes,No internet service,Yes,Yes,Two year,Yes,Electronic check,88.71,2562.96,No
3671-TELCO,Female,0,No,No,18,Yes,Yes,No,No,No,No internet service,No,No,Yes,Month-to-month,Yes,Mailed check,118.45,2130.15,No
3672-TELCO,Female,1,Yes,No,72,Yes,No phone service,Fiber optic,No internet service,No,Yes,No internet service,No,No,Month-to-month,Yes,Bank transfer (automatic),73.77,5304.35,No
3673-TELCO,Male,0,No,Yes,27,Yes,No,No,No,Yes,No,No,No internet service,No,Month-to-month,Yes,Bank transfer (automatic),66.84,1795.07,Yes
3674-TELCO,Female,0,No,Yes,42,Yes,No,Fiber optic,Yes,Yes,Yes,No,No,Yes,Month-to-month,No,Electronic check,45.36,1914.78,Yes
3675-TELCO,Male,0,No,No,66,Yes,No,Fiber optic,No,Yes,No,Yes,No,Yes,Two year,Yes,Bank transfer (automatic),41.29,2728.61,No
3676-TELCO,Male,0,No,No,26,Yes,Yes,Fiber optic,Yes,No internet service,Yes,No,No,Yes,One year,No,Mailed check,74.1,1925.65,No
3677-TELCO,Female,1,Yes,Yes,23,Yes,Yes,Fiber optic,No,No,No,Yes,No,No internet service,Month-to-month,No,Electronic check,86.2,1981.22,Yes
3678-TELCO,Female,0,No,No,5,Yes,Yes,Fiber optic,No,No,Yes,No,No,No internet service,Month-to-month,No,Mailed check,61.25,313.07,Yes
3679-TELCO,Male,0,Yes,No,11,Yes,Yes,No,No internet service,No,No internet service,No,No,No,Month-to-month,Yes,Credit card (automatic),18.43,204.14,Yes
3680-TELCO,Male,0,Yes,No,19,Yes,No,DSL,Yes,No,Yes,Yes,No internet service,Yes,Two year,Yes,Bank transfer (automatic),74.55,1421.43,Yes
3681-TELCO,Male,0,Yes,Yes,12,Yes,No,No,No,Yes,No,No,Yes,No internet service,One year,No,Credit card (automatic),75.7,916.81,No
3682-TELCO,Female,0,Yes,No,2,Yes,Yes,DSL,Yes,Yes,No,No internet service,No internet service,Yes,Month-to-month,Yes,Credit card (automatic),25.6,58.87,No
3683-TELCO,Male,0,No,Yes,43,Yes,No,DSL,No internet service,No,Yes,Yes,No,No internet service,Month-to-month,No,Electronic check,28.46,1215.68,Yes
3684-TELCO,Female,0,Yes,Yes,22,Yes,Yes,No,No,No,No,Yes,No,No,One year,Yes,Credit card (automatic),48.86,1074.64,Yes
3685-TELCO,Female,0,No,No,26,Yes,Yes,DSL,No,No internet service,No,No,No internet service,No,Month-to-month,No,Bank transfer (automatic),78.35,2039.77,Yes
3686-TELCO,Female,1,Yes,Yes,33,Yes,Yes,No,No,Yes,No,No,No internet service,Yes,Month-to-month,Yes,Credit card (automatic),36.0,1187.26,No
3687-TELCO,Male,0,Yes,No,24,Yes,No,DSL,No,No internet service,No internet service,No,No,Yes,One year,No,Electronic check,52.85,1264.2,No
3688-TELCO,Female,0,No,Yes,69,Yes,No,No,No internet service,Yes,Yes,Yes,No internet service,No,Month-to-month,Yes,Mailed check,33.04,2288.09,No
3689-TELCO,Female,0,Yes,No,21,Yes,Yes,DSL,No,Yes,No internet service,Yes,Yes,Yes,Two year,No,Mailed check,51.98,1099.55,No
3690-TELCO,Female,0,No,No,46,Yes,Yes,DSL,No,Yes,No internet service,Yes,No,Yes,Two year,No,Electronic check,91.45,4213.54,No
3691-TELCO,Female,0,Yes,No,18,Yes,Yes,No,No,No internet service,Yes,Yes,Yes,No,One year,Yes,Mailed check,55.79,1012.89,No
3692-TELCO,Female,0,Yes,No,5,Yes,No,DSL,No internet service,No,No,No internet service,Yes,No,One year,No,Credit card (automatic),100.41,506.91,No
3693-TELCO,Male,0,No,No,8,Yes,Yes,No,Yes,No,No,Yes,No internet service,Yes,Two year,Yes,Credit card (automatic),111.46,889.48,No
3694-TELCO,Female,0,No,No,57,Yes,No,No,No,No,No,No,Yes,Yes,Month-to-month,Yes,Electronic check,49.13,2800.36,Yes
3695-TELCO,Female,0,Yes,No,5,Yes,No,DSL,No internet service,No,No,No internet service,No,Yes,Two year,Yes,Electronic check,80.72,410.08,No
3696-TELCO,Male,0,Yes,Yes,13,Yes,Yes,Fiber optic,Yes,Yes,Yes,No internet service,Yes,No,One year,Yes,Credit card (automatic),44.63,588.4,Yes
3697-TELCO,Female,0,Yes,No,66,Yes,No,DSL,No,Yes,No,Yes,No,Yes,Month-to-month,No,Electronic check,75.42,4981.13,No
3698-TELCO,Male,0,No,No,37,Yes,Yes,DSL,No,No internet service,Yes,No,Yes,Yes,Month-to-month,Yes,Mailed check,30.24,1120.5,Yes
3699-TELCO,Female,1,No,No,29,Yes,No,Fiber optic,Yes,Yes,No,No,No,Yes,One year,No,Credit card (automatic),78.79,2292.77,No
3700-TELCO,Male,1,No,Yes,69,Yes,Yes,Fiber optic,No,No,No internet service,Yes,No internet service,No,Two year,Yes,Bank transfer (automatic),35.6,2461.4,No
3701-TELCO,Male,0,Yes,Yes,32,Yes,No phone service,No,No internet service,Yes,Yes,No,No,No,Month-to-month,Yes,Credit card (automatic),57.81,1858.18,No
3702-TELCO,Female,0,No,No,48,Yes,No,DSL,No,Yes,No,No internet service,No internet service,No,One year,No,Credit card (automatic),42.04,2025.58,No
3703-TELCO,Female,0,No,No,2,Yes,No,DSL,Yes,No internet service,No,No,Yes,No,Month-to-month,No,Bank transfer (automatic),98.2,192.98,Yes
3704-TELCO,Female,0,No,No,69,Yes,No,Fiber optic,No,No internet service,No,No,No,No internet service,Month-to-month,No,Mailed check,36.51,2511.81,No
3705-TELCO,Male,1,No,Yes,51,Yes,Yes,DSL,No internet service,No,No,No,No,No,Month-to-month,Yes,Bank transfer (automatic),115.07,5872.61,No
3706-TELCO,Male,0,No,Yes,35,Yes,No,Fiber optic,Yes,No,Yes,No,No,No,Two year,Yes,Credit card (automatic),30.22,1066.38,No
3707-TELCO,Male,0,Yes,No,15,Yes,Yes,Fiber optic,Yes,No,No,No internet service,No internet service,No internet service,Month-to-month,No,Electronic check,59.84,905.79,Yes
3708-TELCO,Female,0,No,No,72,Yes,No,No,No internet service,No,No,Yes,No,Yes,Month-to-month,Yes,Mailed check,95.46,6881.52,No
3709-TELCO,Male,0,No,Yes,65,Yes,Yes,Fiber optic,No internet service,No,No,No internet service,No internet service,No,Month-to-month,Yes,Bank transfer (automatic),30.02,1958.72,No
3710-TELCO,Male,0,Yes,Yes,38,Yes,No phone service,Fiber optic,No,No,Yes,No internet service,No,No,One year,No,Electronic check,49.85,1893.07,No
3711-TELCO,Female,0,Yes,No,17,Yes,No,Fiber optic,Yes,No internet service,Yes,Yes,No,No internet service,Month-to-month,Yes,Bank transfer (automatic),63.76,1092.65,No
3712-TELCO,Male,0,No,No,45,Yes,Yes,No,Yes,No,No,Yes,Yes,No,Month-to-month,Yes,Electronic check,94.86,4271.44,No
3713-TELCO,Male,0,Yes,No,1,Yes,No phone service,No,Yes,No internet service,Yes,No,No internet service,No,Month-to-month,No,Mailed check,97.38,103.99,Yes
3714-TELCO,Female,0,No,No,3,Yes,Yes,DSL,No,Yes,Yes,No,Yes,No,Month-to-month,No,Electronic check,104.23,308.67,Yes
3715-TELCO,Male,0,Yes,No,70,Yes,No,Fiber optic,No,Yes,No internet service,No internet service,No internet service,Yes,Month-to-month,No,Credit card (automatic),49.05,3433.5,No
3716-TELCO,Female,0,Yes,Yes,52,Yes,Yes,Fiber optic,Yes,No,Yes,No,No,No internet service,Month-to-month,No,Electronic check,19.79,1021.43,No
3717-TELCO,Female,0,Yes,No,53,Yes,No,Fiber optic,No,Yes,No,No,No,No internet service,Two year,No,Credit card (automatic),90.56,4792.76,No
3718-TELCO,Female,0,Yes,No,3,Yes,No,DSL,No internet service,No,No,No,Yes,No,Two year,Yes,Credit card (automatic),35.64,113.06,No
3719-TELCO,Female,1,Yes,No,47,Yes,No phone service,Fiber optic,No internet service,No,Yes,No,No,Yes,One year,Yes,Electronic check,57.45,2709.03,No
3720-TELCO,Female,1,No,No,6,Yes,No,DSL,No,No,Yes,No,Yes,Yes,Month-to-month,Yes,Bank transfer (automatic),99.14,595.39,No
3721-TELCO,Male,1,No,No,46,Yes,No,DSL,Yes,Yes,No,No,No internet service,Yes,Month-to-month,Yes,Mailed check,79.6,3661.32,Yes
3722-TELCO,Male,0,No,No,61,Yes,No,DSL,No internet service,No internet service,Yes,Yes,Yes,Yes,Month-to-month,No,Credit card (automatic),106.04,6477.28,No
3723-TELCO,Female,0,Yes,No,43,Yes,No,DSL,No,Yes,Yes,No internet service,No,No,Month-to-month,Yes,Bank transfer (automatic),83.87,3613.03,No
3724-TELCO,Female,0,No,No,56,Yes,Yes,DSL,No,No internet service,Yes,Yes,Yes,Yes,One year,No,Bank transfer (automatic),56.69,3168.29,No
3725-TELCO,Male,1,No,Yes,70,No,Yes,Fiber optic,No internet service,Yes,Yes,Yes,No internet service,Yes,Month-to-month,No,Bank transfer (automatic),21.59,1502.14,No
3726-TELCO,Female,1,No,No,20,No,No,No,Yes,No,No internet service,No,No,Yes,Two year,Yes,Mailed check,19.73,403.6,No
3727-TELCO,Female,1,No,No,47,Yes,No,Fiber optic,No,No internet service,Yes,No,Yes,Yes,Month-to-month,No,Mailed check,43.55,2047.66,No
3728-TELCO,Female,0,Yes,Yes,54,Yes,No,DSL,No internet service,No internet service,No,No,No,No,Month-to-month,No,Mailed check,83.24,4497.89,No
3729-TELCO,Male,1,Yes,Yes,41,Yes,Yes,No,Yes,No internet service,No,No,Yes,Yes,One year,Yes,Electronic check,90.02,3691.44,No
3730-TELCO,Male,0,Yes,No,66,Yes,No,DSL,No,No internet service,No,No,Yes,No internet service,Two year,No,Mailed check,52.84,3492.21,No
3731-TELCO,Female,0,Yes,No,31,Yes,Yes,DSL,No internet service,No,No,No,No,No internet service,Two year,Yes,Bank transfer (automatic),103.25,3208.7,Yes
3732-TELCO,Female,0,No,Yes,64,Yes,No phone service,Fiber optic,Yes,No,No,Yes,Yes,Yes,Month-to-month,No,Electronic check,113.06,7245.72,No
3733-TELCO,Male,0,Yes,No,58,Yes,No,Fiber optic,No,No,No internet service,No internet service,Yes,No internet service,One year,No,Electronic check,48.22,2794.03,No
3734-TELCO,Male,0,No,No,55,Yes,Yes,No,No,No internet service,Yes,No,Yes,Yes,Month-to-month,Yes,Credit card (automatic),53.61,2948.94,No
3735-TELCO,Female,0,No,No,46,No,No,No,No,No internet service,Yes,Yes,No,Yes,Two year,Yes,Bank transfer (automatic),58.99,2721.21,No
3736-TELCO,Female,0,No,Yes,24,Yes,No,Fiber optic,No,No internet service,No internet service,No,No internet service,No internet service,Month-to-month,No,Electronic check,46.18,1107.03,Yes
3737-TELCO,Male,0,No,No,37,Yes,Yes,Fiber optic,Yes,No,No internet service,No internet service,No,No,Month-to-month,Yes,Credit card (automatic),83.24,3077.06,No
3738-TELCO,Male,1,Yes,Yes,41,Yes,No,DSL,Yes,No,No,No,Yes,Yes,Month-to-month,No,Bank transfer (automatic),109.6,4502.98,Yes
3739-TELCO,Male,0,No,No,25,Yes,No,Fiber optic,No internet service,No internet service,No internet service,No,No,No,Month-to-month,Yes,Mailed check,61.21,1534.89,No
3740-TELCO,Female,0,Yes,No,29,Yes,Yes,No,No internet service,Yes,No,No,Yes,No,Month-to-month,No,Bank transfer (automatic),36.35,1054.29,No
3741-TELCO,Male,0,No,No,31,Yes,No,Fiber optic,No,Yes,No,Yes,No,No internet service,One year,Yes,Credit card (automatic),37.87,1179.89,No
3742-TELCO,Female,1,No,No,2,Yes,No phone service,DSL,No,No internet service,No internet service,No internet service,No internet service,No internet service,One year,Yes,Electronic check,90.79,177.96,No
3743-TELCO,Male,0,No,Yes,12,Yes,Yes,DSL,No,No,No,No,No,No internet service,Two year,Yes,Mailed check,92.04,1106.26,No
3744-TELCO,Male,0,Yes,No,5,Yes,Yes,Fiber optic,No,No,No internet service,Yes,Yes,No,One year,Yes,Bank transfer (automatic),66.08,334.61,No
3745-TELCO,Male,0,No,No,61,Yes,No phone service,Fiber optic,No,No internet service,No,No internet service,No internet service,No,One year,Yes,Electronic check,94.7,5781.02,No
3746-TELCO,Male,0,Yes,No,56,No,Yes,Fiber optic,Yes,No internet service,No internet service,No,Yes,No internet service,Month-to-month,Yes,Bank transfer (automatic),69.58,3890.4,No
3747-TELCO,Female,0,Yes,No,71,Yes,No,Fiber optic,No internet service,Yes,No,No internet service,Yes,Yes,One year,Yes,Bank transfer (automatic),48.9,3481.79,Yes
3748-TELCO,Female,1,No,Yes,37,Yes,No,Fiber optic,No,Yes,No,No,No internet service,No internet service,Two year,Yes,Mailed check,32.27,1199.07,No
3749-TELCO,Male,0,Yes,Yes,36,Yes,No,Fiber optic,No internet service,No internet service,No,No,No internet service,Yes,Month-to-month,Yes,Credit card (automatic),70.12,2529.18,Yes
3750-TELCO,Female,0,No,Yes,29,Yes,Yes,No,No,No internet service,No,No,Yes,No internet service,Month-to-month,Yes,Bank transfer (automatic),102.27,2967.55,Yes
3751-TELCO,Male,1,Yes,No,38,Yes,Yes,No,No,Yes,No internet service,No,No,Yes,Two year,Yes,Electronic check,111.28,4225.5,No
3752-TELCO,Male,1,No,Yes,41,Yes,Yes,DSL,No internet service,No internet service,Yes,Yes,Yes,No,Month-to-month,Yes,Electronic check,24.35,998.12,No
3753-TELCO,Male,0,Yes,Yes,33,Yes,No,Fiber optic,No,No,No internet service,No internet service,No internet service,No,One year,Yes,Credit card (automatic),110.55,3646.67,No
3754-TELCO,Male,1,No,No,13,Yes,No,Fiber optic,No,No,No,Yes,No,Yes,Month-to-month,No,Bank transfer (automatic),36.14,462.11,Yes
3755-TELCO,Female,0,No,Yes,6,Yes,Yes,DSL,No,No internet service,No,No,No,No,One year,No,Bank transfer (automatic),79.01,482.56,Yes
3756-TELCO,Male,0,No,Yes,66,Yes,Yes,No,No,No,No,Yes,Yes,Yes,Month-to-month,Yes,Mailed check,62.16,4102.71,No
3757-TELCO,Male,0,Yes,No,8,Yes,No,DSL,No,Yes,No,No internet service,No,Yes,Month-to-month,No,Bank transfer (automatic),88.69,700.38,Yes
3758-TELCO,Female,0,No,Yes,64,Yes,No phone service,No,No,Yes,No,No,No,Yes,Two year,Yes,Electronic check,71.5,4574.39,No
3759-TELCO,Male,0,Yes,No,9,Yes,Yes,DSL,No,Yes,No internet service,No internet service,Yes,No,One year,Yes,Electronic check,57.42,515.19,No
3760-TELCO,Male,0,Yes,No,23,Yes,Yes,Fiber optic,No,No internet service,No internet service,No,No internet service,Yes,Month-to-month,No,Credit card (automatic),25.41,576.16,Yes
3761-TELCO,Male,0,Yes,Yes,71,No,No,DSL,Yes,Yes,No,No internet service,Yes,No internet service,Month-to-month,No,Electronic check,20.91,1478.53,No
3762-TELCO,Female,0,No,No,21,Yes,Yes,Fiber optic,No internet service,No,No,No,No internet service,Yes,Month-to-month,No,Mailed check,42.11,875.87,No
3763-TELCO,Male,0,Yes,No,1,Yes,No,DSL,No,No,No internet service,No,No,No,Month-to-month,No,Electronic check,93.2,86.41,Yes
3764-TELCO,Female,0,No,No,46,Yes,No,DSL,No,Yes,No,No,No internet service,No,Month-to-month,No,Bank transfer (automatic),80.35,3688.39,No
3765-TELCO,Male,0,No,No,62,Yes,No,No,Yes,No,No internet service,Yes,No,No,Two year,No,Mailed check,60.25,3743.55,No
3766-TELCO,Male,0,Yes,No,2,Yes,No,DSL,No,Yes,No internet service,No,No,Yes,Month-to-month,Yes,Bank transfer (automatic),72.06,149.64,Yes
3767-TELCO,Female,0,No,Yes,44,Yes,Yes,Fiber optic,Yes,Yes,No,No internet service,Yes,No internet service,Month-to-month,No,Electronic check,77.63,3423.18,No
3768-TELCO,Male,0,Yes,No,5,Yes,No,Fiber optic,No,No internet service,No,No,No,No,Month-to-month,No,Mailed check,25.33,119.42,No
3769-TELCO,Male,0,No,No,39,Yes,No,DSL,Yes,No,No internet service,No internet service,Yes,Yes,Month-to-month,Yes,Electronic check,50.69,1980.3,No
3770-TELCO,Female,0,Yes,No,66,Yes,Yes,DSL,No,No,No internet service,Yes,Yes,Yes,Month-to-month,No,Electronic check,106.62,7044.95,No
3771-TELCO,Female,0,No,No,45,Yes,No phone service,DSL,No,No internet service,No,No,Yes,No,One year,No,Electronic check,91.96,4147.27,No
3772-TELCO,Female,1,Yes,Yes,13,Yes,Yes,Fiber optic,No,No,No internet service,Yes,No,No internet service,Month-to-month,No,Credit card (automatic),26.93,341.26,No
3773-TELCO,Female,0,Yes,No,32,No,Yes,No,Yes,No,No internet service,No,No internet service,Yes,Two year,Yes,Mailed check,45.99,1469.26,No
3774-TELCO,Female,0,Yes,No,43,Yes,No,No,Yes,No,Yes,No internet service,Yes,No internet service,Month-to-month,Yes,Mailed check,38.57,1655.78,Yes
3775-TELCO,Male,0,Yes,No,8,Yes,No,No,Yes,No,Yes,No,Yes,No,Month-to-month,Yes,Bank transfer (automatic),56.62,446.7,Yes
3776-TELCO,Female,1,Yes,Yes,59,No,Yes,Fiber optic,No,No,Yes,Yes,No,Yes,Two year,No,Credit card (automatic),116.98,6894.91,No
3777-TELCO,Male,0,Yes,No,11,Yes,No,No,Yes,No,Yes,Yes,Yes,No,Two year,Yes,Electronic check,76.25,836.17,No
3778-TELCO,Male,0,No,No,28,Yes,No phone service,DSL,Yes,No internet service,No internet service,No,No,No,Two year,Yes,Electronic check,34.13,959.88,No
3779-TELCO,Male,0,No,Yes,39,Yes,Yes,Fiber optic,No,Yes,Yes,No,Yes,No,One year,No,Mailed check,97.17,3794.24,No
3780-TELCO,Female,0,No,Yes,26,Yes,No,Fiber optic,No,Yes,No,Yes,Yes,No internet service,One year,No,Electronic check,77.16,2007.7,No
3781-TELCO,Female,0,No,Yes,72,Yes,No,DSL,No,Yes,No internet service,No,Yes,No internet service,One year,No,Mailed check,104.87,7556.36,No
3782-TELCO,Male,0,No,No,26,No,Yes,No,No internet service,No,No internet service,No,Yes,Yes,Month-to-month,No,Bank transfer (automatic),67.13,1749.46,Yes
3783-TELCO,Female,0,No,No,32,No,Yes,DSL,No,No internet service,No,Yes,Yes,Yes,Month-to-month,Yes,Mailed check,107.74,3453.59,Yes
3784-TELCO,Female,0,No,No,46,Yes,No,Fiber optic,No,No internet service,No,No,No internet service,Yes,Month-to-month,Yes,Bank transfer (automatic),104.26,4805.46,No
3785-TELCO,Female,0,Yes,Yes,28,Yes,No,Fiber optic,No,Yes,Yes,No,No,No internet service,One year,No,Electronic check,24.63,691.23,No
3786-TELCO,Female,0,No,No,7,Yes,No,DSL,No,No internet service,Yes,Yes,Yes,No internet service,Two year,No,Mailed check,101.1,713.03,No
3787-TELCO,Male,0,Yes,No,35,Yes,Yes,DSL,No,No internet service,Yes,No,No,No internet service,One year,Yes,Bank transfer (automatic),30.1,1060.17,No
3788-TELCO,Male,0,No,No,66,Yes,Yes,Fiber optic,No internet service,No,Yes,Yes,Yes,No internet service,Month-to-month,Yes,Credit card (automatic),29.25,1938.76,No
3789-TELCO,Female,1,No,Yes,22,Yes,No,No,No,No,No,No,No,Yes,Month-to-month,No,Electronic check,34.35,756.6,No
3790-TELCO,Male,1,Yes,Yes,22,Yes,Yes,Fiber optic,No,No internet service,Yes,No,No internet service,No internet service,Month-to-month,No,Electronic check,110.74,2444.66,No
3791-TELCO,Female,0,No,No,3,Yes,No phone service,Fiber optic,No,No internet service,No,No internet service,No,No,Two year,No,Electronic check,68.0,204.78,Yes
3792-TELCO,Female,0,Yes,No,46,Yes,Yes,DSL,No,No internet service,No internet service,No,No,No internet service,Month-to-month,Yes,Electronic check,50.53,2328.24,Yes
3793-TELCO,Male,0,Yes,No,50,Yes,No,Fiber optic,No,Yes,No,Yes,No,No,Two year,Yes,Credit card (automatic),23.8,1186.96,No
3794-TELCO,Male,0,Yes,Yes,8,Yes,Yes,DSL,Yes,No,No,No internet service,No,No internet service,Month-to-month,No,Electronic check,29.98,249.54,No
3795-TELCO,Male,0,No,No,4,Yes,Yes,Fiber optic,No internet service,No internet service,No internet service,No,Yes,No,One year,Yes,Electronic check,37.27,143.43,Yes
3796-TELCO,Female,1,No,Yes,15,Yes,Yes,DSL,No,Yes,Yes,Yes,No,No internet service,Two year,No,Credit card (automatic),36.92,548.96,Yes
3797-TELCO,Male,0,No,No,44,Yes,Yes,Fiber optic,No,Yes,No internet service,Yes,No internet service,Yes,One year,Yes,Mailed check,26.36,1154.87,No
3798-TELCO,Female,0,Yes,No,39,Yes,Yes,Fiber optic,No internet service,No internet service,Yes,Yes,No internet service,No,Month-to-month,Yes,Bank transfer (automatic),26.34,1025.68,No
3799-TELCO,Male,0,No,No,29,No,Yes,Fiber optic,No internet service,No,No,No internet service,No internet service,No internet service,Month-to-month,No,Electronic check,48.2,1403.16,Yes
3800-TELCO,Male,0,No,No,62,Yes,Yes,Fiber optic,No,No,Yes,No,Yes,No,Month-to-month,Yes,Bank transfer (automatic),73.25,4551.18,No
3801-TELCO,Female,0,Yes,No,34,No,Yes,Fiber optic,No,No,Yes,No,No,Yes,Month-to-month,No,Credit card (automatic),75.95,2584.65,Yes
3802-TELCO,Female,0,No,No,26,Yes,Yes,DSL,No,Yes,Yes,No,No internet service,No,One year,Yes,Bank transfer (automatic),47.21,1229.81,No
3803-TELCO,Female,0,Yes,No,18,Yes,No,Fiber optic,No,No internet service,No internet service,No,Yes,No,Two year,Yes,Electronic check,26.31,474.13,No
3804-TELCO,Female,1,Yes,No,63,Yes,No,Fiber optic,Yes,No internet service,No,No internet service,No internet service,Yes,Two year,Yes,Electronic check,79.42,5011.5,No
3805-TELCO,Female,0,Yes,Yes,52,Yes,No,Fiber optic,No internet service,Yes,No,No,Yes,No,Month-to-month,Yes,Electronic check,84.2,4375.04,No
3806-TELCO,Female,1,No,No,54,No,No,DSL,No,Yes,No,No,No internet service,Yes,Two year,Yes,Credit card (automatic),88.42,4768.48,No
3807-TELCO,Female,0,Yes,Yes,42,Yes,Yes,DSL,No,No,No internet service,Yes,Yes,No internet service,One year,Yes,Bank transfer (automatic),111.5,4677.58,No
3808-TELCO,Female,0,Yes,Yes,54,Yes,No,No,No,No,Yes,No,Yes,Yes,Month-to-month,No,Electronic check,21.9,1189.8,No
3809-TELCO,Male,0,Yes,No,52,Yes,No phone service,Fiber optic,No,Yes,No,No,Yes,No,Month-to-month,No,Credit card (automatic),39.4,2042.19,No
3810-TELCO,Female,0,Yes,No,13,Yes,No,DSL,No internet service,No internet service,No internet service,No,Yes,No,Month-to-month,No,Electronic check,75.72,984.35,No
3811-TELCO,Female,1,Yes,No,32,No,No,DSL,No,No internet service,No,No,No internet service,No internet service,Month-to-month,No,Bank transfer (automatic),19.26,612.75,No
3812-TELCO,Male,0,Yes,No,66,Yes,No,DSL,No,No internet service,No,No,Yes,Yes,Month-to-month,Yes,Credit card (automatic),23.33,1533.45,No
3813-TELCO,Female,0,No,No,58,Yes,Yes,DSL,No internet service,No internet service,No internet service,No,No internet service,No,Month-to-month,Yes,Bank transfer (automatic),57.83,3355.58,No
3814-TELCO,Male,0,Yes,No,39,Yes,Yes,Fiber optic,No internet service,No,No,No,No internet service,Yes,Month-to-month,Yes,Credit card (automatic),76.03,2972.27,No
3815-TELCO,Male,0,No,No,27,Yes,No,Fiber optic,No,No,No internet service,Yes,No internet service,No internet service,Month-to-month,Yes,Credit card (automatic),86.86,2341.61,No
3816-TELCO,Female,1,No,No,54,Yes,No,No,No internet service,No internet service,Yes,No,No internet service,No internet service,Month-to-month,Yes,Electronic check,43.23,2326.81,No
3817-TELCO,Male,0,Yes,Yes,72,Yes,Yes,No,Yes,No,No internet service,No,No internet service,No internet service,Month-to-month,Yes,Mailed check,80.62,5807.1,No
3818-TELCO,Female,0,Yes,Yes,43,Yes,Yes,Fiber optic,Yes,No,No,No,Yes,No internet service,Month-to-month,No,Credit card (automatic),55.35,2384.85,No
3819-TELCO,Male,0,No,No,52,Yes,No,No,Yes,No internet service,No,Yes,No internet service,Yes,Month-to-month,Yes,Electronic check,74.13,3855.94,No
3820-TELCO,Male,1,Yes,No,14,Yes,No,Fiber optic,Yes,Yes,No internet service,Yes,Yes,No,One year,No,Credit card (automatic),85.54,1189.91,Yes
3821-TELCO,Male,0,Yes,Yes,8,Yes,No phone service,Fiber optic,Yes,No internet service,No internet service,No,Yes,Yes,Month-to-month,Yes,Electronic check,43.48,337.93,Yes
3822-TELCO,Female,0,Yes,No,35,Yes,No,DSL,Yes,Yes,Yes,No internet service,Yes,No internet service,Month-to-month,No,Bank transfer (automatic),54.27,1891.17,No
3823-TELCO,Female,0,No,No,18,Yes,No,DSL,No internet service,No,No internet service,No,No,No,Month-to-month,No,Electronic check,73.83,1337.39,No
3824-TELCO,Male,0,No,No,55,Yes,Yes,DSL,Yes,Yes,Yes,No internet service,Yes,No,Month-to-month,Yes,Credit card (automatic),41.52,2285.15,No
3825-TELCO,Male,0,No,No,52,Yes,Yes,DSL,No,No internet service,Yes,No internet service,Yes,Yes,Two year,No,Mailed check,112.72,5858.9,Yes
3826-TELCO,Female,0,No,No,72,No,No,Fiber optic,No internet service,No internet service,Yes,No,No,No internet service,One year,Yes,Electronic check,90.98,6544.22,No
3827-TELCO,Female,0,Yes,No,49,Yes,Yes,DSL,Yes,No,No internet service,No,No,No,Month-to-month,No,Credit card (automatic),81.4,3992.58,No
3828-TELCO,Male,0,Yes,No,8,No,Yes,DSL,No,No internet service,No,Yes,Yes,No,Two year,No,Mailed check,91.54,737.61,No
3829-TELCO,Male,0,Yes,No,37,Yes,Yes,No,Yes,Yes,Yes,No,No,No,Month-to-month,Yes,Credit card (automatic),41.78,1552.01,No
3830-TELCO,Female,0,Yes,No,66,Yes,Yes,Fiber optic,Yes,Yes,No,No,Yes,Yes,Month-to-month,No,Mailed check,18.91,1238.43,No
3831-TELCO,Female,0,Yes,No,41,Yes,Yes,Fiber optic,No internet service,Yes,Yes,Yes,No,No internet service,Month-to-month,No,Credit card (automatic),83.31,3421.11,No
3832-TELCO,Female,1,Yes,Yes,27,Yes,No,DSL,No internet service,Yes,No,Yes,No,No internet service,Month-to-month,No,Electronic check,115.2,3103.6,No
3833-TELCO,Female,1,Yes,Yes,20,Yes,No phone service,No,No internet service,No,No,No,No internet service,No,Month-to-month,Yes,Credit card (automatic),84.45,1694.93,No
3834-TELCO,Female,0,Yes,No,38,Yes,Yes,DSL,No internet service,No internet service,Yes,No,No internet service,No internet service,Two year,No,Mailed check,35.75,1351.52,No
3835-TELCO,Male,0,Yes,No,12,Yes,No,Fiber optic,Yes,Yes,No internet service,Yes,Yes,Yes,Month-to-month,No,Mailed check,104.54,1249.38,Yes
3836-TELCO,Female,0,No,No,42,Yes,Yes,Fiber optic,No internet service,Yes,No,No internet service,Yes,No,Month-to-month,Yes,Electronic check,76.43,3215.62,No
3837-TELCO,Male,0,No,No,50,Yes,Yes,Fiber optic,No,Yes,No,No,No internet service,Yes,Two year,Yes,Electronic check,80.31,4018.08,No
3838-TELCO,Female,0,No,Yes,31,Yes,No,No,No internet service,Yes,No,Yes,No,No,Month-to-month,Yes,Electronic check,69.84,2155.74,No
3839-TELCO,Male,0,Yes,Yes,65,No,No,DSL,Yes,Yes,No,No,No,No internet service,One year,Yes,Bank transfer (automatic),92.02,5974.61,No
3840-TELCO,Female,0,Yes,No,53,Yes,No,No,No,Yes,No,No,No,No,Month-to-month,No,Bank transfer (automatic),114.65,6071.07,No
3841-TELCO,Female,1,Yes,Yes,40,Yes,No,Fiber optic,No,No,Yes,Yes,No internet service,No,Month-to-month,No,Credit card (automatic),55.91,2243.27,No
3842-TELCO,Male,0,Yes,No,39,Yes,No,Fiber optic,Yes,No internet service,Yes,No,Yes,No,Month-to-month,Yes,Credit card (automatic),76.63,2990.85,No
3843-TELCO,Male,0,Yes,No,10,Yes,No,No,No,Yes,No,No,No,Yes,Month-to-month,No,Bank transfer (automatic),104.1,1034.69,Yes
3844-TELCO,Female,0,No,No,29,Yes,No,Fiber optic,Yes,No internet service,No,No internet service,No internet service,Yes,One year,No,Bank transfer (automatic),106.58,3085.93,Yes
3845-TELCO,Female,0,No,No,40,Yes,No,No,No,No,No internet service,No internet service,Yes,No,Month-to-month,Yes,Credit card (automatic),100.97,4037.9,Yes
3846-TELCO,Female,0,Yes,No,30,Yes,No,DSL,No,No,No,No,Yes,No,Month-to-month,Yes,Electronic check,74.61,2229.97,No
3847-TELCO,Female,0,Yes,No,2,Yes,Yes,No,Yes,No internet service,No internet service,Yes,No,No,Month-to-month,No,Electronic check,112.34,222.94,Yes
3848-TELCO,Female,0,Yes,No,28,Yes,Yes,Fiber optic,Yes,Yes,No,No,No internet service,Yes,One year,No,Bank transfer (automatic),35.32,994.83,No
3849-TELCO,Male,0,Yes,No,47,Yes,No,No,No internet service,No internet service,No,No,No internet service,No,Month-to-month,Yes,Electronic check,38.67,1815.4,No
3850-TELCO,Male,1,Yes,No,32,No,No,No,No internet service,Yes,Yes,No,No,No,Two year,No,Mailed check,40.07,1287.96,No
3851-TELCO,Female,0,Yes,Yes,32,Yes,Yes,DSL,No,No,No,No internet service,No,Yes,Month-to-month,Yes,Bank transfer (automatic),58.69,1880.57,No
3852-TELCO,Male,0,Yes,No,27,Yes,No phone service,Fiber optic,No internet service,Yes,No,Yes,No internet service,No,Month-to-month,Yes,Credit card (automatic),85.31,2301.46,Yes
3853-TELCO,Male,0,Yes,No,54,Yes,No,No,Yes,No,No,No internet service,Yes,No internet service,One year,Yes,Credit card (automatic),60.54,3277.03,No
3854-TELCO,Male,0,Yes,Yes,56,Yes,No,Fiber optic,Yes,No,Yes,No internet service,No internet service,No internet service,One year,No,Bank transfer (automatic),113.71,6366.59,No
3855-TELCO,Female,0,Yes,Yes,31,Yes,No,Fiber optic,Yes,No internet service,Yes,No internet service,Yes,No,Two year,Yes,Mailed check,42.43,1320.03,No
3856-TELCO,Male,0,Yes,Yes,24,Yes,No,DSL,No,No,Yes,No internet service,No,Yes,Month-to-month,No,Credit card (automatic),100.1,2408.39,Yes
3857-TELCO,Female,1,No,No,35,Yes,No,Fiber optic,No,No,No,No,No internet service,No internet service,Two year,Yes,Electronic check,96.84,3397.72,No
3858-TELCO,Male,1,Yes,No,30,Yes,No,Fiber optic,Yes,No internet service,Yes,Yes,No,No,One year,Yes,Credit card (automatic),51.51,1540.85,No
3859-TELCO,Female,0,No,Yes,55,Yes,No,Fiber optic,Yes,No,No internet service,No,Yes,No internet service,Two year,No,Mailed check,65.55,3599.27,No
3860-TELCO,Male,1,No,No,64,Yes,No,Fiber optic,No internet service,No,No internet service,No,No internet service,No,One year,Yes,Electronic check,94.79,6065.52,No
3861-TELCO,Female,0,No,No,33,Yes,Yes,DSL,No,No internet service,No internet service,No,No,Yes,Two year,Yes,Mailed check,104.1,3442.8,No
3862-TELCO,Female,0,No,No,46,Yes,No,Fiber optic,No internet service,No internet service,No,No,Yes,Yes,Two year,No,Credit card (automatic),86.84,3991.23,No
3863-TELCO,Male,0,No,No,33,No,No,No,Yes,No internet service,No,Yes,Yes,Yes,Month-to-month,No,Bank transfer (automatic),110.93,3656.16,No
3864-TELCO,Female,1,No,Yes,68,No,Yes,Fiber optic,No,No,No internet service,No,Yes,Yes,Two year,No,Electronic check,80.57,5469.47,No
3865-TELCO,Female,0,Yes,No,64,Yes,No,No,No internet service,No,No,No internet service,Yes,No,One year,Yes,Bank transfer (automatic),59.04,3782.57,No
3866-TELCO,Female,0,Yes,No,30,Yes,No,Fiber optic,No internet service,Yes,Yes,No,No,Yes,Two year,No,Credit card (automatic),80.86,2429.8,No
3867-TELCO,Female,0,No,No,29,Yes,No,No,No,No internet service,No,No,No,Yes,Month-to-month,No,Electronic check,79.76,2319.73,Yes
3868-TELCO,Female,0,No,No,62,Yes,Yes,No,Yes,No internet service,No,No,No internet service,No,Two year,Yes,Electronic check,73.77,4573.66,No
3869-TELCO,Female,0,No,No,30,Yes,Yes,No,Yes,Yes,No,Yes,No,No,Two year,Yes,Electronic check,49.04,1479.01,No
3870-TELCO,Female,1,No,Yes,12,Yes,No,No,No,Yes,Yes,Yes,Yes,Yes,Month-to-month,No,Electronic check,85.31,1015.44,Yes
3871-TELCO,Female,0,No,No,67,No,No,DSL,No,Yes,No internet service,No,Yes,Yes,Month-to-month,No,Electronic check,98.72,6615.5,No
3872-TELCO,Male,0,No,No,15,Yes,No,No,No,No,No,Yes,Yes,Yes,One year,Yes,Credit card (automatic),114.61,1718.69,No
3873-TELCO,Male,0,No,Yes,10,Yes,Yes,Fiber optic,Yes,Yes,Yes,No internet service,No internet service,No,One year,No,Bank transfer (automatic),68.25,690.45,No
3874-TELCO,Female,0,No,Yes,61,Yes,Yes,DSL,No,No,No,No internet service,Yes,No internet service,One year,Yes,Credit card (automatic),93.86,5733.63,No
3875-TELCO,Female,0,No,No,23,No,No,DSL,No,No,No internet service,No,No,No,Two year,No,Mailed check,98.85,2283.08,No
3876-TELCO,Male,0,No,No,11,Yes,No,Fiber optic,No internet service,No internet service,Yes,No,No internet service,No,One year,No,Bank transfer (automatic),85.99,942.93,No
3877-TELCO,Male,0,No,Yes,16,Yes,No phone service,No,No,No,Yes,No,No internet service,No internet service,Month-to-month,No,Mailed check,56.34,899.03,Yes
3878-TELCO,Male,0,No,No,49,Yes,No,Fiber optic,No,No,No,No,Yes,Yes,Two year,No,Bank transfer (automatic),90.22,4414.63,No
3879-TELCO,Female,0,Yes,No,14,Yes,Yes,Fiber optic,No,No,No internet service,Yes,Yes,Yes,Month-to-month,No,Mailed check,116.49,1635.71,Yes
3880-TELCO,Male,0,Yes,No,6,Yes,No,DSL,Yes,Yes,No internet service,Yes,Yes,No,Month-to-month,Yes,Mailed check,79.2,481.86,Yes
3881-TELCO,Female,0,No,Yes,42,Yes,No,Fiber optic,No,No,Yes,No,Yes,No,Month-to-month,Yes,Electronic check,92.43,3889.1,Yes
3882-TELCO,Female,0,No,No,17,Yes,Yes,DSL,Yes,No,No,No internet service,No,No,Two year,Yes,Bank transfer (automatic),42.06,724.83,No
3883-TELCO,Male,1,Yes,Yes,42,Yes,No,Fiber optic,No,No internet service,Yes,Yes,No,No internet service,Two year,Yes,Electronic check,84.06,3531.76,No
3884-TELCO,Female,0,Yes,No,10,Yes,Yes,No,No,Yes,No,No,No,No,Month-to-month,Yes,Electronic check,21.69,211.19,No
3885-TELCO,Female,0,No,No,46,Yes,Yes,No,No,No internet service,No,No internet service,Yes,No,Month-to-month,No,Bank transfer (automatic),101.73,4681.6,No
3886-TELCO,Female,0,No,No,49,Yes,No,DSL,No,Yes,No,Yes,No,No internet service,Month-to-month,No,Bank transfer (automatic),40.46,1979.79,Yes
3887-TELCO,Female,0,No,No,9,Yes,Yes,Fiber optic,Yes,No internet service,Yes,No,Yes,No internet service,Two year,No,Electronic check,24.82,220.06,No
3888-TELCO,Male,1,No,Yes,39,Yes,Yes,Fiber optic,No,No,Yes,No internet service,No internet service,Yes,Month-to-month,Yes,Bank transfer (automatic),36.1,1411.91,No
3889-TELCO,Male,0,Yes,No,2,Yes,No,DSL,No internet service,Yes,Yes,No,No internet service,Yes,Month-to-month,Yes,Electronic check,65.47,125.0,Yes
3890-TELCO,Female,0,Yes,Yes,68,Yes,Yes,No,No,No,No internet service,Yes,No,No,One year,Yes,Credit card (automatic),22.5,1530.9,No
3891-TELCO,Female,0,Yes,No,52,Yes,Yes,Fiber optic,No,No internet service,Yes,No,Yes,Yes,Month-to-month,Yes,Electronic check,21.75,1123.82,No
3892-TELCO,Male,0,No,Yes,11,Yes,Yes,Fiber optic,No,Yes,Yes,No,No internet service,No internet service,Month-to-month,Yes,Credit card (automatic),69.52,772.54,Yes
3893-TELCO,Female,0,Yes,No,37,Yes,Yes,Fiber optic,No,Yes,No internet service,No,No internet service,No,Month-to-month,Yes,Electronic check,75.37,2780.46,No
3894-TELCO,Male,0,No,No,72,Yes,No,DSL,No,No internet service,Yes,Yes,Yes,Yes,Month-to-month,No,Bank transfer (automatic),50.26,3627.36,No
3895-TELCO,Female,0,No,No,22,Yes,No,DSL,Yes,No,Yes,No,No,No,Month-to-month,Yes,Electronic check,19.94,448.67,Yes
3896-TELCO,Female,0,No,Yes,52,Yes,Yes,DSL,No,No internet service,No,No,Yes,No,Month-to-month,No,Credit card (automatic),64.44,3345.59,No
3897-TELCO,Male,0,No,No,5,Yes,No,Fiber optic,No,Yes,Yes,No internet service,Yes,Yes,Month-to-month,Yes,Electronic check,110.58,544.75,No
3898-TELCO,Male,1,Yes,Yes,2,Yes,Yes,DSL,No internet service,No internet service,No,No,Yes,No,Month-to-month,No,Electronic check,66.93,124.49,No
3899-TELCO,Male,0,No,No,5,Yes,No,No,Yes,No,Yes,No,No,No internet service,One year,Yes,Electronic check,63.81,311.96,Yes
3900-TELCO,Male,0,Yes,No,32,No,Yes,Fiber optic,Yes,No internet service,Yes,Yes,Yes,Yes,One year,No,Credit card (automatic),74.38,2388.46,No
3901-TELCO,Female,0,Yes,No,19,Yes,No,No,No internet service,Yes,No internet service,No internet service,Yes,No internet service,Two year,No,Electronic check,34.8,665.8,No
3902-TELCO,Male,0,Yes,No,4,Yes,No,No,No,No internet service,No,Yes,Yes,No,Month-to-month,No,Credit card (automatic),98.95,387.64,No
3903-TELCO,Female,0,Yes,Yes,46,Yes,Yes,Fiber optic,No internet service,No,No,Yes,Yes,No internet service,Month-to-month,Yes,Electronic check,21.59,1002.37,No
3904-TELCO,Male,0,No,No,26,Yes,Yes,DSL,No,No,No internet service,Yes,No internet service,Yes,Two year,Yes,Electronic check,23.91,624.76,No
3905-TELCO,Male,0,No,Yes,50,Yes,No,Fiber optic,No,Yes,No internet service,No internet service,No,No,Month-to-month,Yes,Credit card (automatic),23.89,1203.09,Yes
3906-TELCO,Female,0,Yes,No,26,Yes,No phone service,DSL,No,No,No,No,No,No,Month-to-month,No,Bank transfer (automatic),97.91,2549.93,No
3907-TELCO,Male,0,Yes,No,71,Yes,Yes,DSL,Yes,No,No internet service,No internet service,Yes,Yes,Two year,Yes,Electronic check,55.26,3920.97,No
3908-TELCO,Male,1,No,No,32,Yes,Yes,Fiber optic,No,No,No,Yes,No,No,Two year,Yes,Electronic check,82.9,2644.15,No
3909-TELCO,Male,0,No,No,44,Yes,No,Fiber optic,Yes,No,No,No,No internet service,No internet service,One year,Yes,Mailed check,26.24,1144.89,No
3910-TELCO,Male,0,Yes,No,26,Yes,No,DSL,No,No,No,No,No,Yes,Month-to-month,Yes,Credit card (automatic),94.9,2469.6,Yes
3911-TELCO,Female,0,No,No,61,Yes,No,Fiber optic,No internet service,Yes,No,No,Yes,No,Month-to-month,Yes,Bank transfer (automatic),51.9,3165.95,No
3912-TELCO,Female,0,No,No,51,Yes,Yes,DSL,No,No internet service,No,No,No,No internet service,Two year,Yes,Bank transfer (automatic),39.91,2037.01,No
3913-TELCO,Male,0,No,No,59,Yes,No,Fiber optic,Yes,No internet service,No,No,Yes,No,Two year,Yes,Mailed check,90.08,5324.0,No
3914-TELCO,Male,0,Yes,No,38,Yes,No,No,No internet service,Yes,Yes,No internet service,Yes,Yes,Two year,Yes,Bank transfer (automatic),24.73,947.81,No
3915-TELCO,Male,0,No,Yes,26,Yes,No,Fiber optic,Yes,No,No,No,No,No,Month-to-month,No,Electronic check,67.11,1742.0,Yes
3916-TELCO,Female,0,No,No,45,Yes,Yes,No,No,Yes,Yes,No internet service,Yes,No,Two year,Yes,Bank transfer (automatic),56.75,2550.12,No
3917-TELCO,Female,0,No,Yes,31,Yes,Yes,Fiber optic,No internet service,No internet service,No internet service,No internet service,No internet service,Yes,One year,Yes,Bank transfer (automatic),92.75,2870.93,No
3918-TELCO,Female,0,No,No,70,Yes,No,DSL,Yes,Yes,Yes,No internet service,No internet service,Yes,Two year,No,Bank transfer (automatic),82.47,5781.71,No
3919-TELCO,Female,0,No,Yes,45,Yes,No,Fiber optic,No internet service,No internet service,Yes,No,Yes,No,One year,Yes,Electronic check,107.86,4861.86,No
3920-TELCO,Male,0,Yes,No,31,Yes,Yes,DSL,No,No,No,No,No internet service,No,Month-to-month,Yes,Electronic check,91.29,2838.73,No
3921-TELCO,Male,0,No,No,61,Yes,No,Fiber optic,No,Yes,Yes,Yes,Yes,Yes,One year,Yes,Credit card (automatic),60.02,3655.86,No
3922-TELCO,Male,0,No,Yes,48,Yes,No phone service,Fiber optic,No internet service,No internet service,No internet service,No internet service,No,No internet service,Month-to-month,Yes,Electronic check,36.86,1768.68,No
3923-TELCO,Female,0,No,No,45,Yes,Yes,No,No,No,No internet service,Yes,No,No,Month-to-month,No,Mailed check,63.49,2854.15,No
3924-TELCO,Male,0,Yes,No,60,Yes,Yes,Fiber optic,No,No,Yes,Yes,No,Yes,Two year,Yes,Credit card (automatic),35.03,2098.26,No
3925-TELCO,Female,0,Yes,Yes,61,Yes,Yes,No,No,Yes,Yes,No,Yes,No,Two year,Yes,Bank transfer (automatic),29.64,1799.97,No
3926-TELCO,Female,0,No,No,52,Yes,No,Fiber optic,Yes,Yes,Yes,No,No internet service,No,One year,Yes,Electronic check,23.15,1210.61,No
3927-TELCO,Male,0,No,Yes,52,Yes,No,DSL,No,No internet service,No,No,Yes,No,Month-to-month,Yes,Mailed check,72.74,3778.42,No
3928-TELCO,Male,0,Yes,Yes,62,Yes,Yes,Fiber optic,Yes,No,No internet service,No,No,Yes,Month-to-month,Yes,Credit card (automatic),75.15,4656.32,No
3929-TELCO,Male,0,No,No,26,Yes,No,No,Yes,Yes,No,No,No,No,Month-to-month,Yes,Credit card (automatic),84.11,2188.98,Yes
3930-TELCO,Female,0,Yes,No,67,No,No,Fiber optic,Yes,Yes,Yes,No internet service,No internet service,Yes,Month-to-month,No,Bank transfer (automatic),107.37,7202.31,No
3931-TELCO,Female,0,No,No,49,Yes,No,Fiber optic,Yes,No,Yes,No,No,No,Month-to-month,Yes,Electronic check,110.0,5394.48,No
3932-TELCO,Male,0,No,No,44,Yes,Yes,Fiber optic,Yes,Yes,Yes,No internet service,No,No,Two year,No,Credit card (automatic),52.5,2312.86,No
3933-TELCO,Male,0,Yes,No,36,Yes,Yes,Fiber optic,Yes,Yes,No internet service,No,Yes,No,Month-to-month,No,Credit card (automatic),82.19,2950.75,Yes
3934-TELCO,Female,0,No,No,53,Yes,No,DSL,No,Yes,Yes,Yes,No,No,Month-to-month,Yes,Credit card (automatic),64.69,3431.04,No
3935-TELCO,Male,0,No,No,44,Yes,No phone service,DSL,Yes,No,Yes,No,No,Yes,Two year,Yes,Electronic check,93.9,4126.93,No
3936-TELCO,Female,1,Yes,Yes,22,Yes,Yes,DSL,No,Yes,No internet service,Yes,No,No,Month-to-month,No,Mailed check,90.25,1988.29,No
3937-TELCO,Female,0,No,No,2,Yes,Yes,Fiber optic,No,No,No,No internet service,Yes,Yes,Two year,Yes,Electronic check,37.89,72.33,No
3938-TELCO,Male,0,Yes,No,7,Yes,Yes,No,No internet service,Yes,No,No,No,Yes,Two year,No,Electronic check,35.73,241.64,Yes
3939-TELCO,Male,0,No,No,16,Yes,No,No,No,No,No,No,Yes,No internet service,One year,Yes,Mailed check,29.72,482.41,Yes
3940-TELCO,Male,0,Yes,Yes,44,Yes,No,DSL,No internet service,No,No,Yes,No,Yes,Month-to-month,Yes,Electronic check,30.6,1347.49,No
3941-TELCO,Male,0,Yes,No,65,Yes,Yes,Fiber optic,No,No internet service,No,No,No internet service,No,Month-to-month,No,Credit card (automatic),42.97,2788.67,No
3942-TELCO,Female,0,Yes,Yes,71,Yes,Yes,Fiber optic,Yes,No,No,No,No,No internet service,Month-to-month,No,Credit card (automatic),53.39,3787.84,No
3943-TELCO,Female,0,Yes,No,69,Yes,No,Fiber optic,No,No,Yes,Yes,No,No internet service,Month-to-month,No,Credit card (automatic),80.66,5567.9,No
3944-TELCO,Female,0,No,No,61,Yes,No,Fiber optic,No,No,No internet service,No internet service,No internet service,No internet service,One year,Yes,Electronic check,93.22,5690.01,No
3945-TELCO,Male,0,Yes,No,30,Yes,No,DSL,No,No,Yes,No,No,No internet service,Month-to-month,No,Bank transfer (automatic),32.24,966.94,Yes
3946-TELCO,Female,0,Yes,No,42,Yes,No,No,No,Yes,No,Yes,Yes,Yes,Month-to-month,No,Electronic check,43.63,1832.98,No
3947-TELCO,Male,0,No,No,25,Yes,No,No,No,Yes,No,No,No,Yes,Month-to-month,Yes,Bank transfer (automatic),77.71,1934.88,Yes
3948-TELCO,Male,0,No,Yes,71,Yes,Yes,DSL,No,Yes,No,Yes,No,Yes,One year,Yes,Electronic check,94.45,6698.89,No
3949-TELCO,Male,0,No,No,57,Yes,No,Fiber optic,No internet service,No,No,No,No internet service,Yes,Month-to-month,Yes,Mailed check,100.72,5735.24,Yes
3950-TELCO,Male,0,No,No,32,Yes,No,DSL,No,No internet service,No,Yes,No internet service,No,Month-to-month,Yes,Electronic check,56.79,1817.89,No
3951-TELCO,Male,0,No,No,50,Yes,No,DSL,No,Yes,No internet service,No,No internet service,Yes,Month-to-month,Yes,Mailed check,63.07,3151.9,No
3952-TELCO,Male,0,Yes,No,10,Yes,Yes,No,No internet service,No,No,No,Yes,Yes,Month-to-month,Yes,Electronic check,86.38,865.22,Yes
3953-TELCO,Female,0,Yes,Yes,22,Yes,Yes,Fiber optic,No internet service,No,No,No internet service,Yes,No,Month-to-month,Yes,Electronic check,46.2,1009.86,No
3954-TELCO,Male,0,No,No,41,Yes,No phone service,DSL,No,No,No,Yes,No,Yes,One year,Yes,Electronic check,26.54,1097.5,No
3955-TELCO,Female,1,Yes,No,47,Yes,No phone service,Fiber optic,No internet service,Yes,No,No,Yes,Yes,One year,No,Bank transfer (automatic),62.79,2953.43,No
3956-TELCO,Female,1,Yes,Yes,14,Yes,No,No,No,Yes,No internet service,Yes,No,No internet service,Month-to-month,Yes,Credit card (automatic),117.31,1634.9,No
3957-TELCO,Male,0,Yes,Yes,3,Yes,No,No,No,Yes,No,Yes,No,No internet service,Month-to-month,No,Credit card (automatic),55.79,164.78,No
3958-TELCO,Male,0,Yes,No,53,Yes,No,DSL,No internet service,No internet service,No,No,No,Yes,Month-to-month,Yes,Bank transfer (automatic),48.23,2565.79,No
3959-TELCO,Male,0,No,No,16,Yes,Yes,No,Yes,Yes,No internet service,No,No,No,One year,Yes,Electronic check,100.92,1624.05,Yes
3960-TELCO,Female,0,No,No,61,Yes,No,No,No,No,No,Yes,No,Yes,Month-to-month,Yes,Bank transfer (automatic),110.52,6733.12,No
3961-TELCO,Male,0,No,No,28,Yes,Yes,Fiber optic,No,No internet service,No,Yes,No internet service,Yes,Month-to-month,Yes,Electronic check,96.71,2714.5,Yes
3962-TELCO,Female,0,No,No,35,Yes,No phone service,Fiber optic,No,No,No,No,No,Yes,Month-to-month,Yes,Mailed check,70.88,2483.64,Yes
3963-TELCO,Male,1,Yes,No,2,Yes,No,DSL,Yes,No,Yes,No,No internet service,Yes,Month-to-month,No,Credit card (automatic),107.53,208.76,Yes
3964-TELCO,Male,0,Yes,No,61,No,No,DSL,No,No,No,No,No internet service,Yes,One year,No,Electronic check,77.53,4736.0,No
3965-TELCO,Female,0,No,Yes,56,Yes,No,Fiber optic,No,No,Yes,No internet service,Yes,No,One year,Yes,Credit card (automatic),47.92,2686.31,No
3966-TELCO,Female,0,Yes,No,55,Yes,No,No,Yes,No,No internet service,No,No internet service,No,Month-to-month,Yes,Mailed check,112.41,6174.82,No
3967-TELCO,Male,0,Yes,Yes,18,Yes,Yes,No,No internet service,No,No,No,Yes,No,Month-to-month,No,Electronic check,84.26,1523.64,No
3968-TELCO,Female,0,No,No,71,Yes,No,Fiber optic,Yes,No,No,Yes,No,Yes,Month-to-month,No,Mailed check,31.68,2254.46,No
3969-TELCO,Female,0,No,No,49,Yes,No phone service,No,No,No,Yes,No,No internet service,Yes,Month-to-month,No,Credit card (automatic),51.99,2537.66,No
3970-TELCO,Female,0,Yes,No,42,Yes,Yes,Fiber optic,Yes,No internet service,No,No internet service,No,No,Month-to-month,Yes,Electronic check,84.55,3546.19,No
3971-TELCO,Female,0,No,Yes,7,Yes,Yes,Fiber optic,No,No internet service,No internet service,No internet service,Yes,No internet service,One year,Yes,Electronic check,102.4,712.19,Yes
3972-TELCO,Female,0,No,Yes,4,No,Yes,DSL,No internet service,No,Yes,No,No,No internet service,One year,Yes,Bank transfer (automatic),117.62,469.67,No
3973-TELCO,Male,1,Yes,No,43,Yes,Yes,Fiber optic,No internet service,No,No,Yes,No internet service,Yes,Month-to-month,Yes,Bank transfer (automatic),38.6,1654.41,No
3974-TELCO,Male,0,No,No,59,Yes,No,DSL,No,No,Yes,No internet service,No,No internet service,Two year,No,Electronic check,99.19,5858.76,No
3975-TELCO,Female,0,Yes,No,49,Yes,No,DSL,No,No internet service,No internet service,Yes,No internet service,No,One year,Yes,Electronic check,30.15,1481.39,No
3976-TELCO,Male,0,No,No,60,Yes,No,DSL,No,Yes,No,No,No internet service,No,Month-to-month,No,Electronic check,86.74,5195.0,No
3977-TELCO,Male,0,No,No,6,Yes,Yes,Fiber optic,No,No,No,Yes,No internet service,No internet service,Month-to-month,Yes,Bank transfer (automatic),29.01,178.2,No
3978-TELCO,Female,0,No,Yes,20,Yes,No,DSL,No,Yes,No,No,Yes,Yes,Two year,Yes,Mailed check,74.56,1500.23,No
3979-TELCO,Male,1,Yes,Yes,31,No,No phone service,Fiber optic,No,No,Yes,No,No,Yes,Month-to-month,Yes,Credit card (automatic),70.76,2193.44,No
3980-TELCO,Female,0,Yes,Yes,22,Yes,No,No,Yes,No internet service,Yes,Yes,Yes,Yes,Month-to-month,Yes,Bank transfer (automatic),108.12,2372.28,No
3981-TELCO,Female,0,Yes,No,32,Yes,No phone service,No,Yes,Yes,No,No,No,No internet service,One year,Yes,Electronic check,72.21,2318.33,No
3982-TELCO,Male,0,No,Yes,47,Yes,No,Fiber optic,No,Yes,No internet service,No,Yes,No internet service,Month-to-month,No,Mailed check,90.25,4244.94,No
3983-TELCO,Female,0,Yes,Yes,34,Yes,No,DSL,No,Yes,Yes,No internet service,Yes,Yes,Month-to-month,No,Mailed check,105.06,3570.6,No
3984-TELCO,Female,0,Yes,No,27,Yes,No,Fiber optic,No,No,No,No,No internet service,No,Month-to-month,Yes,Electronic check,32.41,873.31,Yes
3985-TELCO,Female,0,Yes,No,44,Yes,No phone service,Fiber optic,No,Yes,Yes,No internet service,No,Yes,Two year,Yes,Credit card (automatic),30.1,1320.04,No
3986-TELCO,Female,0,Yes,No,30,Yes,No,Fiber optic,No,No,No,No,Yes,No internet service,Two year,Yes,Bank transfer (automatic),30.38,903.53,No
3987-TELCO,Female,0,Yes,No,33,Yes,No,Fiber optic,No,No,No,Yes,No,No internet service,One year,Yes,Bank transfer (automatic),50.87,1686.15,Yes
3988-TELCO,Male,1,No,Yes,27,Yes,Yes,Fiber optic,No,No internet service,No,Yes,No,No,One year,Yes,Bank transfer (automatic),57.42,1560.0,No
3989-TELCO,Male,0,Yes,No,56,Yes,No,No,No,Yes,No,No,No,No internet service,Month-to-month,Yes,Mailed check,22.13,1248.2,No
3990-TELCO,Female,0,Yes,Yes,23,Yes,Yes,DSL,Yes,No,No internet service,No internet service,No,No,One year,No,Mailed check,43.29,989.06,No
3991-TELCO,Female,0,No,No,43,Yes,No,DSL,No,Yes,Yes,Yes,No,Yes,Two year,No,Mailed check,18.94,812.8,No
3992-TELCO,Male,0,No,No,54,Yes,No,Fiber optic,No internet service,No,No internet service,No internet service,Yes,No internet service,Two year,Yes,Bank transfer (automatic),37.45,2018.14,No
3993-TELCO,Female,0,Yes,No,68,Yes,Yes,Fiber optic,No,No internet service,No,No,No,Yes,Month-to-month,Yes,Mailed check,57.74,3923.18,No
3994-TELCO,Male,0,Yes,No,53,Yes,No,DSL,No,Yes,Yes,Yes,No,Yes,Two year,Yes,Mailed check,94.07,4982.17,No
3995-TELCO,Female,1,No,No,40,Yes,No,No,Yes,Yes,Yes,Yes,No,No,Month-to-month,Yes,Bank transfer (automatic),118.48,4747.79,No
3996-TELCO,Female,0,Yes,No,60,Yes,Yes,Fiber optic,Yes,Yes,No internet service,Yes,No internet service,No,Month-to-month,No,Electronic check,38.28,2305.74,No
3997-TELCO,Female,0,No,Yes,9,Yes,No,Fiber optic,Yes,No internet service,No,No,No,Yes,Month-to-month,Yes,Credit card (automatic),88.72,789.29,No
3998-TELCO,Female,1,Yes,No,10,Yes,No phone service,Fiber optic,Yes,Yes,No,No,Yes,No,Month-to-month,No,Electronic check,53.67,537.42,Yes
3999-TELCO,Female,0,Yes,Yes,10,Yes,Yes,Fiber optic,No,Yes,Yes,No,Yes,Yes,Month-to-month,No,Credit card (automatic),103.63,1039.54,Yes
4000-TELCO,Female,0,Yes,No,30,Yes,No phone service,No,No internet service,No,No,Yes,No,No,Month-to-month,No,Electronic check,51.76,1547.72,No
4001-TELCO,Female,0,No,No,10,Yes,Yes,DSL,Yes,Yes,No internet service,No,No,No,One year,Yes,Bank transfer (automatic),49.35,484.73,Yes
4002-TELCO,Male,0,No,Yes,58,Yes,No,Fiber optic,Yes,Yes,No internet service,No,Yes,No internet service,One year,Yes,Mailed check,72.03,4169.24,No
4003-TELCO,Male,0,Yes,No,36,Yes,No,DSL,No internet service,Yes,No,Yes,No,Yes,Month-to-month,Yes,Electronic check,118.52,4271.48,Yes
4004-TELCO,Male,0,No,Yes,44,Yes,No,No,No,No,No,No internet service,Yes,No internet service,Month-to-month,No,Credit card (automatic),53.7,2360.1,No
4005-TELCO,Female,0,Yes,No,57,Yes,No,Fiber optic,No,No,No,Yes,Yes,Yes,Two year,Yes,Electronic check,38.6,2201.48,No
4006-TELCO,Female,1,Yes,Yes,43,No,Yes,No,No internet service,No,No,No,No,No,Month-to-month,Yes,Mailed check,88.18,3788.07,Yes
4007-TELCO,Female,0,No,No,23,Yes,Yes,No,No,Yes,No,Yes,No internet service,No,Month-to-month,No,Mailed check,108.08,2492.14,Yes
4008-TELCO,Female,0,Yes,No,4,Yes,No phone service,Fiber optic,No,No,No internet service,Yes,Yes,Yes,Month-to-month,Yes,Credit card (automatic),101.67,398.55,Yes
4009-TELCO,Female,0,No,No,12,Yes,Yes,DSL,No,No,No,No,Yes,Yes,Month-to-month,Yes,Bank transfer (automatic),106.7,1270.71,Yes
4010-TELCO,Female,1,No,No,49,Yes,No,Fiber optic,Yes,Yes,No,No,No,No,Month-to-month,Yes,Electronic check,21.64,1059.19,No
4011-TELCO,Female,0,No,Yes,24,Yes,No phone service,DSL,No,No,Yes,Yes,Yes,Yes,Month-to-month,Yes,Mailed check,26.32,629.75,Yes
4012-TELCO,Male,1,No,No,13,No,Yes,No,Yes,No,No internet service,No,Yes,Yes,Month-to-month,Yes,Credit card (automatic),97.88,1262.77,Yes
4013-TELCO,Female,0,Yes,Yes,68,Yes,No,DSL,No,No internet service,No,No,No internet service,No,Two year,No,Bank transfer (automatic),59.71,4066.86,No
4014-TELCO,Male,0,Yes,No,72,Yes,No,Fiber optic,Yes,No,No internet service,No,No internet service,No,One year,Yes,Electronic check,63.61,4580.68,No
4015-TELCO,Male,0,Yes,No,34,Yes,No,DSL,No,No internet service,No,No internet service,No,No,Month-to-month,No,Bank transfer (automatic),58.2,1985.61,No
4016-TELCO,Female,0,Yes,No,9,Yes,No,DSL,No,No internet service,Yes,No,Yes,No,Month-to-month,Yes,Electronic check,35.2,315.95,No
4017-TELCO,Female,0,No,Yes,10,Yes,No,DSL,No,No internet service,No,No internet service,Yes,Yes,Two year,Yes,Electronic check,112.64,1128.79,No
4018-TELCO,Male,0,Yes,Yes,65,Yes,Yes,Fiber optic,Yes,No,No internet service,No,No,Yes,Month-to-month,Yes,Credit card (automatic),91.74,5953.66,Yes
4019-TELCO,Male,0,No,Yes,72,Yes,Yes,DSL,No,Yes,Yes,No internet service,No,No,Two year,No,Bank transfer (automatic),50.7,3656.07,No
4020-TELCO,Female,0,Yes,No,54,Yes,No phone service,Fiber optic,No,Yes,No internet service,No,No,No,Month-to-month,No,Electronic check,77.74,4189.21,No
4021-TELCO,Female,0,No,Yes,43,Yes,No,Fiber optic,No internet service,No internet service,No,Yes,Yes,No,Two year,Yes,Mailed check,71.3,3061.35,Yes
4022-TELCO,Male,0,No,No,59,Yes,No phone service,No,No internet service,No,Yes,Yes,No,No internet service,Month-to-month,Yes,Bank transfer (automatic),66.16,3902.83,No
4023-TELCO,Female,0,No,Yes,59,Yes,No phone service,No,Yes,Yes,No,No,Yes,Yes,Two year,No,Credit card (automatic),114.99,6779.44,No
4024-TELCO,Female,0,Yes,Yes,67,Yes,Yes,Fiber optic,No,No,Yes,No internet service,No internet service,No internet service,Month-to-month,Yes,Electronic check,63.54,4248.36,No
4025-TELCO,Female,0,No,No,61,Yes,Yes,No,No,No internet service,Yes,Yes,No,No internet service,Month-to-month,No,Electronic check,79.91,4878.61,No
4026-TELCO,Male,0,Yes,Yes,38,Yes,Yes,Fiber optic,No,No,No internet service,No,No,No internet service,Month-to-month,No,Electronic check,44.41,1685.48,No
4027-TELCO,Male,0,Yes,No,8,Yes,Yes,Fiber optic,No internet service,No,No,No,No internet service,No,Month-to-month,Yes,Mailed check,55.05,445.2,Yes
4028-TELCO,Male,0,Yes,No,65,Yes,Yes,Fiber optic,No,No,Yes,No,No internet service,No internet service,One year,Yes,Mailed check,75.89,4927.63,No
4029-TELCO,Female,0,No,Yes,5,No,No phone service,DSL,No,Yes,Yes,Yes,No,No internet service,Month-to-month,Yes,Electronic check,111.35,556.21,Yes
4030-TELCO,Female,0,Yes,No,43,Yes,No,Fiber optic,No internet service,Yes,Yes,Yes,No,No,Month-to-month,Yes,Mailed check,115.99,4984.66,Yes
4031-TELCO,Male,0,No,No,60,Yes,No,DSL,Yes,No internet service,No internet service,Yes,Yes,No internet service,Month-to-month,Yes,Mailed check,99.58,5973.5,Yes
4032-TELCO,Male,0,No,Yes,26,Yes,Yes,Fiber optic,No,No internet service,No,Yes,Yes,No internet service,One year,Yes,Electronic check,100.77,2629.48,No
4033-TELCO,Male,0,Yes,Yes,11,Yes,No,Fiber optic,Yes,No internet service,Yes,Yes,No,Yes,Two year,Yes,Electronic check,30.41,332.49,No
4034-TELCO,Female,0,No,No,34,Yes,No,No,Yes,No,No,Yes,No internet service,No,Month-to-month,Yes,Electronic check,109.18,3712.42,Yes
4035-TELCO,Male,1,No,Yes,2,No,No,DSL,Yes,Yes,No internet service,Yes,No,No,Month-to-month,No,Mailed check,113.61,236.41,Yes
4036-TELCO,Male,0,Yes,No,21,No,Yes,Fiber optic,No,No internet service,No internet service,No,No,Yes,Month-to-month,No,Mailed check,41.52,862.91,No
4037-TELCO,Female,0,No,No,26,Yes,Yes,No,No internet service,No internet service,No,No internet service,No,Yes,Two year,No,Electronic check,69.27,1797.39,No
4038-TELCO,Female,0,Yes,Yes,5,Yes,No,DSL,Yes,No internet service,No internet service,No internet service,No internet service,Yes,One year,Yes,Credit card (automatic),58.0,284.08,No
4039-TELCO,Female,0,No,No,9,No,Yes,No,No,Yes,No,Yes,No internet service,No,Month-to-month,No,Bank transfer (automatic),93.21,837.93,No
4040-TELCO,Male,0,Yes,No,50,Yes,No,No,Yes,No,Yes,Yes,Yes,Yes,Month-to-month,No,Bank transfer (automatic),33.5,1667.38,No
4041-TELCO,Female,0,Yes,No,10,Yes,Yes,Fiber optic,Yes,No,No internet service,No internet service,No internet service,No,Month-to-month,Yes,Mailed check,91.96,918.81,No
4042-TELCO,Female,0,No,No,58,Yes,No,Fiber optic,No internet service,No,No internet service,No,Yes,No,One year,Yes,Credit card (automatic),103.46,5996.5,No
4043-TELCO,Male,0,Yes,No,10,Yes,No,No,Yes,No,No,No internet service,No,No,Month-to-month,Yes,Credit card (automatic),30.28,312.16,No
4044-TELCO,Female,1,Yes,Yes,36,No,No,Fiber optic,Yes,No,No,No,No internet service,Yes,Month-to-month,Yes,Mailed check,41.43,1484.68,Yes
4045-TELCO,Male,0,Yes,No,56,Yes,No phone service,DSL,Yes,No,Yes,No internet service,No,Yes,Two year,No,Bank transfer (automatic),30.69,1717.93,No
4046-TELCO,Male,0,Yes,No,62,Yes,Yes,No,No,Yes,No internet service,No,No,No internet service,One year,Yes,Electronic check,99.45,6169.61,No
4047-TELCO,Female,0,No,No,37,Yes,Yes,DSL,No,No,No,No,Yes,No,Month-to-month,No,Bank transfer (automatic),20.45,758.71,Yes
4048-TELCO,Female,0,No,No,41,Yes,No,DSL,Yes,No internet service,No,No,No,No internet service,Two year,No,Bank transfer (automatic),108.13,4429.95,Yes
4049-TELCO,Female,0,No,No,48,Yes,No,No,No,Yes,Yes,Yes,No internet service,Yes,Month-to-month,Yes,Electronic check,72.25,3463.33,No
4050-TELCO,Female,0,No,No,22,Yes,Yes,DSL,No,No internet service,Yes,No,Yes,Yes,Month-to-month,Yes,Electronic check,39.93,876.67,Yes
4051-TELCO,Female,1,Yes,No,61,Yes,No,Fiber optic,No,No internet service,No internet service,Yes,Yes,Yes,One year,No,Credit card (automatic),33.41,2029.41,No
4052-TELCO,Female,0,Yes,No,48,Yes,No,Fiber optic,No internet service,No internet service,No,No,No,Yes,Month-to-month,Yes,Electronic check,33.71,1614.91,Yes
4053-TELCO,Male,0,No,No,64,Yes,No phone service,Fiber optic,No,Yes,No internet service,No internet service,Yes,Yes,One year,Yes,Mailed check,45.12,2889.63,No
4054-TELCO,Male,0,No,Yes,37,Yes,Yes,DSL,No,Yes,No internet service,No,No,Yes,Month-to-month,No,Credit card (automatic),26.35,984.72,No
4055-TELCO,Female,0,Yes,No,41,Yes,Yes,Fiber optic,No,Yes,No internet service,Yes,Yes,Yes,Month-to-month,Yes,Electronic check,98.46,4039.5,No
4056-TELCO,Male,0,Yes,Yes,5,No,Yes,DSL,Yes,No,No internet service,Yes,No,Yes,Month-to-month,No,Electronic check,45.74,237.63,No
4057-TELCO,Female,0,No,Yes,52,No,No,DSL,No internet service,Yes,No,Yes,No,No,Month-to-month,Yes,Mailed check,19.76,1017.63,No
4058-TELCO,Male,0,No,No,17,Yes,Yes,DSL,No,Yes,No internet service,Yes,No,No,Month-to-month,Yes,Electronic check,98.36,1677.58,No
4059-TELCO,Male,0,No,No,62,Yes,Yes,DSL,Yes,Yes,No,Yes,Yes,Yes,Month-to-month,Yes,Credit card (automatic),77.13,4781.34,No
4060-TELCO,Male,0,Yes,No,52,No,No,No,Yes,No,No,No,No,No internet service,Month-to-month,Yes,Bank transfer (automatic),21.45,1117.76,No
4061-TELCO,Female,0,No,No,20,Yes,Yes,Fiber optic,No,No,No internet service,No,No,Yes,One year,Yes,Mailed check,40.89,814.97,No
4062-TELCO,Male,0,Yes,Yes,16,Yes,Yes,Fiber optic,No internet service,No,No internet service,Yes,No,Yes,Month-to-month,Yes,Mailed check,50.67,806.6,No
4063-TELCO,Female,0,Yes,No,7,Yes,Yes,Fiber optic,No,Yes,No,No,No internet service,Yes,Two year,Yes,Bank transfer (automatic),112.55,784.88,No
4064-TELCO,Male,0,No,Yes,66,Yes,Yes,No,No,No internet service,No,No,No internet service,Yes,Month-to-month,Yes,Mailed check,61.09,4033.91,No
4065-TELCO,Male,0,Yes,Yes,12,Yes,Yes,Fiber optic,Yes,No,No,No,No internet service,No,Month-to-month,No,Electronic check,87.69,1054.63,No
4066-TELCO,Male,1,Yes,No,43,Yes,Yes,Fiber optic,No,Yes,No,No,No internet service,Yes,Month-to-month,No,Electronic check,96.32,4142.8,Yes
4067-TELCO,Male,1,No,No,40,Yes,Yes,DSL,No internet service,Yes,No,No internet service,Yes,No,Month-to-month,Yes,Electronic check,70.86,2832.54,Yes
4068-TELCO,Male,0,No,Yes,1,No,No,Fiber optic,No,Yes,No internet service,No internet service,No,Yes,Two year,Yes,Credit card (automatic),28.4,34.06,No
4069-TELCO,Female,0,No,No,58,Yes,No,DSL,Yes,Yes,No internet service,No,Yes,Yes,Month-to-month,No,Credit card (automatic),112.16,6511.22,No
4070-TELCO,Female,0,Yes,No,3,Yes,Yes,Fiber optic,Yes,No,Yes,No,No internet service,No internet service,Month-to-month,Yes,Electronic check,63.46,194.81,Yes
4071-TELCO,Male,0,Yes,Yes,8,Yes,Yes,Fiber optic,No,No internet service,No,No,No internet service,Yes,Month-to-month,No,Credit card (automatic),35.37,276.41,Yes
4072-TELCO,Male,0,No,Yes,61,Yes,No,Fiber optic,Yes,Yes,Yes,No,Yes,No internet service,Month-to-month,No,Mailed check,95.46,5820.43,Yes
4073-TELCO,Male,0,No,No,5,Yes,Yes,DSL,No,No internet service,No internet service,Yes,No,Yes,Two year,Yes,Electronic check,106.88,542.61,No
4074-TELCO,Male,0,No,Yes,26,Yes,No,Fiber optic,Yes,No internet service,Yes,No,No internet service,No internet service,One year,No,Mailed check,91.86,2387.69,No
4075-TELCO,Female,0,Yes,No,17,Yes,Yes,Fiber optic,No internet service,No,No internet service,No,No,No internet service,Month-to-month,Yes,Electronic check,63.09,1072.97,No
4076-TELCO,Male,0,Yes,No,66,Yes,Yes,DSL,No,Yes,No,No,No,No internet service,Two year,No,Electronic check,117.09,7734.35,No
4077-TELCO,Female,0,No,No,51,Yes,No,DSL,No,No,Yes,No,Yes,No internet service,Month-to-month,Yes,Electronic check,28.3,1452.07,No
4078-TELCO,Male,0,No,No,47,Yes,Yes,DSL,No,No internet service,No internet service,No internet service,No,No internet service,Month-to-month,No,Credit card (automatic),33.01,1560.2,Yes
4079-TELCO,Female,1,Yes,No,40,Yes,Yes,Fiber optic,No,Yes,Yes,No,Yes,No,Month-to-month,No,Credit card (automatic),45.89,1830.7,No
4080-TELCO,Male,0,Yes,Yes,27,Yes,Yes,Fiber optic,Yes,No,No,No internet service,No,No internet service,Month-to-month,Yes,Mailed check,31.54,843.04,No
4081-TELCO,Male,0,No,No,40,Yes,Yes,Fiber optic,No internet service,No,No,No internet service,No internet service,No,One year,Yes,Electronic check,63.23,2529.58,No
4082-TELCO,Female,0,Yes,No,1,Yes,No phone service,Fiber optic,No,No,No,No internet service,No,No internet service,Month-to-month,Yes,Electronic check,78.13,82.07,Yes
4083-TELCO,Male,0,Yes,Yes,46,Yes,No,Fiber optic,Yes,No,Yes,No internet service,No,No internet service,Two year,No,Mailed check,48.71,2246.02,No
4084-TELCO,Male,0,Yes,No,11,Yes,Yes,Fiber optic,No,No,No,No,No internet service,No,Two year,Yes,Mailed check,21.28,237.4,No
4085-TELCO,Male,0,No,Yes,39,Yes,Yes,DSL,Yes,No,Yes,Yes,Yes,No internet service,Month-to-month,Yes,Electronic check,74.58,2900.39,No
4086-TELCO,Female,0,Yes,Yes,18,Yes,No,Fiber optic,Yes,No,No,Yes,No internet service,No,Month-to-month,Yes,Bank transfer (automatic),74.6,1339.49,Yes
4087-TELCO,Male,0,No,No,47,Yes,No phone service,DSL,Yes,No,Yes,Yes,Yes,No internet service,Two year,Yes,Mailed check,105.77,4961.31,No
4088-TELCO,Male,0,Yes,No,21,Yes,No,Fiber optic,Yes,No,No,No,Yes,Yes,Two year,No,Bank transfer (automatic),28.62,606.89,No
4089-TELCO,Female,0,No,No,28,Yes,No,Fiber optic,No,Yes,No,No,No internet service,Yes,Month-to-month,No,Bank transfer (automatic),55.6,1548.51,No
4090-TELCO,Female,0,Yes,Yes,1,Yes,Yes,Fiber optic,No internet service,No internet service,No internet service,No internet service,No,Yes,Month-to-month,Yes,Mailed check,41.54,43.56,Yes
4091-TELCO,Female,0,No,No,14,No,No phone service,DSL,No,Yes,Yes,No,Yes,Yes,One year,No,Electronic check,28.57,396.85,No
4092-TELCO,Male,0,No,Yes,20,No,No,DSL,No,Yes,No internet service,No,Yes,No internet service,Month-to-month,No,Electronic check,48.54,970.03,No
4093-TELCO,Male,0,No,No,45,Yes,Yes,DSL,Yes,Yes,Yes,No internet service,No,No,Two year,No,Mailed check,99.14,4457.15,No
4094-TELCO,Male,1,No,No,61,Yes,No,Fiber optic,Yes,No internet service,No internet service,Yes,No internet service,Yes,One year,Yes,Bank transfer (automatic),41.86,2558.24,No
4095-TELCO,Female,0,No,No,27,Yes,Yes,Fiber optic,No,No,Yes,Yes,Yes,No internet service,Two year,Yes,Mailed check,110.06,2968.24,No
4096-TELCO,Male,1,No,No,56,Yes,No,DSL,No internet service,No,No internet service,No internet service,No internet service,Yes,Month-to-month,No,Electronic check,87.83,4922.79,No
4097-TELCO,Male,0,No,No,52,Yes,Yes,Fiber optic,Yes,No internet service,No internet service,Yes,Yes,Yes,Month-to-month,Yes,Credit card (automatic),27.86,1446.39,Yes
4098-TELCO,Female,0,No,No,68,Yes,No phone service,Fiber optic,No,No internet service,Yes,Yes,No,No,Month-to-month,Yes,Credit card (automatic),40.53,2754.21,No
4099-TELCO,Female,1,Yes,No,37,Yes,No,Fiber optic,No internet service,No,Yes,No,No,Yes,Month-to-month,Yes,Bank transfer (automatic),21.69,803.44,No
4100-TELCO,Female,0,No,No,31,Yes,No,Fiber optic,No,No,No,Yes,Yes,Yes,Two year,Yes,Mailed check,29.87,924.67,No
4101-TELCO,Female,0,Yes,No,49,Yes,Yes,Fiber optic,Yes,No internet service,No,No internet service,Yes,No,Month-to-month,Yes,Electronic check,90.73,4447.59,Yes
4102-TELCO,Female,0,Yes,No,53,Yes,No,No,No,Yes,No,No,Yes,Yes,Two year,Yes,Credit card (automatic),33.77,1798.17,No
4103-TELCO,Male,0,Yes,No,39,Yes,No phone service,DSL,No internet service,No,No,Yes,No,Yes,One year,No,Mailed check,47.65,1855.59,No
4104-TELCO,Female,1,Yes,Yes,10,Yes,Yes,DSL,Yes,No internet service,No,No,No internet service,No,Month-to-month,No,Mailed check,87.02,874.4,No
4105-TELCO,Male,0,No,Yes,9,Yes,No phone service,Fiber optic,No,No,No,Yes,No internet service,No,One year,No,Mailed check,82.44,749.43,No
4106-TELCO,Male,0,No,No,13,Yes,Yes,Fiber optic,No,Yes,Yes,Yes,Yes,Yes,Month-to-month,Yes,Bank transfer (automatic),108.4,1400.84,No
4107-TELCO,Female,0,No,No,18,Yes,No,No,No,Yes,Yes,No,No internet service,Yes,Month-to-month,No,Electronic check,51.82,933.92,No
4108-TELCO,Female,0,No,No,12,Yes,No,DSL,Yes,No internet service,Yes,No,Yes,No,Two year,Yes,Credit card (automatic),55.13,653.93,No
4109-TELCO,Female,0,No,No,72,Yes,No phone service,DSL,No,Yes,No,No,No internet service,Yes,Month-to-month,No,Credit card (automatic),27.84,2010.23,Yes
4110-TELCO,Male,0,No,No,5,Yes,No,Fiber optic,Yes,No internet service,No,No,No,No internet service,Month-to-month,No,Electronic check,46.74,231.12,No
4111-TELCO,Female,0,Yes,No,7,Yes,No,DSL,No,Yes,No internet service,No internet service,No internet service,Yes,Month-to-month,No,Credit card (automatic),103.23,722.84,Yes
4112-TELCO,Female,0,No,No,15,No,No,Fiber optic,No,No,Yes,No internet service,No,No,One year,No,Electronic check,32.18,483.35,No
4113-TELCO,Female,1,No,Yes,67,Yes,No phone service,No,Yes,No,No,No,No,Yes,Two year,Yes,Electronic check,55.55,3723.52,No
4114-TELCO,Female,0,No,No,18,Yes,Yes,DSL,No,No,Yes,Yes,No,No,Two year,No,Mailed check,103.0,1863.59,No
4115-TELCO,Female,0,No,No,38,Yes,Yes,Fiber optic,No internet service,Yes,No internet service,No,No,Yes,Month-to-month,No,Credit card (automatic),40.39,1535.06,Yes
4116-TELCO,Male,0,No,No,26,Yes,Yes,DSL,No internet service,Yes,No,Yes,No internet service,Yes,Two year,No,Mailed check,34.05,890.3,No
4117-TELCO,Male,0,Yes,No,38,No,No,Fiber optic,Yes,No,No,Yes,Yes,No internet service,Month-to-month,Yes,Mailed check,18.94,729.25,Yes
4118-TELCO,Male,0,Yes,Yes,59,Yes,Yes,DSL,No,No,No,No internet service,No internet service,No,Month-to-month,No,Mailed check,110.51,6525.36,No
4119-TELCO,Female,1,No,Yes,52,Yes,No,DSL,No,No,Yes,No internet service,No internet service,Yes,Month-to-month,Yes,Electronic check,105.68,5502.04,No
4120-TELCO,Female,0,No,No,33,Yes,Yes,DSL,No,Yes,Yes,Yes,No,No internet service,Month-to-month,No,Credit card (automatic),37.2,1218.49,Yes
4121-TELCO,Female,1,No,Yes,21,Yes,No,No,No,No,No,No,Yes,Yes,Two year,Yes,Credit card (automatic),97.39,2038.96,Yes
4122-TELCO,Male,0,Yes,Yes,17,Yes,Yes,Fiber optic,No internet service,No,No internet service,No,Yes,Yes,Two year,Yes,Bank transfer (automatic),116.06,1976.6,No
4123-TELCO,Female,0,Yes,No,62,No,Yes,Fiber optic,No,Yes,Yes,No internet service,No internet service,Yes,Month-to-month,Yes,Electronic check,48.93,3041.7,No
4124-TELCO,Female,0,No,No,59,Yes,Yes,DSL,No,Yes,No,No,No,No internet service,Month-to-month,No,Mailed check,85.41,5030.45,Yes
4125-TELCO,Female,0,Yes,No,2,Yes,Yes,DSL,Yes,No,No,No internet service,No internet service,No,Two year,No,Mailed check,38.89,83.97,No
4126-TELCO,Male,0,No,Yes,64,Yes,No,Fiber optic,No internet service,No,No,No internet service,No,No internet service,Two year,No,Credit card (automatic),77.27,4939.01,No
4127-TELCO,Female,1,Yes,No,25,Yes,Yes,Fiber optic,No,Yes,No,No,No internet service,Yes,Month-to-month,Yes,Electronic check,51.17,1278.16,Yes
4128-TELCO,Male,0,Yes,No,41,Yes,Yes,Fiber optic,No,Yes,Yes,No,No internet service,Yes,Month-to-month,Yes,Electronic check,80.16,3293.44,No
4129-TELCO,Female,1,No,No,19,Yes,No phone service,Fiber optic,No internet service,No internet service,No,No,No internet service,No,Two year,No,Mailed check,85.38,1615.65,No
4130-TELCO,Male,0,Yes,No,38,Yes,No,Fiber optic,No,No internet service,Yes,No,Yes,Yes,Month-to-month,Yes,Credit card (automatic),90.41,3438.69,No
4131-TELCO,Male,0,No,No,25,No,Yes,DSL,No,Yes,No,No,No,No,Two year,No,Bank transfer (automatic),109.02,2732.09,No
4132-TELCO,Male,0,No,No,39,Yes,No,Fiber optic,No internet service,No,Yes,No,Yes,No internet service,Month-to-month,No,Credit card (automatic),29.27,1144.07,Yes
4133-TELCO,Female,0,Yes,No,4,Yes,No,DSL,Yes,No internet service,Yes,No,No,No internet service,Two year,No,Electronic check,45.92,174.24,No
4134-TELCO,Female,1,No,Yes,3,No,No,DSL,No internet service,No internet service,Yes,No,No,Yes,Month-to-month,No,Electronic check,35.34,109.12,No
4135-TELCO,Male,0,No,Yes,34,No,Yes,Fiber optic,Yes,Yes,No internet service,No,Yes,No,Two year,Yes,Bank transfer (automatic),62.09,2104.72,No
4136-TELCO,Male,0,Yes,Yes,10,Yes,Yes,DSL,No,No internet service,Yes,Yes,Yes,Yes,Month-to-month,No,Mailed check,61.6,609.6,Yes
4137-TELCO,Female,0,Yes,Yes,27,Yes,No,Fiber optic,Yes,No,Yes,No,No,No internet service,Two year,No,Mailed check,51.91,1399.4,No
4138-TELCO,Female,0,Yes,Yes,1,Yes,No,No,Yes,Yes,Yes,No,No,No,Month-to-month,Yes,Bank transfer (automatic),117.51,122.96,Yes
4139-TELCO,Male,0,No,No,44,Yes,No,DSL,No,No,Yes,Yes,No,Yes,Month-to-month,No,Mailed check,94.73,4160.07,Yes
4140-TELCO,Female,0,No,Yes,52,Yes,No,Fiber optic,Yes,No,No,No internet service,No,No internet service,Two year,No,Electronic check,27.48,1428.69,No
4141-TELCO,Female,0,No,No,25,Yes,Yes,Fiber optic,No internet service,Yes,No internet service,Yes,No,No,Two year,No,Mailed check,58.67,1474.53,No
4142-TELCO,Female,0,No,No,65,Yes,No phone service,DSL,Yes,Yes,No internet service,No,Yes,No,Two year,No,Credit card (automatic),104.78,6810.35,No
4143-TELCO,Female,0,No,Yes,11,Yes,No,Fiber optic,Yes,No internet service,No internet service,No,No,No internet service,Month-to-month,Yes,Electronic check,35.0,381.23,Yes
4144-TELCO,Male,0,No,No,68,Yes,Yes,Fiber optic,No internet service,No internet service,Yes,No,Yes,Yes,Month-to-month,No,Mailed check,64.9,4408.77,No
4145-TELCO,Female,0,No,Yes,15,Yes,No,Fiber optic,No,Yes,Yes,Yes,Yes,No,Month-to-month,No,Electronic check,95.96,1449.16,No
4146-TELCO,Female,0,Yes,No,57,Yes,Yes,No,No,No,No,Yes,No,Yes,Two year,Yes,Bank transfer (automatic),26.88,1524.32,No
4147-TELCO,Male,0,No,No,64,Yes,Yes,DSL,Yes,Yes,No internet service,Yes,No,Yes,Month-to-month,Yes,Credit card (automatic),100.4,6423.83,No
4148-TELCO,Male,0,No,Yes,11,Yes,No,Fiber optic,No,No,No,Yes,Yes,Yes,One year,Yes,Bank transfer (automatic),29.37,328.06,No
4149-TELCO,Female,0,No,No,20,Yes,No,Fiber optic,No,No internet service,No,Yes,Yes,No,One year,No,Electronic check,64.83,1292.74,No
4150-TELCO,Female,0,No,No,30,No,No,DSL,No internet service,Yes,No,No,Yes,Yes,Month-to-month,No,Electronic check,114.42,3439.49,Yes
4151-TELCO,Female,0,Yes,Yes,10,Yes,No,No,No,No,Yes,Yes,No,No,Two year,Yes,Electronic check,69.42,696.51,No
4152-TELCO,Female,0,No,No,54,Yes,No,DSL,No internet service,No internet service,No,No internet service,No,No,One year,Yes,Credit card (automatic),108.79,5873.88,No
4153-TELCO,Male,0,Yes,No,58,Yes,Yes,Fiber optic,No,No,Yes,No,No internet service,No internet service,One year,Yes,Mailed check,110.53,6419.24,No
4154-TELCO,Male,0,No,Yes,29,Yes,Yes,Fiber optic,No,No,No,No,Yes,Yes,Two year,No,Mailed check,61.39,1777.8,No
4155-TELCO,Male,0,Yes,No,1,Yes,No phone service,Fiber optic,No,No internet service,No,No,No,No,Month-to-month,No,Electronic check,112.14,121.45,Yes
4156-TELCO,Female,0,No,Yes,58,Yes,Yes,DSL,No,No internet service,No,No,No,No,Month-to-month,No,Mailed check,27.26,1572.53,No
4157-TELCO,Female,0,No,No,21,Yes,No phone service,DSL,Yes,No,Yes,No,No internet service,Yes,One year,Yes,Mailed check,53.07,1105.26,Yes
4158-TELCO,Female,0,No,Yes,15,Yes,Yes,DSL,No,Yes,No internet service,No internet service,Yes,Yes,Two year,Yes,Bank transfer (automatic),107.14,1598.74,No
4159-TELCO,Female,0,Yes,No,67,Yes,No,Fiber optic,No,No,No internet service,No,Yes,No,One year,Yes,Bank transfer (automatic),71.66,4792.92,No
4160-TELCO,Male,0,No,No,33,Yes,No phone service,DSL,No,No,No internet service,No,No,Yes,Two year,No,Mailed check,90.22,2971.9,No
4161-TELCO,Male,0,No,Yes,38,Yes,Yes,Fiber optic,No,Yes,No,No internet service,No,Yes,Two year,Yes,Bank transfer (automatic),22.54,854.67,No
4162-TELCO,Female,0,No,No,19,Yes,No,DSL,No,Yes,Yes,No,No internet service,No,Two year,Yes,Bank transfer (automatic),85.1,1623.13,No
4163-TELCO,Male,0,Yes,Yes,4,Yes,Yes,DSL,No internet service,Yes,Yes,No,Yes,No,Month-to-month,No,Bank transfer (automatic),103.66,412.45,No
4164-TELCO,Female,0,No,No,58,Yes,No,Fiber optic,No,Yes,No,Yes,Yes,No,Month-to-month,No,Bank transfer (automatic),86.56,5013.01,No
4165-TELCO,Female,0,Yes,Yes,70,Yes,No phone service,Fiber optic,Yes,No,Yes,No,Yes,Yes,Month-to-month,Yes,Electronic check,114.04,7973.42,No
4166-TELCO,Male,0,No,No,12,Yes,Yes,Fiber optic,Yes,Yes,Yes,No internet service,Yes,Yes,Month-to-month,Yes,Credit card (automatic),88.03,1057.51,Yes
4167-TELCO,Female,0,Yes,No,17,No,Yes,DSL,Yes,No,No,Yes,No internet service,No,One year,No,Electronic check,50.0,844.63,No
4168-TELCO,Female,0,No,No,1,Yes,No phone service,DSL,Yes,Yes,No,Yes,No,No,Month-to-month,No,Mailed check,43.81,41.03,Yes
4169-TELCO,Male,1,No,Yes,14,Yes,No,No,Yes,No internet service,Yes,No internet service,Yes,No internet service,One year,Yes,Electronic check,81.51,1135.98,No
4170-TELCO,Female,0,Yes,No,2,Yes,No,DSL,No,No,No internet service,No,Yes,No,One year,Yes,Credit card (automatic),27.89,53.89,Yes
4171-TELCO,Female,0,No,No,4,Yes,Yes,Fiber optic,Yes,Yes,No,Yes,No internet service,No,Month-to-month,No,Credit card (automatic),56.93,237.18,No
4172-TELCO,Male,0,No,No,66,Yes,No,Fiber optic,Yes,No,Yes,No internet service,No,Yes,Month-to-month,Yes,Electronic check,61.99,4100.8,No
4173-TELCO,Female,1,Yes,No,46,Yes,Yes,DSL,No internet service,No,Yes,No,No,No,Month-to-month,No,Mailed check,78.73,3625.84,Yes
4174-TELCO,Male,0,No,No,50,Yes,Yes,Fiber optic,No internet service,No,Yes,No,No,No,One year,No,Mailed check,41.66,2077.73,No
4175-TELCO,Female,0,Yes,No,60,Yes,No,No,No,No internet service,Yes,No,No,No,Month-to-month,No,Electronic check,111.47,6695.28,No
4176-TELCO,Male,0,Yes,No,52,Yes,No,No,Yes,No,Yes,No,Yes,Yes,Two year,No,Mailed check,112.93,5862.57,No
4177-TELCO,Male,0,Yes,Yes,48,Yes,Yes,Fiber optic,No internet service,No internet service,No,No internet service,Yes,Yes,Month-to-month,Yes,Mailed check,78.29,3758.21,No
4178-TELCO,Male,1,No,No,39,Yes,Yes,Fiber optic,No,Yes,No,No,No internet service,Yes,Month-to-month,No,Bank transfer (automatic),85.8,3353.74,No
4179-TELCO,Female,0,Yes,No,70,Yes,No,DSL,Yes,No,Yes,No,Yes,Yes,Month-to-month,Yes,Credit card (automatic),49.12,3436.77,No
4180-TELCO,Male,0,No,Yes,60,Yes,Yes,Fiber optic,No,Yes,No,No,No,No,Month-to-month,Yes,Electronic check,44.03,2636.7,No
4181-TELCO,Male,1,No,No,30,Yes,Yes,Fiber optic,Yes,No internet service,No internet service,No internet service,No internet service,No,Month-to-month,Yes,Mailed check,45.35,1363.02,Yes
4182-TELCO,Male,0,Yes,No,27,Yes,Yes,No,No internet service,Yes,No,No,No,No,Month-to-month,No,Bank transfer (automatic),59.08,1601.53,No
4183-TELCO,Male,0,No,No,55,Yes,No,DSL,No internet service,Yes,No internet service,No internet service,No,No,One year,No,Electronic check,111.63,6143.04,No
4184-TELCO,Male,0,Yes,Yes,70,Yes,No,Fiber optic,Yes,No internet service,No,Yes,No internet service,Yes,Month-to-month,No,Credit card (automatic),49.26,3443.25,No
4185-TELCO,Female,0,No,Yes,26,Yes,Yes,Fiber optic,No,Yes,No,No,Yes,No internet service,Month-to-month,Yes,Credit card (automatic),47.23,1220.49,No
4186-TELCO,Female,0,Yes,No,42,Yes,Yes,Fiber optic,No,Yes,No,No internet service,No,No,Month-to-month,No,Bank transfer (automatic),51.0,2137.48,No
4187-TELCO,Female,0,Yes,Yes,67,Yes,Yes,DSL,No internet service,No,No internet service,No,Yes,No,Month-to-month,Yes,Mailed check,41.82,2794.81,No
4188-TELCO,Female,0,No,No,67,Yes,Yes,DSL,No,No internet service,No,No internet service,Yes,Yes,Month-to-month,No,Electronic check,91.4,6132.97,Yes
4189-TELCO,Female,0,No,No,52,Yes,No,Fiber optic,Yes,No,No internet service,No,No,No internet service,Month-to-month,Yes,Mailed check,58.78,3053.92,Yes
4190-TELCO,Female,0,Yes,Yes,6,Yes,No,Fiber optic,Yes,Yes,No,No,No,Yes,Two year,Yes,Bank transfer (automatic),65.29,401.09,No
4191-TELCO,Female,0,No,No,10,Yes,No,Fiber optic,Yes,No,Yes,No internet service,No internet service,No,Month-to-month,Yes,Electronic check,90.14,902.93,No
4192-TELCO,Male,1,Yes,No,38,Yes,Yes,Fiber optic,No internet service,No,Yes,Yes,No,Yes,Two year,No,Bank transfer (automatic),83.61,3180.99,No
4193-TELCO,Female,0,No,Yes,12,Yes,No,Fiber optic,No internet service,No internet service,Yes,No,Yes,No internet service,Month-to-month,Yes,Bank transfer (automatic),58.9,715.0,Yes
4194-TELCO,Male,0,No,No,46,No,Yes,Fiber optic,No,No,Yes,No,No internet service,No,Month-to-month,No,Mailed check,20.58,956.55,Yes
4195-TELCO,Male,1,Yes,Yes,49,No,Yes,DSL,Yes,No,No,No,Yes,Yes,Two year,Yes,Credit card (automatic),107.96,5299.02,No
4196-TELCO,Female,0,Yes,No,72,No,Yes,DSL,No,No,No,No,No,Yes,Month-to-month,No,Bank transfer (automatic),29.75,2140.95,No
4197-TELCO,Male,0,Yes,No,63,Yes,Yes,No,No internet service,No,No,Yes,No,Yes,Month-to-month,Yes,Electronic check,102.93,6488.44,No
4198-TELCO,Male,0,Yes,No,69,Yes,No,Fiber optic,Yes,No,No internet service,Yes,Yes,Yes,Month-to-month,No,Electronic check,93.5,6449.27,No
4199-TELCO,Male,0,Yes,No,43,Yes,Yes,DSL,No,Yes,No internet service,No internet service,Yes,No,Month-to-month,Yes,Electronic check,102.08,4392.05,No
4200-TELCO,Male,0,No,No,60,Yes,No,DSL,Yes,Yes,Yes,No internet service,No,Yes,One year,Yes,Credit card (automatic),108.11,6487.04,No
4201-TELCO,Female,1,No,Yes,29,No,No,Fiber optic,No,Yes,Yes,No internet service,No internet service,Yes,One year,No,Credit card (automatic),22.9,654.47,Yes
4202-TELCO,Female,0,Yes,No,11,Yes,No,Fiber optic,No,No,No,No,No,No,Two year,Yes,Bank transfer (automatic),62.24,691.96,No
4203-TELCO,Female,0,No,No,35,Yes,No,No,No,Yes,Yes,No,No,Yes,Month-to-month,Yes,Mailed check,24.06,839.23,No
4204-TELCO,Female,0,No,No,23,Yes,Yes,Fiber optic,No,Yes,Yes,No internet service,No,No,One year,Yes,Credit card (automatic),50.13,1151.97,No
4205-TELCO,Female,0,No,No,72,Yes,No,DSL,No internet service,No internet service,No,No,No,Yes,Two year,No,Bank transfer (automatic),32.4,2329.7,No
4206-TELCO,Female,0,No,No,21,Yes,Yes,Fiber optic,No,Yes,No,No internet service,No,No,One year,Yes,Mailed check,76.39,1603.85,Yes
4207-TELCO,Female,0,No,No,37,Yes,No,DSL,Yes,No internet service,No internet service,Yes,Yes,Yes,Month-to-month,No,Bank transfer (automatic),80.15,2965.48,No
4208-TELCO,Female,0,Yes,No,28,Yes,Yes,DSL,No,No internet service,No internet service,No,No internet service,No,One year,Yes,Electronic check,75.4,2113.85,Yes
4209-TELCO,Female,0,Yes,No,58,Yes,No,DSL,No internet service,No,No,No,No,No,One year,No,Credit card (automatic),40.72,2359.27,No
4210-TELCO,Female,1,Yes,No,53,No,No,DSL,No,Yes,No internet service,No,Yes,Yes,Month-to-month,No,Electronic check,42.88,2267.2,No
4211-TELCO,Male,0,Yes,No,28,Yes,No,No,No,Yes,Yes,Yes,Yes,Yes,One year,No,Credit card (automatic),49.19,1375.26,No
4212-TELCO,Female,0,Yes,No,42,Yes,Yes,Fiber optic,No,No internet service,No internet service,No,Yes,No internet service,Two year,Yes,Electronic check,33.9,1420.23,No
4213-TELCO,Male,0,No,No,61,Yes,No,DSL,Yes,No internet service,Yes,Yes,Yes,Yes,Month-to-month,Yes,Mailed check,61.71,3765.67,No
4214-TELCO,Male,0,Yes,Yes,33,Yes,Yes,Fiber optic,Yes,No internet service,No internet service,No,Yes,Yes,Month-to-month,Yes,Bank transfer (automatic),89.05,2943.18,Yes
4215-TELCO,Male,0,No,No,55,Yes,Yes,Fiber optic,No,No internet service,Yes,No,No,Yes,One year,No,Electronic check,99.01,5449.89,No
4216-TELCO,Male,1,Yes,Yes,37,Yes,No,No,No,Yes,No,No,No,No,Month-to-month,No,Credit card (automatic),20.57,768.92,No
4217-TELCO,Female,0,No,Yes,47,Yes,No phone service,No,No internet service,No,No,No internet service,No internet service,Yes,Month-to-month,Yes,Bank transfer (automatic),22.8,1065.71,No
4218-TELCO,Male,1,No,No,36,Yes,Yes,DSL,No,No internet service,No,Yes,Yes,Yes,One year,Yes,Electronic check,80.96,2914.63,No
4219-TELCO,Female,0,Yes,No,28,Yes,No,No,No,Yes,Yes,No internet service,No,No,Month-to-month,No,Credit card (automatic),64.25,1801.49,No
4220-TELCO,Female,1,Yes,No,10,Yes,Yes,DSL,No,No,No,No,No internet service,Yes,Month-to-month,Yes,Electronic check,52.83,528.61,Yes
4221-TELCO,Male,0,No,No,23,Yes,No,DSL,No,Yes,Yes,Yes,No,No,Two year,Yes,Electronic check,96.65,2225.76,No
4222-TELCO,Female,1,Yes,No,5,Yes,Yes,DSL,No,Yes,No,Yes,Yes,No internet service,Month-to-month,Yes,Electronic check,67.62,345.25,Yes
4223-TELCO,Male,0,Yes,Yes,6,Yes,Yes,DSL,No internet service,Yes,Yes,No internet service,No,Yes,Month-to-month,No,Electronic check,77.38,456.12,Yes
4224-TELCO,Male,0,Yes,No,42,Yes,Yes,No,No,Yes,No,No internet service,No internet service,No,Two year,Yes,Credit card (automatic),52.04,2183.14,No
4225-TELCO,Female,1,No,No,47,Yes,No,Fiber optic,Yes,No,Yes,Yes,No internet service,No internet service,Month-to-month,No,Mailed check,48.12,2261.75,No
4226-TELCO,Female,0,No,No,28,Yes,Yes,Fiber optic,No internet service,No,No,Yes,Yes,No,Month-to-month,Yes,Bank transfer (automatic),113.6,3181.26,No
4227-TELCO,Male,0,No,No,13,Yes,Yes,No,No,Yes,No internet service,No,No,Yes,Month-to-month,Yes,Credit card (automatic),88.47,1140.35,Yes
4228-TELCO,Female,0,No,No,25,Yes,No,Fiber optic,No,No internet service,No internet service,No,No,Yes,Month-to-month,No,Electronic check,51.45,1287.79,Yes
4229-TELCO,Female,1,No,No,7,No,Yes,DSL,No,No internet service,Yes,No internet service,Yes,No internet service,Month-to-month,Yes,Credit card (automatic),118.65,834.47,Yes
4230-TELCO,Female,0,No,Yes,66,No,No,Fiber optic,No,Yes,Yes,No internet service,Yes,No internet service,One year,Yes,Bank transfer (automatic),23.68,1560.67,No
4231-TELCO,Male,0,No,No,58,Yes,Yes,No,No,Yes,Yes,No internet service,Yes,No,Month-to-month,No,Electronic check,61.45,3572.37,No
4232-TELCO,Male,0,Yes,No,66,Yes,Yes,No,No internet service,Yes,No internet service,Yes,Yes,No,Month-to-month,No,Mailed check,116.85,7715.71,No
4233-TELCO,Female,0,Yes,No,36,Yes,No,Fiber optic,No,No,Yes,Yes,Yes,Yes,Month-to-month,Yes,Credit card (automatic),108.68,3915.09,No
4234-TELCO,Female,0,No,No,2,Yes,No,No,No internet service,No,Yes,No internet service,No,No,One year,Yes,Credit card (automatic),63.84,121.78,No
4235-TELCO,Female,0,No,No,38,Yes,Yes,No,No,No,Yes,No,No,No,Month-to-month,Yes,Bank transfer (automatic),90.0,3429.62,No
4236-TELCO,Female,0,Yes,No,14,Yes,No,DSL,No internet service,Yes,No internet service,No,No internet service,No,Month-to-month,Yes,Credit card (automatic),55.46,775.74,Yes
4237-TELCO,Female,1,Yes,No,27,Yes,Yes,Fiber optic,No,No,No internet service,No,Yes,No,Month-to-month,Yes,Mailed check,66.42,1784.04,Yes
4238-TELCO,Male,0,No,No,15,No,Yes,DSL,No,No internet service,No,No,Yes,Yes,Month-to-month,Yes,Mailed check,83.15,1238.73,No
4239-TELCO,Female,0,No,Yes,12,Yes,No phone service,Fiber optic,Yes,No,No internet service,No internet service,Yes,No,Month-to-month,No,Electronic check,55.83,666.68,Yes
4240-TELCO,Male,0,Yes,Yes,43,Yes,No,No,No,No,No,No internet service,No internet service,No,Month-to-month,No,Mailed check,96.13,4124.42,No
4241-TELCO,Female,0,No,Yes,57,Yes,No,No,No,Yes,No,No,No internet service,Yes,Two year,No,Credit card (automatic),53.21,3026.34,No
4242-TELCO,Male,0,No,Yes,48,Yes,Yes,Fiber optic,No,Yes,No,Yes,Yes,Yes,Month-to-month,Yes,Electronic check,38.91,1871.24,No
4243-TELCO,Female,0,No,No,61,No,No,No,No,No,Yes,Yes,Yes,No internet service,Month-to-month,No,Electronic check,43.79,2668.04,No
4244-TELCO,Male,0,Yes,No,44,Yes,No,DSL,Yes,No,Yes,Yes,No internet service,Yes,Month-to-month,No,Credit card (automatic),109.07,4797.32,No
4245-TELCO,Female,0,Yes,Yes,52,Yes,Yes,DSL,No,No,No,Yes,No,No internet service,Month-to-month,Yes,Credit card (automatic),94.06,4900.17,No
4246-TELCO,Male,0,Yes,No,62,Yes,No phone service,DSL,No,Yes,Yes,Yes,No,No,Month-to-month,Yes,Electronic check,108.58,6734.87,No
4247-TELCO,Male,0,Yes,Yes,2,Yes,No,Fiber optic,No,No,No,Yes,No,No,Month-to-month,No,Credit card (automatic),111.74,219.32,Yes
4248-TELCO,Male,0,No,No,71,Yes,No,No,No,Yes,No internet service,No,No,No,Month-to-month,Yes,Electronic check,19.45,1377.77,Yes
4249-TELCO,Male,0,Yes,Yes,31,Yes,No phone service,Fiber optic,No,No,No,No,Yes,No,Month-to-month,Yes,Bank transfer (automatic),37.61,1174.82,Yes
4250-TELCO,Male,0,No,Yes,72,Yes,No phone service,No,No,No internet service,No internet service,No internet service,No,No internet service,Month-to-month,Yes,Electronic check,57.61,4146.84,No
4251-TELCO,Male,0,Yes,Yes,33,Yes,No,Fiber optic,No,No,No,Yes,Yes,Yes,One year,Yes,Mailed check,39.25,1294.0,Yes
4252-TELCO,Female,0,Yes,No,5,Yes,No,Fiber optic,No internet service,Yes,Yes,No,No,Yes,Month-to-month,No,Bank transfer (automatic),23.73,114.15,Yes
4253-TELCO,Male,0,No,No,58,Yes,No,Fiber optic,No,No internet service,Yes,No,No internet service,Yes,One year,Yes,Bank transfer (automatic),111.55,6466.32,No
4254-TELCO,Female,0,No,Yes,11,Yes,Yes,No,No,No,Yes,No,Yes,Yes,Month-to-month,Yes,Credit card (automatic),107.59,1188.66,Yes
4255-TELCO,Female,0,Yes,No,23,Yes,Yes,DSL,Yes,No internet service,Yes,No,No internet service,No internet service,Two year,Yes,Credit card (automatic),37.38,866.0,No
4256-TELCO,Female,0,No,Yes,45,No,No,DSL,No internet service,No,Yes,Yes,No,Yes,One year,Yes,Electronic check,67.61,3037.32,No
4257-TELCO,Female,0,No,No,27,Yes,No,DSL,No internet service,No,Yes,No,Yes,Yes,Two year,No,Credit card (automatic),116.52,3154.82,No
4258-TELCO,Female,1,No,No,56,Yes,No,No,No,No,Yes,No,No,No,Month-to-month,Yes,Electronic check,77.62,4343.08,No
4259-TELCO,Male,1,No,Yes,59,No,No,No,Yes,Yes,No,Yes,Yes,Yes,Two year,No,Bank transfer (automatic),72.6,4287.6,No
4260-TELCO,Male,0,Yes,No,40,No,No,Fiber optic,No internet service,No,No,No,Yes,No internet service,One year,No,Mailed check,60.91,2438.77,No
4261-TELCO,Male,0,No,No,18,Yes,Yes,No,No internet service,No,No,Yes,Yes,Yes,One year,Yes,Mailed check,31.01,548.77,No
4262-TELCO,Female,0,No,No,51,Yes,No,Fiber optic,No,No,Yes,No,Yes,Yes,One year,Yes,Bank transfer (automatic),29.75,1524.48,No
4263-TELCO,Male,0,Yes,No,61,Yes,No,Fiber optic,No,No,No,Yes,No internet service,No,Month-to-month,No,Electronic check,106.24,6483.26,Yes
4264-TELCO,Male,0,Yes,No,23,Yes,Yes,No,No internet service,No,Yes,Yes,No internet service,No,Month-to-month,No,Credit card (automatic),42.58,980.93,No
4265-TELCO,Male,0,No,No,36,Yes,Yes,Fiber optic,No,Yes,No internet service,No,No,Yes,Two year,Yes,Electronic check,45.53,1640.12,No
4266-TELCO,Male,0,Yes,No,38,Yes,Yes,Fiber optic,No,Yes,Yes,No,No,No,Month-to-month,Yes,Credit card (automatic),31.93,1216.64,Yes
4267-TELCO,Male,0,Yes,No,72,Yes,No,DSL,No,Yes,No internet service,Yes,No,Yes,One year,Yes,Electronic check,57.69,4145.33,No
4268-TELCO,Female,0,No,No,56,Yes,No phone service,DSL,No,No internet service,Yes,No internet service,No,Yes,Two year,No,Bank transfer (automatic),81.22,4553.47,No
4269-TELCO,Male,0,Yes,No,39,Yes,No,Fiber optic,No,Yes,No internet service,Yes,Yes,No,Month-to-month,Yes,Credit card (automatic),72.58,2826.73,No
4270-TELCO,Female,0,Yes,No,69,Yes,No,DSL,No,Yes,No internet service,Yes,Yes,No internet service,One year,No,Bank transfer (automatic),21.69,1495.04,No
4271-TELCO,Female,0,No,No,28,Yes,No,Fiber optic,No,Yes,No,Yes,No,Yes,Two year,Yes,Electronic check,65.41,1822.31,No
4272-TELCO,Female,0,No,No,21,Yes,Yes,Fiber optic,No internet service,No,No,No,No,No internet service,Month-to-month,Yes,Bank transfer (automatic),60.32,1259.47,No
4273-TELCO,Female,0,Yes,No,62,Yes,Yes,Fiber optic,No internet service,No,Yes,No,No internet service,No,One year,Yes,Bank transfer (automatic),44.61,2771.96,No
4274-TELCO,Female,0,No,No,23,Yes,No,Fiber optic,No,Yes,Yes,No internet service,Yes,Yes,Month-to-month,Yes,Credit card (automatic),83.49,1917.6,Yes
4275-TELCO,Male,0,No,Yes,21,Yes,No,No,No,No,Yes,Yes,No,Yes,Month-to-month,Yes,Electronic check,112.7,2371.25,Yes
4276-TELCO,Male,0,No,No,16,Yes,Yes,DSL,No internet service,No,No,No,Yes,No internet service,One year,Yes,Credit card (automatic),88.65,1415.86,Yes
4277-TELCO,Male,0,Yes,No,62,Yes,No,Fiber optic,No,No internet service,Yes,No internet service,No internet service,Yes,Two year,Yes,Bank transfer (automatic),36.31,2258.59,Yes
4278-TELCO,Female,0,Yes,No,65,Yes,Yes,No,No,Yes,No,No internet service,No,Yes,Two year,Yes,Electronic check,83.73,5442.26,No
4279-TELCO,Male,1,Yes,Yes,5,Yes,Yes,DSL,No,No,No,Yes,No,No,Month-to-month,No,Mailed check,33.46,163.74,Yes
4280-TELCO,Male,0,No,Yes,46,Yes,Yes,DSL,No,Yes,No,No internet service,No,No,Two year,Yes,Bank transfer (automatic),73.18,3372.06,No
4281-TELCO,Female,0,No,No,64,No,Yes,Fiber optic,No,No,Yes,No,No,Yes,One year,No,Electronic check,114.89,7354.34,No
4282-TELCO,Female,0,No,No,41,No,No,Fiber optic,No internet service,No,No,Yes,Yes,Yes,Month-to-month,No,Mailed check,115.89,4752.77,Yes
4283-TELCO,Female,1,No,No,44,Yes,Yes,DSL,No internet service,No,Yes,Yes,No internet service,No,Month-to-month,No,Credit card (automatic),107.01,4712.89,No
4284-TELCO,Female,0,No,No,15,Yes,No,Fiber optic,Yes,Yes,No,No,No,No,One year,Yes,Electronic check,55.16,837.16,No
4285-TELCO,Male,1,Yes,No,68,Yes,No,Fiber optic,No,No,No,No,Yes,Yes,Month-to-month,Yes,Mailed check,89.1,6056.23,No
4286-TELCO,Female,0,No,No,51,Yes,No,Fiber optic,No,Yes,Yes,Yes,No internet service,No internet service,Two year,No,Bank transfer (automatic),35.31,1801.48,No
4287-TELCO,Female,0,No,No,54,Yes,No,Fiber optic,No,No internet service,No,Yes,Yes,No,Month-to-month,Yes,Electronic check,111.74,6029.88,No
4288-TELCO,Male,1,No,No,68,Yes,No,Fiber optic,No internet service,No,No internet service,Yes,Yes,Yes,Month-to-month,Yes,Mailed check,63.99,4349.08,No
4289-TELCO,Male,0,Yes,No,42,Yes,No,Fiber optic,No,No,No internet service,No internet service,Yes,No,Two year,Yes,Credit card (automatic),75.4,3158.05,No
4290-TELCO,Female,0,No,No,46,Yes,No,Fiber optic,No internet service,No,No internet service,Yes,No internet service,No,Month-to-month,Yes,Electronic check,56.93,2616.75,No
4291-TELCO,Male,0,Yes,No,25,Yes,Yes,Fiber optic,No,Yes,Yes,No,Yes,Yes,Month-to-month,No,Electronic check,59.91,1491.65,No
4292-TELCO,Female,0,Yes,Yes,67,Yes,No,Fiber optic,Yes,No internet service,Yes,No,No internet service,No internet service,Month-to-month,Yes,Credit card (automatic),55.89,3746.81,No
4293-TELCO,Female,0,No,Yes,35,Yes,No,No,No,No internet service,No,No internet service,No,Yes,Month-to-month,Yes,Electronic check,66.09,2304.01,Yes
4294-TELCO,Male,0,No,No,22,Yes,No,Fiber optic,No,No,No internet service,No,Yes,No internet service,Two year,Yes,Electronic check,104.62,2294.22,Yes
4295-TELCO,Male,0,Yes,No,9,Yes,No,Fiber optic,No,No,Yes,No,No,Yes,One year,No,Bank transfer (automatic),103.17,929.28,No
4296-TELCO,Female,0,No,No,24,No,Yes,DSL,Yes,No,No internet service,No,No internet service,No,One year,Yes,Credit card (automatic),52.15,1249.79,No
4297-TELCO,Female,1,Yes,Yes,23,Yes,Yes,No,Yes,No internet service,No,No,No,No internet service,Two year,No,Mailed check,29.71,681.51,No
4298-TELCO,Female,0,Yes,No,61,Yes,No,Fiber optic,No,Yes,No internet service,Yes,Yes,Yes,Month-to-month,No,Mailed check,63.44,3870.67,No
4299-TELCO,Male,0,Yes,No,37,Yes,No,Fiber optic,No,No,Yes,No,Yes,No,Month-to-month,No,Credit card (automatic),18.79,689.86,No
4300-TELCO,Female,0,No,No,45,Yes,Yes,Fiber optic,No internet service,No internet service,No,Yes,Yes,No,Month-to-month,No,Bank transfer (automatic),93.43,4197.23,No
4301-TELCO,Female,0,No,No,15,Yes,No phone service,DSL,No,No,No,No,Yes,No,Month-to-month,Yes,Credit card (automatic),18.52,269.53,Yes
4302-TELCO,Female,0,No,No,57,Yes,No,Fiber optic,Yes,No,No,No,Yes,Yes,Month-to-month,Yes,Bank transfer (automatic),38.99,2230.02,No
4303-TELCO,Female,1,No,No,14,Yes,Yes,DSL,No,No,No,No,No,Yes,Two year,No,Mailed check,33.36,472.53,No
4304-TELCO,Female,0,Yes,No,52,Yes,Yes,Fiber optic,No,No internet service,No internet service,No,No,No,Month-to-month,Yes,Mailed check,106.02,5510.47,No
4305-TELCO,Male,0,Yes,Yes,36,Yes,No phone service,DSL,No,No,No internet service,No internet service,No,No,Month-to-month,No,Credit card (automatic),118.7,4268.71,No
4306-TELCO,Female,0,No,Yes,27,Yes,No,DSL,Yes,No,Yes,No,Yes,Yes,Two year,No,Credit card (automatic),32.95,890.03,No
4307-TELCO,Female,0,Yes,Yes,17,Yes,Yes,DSL,Yes,No,No,Yes,No internet service,Yes,Month-to-month,Yes,Credit card (automatic),75.4,1273.5,Yes
4308-TELCO,Female,1,No,No,41,Yes,No,Fiber optic,Yes,Yes,No,No,No,Yes,Month-to-month,Yes,Electronic check,101.27,4160.42,No
4309-TELCO,Female,0,No,Yes,4,Yes,Yes,Fiber optic,No,No,No internet service,No,No internet service,No,Month-to-month,Yes,Mailed check,53.66,216.17,Yes
4310-TELCO,Male,0,No,Yes,3,Yes,No phone service,DSL,No,No internet service,No,Yes,No,No internet service,Two year,No,Electronic check,43.87,140.23,No
4311-TELCO,Male,0,Yes,Yes,19,Yes,No,Fiber optic,Yes,No internet service,No,No,Yes,Yes,Month-to-month,Yes,Mailed check,47.52,911.79,No
4312-TELCO,Male,0,No,Yes,41,Yes,No,Fiber optic,No,Yes,Yes,No,No internet service,Yes,Month-to-month,No,Electronic check,50.7,2079.61,No
4313-TELCO,Female,0,No,No,40,Yes,Yes,Fiber optic,No internet service,No internet service,No,No,No,No internet service,Month-to-month,Yes,Electronic check,44.02,1760.75,No
4314-TELCO,Female,0,Yes,Yes,58,Yes,Yes,DSL,No,No,Yes,No,Yes,No internet service,Month-to-month,Yes,Electronic check,24.97,1444.32,Yes
4315-TELCO,Male,0,No,No,39,Yes,Yes,DSL,No,Yes,No,Yes,No,No internet service,Month-to-month,No,Credit card (automatic),110.63,4320.94,Yes
4316-TELCO,Male,0,Yes,No,7,Yes,No,No,Yes,No internet service,No internet service,No,Yes,No,Month-to-month,No,Electronic check,108.7,769.84,Yes
4317-TELCO,Male,0,Yes,Yes,36,No,Yes,No,Yes,Yes,Yes,Yes,Yes,No internet service,Two year,Yes,Credit card (automatic),103.91,3734.29,No
4318-TELCO,Female,1,Yes,No,20,Yes,Yes,Fiber optic,No,No internet service,No,Yes,No internet service,No,One year,No,Bank transfer (automatic),95.33,1912.28,No
4319-TELCO,Female,1,Yes,No,29,No,No,Fiber optic,No,Yes,No internet service,No internet service,No internet service,Yes,Two year,No,Electronic check,93.45,2703.71,No
4320-TELCO,Male,0,No,No,68,Yes,Yes,Fiber optic,No,No,Yes,No,Yes,Yes,Month-to-month,No,Credit card (automatic),89.2,6059.17,No
4321-TELCO,Male,0,Yes,Yes,66,Yes,Yes,DSL,No internet service,Yes,Yes,No,No,Yes,Two year,Yes,Electronic check,103.9,6852.65,No
4322-TELCO,Male,0,Yes,No,47,Yes,Yes,No,No,Yes,No,No internet service,No,Yes,Month-to-month,No,Electronic check,23.73,1119.15,No
4323-TELCO,Female,0,Yes,No,23,Yes,Yes,DSL,No,Yes,No internet service,No,No,Yes,Two year,Yes,Electronic check,95.61,2190.43,No
4324-TELCO,Female,0,Yes,Yes,6,Yes,Yes,Fiber optic,No internet service,No,No,Yes,No,No,One year,Yes,Credit card (automatic),105.52,629.52,No
4325-TELCO,Female,0,Yes,Yes,18,Yes,Yes,Fiber optic,Yes,No,No,No internet service,No,No,Month-to-month,Yes,Mailed check,83.45,1502.6,Yes
4326-TELCO,Male,1,Yes,No,53,Yes,No,Fiber optic,No internet service,Yes,Yes,No,No,No,Two year,Yes,Credit card (automatic),103.54,5493.55,No
4327-TELCO,Male,1,No,No,22,Yes,Yes,Fiber optic,No,Yes,No internet service,No,Yes,Yes,Month-to-month,Yes,Electronic check,48.15,1055.97,Yes
4328-TELCO,Female,0,No,No,68,Yes,No,Fiber optic,Yes,No,No,No internet service,No,Yes,One year,Yes,Credit card (automatic),54.58,3711.4,No
4329-TELCO,Male,0,No,No,35,Yes,Yes,DSL,Yes,No internet service,Yes,No,No,No,Month-to-month,No,Credit card (automatic),79.57,2787.53,Yes
4330-TELCO,Female,0,No,Yes,9,Yes,Yes,DSL,No internet service,No internet service,No,No,Yes,No,One year,Yes,Mailed check,32.48,287.45,No
4331-TELCO,Male,0,Yes,No,31,Yes,Yes,No,No,No,No,No,Yes,No internet service,Month-to-month,No,Electronic check,37.47,1170.17,No
4332-TELCO,Male,0,No,No,43,Yes,Yes,Fiber optic,Yes,No,No,Yes,No,No internet service,Month-to-month,Yes,Electronic check,118.14,5077.26,Yes
4333-TELCO,Male,0,No,No,17,Yes,No,No,Yes,No internet service,No,No internet service,Yes,Yes,Month-to-month,Yes,Electronic check,97.39,1660.58,Yes
4334-TELCO,Male,1,Yes,No,51,Yes,No,Fiber optic,No,No internet service,No internet service,No internet service,No internet service,No,Two year,No,Bank transfer (automatic),29.59,1512.43,No
4335-TELCO,Female,0,No,No,66,Yes,No phone service,Fiber optic,Yes,Yes,Yes,No,Yes,Yes,Two year,No,Mailed check,29.98,1981.51,No
4336-TELCO,Male,0,Yes,No,24,Yes,No,Fiber optic,Yes,No,No,Yes,No,Yes,One year,No,Electronic check,57.7,1382.97,No
4337-TELCO,Female,0,Yes,No,15,No,Yes,DSL,No,No internet service,No,No,No internet service,No,Two year,Yes,Mailed check,118.53,1785.26,No
4338-TELCO,Female,0,No,No,28,Yes,No,Fiber optic,No internet service,No internet service,Yes,No,No internet service,No internet service,Month-to-month,No,Bank transfer (automatic),116.24,3260.4,Yes
4339-TELCO,Female,0,Yes,No,3,Yes,No,No,No internet service,No,No internet service,No,No,No,Month-to-month,No,Electronic check,65.75,198.53,No
4340-TELCO,Male,1,Yes,No,29,Yes,No,No,Yes,No,Yes,Yes,Yes,Yes,One year,No,Mailed check,62.66,1813.4,No
4341-TELCO,Female,0,Yes,No,52,Yes,No,Fiber optic,No internet service,No,Yes,Yes,No,Yes,One year,No,Bank transfer (automatic),77.47,4029.62,No
4342-TELCO,Female,0,Yes,No,54,Yes,Yes,Fiber optic,No,No internet service,Yes,No,Yes,No internet service,Month-to-month,Yes,Bank transfer (automatic),84.77,4569.32,No
4343-TELCO,Female,0,Yes,No,58,Yes,Yes,No,No,Yes,Yes,No,Yes,No internet service,Two year,Yes,Mailed check,44.86,2602.72,No
4344-TELCO,Male,0,No,Yes,45,Yes,No phone service,Fiber optic,Yes,No,Yes,No internet service,No internet service,No internet service,Month-to-month,No,Mailed check,35.41,1597.44,No
4345-TELCO,Male,0,No,No,50,Yes,Yes,No,No internet service,No,No,Yes,Yes,No,Two year,No,Mailed check,100.34,5025.42,Yes
4346-TELCO,Female,0,No,No,22,Yes,No,Fiber optic,No internet service,No internet service,No,Yes,No,No,Month-to-month,No,Credit card (automatic),53.84,1188.84,Yes
4347-TELCO,Male,0,Yes,No,52,Yes,Yes,No,No internet service,No,Yes,Yes,No internet service,No internet service,Month-to-month,Yes,Electronic check,22.18,1148.05,No
4348-TELCO,Female,0,No,No,53,Yes,No,DSL,Yes,No,No internet service,No internet service,Yes,No internet service,One year,Yes,Mailed check,104.45,5526.88,No
4349-TELCO,Female,0,No,Yes,31,Yes,Yes,Fiber optic,No internet service,Yes,Yes,No,No internet service,No internet service,Month-to-month,No,Credit card (automatic),92.07,2849.88,Yes
4350-TELCO,Male,0,Yes,No,71,Yes,No phone service,DSL,No,No internet service,No,No internet service,Yes,No,Two year,Yes,Credit card (automatic),90.73,6439.77,No
4351-TELCO,Female,0,No,Yes,48,Yes,Yes,Fiber optic,Yes,No internet service,Yes,No internet service,No,Yes,One year,No,Electronic check,83.74,4009.8,No
4352-TELCO,Male,0,No,Yes,31,Yes,No,Fiber optic,Yes,No internet service,No,Yes,Yes,Yes,One year,No,Mailed check,59.86,1864.58,No
4353-TELCO,Male,0,No,No,4,Yes,No phone service,DSL,No,Yes,Yes,Yes,No,Yes,One year,Yes,Electronic check,107.5,431.71,No
4354-TELCO,Female,0,Yes,No,35,Yes,No phone service,Fiber optic,No internet service,No,Yes,No,No,Yes,Month-to-month,No,Bank transfer (automatic),54.97,1932.85,No
4355-TELCO,Male,0,Yes,No,67,Yes,No,DSL,No internet service,Yes,No,Yes,No internet service,Yes,Two year,Yes,Electronic check,45.17,3023.34,No
4356-TELCO,Male,0,No,No,64,Yes,Yes,DSL,No,No,No,No,No,No internet service,Month-to-month,No,Mailed check,72.49,4643.71,No
4357-TELCO,Female,0,No,Yes,9,Yes,No phone service,DSL,No,Yes,Yes,No,No,No,Month-to-month,No,Credit card (automatic),64.84,586.4,Yes
4358-TELCO,Female,0,No,No,46,Yes,Yes,Fiber optic,No,No,No,No,Yes,Yes,Two year,Yes,Electronic check,21.64,990.33,No
4359-TELCO,Male,0,No,No,56,Yes,Yes,DSL,No,Yes,Yes,Yes,No,Yes,Month-to-month,No,Electronic check,47.09,2632.51,No
4360-TELCO,Male,0,No,Yes,56,Yes,No,DSL,Yes,No,Yes,No,No,No internet service,Month-to-month,Yes,Credit card (automatic),56.58,3166.56,No
4361-TELCO,Female,0,Yes,No,26,Yes,No phone service,DSL,No,Yes,Yes,No,No,Yes,Two year,Yes,Bank transfer (automatic),97.83,2537.47,No
4362-TELCO,Male,0,No,No,60,Yes,Yes,DSL,No,No,No,Yes,No internet service,No,Two year,No,Bank transfer (automatic),58.2,3488.59,No
4363-TELCO,Male,0,Yes,No,72,Yes,No,DSL,No,No,No internet service,No,No internet service,Yes,Month-to-month,Yes,Credit card (automatic),112.69,8115.1,No
4364-TELCO,Male,0,No,No,48,No,No,Fiber optic,Yes,No,No,Yes,Yes,Yes,One year,Yes,Credit card (automatic),92.69,4444.0,No
4365-TELCO,Male,0,No,No,58,Yes,Yes,Fiber optic,No,Yes,No,Yes,No internet service,No,One year,Yes,Electronic check,100.57,5828.8,No
4366-TELCO,Male,1,Yes,No,63,Yes,No,No,Yes,Yes,Yes,No internet service,No internet service,No,Month-to-month,Yes,Electronic check,107.75,6796.17,No
4367-TELCO,Male,0,No,No,58,No,No,DSL,No internet service,No,No,No,Yes,No,Two year,No,Electronic check,37.92,2198.8,No
4368-TELCO,Male,0,Yes,Yes,3,Yes,No phone service,No,No,No internet service,Yes,Yes,Yes,Yes,One year,Yes,Mailed check,98.9,300.87,No
4369-TELCO,Female,0,Yes,No,7,Yes,Yes,Fiber optic,No internet service,No,No,No,No internet service,Yes,Month-to-month,No,Bank transfer (automatic),37.67,259.08,Yes
4370-TELCO,Female,0,Yes,Yes,52,Yes,No,Fiber optic,Yes,No internet service,No internet service,Yes,No internet service,No,Two year,Yes,Electronic check,73.47,3822.36,No
4371-TELCO,Female,0,Yes,No,62,Yes,Yes,Fiber optic,No,No internet service,No,Yes,No internet service,Yes,Month-to-month,Yes,Credit card (automatic),49.01,3042.29,No
4372-TELCO,Female,0,Yes,No,2,Yes,No,DSL,No internet service,No,No,No,Yes,No internet service,One year,Yes,Bank transfer (automatic),68.27,132.61,No
4373-TELCO,Female,1,Yes,No,33,Yes,No,Fiber optic,No,No,No,No,No internet service,Yes,Two year,Yes,Mailed check,39.45,1300.6,No
4374-TELCO,Male,1,No,Yes,12,Yes,Yes,No,Yes,No,No,Yes,No,No,Two year,No,Mailed check,114.87,1385.3,No
4375-TELCO,Male,0,No,No,48,Yes,No,No,No,No internet service,Yes,Yes,No,Yes,Two year,Yes,Bank transfer (automatic),85.18,4092.72,No
4376-TELCO,Male,0,No,Yes,53,Yes,No,No,No,No,No,No,No internet service,No,Two year,Yes,Electronic check,43.45,2310.73,No
4377-TELCO,Male,0,Yes,No,41,Yes,No phone service,No,Yes,No,No,Yes,No internet service,Yes,One year,No,Bank transfer (automatic),42.03,1716.93,No
4378-TELCO,Female,0,No,No,58,Yes,Yes,Fiber optic,No internet service,Yes,No,No internet service,No,Yes,One year,Yes,Mailed check,34.11,1981.84,No
4379-TELCO,Male,0,No,No,68,Yes,No phone service,Fiber optic,No,No,No,Yes,No,No,Month-to-month,Yes,Credit card (automatic),96.35,6542.11,No
4380-TELCO,Male,0,Yes,Yes,23,Yes,Yes,No,No,No,Yes,Yes,No,No internet service,Month-to-month,No,Electronic check,66.45,1523.17,Yes
4381-TELCO,Female,0,No,No,36,Yes,No,Fiber optic,Yes,Yes,No internet service,No internet service,Yes,No internet service,Month-to-month,Yes,Electronic check,108.13,3883.85,No
4382-TELCO,Male,0,Yes,No,21,Yes,No phone service,DSL,Yes,Yes,No,No,No,No,Two year,No,Mailed check,18.37,390.91,No
4383-TELCO,Male,0,No,No,72,Yes,No phone service,Fiber optic,No,No,No internet service,Yes,No internet service,Yes,One year,No,Bank transfer (automatic),68.17,4908.35,No
4384-TELCO,Female,1,Yes,No,55,Yes,Yes,Fiber optic,No,Yes,No internet service,No,Yes,No internet service,Month-to-month,Yes,Electronic check,67.2,3696.08,No
4385-TELCO,Male,0,Yes,Yes,56,Yes,Yes,Fiber optic,No,No,No internet service,No,No internet service,No internet service,Month-to-month,Yes,Credit card (automatic),117.0,6550.13,No
4386-TELCO,Male,0,No,No,13,Yes,Yes,No,Yes,No,Yes,No,Yes,Yes,Month-to-month,Yes,Electronic check,91.12,1175.7,Yes
4387-TELCO,Male,0,Yes,No,22,Yes,No,Fiber optic,No internet service,Yes,No internet service,Yes,Yes,Yes,Two year,Yes,Electronic check,72.44,1598.92,No
4388-TELCO,Male,0,Yes,No,7,Yes,No,No,No,Yes,No,No internet service,Yes,No,Month-to-month,No,Mailed check,76.66,540.96,Yes
4389-TELCO,Male,0,No,No,24,Yes,Yes,No,Yes,No internet service,Yes,No,No,No,Month-to-month,Yes,Credit card (automatic),88.51,2128.56,Yes
4390-TELCO,Female,0,No,Yes,61,Yes,Yes,DSL,No,Yes,Yes,No,No,Yes,Month-to-month,Yes,Electronic check,110.59,6755.87,No
4391-TELCO,Female,0,No,No,5,Yes,Yes,DSL,Yes,Yes,Yes,No,Yes,Yes,Month-to-month,Yes,Mailed check,24.66,130.07,Yes
4392-TELCO,Female,0,Yes,Yes,50,Yes,No,Fiber optic,No,Yes,Yes,Yes,No,No,Two year,No,Mailed check,24.7,1230.34,No
4393-TELCO,Female,0,Yes,No,62,Yes,Yes,No,No,Yes,Yes,No internet service,No,No,Month-to-month,No,Bank transfer (automatic),38.91,2405.33,Yes
4394-TELCO,Female,0,No,No,55,Yes,No phone service,DSL,No internet service,No,No internet service,Yes,No internet service,No internet service,Month-to-month,No,Electronic check,62.65,3444.74,No
4395-TELCO,Female,0,Yes,No,26,Yes,No phone service,Fiber optic,No,No,No internet service,Yes,Yes,Yes,Month-to-month,Yes,Bank transfer (automatic),53.36,1394.02,Yes
4396-TELCO,Male,1,Yes,No,10,Yes,Yes,Fiber optic,Yes,No,No,No,No,No,One year,No,Credit card (automatic),23.48,227.97,No
4397-TELCO,Female,0,No,Yes,11,Yes,Yes,Fiber optic,Yes,No,Yes,No internet service,Yes,No internet service,Month-to-month,No,Electronic check,78.39,867.81,No
4398-TELCO,Female,0,Yes,Yes,40,Yes,No,DSL,Yes,No,Yes,No,Yes,No,Month-to-month,No,Credit card (automatic),102.99,4128.39,No
4399-TELCO,Male,0,Yes,Yes,11,Yes,Yes,DSL,No internet service,No,No,No internet service,Yes,No internet service,Two year,Yes,Electronic check,23.87,255.34,Yes
4400-TELCO,Male,1,Yes,Yes,4,No,No,DSL,No,No internet service,No,No,Yes,Yes,Month-to-month,Yes,Electronic check,70.82,286.94,Yes
4401-TELCO,Female,0,Yes,No,2,Yes,No phone service,Fiber optic,No internet service,No internet service,No internet service,No internet service,Yes,No internet service,Two year,Yes,Electronic check,116.9,228.1,Yes
4402-TELCO,Male,0,Yes,Yes,39,Yes,Yes,DSL,No,No,No internet service,No,Yes,No internet service,Month-to-month,No,Mailed check,23.3,918.61,No
4403-TELCO,Female,0,Yes,No,23,Yes,No,No,No internet service,Yes,No internet service,Yes,Yes,Yes,Month-to-month,No,Mailed check,47.84,1108.15,No
4404-TELCO,Male,0,Yes,No,45,Yes,No,Fiber optic,Yes,No,Yes,No internet service,No,No,One year,No,Electronic check,62.67,2817.58,No
4405-TELCO,Female,0,No,No,42,Yes,No,Fiber optic,No internet service,No,Yes,Yes,No,No,Month-to-month,No,Mailed check,35.68,1489.44,Yes
4406-TELCO,Male,1,No,No,42,Yes,No,No,Yes,Yes,Yes,No,No,No,Month-to-month,Yes,Electronic check,73.65,3084.2,No
4407-TELCO,Male,0,Yes,No,29,Yes,No phone service,Fiber optic,No internet service,Yes,Yes,No internet service,Yes,No internet service,One year,Yes,Electronic check,103.88,3012.37,No
4408-TELCO,Female,0,No,Yes,16,Yes,Yes,DSL,No,No internet service,No internet service,No internet service,Yes,No,Month-to-month,Yes,Credit card (automatic),55.04,889.79,No
4409-TELCO,Female,0,Yes,No,67,Yes,No,No,Yes,No,No internet service,No,No,Yes,Two year,Yes,Bank transfer (automatic),19.13,1288.64,No
4410-TELCO,Female,0,Yes,No,60,Yes,No,DSL,No,Yes,Yes,Yes,No internet service,No internet service,Month-to-month,No,Mailed check,79.93,4795.38,No
4411-TELCO,Female,1,Yes,No,4,Yes,Yes,DSL,No internet service,No,No internet service,No,No,Yes,One year,No,Mailed check,106.92,422.01,No
4412-TELCO,Female,0,No,Yes,16,Yes,Yes,Fiber optic,No,Yes,Yes,No,Yes,No,Month-to-month,Yes,Mailed check,97.99,1559.17,Yes
4413-TELCO,Male,0,No,No,41,Yes,Yes,DSL,No,Yes,No,No internet service,Yes,No,Month-to-month,Yes,Electronic check,83.65,3427.35,No
4414-TELCO,Female,0,No,Yes,6,Yes,No,Fiber optic,No,No,No,Yes,Yes,Yes,Two year,Yes,Bank transfer (automatic),96.19,583.47,Yes
4415-TELCO,Female,0,Yes,No,42,Yes,No,Fiber optic,Yes,No,Yes,No,No,No,One year,No,Electronic check,50.66,2127.42,No
4416-TELCO,Male,0,Yes,No,57,Yes,Yes,Fiber optic,No internet service,No internet service,No,No,No,No internet service,Two year,No,Bank transfer (automatic),67.07,3822.47,No
4417-TELCO,Male,0,No,No,28,Yes,No,DSL,Yes,No,Yes,No,No,No,Month-to-month,Yes,Electronic check,56.91,1593.0,Yes
4418-TELCO,Female,0,Yes,No,23,Yes,No phone service,Fiber optic,No internet service,Yes,No,Yes,No,No,Month-to-month,Yes,Electronic check,22.27,506.44,No
4419-TELCO,Male,0,No,No,42,Yes,Yes,DSL,No,Yes,No,Yes,No internet service,Yes,Month-to-month,No,Electronic check,42.91,1808.45,No
4420-TELCO,Male,0,No,No,12,Yes,No,DSL,No,No,Yes,No,Yes,No internet service,One year,Yes,Mailed check,68.18,823.22,No
4421-TELCO,Female,0,No,Yes,64,Yes,Yes,Fiber optic,No internet service,Yes,No internet service,No,Yes,No internet service,Month-to-month,No,Electronic check,83.12,5315.66,No
4422-TELCO,Male,0,No,No,58,Yes,Yes,Fiber optic,No,No internet service,No internet service,No,No internet service,No,Month-to-month,No,Bank transfer (automatic),20.19,1164.7,No
4423-TELCO,Male,0,No,No,51,Yes,Yes,Fiber optic,No,Yes,Yes,No internet service,No,No internet service,Month-to-month,Yes,Electronic check,111.4,5687.18,No
4424-TELCO,Female,0,No,Yes,29,Yes,Yes,DSL,No,Yes,No,Yes,No,Yes,One year,Yes,Credit card (automatic),78.28,2279.67,No
4425-TELCO,Female,1,No,No,19,Yes,No,No,Yes,No,No,No,No internet service,No,Month-to-month,Yes,Credit card (automatic),102.11,1932.87,Yes
4426-TELCO,Male,0,Yes,Yes,45,Yes,Yes,DSL,No,Yes,No,No,No internet service,Yes,Month-to-month,No,Electronic check,36.79,1648.74,No
4427-TELCO,Male,1,No,Yes,54,Yes,Yes,Fiber optic,Yes,No,No,No,No,Yes,Month-to-month,No,Mailed check,81.32,4393.09,No
4428-TELCO,Female,1,Yes,No,66,Yes,No phone service,DSL,No,No internet service,Yes,No,No internet service,No internet service,Month-to-month,Yes,Bank transfer (automatic),26.4,1742.05,No
4429-TELCO,Male,0,Yes,No,72,Yes,Yes,Fiber optic,Yes,No,No internet service,No,No,No,Month-to-month,Yes,Mailed check,63.75,4583.04,No
4430-TELCO,Male,0,Yes,Yes,13,Yes,Yes,Fiber optic,No internet service,No internet service,Yes,No,Yes,Yes,Two year,No,Electronic check,88.33,1150.29,No
4431-TELCO,Male,0,Yes,No,65,Yes,Yes,Fiber optic,No,No,Yes,No,No internet service,No,Month-to-month,No,Electronic check,84.7,5495.96,No
4432-TELCO,Female,0,No,No,12,No,Yes,DSL,No internet service,No,No,No internet service,No internet service,No,Month-to-month,Yes,Mailed check,41.72,500.5,Yes
4433-TELCO,Male,0,No,Yes,71,Yes,No,Fiber optic,Yes,Yes,No,No,No,No internet service,Month-to-month,Yes,Credit card (automatic),29.41,2080.43,No
4434-TELCO,Male,0,Yes,No,14,Yes,No,Fiber optic,No internet service,No,No internet service,No internet service,No,No,Month-to-month,Yes,Electronic check,53.98,753.32,Yes
4435-TELCO,Female,0,Yes,No,42,Yes,No,Fiber optic,No internet service,No,No,Yes,No internet service,Yes,Month-to-month,Yes,Electronic check,79.6,3352.86,No
4436-TELCO,Male,0,No,Yes,48,Yes,No,DSL,Yes,No,Yes,Yes,No,No,Month-to-month,No,Credit card (automatic),27.26,1305.84,No
4437-TELCO,Male,0,No,No,24,Yes,No,Fiber optic,No internet service,Yes,No internet service,No,No,Yes,Month-to-month,Yes,Electronic check,102.38,2454.1,No
4438-TELCO,Female,0,No,Yes,65,Yes,No,DSL,No,No,No,No,Yes,Yes,Month-to-month,No,Mailed check,68.89,4476.53,No
4439-TELCO,Female,0,Yes,No,17,Yes,Yes,DSL,Yes,No,No internet service,No,Yes,Yes,Month-to-month,No,Bank transfer (automatic),104.45,1776.7,Yes
4440-TELCO,Female,0,No,No,38,Yes,No,DSL,No,Yes,Yes,No,No,No,Two year,Yes,Mailed check,83.48,3162.44,Yes
4441-TELCO,Female,0,No,Yes,28,Yes,No,DSL,Yes,No,Yes,Yes,No,Yes,Month-to-month,Yes,Electronic check,116.15,3258.53,No
4442-TELCO,Male,0,Yes,No,33,Yes,No,Fiber optic,No internet service,No internet service,No,Yes,No internet service,No,Month-to-month,Yes,Credit card (automatic),67.65,2228.39,Yes
4443-TELCO,Male,1,Yes,No,24,Yes,Yes,Fiber optic,Yes,Yes,No,No,Yes,No internet service,Month-to-month,Yes,Mailed check,91.18,2195.26,No
4444-TELCO,Female,0,Yes,No,70,Yes,Yes,No,No,No,Yes,No internet service,No,No,Month-to-month,No,Mailed check,67.51,4718.51,No
4445-TELCO,Female,0,Yes,No,4,Yes,Yes,Fiber optic,No,No internet service,No,No,No internet service,Yes,Two year,Yes,Bank transfer (automatic),35.26,139.66,No
4446-TELCO,Male,0,No,Yes,33,No,No phone service,Fiber optic,No internet service,No,Yes,No,No internet service,No,Month-to-month,Yes,Electronic check,27.25,909.01,No
4447-TELCO,Female,0,Yes,No,10,Yes,No,Fiber optic,Yes,No internet service,Yes,Yes,No,No,Month-to-month,Yes,Credit card (automatic),41.96,413.46,Yes
4448-TELCO,Male,0,Yes,No,36,Yes,Yes,No,No,Yes,No,No,No internet service,No internet service,Month-to-month,Yes,Credit card (automatic),76.37,2749.56,Yes
4449-TELCO,Female,1,Yes,No,31,Yes,No,Fiber optic,Yes,Yes,No internet service,No,No internet service,Yes,Month-to-month,No,Mailed check,101.98,3157.81,No
4450-TELCO,Male,0,Yes,No,4,Yes,Yes,Fiber optic,No,Yes,Yes,Yes,No,No,Two year,Yes,Electronic check,32.49,132.91,Yes
4451-TELCO,Female,1,No,No,8,Yes,No phone service,No,No internet service,No internet service,No,Yes,No internet service,Yes,One year,No,Credit card (automatic),111.13,880.48,No
4452-TELCO,Female,0,Yes,No,27,Yes,No,DSL,Yes,Yes,Yes,No,No,No,One year,Yes,Credit card (automatic),66.35,1797.56,Yes
4453-TELCO,Male,0,No,No,36,No,No,Fiber optic,Yes,No internet service,Yes,Yes,No,No,Month-to-month,No,Electronic check,68.92,2483.87,Yes
4454-TELCO,Female,0,Yes,No,9,Yes,Yes,DSL,No,Yes,No,Yes,Yes,Yes,Two year,Yes,Credit card (automatic),21.39,199.88,No
4455-TELCO,Male,1,No,No,43,Yes,No,No,Yes,Yes,No,No,No internet service,No,Month-to-month,Yes,Mailed check,115.69,4979.88,No
4456-TELCO,Male,0,No,Yes,24,Yes,No,No,Yes,Yes,Yes,No,Yes,No internet service,Month-to-month,Yes,Credit card (automatic),24.35,577.14,Yes
4457-TELCO,Male,0,No,No,37,No,No,Fiber optic,Yes,No,No,No,Yes,Yes,One year,Yes,Mailed check,47.41,1761.54,No
4458-TELCO,Male,0,No,No,41,Yes,No,Fiber optic,No,Yes,No,No,Yes,No,Month-to-month,No,Mailed check,81.78,3350.81,No
4459-TELCO,Male,0,No,No,26,Yes,Yes,Fiber optic,Yes,No internet service,No internet service,No internet service,Yes,No,Month-to-month,Yes,Mailed check,82.73,2150.79,Yes
4460-TELCO,Female,0,Yes,No,4,Yes,No,Fiber optic,No,No internet service,No internet service,No internet service,No internet service,No internet service,One year,No,Credit card (automatic),61.25,236.21,No
4461-TELCO,Female,1,No,Yes,1,Yes,No,No,No,Yes,Yes,No,No internet service,Yes,Month-to-month,Yes,Bank transfer (automatic),105.58,100.12,Yes
4462-TELCO,Male,0,No,No,20,Yes,No,Fiber optic,No,No,No,Yes,No internet service,No internet service,Month-to-month,Yes,Electronic check,51.69,1029.62,No
4463-TELCO,Female,0,No,Yes,45,Yes,No,No,No internet service,No,No,Yes,Yes,Yes,One year,Yes,Bank transfer (automatic),33.81,1527.55,No
4464-TELCO,Male,0,Yes,No,69,Yes,No,Fiber optic,No,No internet service,No internet service,No,Yes,No internet service,Month-to-month,No,Electronic check,22.45,1548.55,No
4465-TELCO,Female,0,Yes,No,52,Yes,No,Fiber optic,No,Yes,Yes,No,Yes,Yes,Month-to-month,Yes,Mailed check,31.95,1658.68,No
4466-TELCO,Female,0,No,No,64,Yes,Yes,DSL,Yes,No,No,Yes,No,Yes,Month-to-month,Yes,Electronic check,114.24,7320.33,No
4467-TELCO,Female,0,Yes,No,21,Yes,Yes,DSL,No,Yes,No internet service,No,Yes,Yes,One year,Yes,Bank transfer (automatic),49.41,1032.35,No
4468-TELCO,Female,0,Yes,No,72,Yes,No,No,No internet service,No,Yes,No internet service,No internet service,Yes,Month-to-month,Yes,Mailed check,84.26,6066.36,No
4469-TELCO,Male,0,Yes,No,25,Yes,Yes,Fiber optic,No,Yes,Yes,No internet service,No internet service,Yes,Month-to-month,No,Bank transfer (automatic),115.6,2885.17,No
4470-TELCO,Male,1,No,No,67,Yes,Yes,Fiber optic,Yes,No,No,No internet service,Yes,No,One year,Yes,Mailed check,107.26,7181.1,No
4471-TELCO,Female,1,No,Yes,26,Yes,No,Fiber optic,No internet service,No internet service,No internet service,Yes,No,No internet service,Month-to-month,No,Credit card (automatic),68.94,1800.16,No
4472-TELCO,Female,0,No,No,27,Yes,No,DSL,No,No,No,No internet service,No,No,One year,Yes,Electronic check,26.74,723.24,No
4473-TELCO,Male,0,Yes,No,52,Yes,Yes,Fiber optic,Yes,No,No,No,Yes,No,Month-to-month,No,Electronic check,90.52,4697.04,No
4474-TELCO,Female,1,Yes,No,63,Yes,Yes,Fiber optic,No,No,Yes,No,No,No,Month-to-month,No,Electronic check,31.5,1977.45,No
4475-TELCO,Male,0,Yes,No,45,Yes,No,No,No,No,No,Yes,No internet service,Yes,Month-to-month,No,Bank transfer (automatic),33.12,1498.01,No
4476-TELCO,Male,0,No,No,58,Yes,No,Fiber optic,No,No,No,No internet service,No internet service,Yes,Month-to-month,Yes,Bank transfer (automatic),106.63,6175.78,Yes
4477-TELCO,Male,1,No,Yes,38,Yes,No,No,No,No,Yes,Yes,Yes,No internet service,Month-to-month,No,Electronic check,85.29,3248.89,No
4478-TELCO,Female,0,Yes,Yes,35,Yes,No,Fiber optic,Yes,No internet service,No,Yes,No,Yes,Month-to-month,Yes,Credit card (automatic),111.75,3905.36,Yes
4479-TELCO,Male,0,No,No,46,Yes,Yes,DSL,No,Yes,No,Yes,No,No,Month-to-month,No,Mailed check,114.55,5278.93,No
4480-TELCO,Female,0,No,Yes,71,Yes,Yes,No,No internet service,Yes,Yes,No,Yes,No internet service,Month-to-month,Yes,Electronic check,64.52,4583.39,No
4481-TELCO,Male,0,Yes,Yes,3,Yes,Yes,DSL,Yes,Yes,No,No,Yes,Yes,Two year,Yes,Electronic check,85.49,266.09,No
4482-TELCO,Female,0,Yes,No,6,Yes,No,Fiber optic,Yes,No,No,No internet service,No,No internet service,Month-to-month,Yes,Credit card (automatic),84.07,504.74,Yes
4483-TELCO,Female,0,No,No,13,Yes,No,DSL,No,Yes,No,No,No internet service,No,Month-to-month,No,Electronic check,29.58,390.21,Yes
4484-TELCO,Female,0,Yes,No,46,Yes,Yes,Fiber optic,No internet service,No internet service,No internet service,No,No,No internet service,Month-to-month,Yes,Electronic check,80.47,3697.1,No
4485-TELCO,Male,0,No,Yes,33,Yes,No,DSL,Yes,No,Yes,No,No internet service,No,Month-to-month,No,Credit card (automatic),29.37,962.33,Yes
4486-TELCO,Male,0,Yes,No,62,Yes,Yes,Fiber optic,No internet service,No internet service,Yes,Yes,No,No,Month-to-month,Yes,Mailed check,104.26,6456.22,No
4487-TELCO,Female,0,No,No,63,Yes,Yes,No,No internet service,No,No,No,No internet service,No,Two year,Yes,Credit card (automatic),111.54,7023.66,No
4488-TELCO,Female,0,No,No,56,Yes,Yes,Fiber optic,No,Yes,Yes,Yes,Yes,No internet service,One year,No,Electronic check,57.34,3208.76,No
4489-TELCO,Female,0,No,No,39,Yes,Yes,Fiber optic,Yes,Yes,No internet service,No,No internet service,Yes,Month-to-month,No,Bank transfer (automatic),87.97,3427.23,No
4490-TELCO,Male,0,No,No,60,Yes,Yes,Fiber optic,Yes,No,No,No internet service,No internet service,No internet service,One year,No,Electronic check,88.57,5323.42,No
4491-TELCO,Male,0,No,No,24,No,No,No,Yes,Yes,Yes,Yes,No internet service,No,Month-to-month,Yes,Electronic check,23.29,551.75,Yes
4492-TELCO,Male,0,No,No,50,Yes,Yes,DSL,Yes,No internet service,No,No,No,Yes,Two year,Yes,Credit card (automatic),34.65,1726.53,No
4493-TELCO,Male,0,Yes,No,33,Yes,No,DSL,No internet service,No internet service,Yes,Yes,No,Yes,Month-to-month,No,Credit card (automatic),107.27,3533.99,Yes
4494-TELCO,Female,0,Yes,No,7,Yes,Yes,DSL,Yes,No,Yes,No,Yes,Yes,Two year,No,Credit card (automatic),38.16,271.76,No
4495-TELCO,Female,0,No,Yes,46,Yes,No,Fiber optic,No,No internet service,No,No,Yes,No internet service,One year,Yes,Credit card (automatic),94.45,4348.04,No
4496-TELCO,Male,0,No,No,62,Yes,No,Fiber optic,No,No,No,No internet service,Yes,Yes,Two year,No,Bank transfer (automatic),77.73,4812.8,No
4497-TELCO,Male,0,Yes,No,1,No,Yes,Fiber optic,No internet service,No,No,No internet service,Yes,No,Month-to-month,Yes,Electronic check,89.99,80.51,Yes
4498-TELCO,Female,0,Yes,No,65,Yes,Yes,Fiber optic,Yes,No,No,No internet service,No,No,Two year,Yes,Mailed check,33.2,2148.79,No
4499-TELCO,Male,1,No,No,45,Yes,Yes,Fiber optic,No,Yes,No internet service,Yes,Yes,No,Month-to-month,Yes,Electronic check,99.1,4454.37,Yes
4500-TELCO,Male,0,Yes,No,55,Yes,No phone service,Fiber optic,No,No,Yes,No,No,No internet service,Two year,Yes,Electronic check,55.03,3031.77,No
4501-TELCO,Male,0,No,No,66,Yes,Yes,Fiber optic,No,No,No internet service,No internet service,Yes,No,Month-to-month,No,Credit card (automatic),117.57,7767.56,No
4502-TELCO,Male,0,No,Yes,67,Yes,Yes,DSL,No internet service,No,Yes,No,No,No,One year,No,Electronic check,61.78,4147.32,No
4503-TELCO,Male,0,No,No,54,Yes,No,DSL,Yes,No,Yes,No internet service,No,No internet service,Month-to-month,Yes,Mailed check,50.18,2708.37,No
4504-TELCO,Male,1,Yes,No,63,Yes,Yes,Fiber optic,No,Yes,No,No,Yes,No,Month-to-month,No,Credit card (automatic),32.63,2062.12,No
4505-TELCO,Female,0,Yes,No,54,Yes,Yes,No,No,No,No internet service,No,Yes,No internet service,Month-to-month,Yes,Electronic check,25.29,1370.03,No
4506-TELCO,Male,0,Yes,No,52,Yes,No,Fiber optic,No internet service,No internet service,Yes,Yes,No,No,Month-to-month,No,Bank transfer (automatic),106.85,5547.64,Yes
4507-TELCO,Male,0,Yes,No,54,Yes,No,DSL,Yes,No internet service,No,Yes,Yes,No,Month-to-month,Yes,Bank transfer (automatic),30.52,1656.51,No
4508-TELCO,Female,0,No,No,67,No,Yes,DSL,No,Yes,No,No,No internet service,Yes,One year,Yes,Mailed check,106.73,7151.76,No
4509-TELCO,Female,0,No,No,37,No,Yes,Fiber optic,Yes,No,No,No,No,Yes,Two year,No,Credit card (automatic),73.56,2720.98,No
4510-TELCO,Female,0,Yes,No,12,Yes,No,Fiber optic,No internet service,No,Yes,No,Yes,No internet service,One year,Yes,Mailed check,84.81,1019.45,Yes
4511-TELCO,Male,0,Yes,No,59,Yes,Yes,DSL,No internet service,Yes,No,Yes,No internet service,Yes,One year,No,Electronic check,99.34,5854.6,No
4512-TELCO,Female,0,Yes,No,20,Yes,Yes,DSL,No,No,Yes,No internet service,Yes,Yes,One year,Yes,Bank transfer (automatic),72.7,1447.19,No
4513-TELCO,Male,0,No,No,32,Yes,No,DSL,Yes,Yes,Yes,No internet service,No,Yes,Month-to-month,Yes,Mailed check,67.75,2166.72,No
4514-TELCO,Male,0,Yes,Yes,71,No,No phone service,Fiber optic,Yes,No internet service,No,No,No,No,Two year,Yes,Electronic check,96.92,6882.8,No
4515-TELCO,Male,0,No,No,44,Yes,Yes,DSL,No,No,No,Yes,Yes,Yes,Month-to-month,No,Credit card (automatic),60.05,2633.34,No
4516-TELCO,Female,0,No,No,66,Yes,Yes,Fiber optic,No internet service,No,No internet service,Yes,No,No,Month-to-month,No,Electronic check,26.15,1717.6,No
4517-TELCO,Female,0,No,No,55,Yes,No,No,No internet service,Yes,Yes,No,No,No,Month-to-month,Yes,Bank transfer (automatic),81.62,4497.9,No
4518-TELCO,Female,0,No,No,16,Yes,Yes,DSL,No internet service,No internet service,No,No internet service,No internet service,Yes,One year,No,Bank transfer (automatic),21.79,345.78,No
4519-TELCO,Female,0,Yes,No,71,Yes,Yes,DSL,No,No internet service,Yes,No,No,Yes,Month-to-month,No,Mailed check,78.49,5564.97,Yes
4520-TELCO,Female,1,No,Yes,68,Yes,Yes,DSL,No internet service,No internet service,No,No internet service,No,Yes,Two year,Yes,Electronic check,69.58,4724.41,No
4521-TELCO,Male,0,Yes,No,52,Yes,No phone service,Fiber optic,No internet service,No,No,No,No internet service,Yes,Month-to-month,Yes,Mailed check,48.91,2541.24,No
4522-TELCO,Male,1,No,No,37,Yes,No phone service,Fiber optic,No,No,No,No,Yes,No,One year,Yes,Mailed check,52.95,1966.1,No
4523-TELCO,Male,0,Yes,No,46,Yes,Yes,Fiber optic,No,Yes,No,No,No internet service,Yes,Month-to-month,No,Electronic check,63.98,2940.0,Yes
4524-TELCO,Male,0,No,No,41,Yes,Yes,DSL,No,Yes,No,No,No internet service,No,Month-to-month,Yes,Electronic check,67.62,2777.12,No
4525-TELCO,Female,0,Yes,Yes,5,No,No,Fiber optic,No,Yes,No,No,No,No internet service,Month-to-month,Yes,Bank transfer (automatic),60.91,300.38,No
4526-TELCO,Female,0,No,Yes,66,Yes,Yes,No,No internet service,No,No,No,Yes,No internet service,Month-to-month,No,Electronic check,57.66,3804.47,Yes
4527-TELCO,Male,0,Yes,No,5,No,Yes,DSL,Yes,Yes,No internet service,No internet service,No,No internet service,Two year,No,Bank transfer (automatic),50.81,248.97,Yes
4528-TELCO,Female,0,No,No,63,No,No,DSL,No internet service,No,Yes,No internet service,No internet service,No internet service,Month-to-month,No,Electronic check,83.33,5254.46,No
4529-TELCO,Female,0,No,No,3,Yes,Yes,Fiber optic,No,No,Yes,No,No,No,Two year,No,Bank transfer (automatic),59.39,183.91,No
4530-TELCO,Male,0,Yes,No,8,Yes,No,DSL,No internet service,No internet service,No,No,No internet service,No,Month-to-month,No,Electronic check,50.17,400.56,No
4531-TELCO,Male,0,No,Yes,26,Yes,Yes,Fiber optic,Yes,No internet service,No,No,Yes,No,One year,Yes,Credit card (automatic),108.97,2837.55,No
4532-TELCO,Female,0,No,No,53,Yes,No,Fiber optic,No,No,No,No internet service,Yes,No internet service,Month-to-month,Yes,Credit card (automatic),36.52,1931.97,No
4533-TELCO,Female,0,Yes,No,29,Yes,Yes,DSL,Yes,No internet service,Yes,No internet service,Yes,No,Month-to-month,No,Bank transfer (automatic),32.85,951.84,No
4534-TELCO,Male,0,No,No,14,No,No,No,Yes,Yes,No internet service,No internet service,No,Yes,Month-to-month,No,Electronic check,96.3,1355.72,Yes
4535-TELCO,Male,0,No,No,5,Yes,No,Fiber optic,No,Yes,No,Yes,No,Yes,Month-to-month,No,Credit card (automatic),29.88,140.33,Yes
4536-TELCO,Male,0,No,No,27,Yes,No,DSL,No,No,No,No internet service,No internet service,Yes,Month-to-month,No,Bank transfer (automatic),45.52,1228.18,No
4537-TELCO,Female,0,Yes,No,68,No,Yes,Fiber optic,No internet service,No,No,No,Yes,No,Two year,Yes,Credit card (automatic),53.51,3629.79,No
4538-TELCO,Male,1,Yes,Yes,29,Yes,No,Fiber optic,Yes,No internet service,No,No,No,No,Month-to-month,Yes,Mailed check,47.03,1362.52,Yes
4539-TELCO,Male,0,No,No,3,Yes,No,DSL,Yes,No,No internet service,No internet service,No,Yes,Month-to-month,No,Mailed check,92.06,276.6,No
4540-TELCO,Female,1,Yes,No,30,Yes,Yes,DSL,Yes,No internet service,No,No,No internet service,No internet service,Month-to-month,Yes,Bank transfer (automatic),38.11,1148.41,No
4541-TELCO,Female,1,No,No,9,Yes,No,Fiber optic,No,No internet service,Yes,No,No internet service,No internet service,Two year,No,Mailed check,87.56,784.16,Yes
4542-TELCO,Female,0,Yes,No,1,Yes,No,Fiber optic,Yes,Yes,No internet service,Yes,No,No,Month-to-month,No,Electronic check,47.57,53.21,Yes
4543-TELCO,Female,0,Yes,No,23,Yes,Yes,Fiber optic,No internet service,No,No,Yes,No,Yes,Month-to-month,Yes,Credit card (automatic),104.35,2391.21,No
4544-TELCO,Female,0,No,No,67,Yes,Yes,DSL,No,No internet service,Yes,Yes,No,No,Two year,No,Electronic check,106.28,7115.33,No
4545-TELCO,Male,0,No,No,32,Yes,No,No,No internet service,No,No,No,Yes,No internet service,Month-to-month,No,Bank transfer (automatic),46.28,1483.06,No
4546-TELCO,Male,0,No,Yes,6,Yes,Yes,Fiber optic,No,No,Yes,No internet service,No,Yes,Two year,Yes,Credit card (automatic),78.21,459.41,No
4547-TELCO,Female,0,Yes,Yes,49,Yes,No,Fiber optic,No,Yes,No,No internet service,Yes,No,One year,No,Mailed check,99.79,4892.53,No
4548-TELCO,Female,0,Yes,Yes,15,Yes,No,Fiber optic,No internet service,No,No internet service,Yes,Yes,Yes,Month-to-month,Yes,Electronic check,25.6,388.38,Yes
4549-TELCO,Female,1,Yes,No,58,Yes,No,Fiber optic,No internet service,No,No,No,No,No internet service,Month-to-month,Yes,Electronic check,75.39,4379.46,No
4550-TELCO,Female,0,No,Yes,53,Yes,No,No,Yes,Yes,No,No internet service,No internet service,No internet service,One year,No,Bank transfer (automatic),116.38,6173.4,No
4551-TELCO,Female,0,No,No,30,Yes,No,DSL,No internet service,No internet service,No internet service,No,No internet service,Yes,Month-to-month,No,Mailed check,54.72,1650.28,No
4552-TELCO,Male,0,No,Yes,40,Yes,No,Fiber optic,No,No internet service,No internet service,No internet service,No internet service,Yes,One year,Yes,Bank transfer (automatic),91.44,3658.21,No
4553-TELCO,Male,1,Yes,No,59,Yes,Yes,Fiber optic,Yes,No internet service,No,No internet service,Yes,Yes,Month-to-month,No,Credit card (automatic),98.27,5802.79,No
4554-TELCO,Male,0,No,No,63,No,No,No,No,No internet service,No,No,No internet service,Yes,Two year,No,Mailed check,92.97,5863.34,No
4555-TELCO,Male,0,Yes,No,48,Yes,No,Fiber optic,No,Yes,No internet service,No internet service,No,No internet service,Month-to-month,Yes,Bank transfer (automatic),113.68,5459.33,No
4556-TELCO,Female,0,No,Yes,68,Yes,No,Fiber optic,No,No,Yes,No,No,Yes,Month-to-month,Yes,Electronic check,95.38,6494.45,No
4557-TELCO,Male,0,Yes,Yes,7,Yes,No,No,No internet service,Yes,Yes,No,Yes,Yes,Month-to-month,Yes,Electronic check,112.04,783.74,Yes
4558-TELCO,Female,0,No,No,47,Yes,No,No,Yes,No internet service,No,No,No,No,Two year,No,Mailed check,41.46,1943.12,No
4559-TELCO,Female,0,Yes,No,43,Yes,Yes,DSL,Yes,No internet service,Yes,No internet service,Yes,No,Month-to-month,No,Bank transfer (automatic),77.68,3335.54,No
4560-TELCO,Female,0,Yes,No,16,Yes,Yes,DSL,No internet service,Yes,Yes,No,No,No internet service,Two year,No,Credit card (automatic),56.27,897.5,No
4561-TELCO,Male,0,Yes,No,22,Yes,Yes,Fiber optic,No,No,No,No internet service,No,No,Month-to-month,No,Bank transfer (automatic),90.87,2003.87,Yes
4562-TELCO,Female,0,Yes,No,63,Yes,Yes,No,No,Yes,Yes,No internet service,No,Yes,Month-to-month,Yes,Credit card (automatic),33.47,2109.74,No
4563-TELCO,Male,1,Yes,Yes,46,Yes,No,Fiber optic,No internet service,No,No,No internet service,No internet service,No,Month-to-month,Yes,Credit card (automatic),36.27,1677.11,No
4564-TELCO,Male,0,Yes,No,45,Yes,Yes,DSL,No internet service,No,No,Yes,Yes,Yes,One year,No,Credit card (automatic),31.34,1418.27,No
4565-TELCO,Female,1,Yes,No,41,Yes,Yes,Fiber optic,Yes,No internet service,Yes,No internet service,No,Yes,Month-to-month,No,Credit card (automatic),45.29,1856.04,No
4566-TELCO,Female,0,No,Yes,25,Yes,No phone service,DSL,No,Yes,No,No internet service,No,No,Two year,Yes,Mailed check,37.0,922.92,No
4567-TELCO,Female,0,Yes,No,50,Yes,Yes,Fiber optic,No internet service,Yes,No,No internet service,No,No,Month-to-month,No,Electronic check,96.06,4812.41,No
4568-TELCO,Male,0,No,No,67,Yes,No phone service,Fiber optic,Yes,Yes,No internet service,No,No,Yes,Two year,No,Mailed check,77.24,5174.71,No
4569-TELCO,Female,0,Yes,No,52,Yes,No,Fiber optic,No,Yes,No,No internet service,Yes,No,Month-to-month,No,Electronic check,55.57,2899.46,No
4570-TELCO,Male,0,No,Yes,31,Yes,No,No,No,No,Yes,Yes,Yes,No internet service,Two year,No,Bank transfer (automatic),38.88,1200.01,No
4571-TELCO,Female,0,No,No,37,Yes,Yes,Fiber optic,No,Yes,Yes,No internet service,No,No,One year,Yes,Electronic check,98.96,3669.33,No
4572-TELCO,Female,0,Yes,No,22,No,Yes,DSL,Yes,No,No internet service,Yes,Yes,No,Month-to-month,Yes,Mailed check,106.71,2343.01,No
4573-TELCO,Male,0,No,Yes,27,Yes,Yes,Fiber optic,No,No,No,No internet service,No,Yes,One year,No,Electronic check,103.96,2809.78,Yes
4574-TELCO,Male,0,Yes,Yes,2,Yes,No,DSL,Yes,No,No internet service,No internet service,Yes,No,Two year,Yes,Electronic check,111.19,232.36,No
4575-TELCO,Male,0,No,No,22,Yes,Yes,Fiber optic,Yes,No internet service,No internet service,Yes,No,Yes,Month-to-month,Yes,Mailed check,99.43,2188.93,Yes
4576-TELCO,Male,0,No,No,53,Yes,No phone service,Fiber optic,Yes,No,Yes,No internet service,Yes,No,Month-to-month,Yes,Bank transfer (automatic),81.84,4344.08,No
4577-TELCO,Male,0,Yes,No,17,Yes,No,Fiber optic,Yes,Yes,No internet service,No internet service,Yes,No internet service,Month-to-month,Yes,Bank transfer (automatic),61.48,1040.14,No
4578-TELCO,Male,0,Yes,No,56,Yes,Yes,No,No internet service,Yes,Yes,No internet service,No,Yes,Two year,No,Mailed check,47.43,2657.37,No
4579-TELCO,Female,0,Yes,No,31,Yes,No,Fiber optic,No internet service,No internet service,No,Yes,No,No,Month-to-month,Yes,Electronic check,18.89,584.92,Yes
4580-TELCO,Female,0,Yes,No,43,Yes,No phone service,No,No,No,No,No,Yes,Yes,Two year,No,Electronic check,101.9,4379.18,No
4581-TELCO,Male,0,No,No,72,Yes,No,DSL,No,No,Yes,No,Yes,No internet service,Month-to-month,Yes,Mailed check,62.09,4461.71,No
4582-TELCO,Female,0,Yes,No,53,Yes,No,Fiber optic,Yes,No internet service,Yes,Yes,No,No internet service,Month-to-month,No,Credit card (automatic),105.91,5618.09,No
4583-TELCO,Male,0,Yes,No,5,Yes,No,DSL,Yes,Yes,No,No,No,Yes,One year,Yes,Bank transfer (automatic),50.6,262.53,No
4584-TELCO,Female,0,Yes,No,2,Yes,No,DSL,No,No,No,No,No,No internet service,Two year,Yes,Electronic check,52.23,106.92,Yes
4585-TELCO,Female,0,Yes,Yes,59,Yes,No,Fiber optic,No,No,Yes,No internet service,Yes,Yes,One year,Yes,Credit card (automatic),20.38,1193.95,No
4586-TELCO,Male,0,Yes,No,4,Yes,No,DSL,Yes,No internet service,No,No,Yes,Yes,Month-to-month,Yes,Bank transfer (automatic),67.04,271.47,Yes
4587-TELCO,Male,1,No,No,34,Yes,No phone service,DSL,No internet service,No internet service,No,Yes,Yes,Yes,Two year,No,Credit card (automatic),67.37,2300.55,No
4588-TELCO,Male,0,Yes,No,67,No,Yes,DSL,No internet service,No,No,Yes,Yes,No internet service,One year,Yes,Bank transfer (automatic),84.06,5637.04,No
4589-TELCO,Female,0,No,No,6,Yes,Yes,Fiber optic,No internet service,No internet service,No,Yes,Yes,No internet service,Month-to-month,Yes,Electronic check,93.59,560.01,No
4590-TELCO,Male,1,Yes,No,58,Yes,Yes,DSL,No,Yes,No internet service,No,No internet service,Yes,One year,No,Credit card (automatic),53.15,3092.27,No
4591-TELCO,Female,1,Yes,No,47,Yes,Yes,Fiber optic,No,Yes,No internet service,No,Yes,No internet service,Two year,Yes,Bank transfer (automatic),111.46,5246.84,No
4592-TELCO,Male,0,No,No,5,No,No,Fiber optic,No,Yes,No internet service,No internet service,Yes,Yes,Month-to-month,No,Bank transfer (automatic),64.11,326.09,No
4593-TELCO,Female,0,Yes,No,61,Yes,Yes,Fiber optic,No,Yes,Yes,No,No,No,Two year,No,Mailed check,75.91,4639.13,No
4594-TELCO,Female,1,Yes,Yes,56,Yes,Yes,DSL,No internet service,No,No,No,No internet service,No internet service,Month-to-month,Yes,Credit card (automatic),77.94,4370.1,No
4595-TELCO,Male,0,No,No,35,Yes,No phone service,Fiber optic,Yes,Yes,No,No,No internet service,Yes,One year,Yes,Bank transfer (automatic),106.34,3731.44,No
4596-TELCO,Female,1,No,No,13,Yes,No phone service,Fiber optic,No,No,No internet service,No,No,No,Month-to-month,No,Credit card (automatic),87.89,1147.74,Yes
4597-TELCO,Female,0,Yes,No,26,Yes,Yes,Fiber optic,No,No,No,No,Yes,No,One year,No,Mailed check,53.79,1391.51,No
4598-TELCO,Male,0,No,No,64,Yes,No,Fiber optic,No internet service,Yes,No,No,Yes,Yes,Month-to-month,Yes,Credit card (automatic),89.21,5701.43,Yes
4599-TELCO,Female,0,No,No,11,Yes,Yes,DSL,Yes,No,No,No,Yes,Yes,Month-to-month,No,Credit card (automatic),107.97,1182.59,No
4600-TELCO,Male,0,Yes,No,62,Yes,Yes,Fiber optic,No internet service,No,Yes,No,Yes,No,Month-to-month,Yes,Mailed check,100.87,6246.69,Yes
4601-TELCO,Male,0,Yes,Yes,47,Yes,No,DSL,Yes,No,No,Yes,No,Yes,Month-to-month,No,Credit card (automatic),23.01,1082.76,No
4602-TELCO,Male,1,Yes,No,70,Yes,No,Fiber optic,No internet service,No,Yes,Yes,No internet service,No internet service,Month-to-month,Yes,Bank transfer (automatic),24.89,1745.51,No
4603-TELCO,Male,0,Yes,Yes,58,Yes,Yes,DSL,No,Yes,Yes,No internet service,Yes,No,One year,Yes,Mailed check,86.5,5009.5,No
4604-TELCO,Female,0,No,No,10,Yes,No,No,Yes,No internet service,Yes,No,No,No internet service,One year,Yes,Electronic check,116.87,1158.84,Yes
4605-TELCO,Female,0,No,Yes,16,Yes,Yes,Fiber optic,No,Yes,Yes,No internet service,No internet service,No internet service,Month-to-month,Yes,Electronic check,78.49,1259.78,Yes
4606-TELCO,Female,0,No,No,12,No,No phone service,No,No internet service,No,Yes,Yes,No,Yes,Two year,Yes,Electronic check,62.02,735.24,No
4607-TELCO,Male,0,Yes,Yes,71,Yes,Yes,No,No,No internet service,No,Yes,No internet service,No,Month-to-month,Yes,Credit card (automatic),76.72,5451.55,No
4608-TELCO,Female,0,Yes,No,50,Yes,No,No,No,Yes,No internet service,No,No internet service,No internet service,Month-to-month,Yes,Mailed check,63.97,3189.91,Yes
4609-TELCO,Female,0,No,No,15,No,Yes,DSL,Yes,Yes,No,No,No,Yes,Month-to-month,No,Mailed check,39.71,604.92,Yes
4610-TELCO,Male,0,Yes,Yes,59,Yes,No phone service,Fiber optic,No internet service,No,Yes,No internet service,No,Yes,Month-to-month,No,Credit card (automatic),46.35,2729.64,No
4611-TELCO,Male,0,No,No,70,Yes,No,Fiber optic,Yes,No internet service,Yes,No internet service,No,No,Month-to-month,Yes,Bank transfer (automatic),48.3,3372.35,No
4612-TELCO,Female,0,No,No,62,Yes,Yes,Fiber optic,Yes,Yes,No,No,No,No,Two year,No,Credit card (automatic),78.48,4868.2,No
4613-TELCO,Male,1,No,No,72,Yes,No phone service,DSL,No,No internet service,No internet service,No internet service,Yes,No,Month-to-month,Yes,Mailed check,101.82,7335.49,No
4614-TELCO,Male,0,Yes,No,62,Yes,No,DSL,Yes,Yes,Yes,No internet service,No internet service,Yes,Month-to-month,Yes,Electronic check,23.41,1459.9,No
4615-TELCO,Male,0,Yes,No,50,No,No,Fiber optic,No,No internet service,No,No internet service,No,Yes,One year,Yes,Mailed check,70.78,3545.52,No
4616-TELCO,Male,0,No,No,54,Yes,No,No,No,Yes,No,No,No,No internet service,One year,Yes,Electronic check,71.55,3859.33,No
4617-TELCO,Female,0,No,No,54,Yes,No,Fiber optic,No,No,No internet service,Yes,No,Yes,One year,Yes,Bank transfer (automatic),114.83,6194.82,No
4618-TELCO,Male,0,No,No,28,Yes,Yes,DSL,Yes,No,No,No internet service,Yes,No internet service,Month-to-month,No,Mailed check,100.45,2808.71,Yes
4619-TELCO,Male,0,Yes,No,51,Yes,No,No,Yes,Yes,No internet service,No,No internet service,Yes,One year,Yes,Electronic check,57.58,2931.41,No
4620-TELCO,Male,0,No,No,33,Yes,No phone service,Fiber optic,No internet service,No,Yes,Yes,Yes,No,Two year,No,Electronic check,79.53,2628.89,No
4621-TELCO,Male,0,No,No,1,No,No,No,No internet service,No,Yes,Yes,No,Yes,Month-to-month,No,Electronic check,84.19,88.16,Yes
4622-TELCO,Male,0,Yes,Yes,69,No,Yes,No,No,No internet service,No,No,No,Yes,One year,Yes,Bank transfer (automatic),85.59,5906.91,No
4623-TELCO,Male,0,No,No,1,No,Yes,Fiber optic,No,No,No,Yes,No,Yes,Two year,No,Electronic check,109.52,100.92,Yes
4624-TELCO,Male,0,No,No,55,Yes,No,Fiber optic,Yes,No,No internet service,No,No,No internet service,Two year,No,Bank transfer (automatic),76.61,4222.62,No
4625-TELCO,Male,0,Yes,No,45,Yes,Yes,Fiber optic,No internet service,Yes,No,No,Yes,Yes,Month-to-month,No,Mailed check,40.3,1810.5,Yes
4626-TELCO,Female,0,Yes,Yes,40,Yes,Yes,Fiber optic,No internet service,No internet service,Yes,No internet service,No internet service,No,Two year,Yes,Bank transfer (automatic),82.88,3321.49,No
4627-TELCO,Male,0,No,Yes,61,Yes,No,DSL,No,No internet service,No,No,Yes,No internet service,One year,No,Electronic check,41.9,2561.84,No
4628-TELCO,Female,1,Yes,No,36,Yes,No,Fiber optic,No internet service,No,No,No internet service,Yes,Yes,One year,No,Credit card (automatic),29.96,1074.5,No
4629-TELCO,Male,1,No,No,24,Yes,No,DSL,No,No,No internet service,Yes,Yes,Yes,Month-to-month,Yes,Mailed check,79.41,1900.81,Yes
4630-TELCO,Male,0,Yes,No,14,No,No,Fiber optic,Yes,No,No internet service,No internet service,No,No internet service,One year,No,Mailed check,46.54,652.26,Yes
4631-TELCO,Male,0,Yes,No,1,Yes,Yes,Fiber optic,No,Yes,Yes,No,No,No,Month-to-month,No,Credit card (automatic),81.42,78.58,Yes
4632-TELCO,Male,0,No,Yes,47,Yes,Yes,DSL,No,Yes,No,No,No internet service,No,One year,No,Electronic check,100.71,4741.77,No
4633-TELCO,Female,1,No,No,21,Yes,Yes,No,No,No,Yes,No internet service,Yes,No,One year,Yes,Mailed check,32.93,699.78,No
4634-TELCO,Male,0,Yes,No,39,Yes,No,Fiber optic,No,No,Yes,Yes,No,No internet service,Month-to-month,Yes,Bank transfer (automatic),24.19,948.84,No
4635-TELCO,Male,0,No,No,3,Yes,Yes,Fiber optic,No internet service,No internet service,Yes,No,Yes,Yes,Month-to-month,Yes,Credit card (automatic),26.76,70.7,No
4636-TELCO,Female,0,Yes,No,16,Yes,No,DSL,No,Yes,No,No,No,Yes,Month-to-month,Yes,Electronic check,115.52,1855.24,No
4637-TELCO,Female,0,Yes,Yes,68,Yes,No,Fiber optic,No,No,No internet service,No,No internet service,Yes,One year,Yes,Mailed check,27.21,1853.4,No
4638-TELCO,Male,1,Yes,Yes,26,No,Yes,DSL,No,Yes,Yes,No internet service,No,Yes,One year,Yes,Electronic check,111.07,2888.3,No
4639-TELCO,Female,0,Yes,No,54,Yes,No,DSL,No,No,No internet service,No internet service,No internet service,Yes,One year,Yes,Credit card (automatic),116.26,6275.85,No
4640-TELCO,Female,0,No,No,13,Yes,No,DSL,No,Yes,Yes,No,No,Yes,Two year,Yes,Bank transfer (automatic),25.43,332.92,No
4641-TELCO,Female,0,No,No,61,Yes,Yes,DSL,No internet service,No,No,No internet service,No,No internet service,One year,No,Mailed check,72.2,4399.32,No
4642-TELCO,Male,0,No,Yes,20,Yes,Yes,Fiber optic,Yes,No,No,No internet service,No,No,Month-to-month,Yes,Electronic check,88.43,1770.12,Yes
4643-TELCO,Male,0,No,Yes,27,Yes,No,Fiber optic,No internet service,No,No,No,No,No internet service,Month-to-month,Yes,Electronic check,21.98,596.48,No
4644-TELCO,Male,0,Yes,No,2,Yes,Yes,Fiber optic,No,Yes,Yes,Yes,Yes,No internet service,Two year,No,Credit card (automatic),70.26,144.05,No
4645-TELCO,Female,1,No,No,10,Yes,Yes,Fiber optic,No internet service,Yes,No internet service,No,Yes,No,Two year,No,Bank transfer (automatic),60.52,603.62,No
4646-TELCO,Male,0,No,No,60,Yes,No,No,No internet service,Yes,No,Yes,No,Yes,Two year,Yes,Bank transfer (automatic),69.32,4150.6,Yes
4647-TELCO,Female,0,No,Yes,19,Yes,No,DSL,No,No,No internet service,No,No,No,Month-to-month,No,Electronic check,73.33,1391.63,No
4648-TELCO,Male,1,No,No,15,Yes,Yes,Fiber optic,Yes,Yes,No internet service,No,No internet service,Yes,One year,Yes,Bank transfer (automatic),90.19,1360.88,Yes
4649-TELCO,Male,0,No,No,47,Yes,No,No,No internet service,Yes,No internet service,Yes,No internet service,Yes,Two year,Yes,Electronic check,30.76,1446.46,No
4650-TELCO,Female,0,Yes,No,24,Yes,No,DSL,No internet service,No internet service,No,Yes,No internet service,No internet service,One year,No,Bank transfer (automatic),118.08,2824.7,No
4651-TELCO,Male,0,No,No,16,Yes,Yes,Fiber optic,Yes,No,No internet service,No,Yes,No internet service,Month-to-month,No,Credit card (automatic),46.16,736.04,Yes
4652-TELCO,Female,0,No,No,60,Yes,Yes,Fiber optic,Yes,No,No internet service,Yes,No,No internet service,Two year,Yes,Mailed check,116.72,7005.52,No
4653-TELCO,Female,0,No,No,49,Yes,No phone service,DSL,Yes,Yes,Yes,No,Yes,Yes,Month-to-month,No,Credit card (automatic),87.16,4266.44,No
4654-TELCO,Male,1,Yes,Yes,4,Yes,No,DSL,No,No,No internet service,No internet service,No,Yes,Two year,No,Mailed check,86.95,341.55,No
4655-TELCO,Female,0,No,No,66,No,Yes,No,No internet service,Yes,No,Yes,Yes,No,One year,No,Credit card (automatic),110.9,7320.96,No
4656-TELCO,Male,0,No,No,49,Yes,No,Fiber optic,Yes,No,No,No,No,No,Month-to-month,Yes,Mailed check,107.28,5258.87,No
4657-TELCO,Male,0,Yes,No,31,Yes,Yes,DSL,No internet service,No,Yes,No internet service,No,Yes,Month-to-month,Yes,Electronic check,41.08,1272.66,Yes
4658-TELCO,Female,0,No,No,66,Yes,Yes,Fiber optic,No internet service,No internet service,Yes,No,Yes,No,Month-to-month,No,Bank transfer (automatic),88.28,5818.33,No
4659-TELCO,Male,0,Yes,No,54,Yes,No,Fiber optic,No internet service,Yes,No,Yes,No,Yes,Month-to-month,No,Electronic check,68.99,3730.23,No
4660-TELCO,Female,0,Yes,No,2,Yes,Yes,Fiber optic,Yes,No,Yes,No,No,No internet service,Two year,Yes,Electronic check,67.74,140.6,Yes
4661-TELCO,Male,1,Yes,No,61,No,Yes,Fiber optic,No,No,Yes,No,Yes,Yes,One year,Yes,Bank transfer (automatic),19.74,1201.96,No
4662-TELCO,Male,0,No,Yes,15,Yes,No phone service,Fiber optic,No internet service,No,Yes,No,No internet service,Yes,Two year,No,Bank transfer (automatic),71.12,1056.98,No
4663-TELCO,Male,0,Yes,No,60,Yes,No,Fiber optic,Yes,Yes,No internet service,Yes,No,Yes,Month-to-month,Yes,Credit card (automatic),27.85,1673.75,No
4664-TELCO,Male,0,No,No,43,Yes,No,Fiber optic,Yes,No,No,Yes,Yes,No internet service,Month-to-month,No,Electronic check,45.27,1956.17,No
4665-TELCO,Male,0,Yes,Yes,40,Yes,No,DSL,No internet service,Yes,No,No,Yes,No internet service,Month-to-month,No,Mailed check,19.32,772.54,No
4666-TELCO,Female,0,Yes,No,30,No,No,DSL,No,No,No internet service,No,No internet service,No,Two year,No,Electronic check,58.54,1759.95,No
4667-TELCO,Female,0,Yes,Yes,63,Yes,No,DSL,No,No,Yes,Yes,No internet service,Yes,Month-to-month,No,Mailed check,111.24,7008.67,No
4668-TELCO,Female,0,Yes,No,24,Yes,No phone service,No,No internet service,No,Yes,No internet service,Yes,Yes,Two year,Yes,Credit card (automatic),98.85,2367.15,Yes
4669-TELCO,Female,0,No,Yes,44,No,No,No,No,No,Yes,Yes,No internet service,Yes,Month-to-month,Yes,Credit card (automatic),24.03,1054.13,No
4670-TELCO,Female,0,No,No,14,No,No phone service,Fiber optic,No,Yes,No internet service,No,No,Yes,Month-to-month,No,Mailed check,89.89,1267.67,Yes
4671-TELCO,Female,0,Yes,No,28,Yes,No phone service,Fiber optic,No,No,No,Yes,Yes,Yes,One year,Yes,Bank transfer (automatic),91.38,2560.54,Yes
4672-TELCO,Male,0,Yes,No,14,Yes,No,DSL,Yes,Yes,No,No internet service,No,No internet service,Month-to-month,Yes,Electronic check,96.49,1344.62,Yes
4673-TELCO,Male,0,No,Yes,56,Yes,No,Fiber optic,No,Yes,No,No internet service,No,No,Month-to-month,Yes,Bank transfer (automatic),84.32,4712.92,No
4674-TELCO,Female,0,Yes,Yes,34,Yes,Yes,DSL,No,No internet service,Yes,Yes,No,No internet service,Month-to-month,No,Credit card (automatic),24.93,838.69,No
4675-TELCO,Female,0,No,No,12,Yes,No,Fiber optic,Yes,No internet service,No,Yes,No,No,One year,Yes,Mailed check,83.84,1006.09,No
4676-TELCO,Male,0,No,No,56,No,Yes,No,No internet service,No,Yes,No,No,Yes,Month-to-month,Yes,Credit card (automatic),39.86,2224.26,No
4677-TELCO,Male,0,Yes,No,61,Yes,No phone service,DSL,Yes,No,No,No,No,Yes,Month-to-month,Yes,Credit card (automatic),77.88,4757.33,No
4678-TELCO,Male,0,Yes,Yes,61,Yes,Yes,Fiber optic,No,No internet service,Yes,Yes,No,No,Month-to-month,No,Bank transfer (automatic),86.44,5269.69,No
4679-TELCO,Female,0,No,No,40,Yes,No,Fiber optic,No,Yes,Yes,No internet service,Yes,No,Month-to-month,No,Bank transfer (automatic),28.92,1154.48,No
4680-TELCO,Female,0,Yes,Yes,20,Yes,Yes,DSL,No,No,No,No,No,Yes,Month-to-month,Yes,Mailed check,65.16,1300.08,Yes
4681-TELCO,Female,0,Yes,No,42,Yes,No phone service,Fiber optic,No,Yes,Yes,No,Yes,Yes,Month-to-month,No,Credit card (automatic),41.68,1751.26,No
4682-TELCO,Male,0,Yes,No,7,Yes,Yes,Fiber optic,No,No,No internet service,No,No internet service,No internet service,One year,Yes,Credit card (automatic),99.4,705.76,No
4683-TELCO,Male,0,No,No,68,Yes,No phone service,Fiber optic,No internet service,No,Yes,No,No,No internet service,Two year,Yes,Electronic check,111.84,7613.05,No
4684-TELCO,Female,1,No,No,31,Yes,No,DSL,No,No internet service,No,No,Yes,No internet service,Month-to-month,Yes,Electronic check,70.12,2168.36,Yes
4685-TELCO,Female,0,Yes,No,70,Yes,No,Fiber optic,No,No internet service,Yes,No,No,Yes,Month-to-month,Yes,Electronic check,74.02,5189.35,No
4686-TELCO,Male,0,No,No,47,Yes,Yes,No,No internet service,No,Yes,No,No,Yes,Month-to-month,No,Bank transfer (automatic),26.2,1233.05,No
4687-TELCO,Male,0,Yes,No,51,Yes,Yes,Fiber optic,Yes,No,No,No,Yes,Yes,Two year,No,Electronic check,57.37,2930.49,No
4688-TELCO,Male,1,No,No,58,Yes,No,Fiber optic,No internet service,Yes,No,Yes,Yes,Yes,Month-to-month,Yes,Electronic check,32.8,1902.81,Yes
4689-TELCO,Male,0,Yes,No,22,Yes,Yes,DSL,No,No,Yes,No,No internet service,Yes,One year,No,Credit card (automatic),89.05,1962.32,No
4690-TELCO,Female,0,No,No,24,Yes,Yes,DSL,No,No,No,No internet service,No,Yes,Month-to-month,No,Bank transfer (automatic),114.64,2749.2,Yes
4691-TELCO,Male,1,No,Yes,34,Yes,No,No,No,Yes,Yes,No internet service,Yes,No,One year,Yes,Electronic check,99.35,3373.54,No
4692-TELCO,Male,0,Yes,Yes,63,Yes,Yes,DSL,No internet service,No internet service,Yes,Yes,No,Yes,Month-to-month,Yes,Credit card (automatic),57.25,3606.82,No
4693-TELCO,Male,0,Yes,Yes,60,No,No phone service,No,Yes,No internet service,No,No,Yes,No,Two year,No,Mailed check,84.94,5095.91,No
4694-TELCO,Female,0,Yes,Yes,19,Yes,No,DSL,No,Yes,No,No internet service,Yes,No,Month-to-month,Yes,Mailed check,118.49,2249.22,Yes
4695-TELCO,Female,0,Yes,Yes,24,Yes,Yes,DSL,No,No,Yes,Yes,Yes,Yes,Month-to-month,No,Bank transfer (automatic),22.35,542.18,No
4696-TELCO,Male,0,Yes,No,64,Yes,No,DSL,No internet service,Yes,No,No internet service,No internet service,No,One year,Yes,Electronic check,46.2,2961.15,No
4697-TELCO,Male,0,No,Yes,20,Yes,Yes,Fiber optic,Yes,No,No,Yes,Yes,Yes,One year,Yes,Mailed check,26.2,519.74,No
4698-TELCO,Male,0,No,No,27,Yes,Yes,No,Yes,No,No,No internet service,No,No,Two year,No,Electronic check,82.37,2217.94,No
4699-TELCO,Female,0,Yes,No,58,Yes,Yes,No,No internet service,No internet service,Yes,No,Yes,No internet service,One year,Yes,Bank transfer (automatic),102.88,5957.14,No
4700-TELCO,Female,0,No,Yes,44,Yes,No,Fiber optic,No,Yes,No internet service,No,No,Yes,Month-to-month,Yes,Electronic check,54.79,2420.35,No
4701-TELCO,Female,0,No,Yes,65,Yes,No,DSL,Yes,No internet service,Yes,No internet service,No,Yes,One year,Yes,Credit card (automatic),57.85,3757.29,No
4702-TELCO,Male,0,No,Yes,46,Yes,No phone service,Fiber optic,Yes,No internet service,No,No internet service,No,Yes,Month-to-month,Yes,Mailed check,47.8,2201.05,No
4703-TELCO,Female,1,Yes,Yes,54,Yes,Yes,Fiber optic,No,No,No,No,No,Yes,Month-to-month,Yes,Credit card (automatic),74.87,4047.93,Yes
4704-TELCO,Male,0,Yes,No,39,Yes,No,Fiber optic,No,No,No,No,No,No internet service,Month-to-month,No,Electronic check,30.96,1201.56,No
4705-TELCO,Male,0,No,No,7,Yes,No,DSL,No internet service,No,No internet service,No,No internet service,No internet service,Two year,No,Bank transfer (automatic),37.17,263.54,No
4706-TELCO,Male,0,Yes,Yes,54,Yes,No,DSL,Yes,No,No,Yes,Yes,No internet service,One year,Yes,Credit card (automatic),26.41,1418.43,No
4707-TELCO,Female,0,No,No,43,Yes,No phone service,Fiber optic,No internet service,No internet service,No,No,No,No,Month-to-month,No,Mailed check,32.66,1396.32,No
4708-TELCO,Male,0,No,Yes,20,No,No,Fiber optic,No internet service,Yes,Yes,No internet service,No internet service,No,Two year,No,Electronic check,103.04,2056.86,No
4709-TELCO,Female,0,Yes,No,25,Yes,No phone service,Fiber optic,No,Yes,Yes,No,Yes,Yes,One year,Yes,Mailed check,36.35,905.16,No
4710-TELCO,Female,0,Yes,No,43,Yes,No,DSL,Yes,No internet service,No internet service,No internet service,No internet service,Yes,Month-to-month,No,Mailed check,66.82,2866.86,No
4711-TELCO,Male,0,No,No,27,Yes,Yes,No,No internet service,No,Yes,Yes,No,Yes,Month-to-month,Yes,Mailed check,88.52,2389.39,No
4712-TELCO,Male,0,No,No,25,Yes,Yes,DSL,Yes,No,Yes,Yes,Yes,Yes,Two year,Yes,Mailed check,37.21,932.6,No
4713-TELCO,Female,0,No,Yes,36,Yes,Yes,DSL,No,Yes,Yes,No,Yes,No internet service,One year,Yes,Electronic check,63.39,2290.57,No
4714-TELCO,Male,0,Yes,No,66,Yes,No,Fiber optic,No,No,Yes,No,Yes,Yes,Month-to-month,Yes,Mailed check,39.78,2629.52,No
4715-TELCO,Female,0,No,No,9,Yes,Yes,Fiber optic,No internet service,No,Yes,Yes,Yes,Yes,Month-to-month,No,Electronic check,110.19,992.16,Yes
4716-TELCO,Male,0,No,No,53,Yes,Yes,DSL,No,No,No internet service,No,No,Yes,Month-to-month,Yes,Bank transfer (automatic),21.95,1164.14,No
4717-TELCO,Female,0,No,Yes,21,Yes,Yes,No,No,No,No internet service,No internet service,Yes,No internet service,Month-to-month,Yes,Mailed check,77.24,1623.53,Yes
4718-TELCO,Female,0,Yes,No,50,Yes,No phone service,Fiber optic,No internet service,No internet service,No,No,Yes,No internet service,Month-to-month,Yes,Credit card (automatic),106.81,5336.26,Yes
4719-TELCO,Female,0,Yes,No,16,No,Yes,DSL,No internet service,No internet service,No internet service,Yes,No internet service,No internet service,Two year,Yes,Electronic check,97.25,1560.9,No
4720-TELCO,Female,0,Yes,No,66,Yes,No,Fiber optic,No,Yes,Yes,No,Yes,No internet service,Month-to-month,Yes,Bank transfer (automatic),41.7,2755.27,No
4721-TELCO,Male,1,No,Yes,26,Yes,No,Fiber optic,No,No,No internet service,No,No internet service,No internet service,Month-to-month,Yes,Mailed check,72.26,1878.53,No
4722-TELCO,Male,0,No,No,44,Yes,No,Fiber optic,No internet service,No,Yes,No,No,Yes,Month-to-month,Yes,Bank transfer (automatic),24.49,1071.84,No
4723-TELCO,Female,0,No,Yes,29,Yes,Yes,No,No internet service,Yes,Yes,No internet service,No,Yes,Month-to-month,Yes,Credit card (automatic),46.29,1349.41,No
4724-TELCO,Female,1,No,No,46,Yes,Yes,Fiber optic,No,No internet service,Yes,Yes,No,No,Month-to-month,Yes,Credit card (automatic),56.93,2612.74,No
4725-TELCO,Male,0,Yes,No,71,Yes,No,Fiber optic,No,No,No,No,Yes,No internet service,One year,Yes,Electronic check,25.78,1824.33,No
4726-TELCO,Male,0,Yes,No,49,No,Yes,No,Yes,No,Yes,No internet service,No,No internet service,Month-to-month,Yes,Credit card (automatic),35.06,1710.87,No
4727-TELCO,Male,0,Yes,No,15,Yes,No,Fiber optic,No,No internet service,No,Yes,No internet service,No,Month-to-month,Yes,Mailed check,103.01,1555.08,Yes
4728-TELCO,Male,0,Yes,No,17,Yes,No phone service,Fiber optic,No internet service,No,No,No,Yes,Yes,Month-to-month,Yes,Electronic check,65.24,1103.98,No
4729-TELCO,Male,0,No,No,9,Yes,No,Fiber optic,Yes,No internet service,No,No,Yes,Yes,One year,No,Electronic check,112.95,1023.57,Yes
4730-TELCO,Male,0,No,Yes,32,Yes,No,No,No,Yes,No,No internet service,Yes,Yes,Month-to-month,Yes,Electronic check,33.97,1077.73,Yes
4731-TELCO,Female,0,Yes,No,66,Yes,No phone service,Fiber optic,No,No,No internet service,Yes,No internet service,Yes,Month-to-month,Yes,Electronic check,85.62,5655.07,No
4732-TELCO,Male,0,No,No,59,Yes,No,Fiber optic,No internet service,Yes,No internet service,No,No internet service,Yes,Month-to-month,No,Mailed check,95.04,5597.97,No
4733-TELCO,Male,0,No,Yes,32,No,Yes,Fiber optic,No,Yes,No,Yes,No,Yes,Two year,No,Credit card (automatic),96.23,3081.84,No
4734-TELCO,Female,0,Yes,No,43,Yes,Yes,No,No,Yes,No internet service,Yes,Yes,No,One year,Yes,Credit card (automatic),94.7,4067.42,No
4735-TELCO,Male,0,Yes,Yes,59,Yes,No,Fiber optic,Yes,Yes,No,No internet service,No,No,Two year,Yes,Mailed check,35.1,2062.28,No
4736-TELCO,Male,0,Yes,No,30,Yes,Yes,No,No,No,No,No,No,Yes,Two year,Yes,Electronic check,63.14,1889.69,No
4737-TELCO,Male,0,Yes,No,11,Yes,No,DSL,No,No,Yes,No,No,No,Month-to-month,Yes,Electronic check,107.84,1178.73,No
4738-TELCO,Male,0,No,No,26,Yes,No,Fiber optic,No,Yes,Yes,No,Yes,No internet service,One year,Yes,Electronic check,75.56,1958.96,Yes
4739-TELCO,Male,0,Yes,No,2,Yes,No,Fiber optic,No,Yes,Yes,Yes,Yes,No,Two year,Yes,Bank transfer (automatic),55.8,115.34,Yes
4740-TELCO,Female,0,Yes,Yes,34,Yes,No phone service,Fiber optic,No,Yes,No,Yes,No,Yes,Two year,Yes,Mailed check,19.68,675.78,No
4741-TELCO,Male,0,No,No,41,Yes,No,Fiber optic,No,No,No,No,Yes,Yes,One year,No,Electronic check,79.34,3251.71,No
4742-TELCO,Female,0,No,Yes,31,Yes,No,DSL,No internet service,No,No,No,No,Yes,Two year,Yes,Credit card (automatic),108.15,3350.99,No
4743-TELCO,Female,0,Yes,No,63,Yes,No,Fiber optic,No internet service,Yes,Yes,No,Yes,Yes,One year,Yes,Mailed check,38.73,2439.23,No
4744-TELCO,Male,0,No,No,55,Yes,Yes,No,Yes,No internet service,No,No,No,Yes,Month-to-month,No,Credit card (automatic),118.25,6503.17,No
4745-TELCO,Female,0,Yes,No,61,Yes,Yes,Fiber optic,No,No internet service,No,No,Yes,No,Month-to-month,Yes,Bank transfer (automatic),39.4,2398.1,No
4746-TELCO,Male,0,Yes,Yes,36,Yes,Yes,DSL,No,Yes,No,Yes,Yes,No,One year,No,Mailed check,75.58,2730.66,No
4747-TELCO,Female,0,No,No,40,Yes,Yes,No,No,Yes,No,No,No,No internet service,Two year,Yes,Bank transfer (automatic),66.52,2664.17,Yes
4748-TELCO,Female,0,Yes,No,23,No,No phone service,Fiber optic,No,No,No,No,No internet service,No,Two year,Yes,Credit card (automatic),95.68,2206.11,No
4749-TELCO,Male,1,No,No,26,Yes,Yes,Fiber optic,No,No internet service,Yes,No,Yes,No internet service,Month-to-month,Yes,Bank transfer (automatic),67.43,1752.03,Yes
4750-TELCO,Male,0,Yes,Yes,18,Yes,No,Fiber optic,No,Yes,Yes,Yes,Yes,No,One year,Yes,Electronic check,52.06,942.3,No
4751-TELCO,Male,1,Yes,No,34,Yes,Yes,Fiber optic,Yes,No internet service,Yes,Yes,No,No internet service,One year,No,Bank transfer (automatic),114.67,3902.45,No
4752-TELCO,Male,1,No,Yes,28,Yes,Yes,DSL,No,Yes,Yes,Yes,Yes,No internet service,Month-to-month,No,Mailed check,75.37,2116.9,No
4753-TELCO,Male,0,Yes,No,49,Yes,No,No,Yes,No,Yes,No internet service,No internet service,No,One year,Yes,Electronic check,22.68,1102.2,No
4754-TELCO,Female,0,No,No,64,Yes,No,DSL,No,Yes,Yes,Yes,No internet service,No,Month-to-month,No,Electronic check,62.76,4007.54,No
4755-TELCO,Female,0,No,Yes,71,Yes,No,Fiber optic,No internet service,No internet service,Yes,No,No internet service,No internet service,Two year,No,Mailed check,68.66,4876.24,No
4756-TELCO,Female,1,No,Yes,63,Yes,No,Fiber optic,No,No,No,No,Yes,No,Month-to-month,No,Electronic check,21.65,1361.53,No
4757-TELCO,Female,0,No,No,62,Yes,Yes,No,No,No,Yes,No,Yes,Yes,Month-to-month,Yes,Electronic check,86.88,5392.61,No
4758-TELCO,Female,1,Yes,No,42,Yes,Yes,DSL,Yes,Yes,No,Yes,No internet service,No,One year,No,Bank transfer (automatic),66.82,2799.76,No
4759-TELCO,Female,0,No,Yes,24,Yes,No,Fiber optic,No,Yes,No,Yes,No,No internet service,Month-to-month,Yes,Electronic check,29.67,707.09,Yes
4760-TELCO,Female,0,No,No,35,Yes,No,Fiber optic,No,No,No,No,Yes,No internet service,Month-to-month,Yes,Mailed check,51.97,1817.36,No
4761-TELCO,Male,0,No,No,55,No,No,Fiber optic,Yes,No internet service,No,No,Yes,No internet service,Two year,Yes,Credit card (automatic),68.57,3779.23,No
4762-TELCO,Male,0,No,No,49,Yes,Yes,No,No internet service,No internet service,No,No,No,Yes,Month-to-month,Yes,Bank transfer (automatic),105.93,5183.22,Yes
4763-TELCO,Female,0,No,Yes,59,Yes,Yes,DSL,Yes,No internet service,Yes,No internet service,No internet service,No,Two year,Yes,Credit card (automatic),64.61,3817.51,No
4764-TELCO,Female,0,Yes,Yes,22,Yes,No,Fiber optic,No,No internet service,Yes,Yes,No,Yes,Month-to-month,No,Bank transfer (automatic),109.08,2409.53,No
4765-TELCO,Male,0,No,No,61,Yes,Yes,DSL,No,No internet service,No,No,No,No internet service,One year,Yes,Mailed check,94.3,5757.3,No
4766-TELCO,Male,0,Yes,No,30,Yes,Yes,No,No internet service,Yes,No,No,No,No internet service,Month-to-month,Yes,Electronic check,83.15,2495.51,No
4767-TELCO,Male,0,Yes,No,69,Yes,No,DSL,Yes,Yes,No,No internet service,No,No internet service,Month-to-month,Yes,Credit card (automatic),80.8,5576.37,No
4768-TELCO,Male,0,No,No,60,Yes,Yes,No,Yes,Yes,No internet service,No,No internet service,Yes,Month-to-month,Yes,Mailed check,91.55,5486.28,No
4769-TELCO,Female,0,Yes,No,6,Yes,No,DSL,No internet service,No,No,No,Yes,No,One year,Yes,Bank transfer (automatic),62.81,375.64,No
4770-TELCO,Male,0,Yes,Yes,11,Yes,No phone service,Fiber optic,Yes,No internet service,Yes,No,No internet service,No,Month-to-month,No,Bank transfer (automatic),60.7,668.3,Yes
4771-TELCO,Female,0,Yes,No,24,Yes,No,DSL,No,No,No,Yes,Yes,No,One year,No,Electronic check,40.24,965.73,No
4772-TELCO,Female,0,No,No,51,Yes,Yes,Fiber optic,No,No,No internet service,No,Yes,No,Month-to-month,No,Credit card (automatic),74.34,3783.57,Yes
4773-TELCO,Female,0,Yes,No,19,Yes,No,Fiber optic,No,No internet service,No,Yes,No,No internet service,Month-to-month,No,Electronic check,88.03,1665.6,No
4774-TELCO,Male,0,No,No,50,Yes,Yes,DSL,No,No internet service,No internet service,No internet service,Yes,No internet service,Month-to-month,No,Bank transfer (automatic),44.95,2242.54,No
4775-TELCO,Male,0,Yes,No,3,Yes,Yes,DSL,No,No,Yes,No internet service,Yes,No,Month-to-month,Yes,Electronic check,41.5,124.93,Yes
4776-TELCO,Female,0,No,No,3,Yes,Yes,DSL,Yes,No internet service,Yes,No,No internet service,No,Two year,Yes,Credit card (automatic),36.96,104.09,No
4777-TELCO,Female,0,Yes,Yes,31,No,Yes,DSL,No internet service,Yes,Yes,Yes,Yes,No,One year,Yes,Electronic check,24.3,748.88,No
4778-TELCO,Female,0,No,No,47,Yes,No,DSL,No,No,No,No,No internet service,No,Month-to-month,No,Mailed check,110.29,5180.47,No
4779-TELCO,Male,0,Yes,No,8,No,No,Fiber optic,No,No,No,No,No,No,Month-to-month,No,Mailed check,109.61,880.27,Yes
4780-TELCO,Female,0,No,No,17,Yes,No,Fiber optic,No,Yes,No,Yes,No internet service,No internet service,Two year,Yes,Credit card (automatic),33.58,567.53,No
4781-TELCO,Male,0,No,No,45,Yes,No,No,No internet service,Yes,Yes,No,No internet service,No internet service,One year,Yes,Mailed check,100.3,4517.45,No
4782-TELCO,Female,1,No,No,60,Yes,Yes,DSL,No internet service,No internet service,No,No,No,No internet service,Month-to-month,No,Bank transfer (automatic),58.14,3481.42,No
4783-TELCO,Female,1,No,No,21,Yes,Yes,DSL,No,No,No internet service,No,No,Yes,Month-to-month,Yes,Electronic check,76.08,1593.35,Yes
4784-TELCO,Female,0,Yes,No,70,Yes,No,Fiber optic,No internet service,No,Yes,No,No internet service,No,Month-to-month,No,Credit card (automatic),72.59,5079.76,No
4785-TELCO,Male,0,No,No,21,Yes,Yes,Fiber optic,No,Yes,Yes,No,No,No,Two year,No,Mailed check,88.23,1848.14,No
4786-TELCO,Male,1,No,No,58,Yes,Yes,DSL,No internet service,No internet service,Yes,No,Yes,Yes,Month-to-month,Yes,Electronic check,79.21,4587.86,No
4787-TELCO,Female,0,No,No,55,Yes,Yes,Fiber optic,Yes,No,Yes,No,No internet service,No,Month-to-month,Yes,Electronic check,44.33,2447.6,Yes
4788-TELCO,Male,0,No,No,28,Yes,No,DSL,No,Yes,No,No,Yes,No internet service,One year,Yes,Electronic check,56.41,1582.61,No
4789-TELCO,Female,0,No,No,46,Yes,Yes,DSL,No,Yes,No,No,Yes,Yes,One year,Yes,Electronic check,54.77,2509.84,No
4790-TELCO,Male,0,No,No,44,Yes,No,Fiber optic,No,No internet service,No internet service,Yes,No,Yes,One year,Yes,Mailed check,111.8,4912.94,No
4791-TELCO,Male,1,Yes,Yes,25,Yes,No phone service,DSL,Yes,No internet service,Yes,No,No,No internet service,Two year,Yes,Electronic check,22.72,571.2,Yes
4792-TELCO,Male,0,No,No,71,Yes,No phone service,No,No,No,Yes,Yes,No,Yes,One year,Yes,Mailed check,96.87,6874.86,No
4793-TELCO,Female,0,No,No,49,Yes,No,No,No,No,No,No internet service,No,No internet service,Month-to-month,Yes,Electronic check,63.09,3091.6,Yes
4794-TELCO,Male,0,No,Yes,46,No,No,Fiber optic,Yes,No internet service,Yes,No internet service,Yes,Yes,Month-to-month,Yes,Bank transfer (automatic),92.04,4239.83,No
4795-TELCO,Male,0,Yes,Yes,63,Yes,No,DSL,Yes,No,Yes,No,No,No,Two year,Yes,Bank transfer (automatic),49.03,3081.21,No
4796-TELCO,Female,1,No,Yes,12,No,Yes,DSL,No,No internet service,Yes,Yes,No,No,Month-to-month,Yes,Electronic check,28.2,341.22,Yes
4797-TELCO,Female,0,No,No,57,Yes,Yes,Fiber optic,No internet service,No,No,No,No,No,One year,No,Bank transfer (automatic),99.13,5650.21,No
4798-TELCO,Female,0,Yes,No,64,No,Yes,Fiber optic,No,No internet service,No,No internet service,No internet service,No internet service,Month-to-month,Yes,Electronic check,28.71,1831.96,No
4799-TELCO,Female,0,No,Yes,31,Yes,No,No,No,No,No,Yes,No internet service,Yes,Two year,Yes,Electronic check,100.06,3098.3,No
4800-TELCO,Male,0,Yes,No,4,Yes,Yes,DSL,Yes,No,Yes,No,No,No,Month-to-month,No,Bank transfer (automatic),72.02,278.65,No
4801-TELCO,Male,0,No,Yes,54,Yes,Yes,Fiber optic,No internet service,Yes,No internet service,Yes,No,No internet service,Month-to-month,Yes,Credit card (automatic),86.58,4684.95,No
4802-TELCO,Male,0,Yes,No,65,Yes,No,Fiber optic,Yes,No,Yes,No internet service,No internet service,No,Two year,Yes,Electronic check,44.99,2916.91,No
4803-TELCO,Male,0,Yes,No,6,Yes,Yes,No,No,No,No,No internet service,No,No internet service,One year,Yes,Credit card (automatic),86.48,523.81,No
4804-TELCO,Male,0,Yes,No,65,Yes,Yes,Fiber optic,Yes,No,No,No,No,No,Month-to-month,No,Bank transfer (automatic),107.95,7015.52,No
4805-TELCO,Female,0,No,No,22,Yes,No,Fiber optic,No,No,Yes,No,No,No,One year,No,Bank transfer (automatic),36.38,799.72,No
4806-TELCO,Male,0,Yes,No,17,Yes,Yes,No,No,No,No,No,No,No,Two year,No,Bank transfer (automatic),100.65,1712.89,Yes
4807-TELCO,Male,0,No,No,59,No,Yes,DSL,No internet service,No internet service,No internet service,No,No internet service,Yes,Month-to-month,Yes,Credit card (automatic),76.4,4515.84,No
4808-TELCO,Male,0,No,Yes,29,Yes,Yes,DSL,Yes,No,Yes,No,Yes,No,Month-to-month,No,Electronic check,39.73,1153.38,No
4809-TELCO,Female,0,No,No,67,Yes,Yes,Fiber optic,No internet service,Yes,No,No,No,Yes,Month-to-month,No,Credit card (automatic),102.25,6856.81,Yes
4810-TELCO,Female,0,Yes,No,17,Yes,Yes,Fiber optic,No,Yes,Yes,No internet service,No internet service,No,Month-to-month,No,Credit card (automatic),40.83,700.95,Yes
4811-TELCO,Male,0,No,No,2,Yes,Yes,DSL,No,No,Yes,No internet service,No internet service,No internet service,Month-to-month,No,Electronic check,106.73,216.45,Yes
4812-TELCO,Female,0,No,No,32,Yes,Yes,DSL,No,No,Yes,No,No,No,Month-to-month,No,Electronic check,54.18,1736.53,No
4813-TELCO,Female,0,Yes,Yes,22,Yes,Yes,DSL,No internet service,Yes,No,No internet service,No,No,Two year,No,Mailed check,88.62,1956.9,No
4814-TELCO,Female,0,Yes,No,58,Yes,Yes,Fiber optic,No,No,Yes,No,No,No,Month-to-month,No,Credit card (automatic),91.62,5304.98,No
4815-TELCO,Female,0,Yes,No,53,Yes,Yes,Fiber optic,Yes,No internet service,Yes,Yes,Yes,No,Month-to-month,No,Electronic check,68.13,3613.63,No
4816-TELCO,Female,0,No,Yes,47,Yes,No,No,No internet service,No internet service,Yes,No,No,No,One year,Yes,Electronic check,102.43,4814.63,No
4817-TELCO,Female,1,Yes,No,4,Yes,Yes,Fiber optic,No,Yes,Yes,No internet service,No,Yes,Two year,Yes,Bank transfer (automatic),55.41,216.96,No
4818-TELCO,Female,0,Yes,No,38,Yes,No,Fiber optic,No internet service,Yes,Yes,Yes,Yes,No,One year,Yes,Mailed check,103.96,3956.11,No
4819-TELCO,Male,1,No,No,13,Yes,No,Fiber optic,No,Yes,No,No,No internet service,No,Month-to-month,No,Bank transfer (automatic),75.51,977.57,Yes
4820-TELCO,Male,0,No,Yes,61,Yes,No,Fiber optic,No,No internet service,No internet service,No internet service,No,No,Two year,Yes,Electronic check,22.46,1375.64,No
4821-TELCO,Female,0,No,No,64,Yes,No,Fiber optic,Yes,Yes,No,Yes,No internet service,Yes,One year,Yes,Credit card (automatic),63.56,4076.09,Yes
4822-TELCO,Male,0,No,No,33,Yes,No,DSL,No,Yes,No,No,No,No,Month-to-month,Yes,Mailed check,100.46,3316.62,No
4823-TELCO,Male,0,Yes,Yes,38,Yes,Yes,No,No,Yes,No internet service,Yes,No,No,One year,Yes,Mailed check,44.82,1709.23,No
4824-TELCO,Female,0,No,No,29,Yes,Yes,No,No,No internet service,No,No,Yes,No,Two year,Yes,Credit card (automatic),89.87,2601.44,No
4825-TELCO,Male,0,Yes,No,61,Yes,No,DSL,Yes,No,Yes,No,No,Yes,Month-to-month,Yes,Electronic check,63.58,3871.51,No
4826-TELCO,Female,0,No,No,32,Yes,Yes,No,No,No,No internet service,No,No,No internet service,One year,Yes,Bank transfer (automatic),49.44,1583.43,No
4827-TELCO,Female,0,No,No,11,Yes,Yes,DSL,Yes,No internet service,No internet service,Yes,No internet service,No,Month-to-month,Yes,Credit card (automatic),107.64,1182.56,Yes
4828-TELCO,Female,1,Yes,No,18,Yes,No,Fiber optic,No,No,Yes,No internet service,No,No internet service,Month-to-month,Yes,Bank transfer (automatic),66.48,1195.12,No
4829-TELCO,Male,1,No,Yes,45,Yes,No,Fiber optic,Yes,No,No,No,No,No,One year,Yes,Mailed check,94.07,4225.7,Yes
4830-TELCO,Male,0,No,No,21,No,No,DSL,No,Yes,No,No internet service,No,No internet service,Month-to-month,Yes,Credit card (automatic),64.84,1370.38,No
4831-TELCO,Male,0,Yes,No,12,Yes,Yes,DSL,No,No,No,No,Yes,No internet service,Month-to-month,No,Mailed check,48.9,578.96,No
4832-TELCO,Male,0,No,Yes,20,Yes,No,Fiber optic,No internet service,No,No internet service,No internet service,No internet service,Yes,Month-to-month,Yes,Bank transfer (automatic),110.73,2210.43,Yes
4833-TELCO,Female,0,No,No,7,Yes,Yes,Fiber optic,No,No,No,Yes,No,No internet service,Month-to-month,Yes,Mailed check,31.85,222.4,Yes
4834-TELCO,Female,0,No,No,71,No,No,DSL,No internet service,Yes,No,Yes,No,No,Month-to-month,No,Electronic check,76.6,5443.46,No
4835-TELCO,Male,0,No,No,2,Yes,No,DSL,No,Yes,No internet service,No,No,No,Month-to-month,Yes,Electronic check,38.03,78.62,No
4836-TELCO,Female,0,No,No,43,Yes,No,No,No,No internet service,Yes,Yes,No,No,Month-to-month,No,Mailed check,29.85,1274.99,No
4837-TELCO,Female,1,Yes,No,21,Yes,No,Fiber optic,No,No,No,No,Yes,Yes,Month-to-month,Yes,Credit card (automatic),27.85,575.76,No
4838-TELCO,Male,0,Yes,Yes,29,Yes,Yes,DSL,No,No,No,No,No,No,Two year,Yes,Electronic check,95.37,2767.15,No
4839-TELCO,Female,0,Yes,No,32,Yes,No,Fiber optic,Yes,No,No internet service,Yes,Yes,Yes,Month-to-month,Yes,Electronic check,44.54,1415.52,No
4840-TELCO,Male,0,Yes,No,45,Yes,No,DSL,Yes,Yes,No internet service,No,Yes,No internet service,One year,No,Mailed check,75.45,3396.52,No
4841-TELCO,Female,0,No,No,59,Yes,No,DSL,Yes,Yes,No,Yes,No,No,Month-to-month,No,Bank transfer (automatic),67.76,3991.48,No
4842-TELCO,Male,0,Yes,No,3,Yes,Yes,No,No,No,No,No internet service,No,Yes,Month-to-month,Yes,Mailed check,105.53,310.39,Yes
4843-TELCO,Female,0,Yes,No,39,Yes,Yes,No,No,No,No,No,No,Yes,One year,Yes,Mailed check,95.21,3706.77,No
4844-TELCO,Female,0,Yes,No,51,Yes,Yes,DSL,No,No internet service,No,No internet service,No,No,One year,No,Electronic check,88.09,4498.08,Yes
4845-TELCO,Male,1,No,Yes,8,No,Yes,No,No,Yes,No,No,Yes,No,Month-to-month,No,Credit card (automatic),108.88,870.52,Yes
4846-TELCO,Male,0,No,Yes,46,Yes,Yes,No,No,Yes,Yes,No,No internet service,Yes,Month-to-month,Yes,Credit card (automatic),77.1,3540.87,No
4847-TELCO,Male,0,Yes,Yes,66,Yes,No phone service,Fiber optic,No,Yes,No,No,No,Yes,Two year,No,Electronic check,99.92,6585.98,No
4848-TELCO,Male,0,No,No,6,Yes,No,Fiber optic,Yes,No,No,Yes,No internet service,No,One year,Yes,Electronic check,104.05,623.18,No
4849-TELCO,Female,0,Yes,Yes,58,No,No,DSL,Yes,Yes,Yes,No internet service,Yes,Yes,Two year,Yes,Electronic check,98.97,5740.84,No
4850-TELCO,Female,0,No,No,41,Yes,No,DSL,No,Yes,No,Yes,No internet service,No internet service,Two year,No,Electronic check,56.17,2304.84,No
4851-TELCO,Male,0,Yes,Yes,54,Yes,Yes,Fiber optic,No,Yes,No internet service,Yes,Yes,No,One year,Yes,Bank transfer (automatic),99.21,5349.08,Yes
4852-TELCO,Female,0,No,No,41,No,Yes,No,No,Yes,No internet service,Yes,Yes,No internet service,Month-to-month,Yes,Electronic check,70.91,2904.8,No
4853-TELCO,Male,1,No,No,48,Yes,No,Fiber optic,Yes,Yes,No,No internet service,No,No internet service,Month-to-month,Yes,Credit card (automatic),52.67,2525.05,No
4854-TELCO,Male,0,No,No,70,Yes,No,DSL,No internet service,No,No,No internet service,No internet service,Yes,One year,Yes,Bank transfer (automatic),38.74,2708.39,No
4855-TELCO,Female,0,Yes,No,27,Yes,Yes,DSL,No internet service,No,No,No,Yes,No,Month-to-month,No,Mailed check,87.88,2380.53,No
4856-TELCO,Female,0,No,Yes,47,No,Yes,Fiber optic,No,Yes,Yes,No,No internet service,No,One year,Yes,Electronic check,48.86,2293.67,Yes
4857-TELCO,Male,0,No,No,23,Yes,No phone service,Fiber optic,No internet service,No,Yes,No,Yes,Yes,Two year,No,Electronic check,44.77,1032.46,No
4858-TELCO,Male,0,No,Yes,14,Yes,No,DSL,No,No internet service,No,Yes,Yes,No,Two year,No,Electronic check,77.71,1095.59,No
4859-TELCO,Male,0,Yes,No,61,Yes,Yes,Fiber optic,No,Yes,Yes,No,Yes,No,One year,No,Electronic check,44.04,2676.54,No
4860-TELCO,Female,0,Yes,No,67,Yes,Yes,Fiber optic,No internet service,No internet service,No,Yes,No,Yes,One year,No,Electronic check,50.29,3374.26,No
4861-TELCO,Female,0,No,No,25,Yes,No,DSL,No,Yes,No,No,Yes,No internet service,Two year,No,Electronic check,88.91,2225.76,No
4862-TELCO,Female,0,Yes,No,65,Yes,No phone service,DSL,No,Yes,No internet service,Yes,Yes,Yes,Month-to-month,No,Credit card (automatic),85.86,5589.1,No
4863-TELCO,Female,0,Yes,No,24,Yes,Yes,DSL,Yes,Yes,No,No,Yes,No,Month-to-month,No,Electronic check,111.66,2678.93,No
4864-TELCO,Male,0,Yes,No,53,Yes,Yes,No,Yes,Yes,No internet service,Yes,No,Yes,One year,No,Electronic check,98.55,5232.29,No
4865-TELCO,Male,0,No,No,50,Yes,No,Fiber optic,Yes,No,No,No,Yes,Yes,One year,No,Mailed check,52.59,2628.8,No
4866-TELCO,Male,0,Yes,No,1,Yes,Yes,Fiber optic,No,Yes,No internet service,No,No,No internet service,Two year,No,Bank transfer (automatic),64.9,56.21,No
4867-TELCO,Male,0,No,No,39,Yes,No,Fiber optic,No,No internet service,No internet service,No,Yes,Yes,Month-to-month,Yes,Electronic check,75.27,2940.87,No
4868-TELCO,Male,0,Yes,Yes,44,Yes,Yes,Fiber optic,Yes,No,Yes,No,No,No,Month-to-month,No,Bank transfer (automatic),58.27,2554.35,No
4869-TELCO,Male,0,Yes,No,5,Yes,Yes,DSL,No,No,No internet service,Yes,No,No,Month-to-month,Yes,Electronic check,117.23,595.48,Yes
4870-TELCO,Female,0,Yes,No,68,Yes,No,Fiber optic,No,No,No,Yes,Yes,No,One year,Yes,Bank transfer (automatic),21.64,1461.53,No
4871-TELCO,Female,0,Yes,Yes,72,Yes,No,Fiber optic,No,No,No,No,No,Yes,Month-to-month,No,Credit card (automatic),83.16,5991.61,No
4872-TELCO,Male,0,No,No,65,Yes,No,DSL,No internet service,Yes,No internet service,No,Yes,Yes,Month-to-month,No,Electronic check,80.12,5199.88,No
4873-TELCO,Male,0,No,No,15,Yes,Yes,DSL,No,Yes,Yes,No,No,No internet service,Month-to-month,No,Credit card (automatic),111.97,1679.62,Yes
4874-TELCO,Female,0,No,No,50,Yes,No,Fiber optic,No,No,No internet service,Yes,No,No internet service,One year,No,Bank transfer (automatic),108.85,5434.93,No
4875-TELCO,Female,0,Yes,No,6,Yes,Yes,Fiber optic,No,Yes,No internet service,No,Yes,No,Month-to-month,Yes,Credit card (automatic),110.58,664.96,Yes
4876-TELCO,Female,0,No,No,66,Yes,Yes,DSL,Yes,Yes,No internet service,No,Yes,No,One year,Yes,Electronic check,117.67,7767.39,No
4877-TELCO,Female,0,No,Yes,69,Yes,No,Fiber optic,No,No,No internet service,Yes,Yes,No,Month-to-month,Yes,Credit card (automatic),51.15,3520.72,No
4878-TELCO,Male,0,No,Yes,39,Yes,Yes,No,No,No,Yes,No,No,No,Two year,Yes,Mailed check,67.45,2623.48,No
4879-TELCO,Male,0,No,No,29,Yes,Yes,DSL,No,Yes,No,No internet service,No,No internet service,Two year,No,Electronic check,37.06,1079.02,No
4880-TELCO,Male,0,Yes,No,46,Yes,Yes,Fiber optic,No,Yes,No,Yes,Yes,No,Month-to-month,No,Bank transfer (automatic),100.11,4608.38,No
4881-TELCO,Male,0,No,No,31,Yes,Yes,Fiber optic,Yes,Yes,Yes,No,No,No,Month-to-month,Yes,Bank transfer (automatic),75.86,2347.46,No
4882-TELCO,Male,0,Yes,No,24,Yes,Yes,DSL,No,Yes,No internet service,No,Yes,No,Month-to-month,No,Credit card (automatic),87.52,2094.13,No
4883-TELCO,Female,0,Yes,Yes,15,Yes,No,Fiber optic,No,No,Yes,Yes,No,Yes,One year,Yes,Electronic check,24.44,370.12,No
4884-TELCO,Male,1,No,No,20,Yes,Yes,No,No internet service,No,No,No internet service,Yes,No internet service,One year,Yes,Bank transfer (automatic),24.16,483.94,No
4885-TELCO,Female,0,No,Yes,4,Yes,No phone service,No,No internet service,Yes,Yes,No internet service,No internet service,No internet service,Two year,Yes,Credit card (automatic),25.78,98.15,No
4886-TELCO,Male,0,No,Yes,58,No,Yes,DSL,No,Yes,Yes,No,Yes,No internet service,Two year,Yes,Credit card (automatic),90.02,5230.73,No
4887-TELCO,Male,1,Yes,No,61,Yes,Yes,No,No internet service,No,No,No,Yes,Yes,One year,Yes,Credit card (automatic),55.25,3367.81,No
4888-TELCO,Male,0,Yes,Yes,10,Yes,No,Fiber optic,No,Yes,No,No,No,No,One year,Yes,Credit card (automatic),93.36,937.33,No
4889-TELCO,Male,0,Yes,No,41,Yes,No phone service,DSL,No,Yes,Yes,Yes,Yes,No,Month-to-month,Yes,Credit card (automatic),70.31,2890.38,Yes
4890-TELCO,Male,0,No,Yes,53,Yes,No,DSL,No,No,Yes,Yes,No internet service,Yes,Month-to-month,No,Mailed check,37.53,1998.16,No
4891-TELCO,Female,0,Yes,Yes,71,Yes,No,No,Yes,Yes,No,No internet service,No internet service,No internet service,Month-to-month,No,Electronic check,29.76,2120.88,No
4892-TELCO,Female,0,No,No,48,Yes,Yes,Fiber optic,No,No internet service,No internet service,No internet service,No,No internet service,Month-to-month,No,Credit card (automatic),111.44,5350.96,No
4893-TELCO,Female,1,Yes,No,15,Yes,Yes,No,Yes,No,Yes,No,No internet service,No,One year,No,Bank transfer (automatic),84.38,1259.89,No
4894-TELCO,Male,0,No,Yes,7,Yes,No phone service,DSL,No internet service,No,No,Yes,No,Yes,Month-to-month,Yes,Electronic check,79.03,561.75,Yes
4895-TELCO,Male,0,No,No,72,Yes,No,Fiber optic,No,Yes,No,No internet service,Yes,No internet service,Month-to-month,No,Bank transfer (automatic),79.83,5757.3,No
4896-TELCO,Female,0,Yes,No,71,Yes,Yes,DSL,Yes,Yes,No internet service,No internet service,No internet service,No,Month-to-month,No,Mailed check,54.46,3856.79,No
4897-TELCO,Male,0,Yes,No,43,Yes,No,DSL,No internet service,Yes,Yes,No,No internet service,No internet service,Month-to-month,No,Electronic check,28.54,1235.44,Yes
4898-TELCO,Male,0,No,Yes,4,Yes,Yes,No,No internet service,Yes,Yes,No,Yes,Yes,Month-to-month,Yes,Bank transfer (automatic),106.51,433.77,Yes
4899-TELCO,Female,1,No,No,51,Yes,No,DSL,No internet service,No,Yes,No,No,No,Month-to-month,No,Electronic check,111.01,5660.53,Yes
4900-TELCO,Male,1,No,No,71,Yes,Yes,Fiber optic,No,Yes,No internet service,No internet service,No internet service,No,Month-to-month,Yes,Credit card (automatic),65.23,4637.22,No
4901-TELCO,Female,0,No,Yes,59,Yes,No,No,No,No internet service,No internet service,Yes,No,Yes,Two year,Yes,Credit card (automatic),60.94,3604.46,No
4902-TELCO,Male,1,Yes,Yes,41,Yes,No,No,No,No internet service,No internet service,Yes,Yes,Yes,Month-to-month,Yes,Credit card (automatic),40.41,1652.99,No
4903-TELCO,Female,0,No,No,61,Yes,No,Fiber optic,Yes,No,No,No internet service,Yes,No,Two year,Yes,Electronic check,19.1,1164.51,No
4904-TELCO,Male,0,Yes,Yes,30,Yes,Yes,Fiber optic,No,No internet service,Yes,Yes,No internet service,No internet service,Month-to-month,No,Electronic check,88.72,2654.4,Yes
4905-TELCO,Male,0,No,No,18,Yes,No,Fiber optic,No,Yes,Yes,No internet service,No,No internet service,Two year,No,Bank transfer (automatic),68.54,1229.57,No
4906-TELCO,Female,0,Yes,Yes,30,Yes,Yes,DSL,No,No,No internet service,No,No,No,One year,Yes,Credit card (automatic),113.74,3419.88,No
4907-TELCO,Male,0,No,No,7,Yes,No,DSL,No,Yes,No,No,No internet service,Yes,One year,Yes,Electronic check,22.69,152.42,Yes
4908-TELCO,Male,0,Yes,No,52,Yes,No,DSL,Yes,No internet service,No,No,Yes,No internet service,Two year,Yes,Bank transfer (automatic),52.12,2719.08,No
4909-TELCO,Female,0,Yes,Yes,48,Yes,No,Fiber optic,Yes,No,No,Yes,No,Yes,One year,Yes,Bank transfer (automatic),117.25,5629.17,No
4910-TELCO,Male,0,Yes,No,23,Yes,No,DSL,No,Yes,Yes,No,No,No,Month-to-month,Yes,Electronic check,80.66,1859.26,Yes
4911-TELCO,Female,0,No,No,37,Yes,No,DSL,Yes,No,No internet service,No,Yes,No,Two year,Yes,Electronic check,53.58,1980.32,No
4912-TELCO,Male,1,No,Yes,71,Yes,No,Fiber optic,Yes,Yes,No,No,No,Yes,Two year,No,Credit card (automatic),38.21,2707.59,No
4913-TELCO,Male,0,No,No,53,Yes,Yes,Fiber optic,No,No,No,Yes,No internet service,No internet service,Month-to-month,Yes,Mailed check,24.82,1315.11,No
4914-TELCO,Male,0,Yes,No,45,Yes,Yes,Fiber optic,Yes,No internet service,No,No internet service,Yes,No,Month-to-month,No,Electronic check,111.0,4991.1,No
4915-TELCO,Male,0,No,No,49,Yes,Yes,DSL,No internet service,Yes,No internet service,Yes,No internet service,Yes,Two year,No,Electronic check,58.58,2870.82,No
4916-TELCO,Female,0,No,Yes,49,Yes,No,No,No,No,Yes,No,No internet service,Yes,Month-to-month,Yes,Electronic check,113.22,5539.79,No
4917-TELCO,Male,0,Yes,No,47,Yes,No,No,No,No,Yes,Yes,No internet service,No,Month-to-month,Yes,Electronic check,53.56,2525.67,No
4918-TELCO,Female,0,Yes,No,25,Yes,No phone service,DSL,Yes,No,Yes,No internet service,No,No,Two year,Yes,Bank transfer (automatic),113.01,2820.73,No
4919-TELCO,Male,0,No,No,27,Yes,No,DSL,No,No,Yes,Yes,No internet service,Yes,Month-to-month,No,Bank transfer (automatic),99.62,2692.43,Yes
4920-TELCO,Male,0,Yes,No,12,Yes,No,Fiber optic,No,No internet service,No,No internet service,No,No,Month-to-month,No,Electronic check,51.12,616.4,Yes
4921-TELCO,Male,0,Yes,Yes,23,Yes,No,No,No internet service,Yes,No,Yes,No internet service,Yes,One year,Yes,Bank transfer (automatic),61.0,1398.01,Yes
4922-TELCO,Male,0,No,No,17,Yes,No,DSL,No,Yes,No internet service,Yes,No,No,Month-to-month,Yes,Mailed check,113.05,1931.79,No
4923-TELCO,Female,0,Yes,No,44,Yes,No,DSL,No,No,No,No,No,Yes,Month-to-month,Yes,Credit card (automatic),93.04,4093.43,No
4924-TELCO,Female,0,No,Yes,71,Yes,No,DSL,Yes,No,No,No internet service,Yes,No,Month-to-month,Yes,Credit card (automatic),99.15,7044.75,No
4925-TELCO,Female,0,No,Yes,24,Yes,No,Fiber optic,No,No,No internet service,No,Yes,No internet service,Two year,No,Electronic check,81.28,1941.35,Yes
4926-TELCO,Female,0,No,Yes,71,Yes,No,No,Yes,No internet service,No internet service,No internet service,No,Yes,Month-to-month,No,Mailed check,24.32,1721.32,No
4927-TELCO,Male,0,No,No,60,Yes,Yes,Fiber optic,Yes,No,No,Yes,Yes,Yes,Two year,No,Electronic check,104.66,6271.71,No
4928-TELCO,Female,1,Yes,No,53,Yes,No,Fiber optic,No,No,Yes,No internet service,No,Yes,One year,Yes,Bank transfer (automatic),96.43,5107.75,No
4929-TELCO,Female,0,No,No,16,Yes,No,Fiber optic,Yes,Yes,Yes,Yes,No internet service,No internet service,Month-to-month,Yes,Electronic check,75.69,1215.92,Yes
4930-TELCO,Male,0,Yes,No,25,No,No phone service,DSL,No,Yes,Yes,No,Yes,No,Two year,No,Bank transfer (automatic),88.11,2195.57,No
4931-TELCO,Male,0,No,No,66,Yes,No,Fiber optic,No internet service,No,No internet service,Yes,No internet service,No,Month-to-month,Yes,Mailed check,41.5,2737.27,No
4932-TELCO,Male,0,No,No,50,Yes,Yes,DSL,No,No internet service,No,No internet service,Yes,Yes,Month-to-month,Yes,Electronic check,111.3,5558.92,No
4933-TELCO,Male,0,No,Yes,69,Yes,No phone service,DSL,No,No,No,No internet service,No,Yes,Month-to-month,Yes,Electronic check,39.77,2738.67,No
4934-TELCO,Female,1,No,Yes,40,Yes,No,DSL,Yes,No,No internet service,No,Yes,No,One year,Yes,Bank transfer (automatic),85.9,3426.98,No
4935-TELCO,Female,1,Yes,Yes,6,Yes,Yes,Fiber optic,No,No,No,No,Yes,No,Two year,Yes,Credit card (automatic),66.01,396.22,Yes
4936-TELCO,Male,0,Yes,No,64,Yes,Yes,Fiber optic,No,Yes,Yes,No internet service,No,No internet service,One year,No,Credit card (automatic),73.63,4705.64,No
4937-TELCO,Male,0,No,No,28,Yes,Yes,Fiber optic,No,Yes,Yes,No internet service,No,No,One year,Yes,Credit card (automatic),38.91,1085.64,Yes
4938-TELCO,Male,0,Yes,No,9,Yes,Yes,DSL,No,No,No internet service,No,No,No,Two year,Yes,Bank transfer (automatic),36.43,325.03,No
4939-TELCO,Female,0,No,No,6,No,No phone service,DSL,No,No internet service,No,No internet service,No internet service,Yes,Month-to-month,No,Mailed check,51.26,302.11,No
4940-TELCO,Female,0,Yes,No,17,Yes,No,DSL,Yes,No internet service,No,No,Yes,No,Two year,Yes,Mailed check,21.22,360.3,Yes
4941-TELCO,Male,0,No,No,40,Yes,Yes,DSL,No,No,Yes,No,No,No,Month-to-month,No,Bank transfer (automatic),30.43,1208.97,Yes
4942-TELCO,Male,0,Yes,No,45,Yes,Yes,Fiber optic,No internet service,No,Yes,No,No,No internet service,One year,Yes,Electronic check,54.84,2471.94,No
4943-TELCO,Female,0,No,Yes,43,Yes,Yes,DSL,Yes,No,Yes,No,Yes,No,Month-to-month,No,Electronic check,79.33,3407.02,No
4944-TELCO,Male,0,No,No,46,Yes,No,Fiber optic,No,Yes,No,No,No,No,One year,Yes,Electronic check,53.62,2466.75,No
4945-TELCO,Male,0,Yes,No,63,Yes,No,Fiber optic,No,No,No,No,No internet service,No,Month-to-month,No,Mailed check,25.6,1605.1,No
4946-TELCO,Female,0,Yes,Yes,1,Yes,Yes,Fiber optic,No,No,No internet service,No,No,No internet service,Month-to-month,Yes,Electronic check,98.72,89.24,No
4947-TELCO,Male,0,Yes,Yes,59,Yes,No,Fiber optic,No,Yes,No internet service,No internet service,No,Yes,Month-to-month,Yes,Mailed check,34.13,2010.66,No
4948-TELCO,Female,1,Yes,No,63,Yes,No,DSL,No internet service,Yes,No,No,No,No internet service,Month-to-month,Yes,Credit card (automatic),23.86,1506.63,No
4949-TELCO,Male,0,Yes,No,18,No,Yes,Fiber optic,No,No,No internet service,No,Yes,Yes,One year,Yes,Electronic check,53.64,964.51,No
4950-TELCO,Male,0,Yes,No,65,Yes,No,No,No,No,No internet service,Yes,No,No,One year,No,Electronic check,64.89,4222.02,No
4951-TELCO,Female,0,No,Yes,20,Yes,Yes,Fiber optic,No,Yes,No,No,No,No,Month-to-month,Yes,Electronic check,107.93,2161.68,No
4952-TELCO,Female,0,Yes,No,56,Yes,Yes,DSL,No internet service,No internet service,No,Yes,Yes,Yes,Two year,Yes,Electronic check,43.18,2422.29,No
4953-TELCO,Male,0,No,No,54,Yes,No,No,No internet service,No internet service,No,No,No,Yes,Month-to-month,Yes,Mailed check,77.23,4177.48,No
4954-TELCO,Female,0,No,No,48,Yes,Yes,Fiber optic,No internet service,No,Yes,No,No internet service,Yes,Month-to-month,Yes,Bank transfer (automatic),45.97,2201.95,No
4955-TELCO,Male,1,Yes,No,54,Yes,Yes,Fiber optic,Yes,No,No internet service,No,No,No,Month-to-month,No,Mailed check,30.37,1630.13,No
4956-TELCO,Male,0,Yes,No,16,Yes,No,Fiber optic,Yes,Yes,No internet service,No,No,Yes,Month-to-month,Yes,Bank transfer (automatic),82.32,1308.11,Yes
4957-TELCO,Female,0,No,Yes,20,Yes,No,DSL,No,No internet service,Yes,No,No,No,One year,Yes,Electronic check,93.55,1865.37,Yes
4958-TELCO,Male,0,Yes,No,47,Yes,No phone service,Fiber optic,Yes,Yes,Yes,No,No internet service,No internet service,Month-to-month,Yes,Mailed check,72.9,3418.5,No
4959-TELCO,Male,1,No,No,7,Yes,Yes,Fiber optic,No,Yes,No,No,No,No,One year,Yes,Mailed check,52.08,360.27,Yes
4960-TELCO,Female,0,No,No,23,Yes,No,No,Yes,No,No,No,No internet service,Yes,Two year,Yes,Mailed check,117.53,2705.24,No
4961-TELCO,Female,1,Yes,No,33,Yes,No phone service,DSL,No,No,Yes,No internet service,No internet service,No,Month-to-month,No,Electronic check,21.61,718.46,No
4962-TELCO,Male,1,No,No,40,Yes,No,Fiber optic,No,No internet service,No internet service,No,No,No internet service,Month-to-month,Yes,Electronic check,73.78,2944.33,Yes
4963-TELCO,Female,0,Yes,No,5,Yes,No phone service,No,No,No,Yes,Yes,No,No internet service,Month-to-month,No,Electronic check,85.47,428.85,Yes
4964-TELCO,Female,0,Yes,No,45,Yes,No phone service,DSL,Yes,Yes,No,Yes,Yes,No,One year,Yes,Electronic check,60.81,2744.38,Yes
4965-TELCO,Female,1,No,No,41,Yes,No,No,No internet service,No internet service,No internet service,No,No,Yes,Month-to-month,Yes,Electronic check,31.66,1302.92,No
4966-TELCO,Female,0,No,Yes,8,Yes,No,DSL,No,No,No,No,Yes,Yes,Month-to-month,Yes,Electronic check,36.18,282.54,No
4967-TELCO,Male,0,No,No,50,Yes,Yes,DSL,No,No,No,Yes,No internet service,No internet service,One year,No,Mailed check,113.3,5667.86,No
4968-TELCO,Male,0,No,No,31,Yes,Yes,DSL,No,No,No internet service,No,Yes,No,Two year,No,Mailed check,109.19,3384.46,No
4969-TELCO,Male,0,No,No,4,Yes,Yes,Fiber optic,No,No internet service,No internet service,Yes,Yes,No,Two year,No,Electronic check,35.84,138.37,No
4970-TELCO,Female,0,No,No,66,Yes,No,DSL,No,Yes,Yes,Yes,No internet service,Yes,Month-to-month,No,Mailed check,24.13,1593.13,No
4971-TELCO,Female,0,Yes,No,56,Yes,Yes,Fiber optic,Yes,Yes,Yes,No,No,No,One year,No,Credit card (automatic),35.6,1986.83,No
4972-TELCO,Female,0,No,No,5,Yes,No,DSL,No internet service,No,No,No internet service,Yes,No,Month-to-month,Yes,Bank transfer (automatic),106.51,528.88,No
4973-TELCO,Female,0,No,No,54,No,No,DSL,No,No internet service,No internet service,Yes,Yes,Yes,Month-to-month,Yes,Electronic check,28.32,1526.46,No
4974-TELCO,Female,0,Yes,No,1,Yes,No,Fiber optic,No,Yes,No internet service,No,No,No,One year,No,Mailed check,34.55,31.26,Yes
4975-TELCO,Female,1,No,No,61,Yes,No,DSL,No,Yes,Yes,No,No,Yes,Two year,Yes,Bank transfer (automatic),89.28,5437.91,No
4976-TELCO,Female,0,Yes,No,7,Yes,No,DSL,No internet service,No,No,Yes,No,No internet service,Month-to-month,Yes,Electronic check,100.5,701.8,No
4977-TELCO,Male,0,No,Yes,30,Yes,No phone service,Fiber optic,Yes,No,No,Yes,No,No,Month-to-month,No,Electronic check,73.02,2197.45,Yes
4978-TELCO,Male,0,No,No,15,Yes,No,Fiber optic,No,No,Yes,Yes,Yes,Yes,One year,No,Bank transfer (automatic),37.9,575.27,No
4979-TELCO,Female,0,No,No,4,Yes,No,DSL,No internet service,No internet service,No,No internet service,No,No,One year,No,Bank transfer (automatic),99.4,396.02,Yes
4980-TELCO,Female,1,Yes,Yes,63,Yes,No,Fiber optic,No,Yes,No,No,Yes,No internet service,One year,Yes,Mailed check,55.69,3498.72,No
4981-TELCO,Female,0,No,No,70,Yes,Yes,DSL,No,No,Yes,No,Yes,No internet service,Month-to-month,Yes,Bank transfer (automatic),86.0,6021.6,No
4982-TELCO,Male,0,Yes,No,38,Yes,No,Fiber optic,No,No,No,Yes,No,Yes,One year,No,Bank transfer (automatic),43.13,1640.86,No
4983-TELCO,Male,1,No,No,47,Yes,Yes,No,No,Yes,No internet service,No,No,Yes,Month-to-month,Yes,Bank transfer (automatic),73.93,3481.84,No
4984-TELCO,Female,1,No,Yes,60,Yes,No,No,Yes,Yes,No internet service,No,No,No,Month-to-month,Yes,Credit card (automatic),52.08,3131.56,No
4985-TELCO,Female,0,No,No,2,Yes,No,DSL,Yes,Yes,No internet service,Yes,No,Yes,Two year,Yes,Mailed check,41.73,88.96,No
4986-TELCO,Male,0,No,No,69,Yes,Yes,Fiber optic,No,Yes,No internet service,No,No,No,Month-to-month,Yes,Electronic check,91.53,6322.71,No
4987-TELCO,Male,0,No,No,8,Yes,Yes,Fiber optic,No internet service,No,Yes,No,No,No,Two year,Yes,Bank transfer (automatic),105.42,838.34,No
4988-TELCO,Male,0,Yes,No,51,Yes,No,No,No,No,No internet service,Yes,No,No,Month-to-month,Yes,Bank transfer (automatic),106.13,5413.97,Yes
4989-TELCO,Male,0,Yes,No,19,Yes,No,No,No,No,Yes,No,Yes,Yes,One year,Yes,Mailed check,62.54,1196.94,No
4990-TELCO,Female,0,No,No,31,Yes,No,Fiber optic,No,Yes,No internet service,No,No internet service,Yes,Two year,No,Mailed check,109.57,3397.28,No
4991-TELCO,Male,0,No,No,22,Yes,Yes,No,No internet service,No,No,No,No,No,Month-to-month,Yes,Bank transfer (automatic),70.5,1558.78,Yes
4992-TELCO,Male,0,Yes,Yes,33,Yes,No phone service,No,No internet service,No internet service,Yes,No,No internet service,No,Two year,No,Bank transfer (automatic),53.78,1782.88,No
4993-TELCO,Female,0,No,No,72,Yes,Yes,Fiber optic,No,No,No,No internet service,No,No,Month-to-month,Yes,Electronic check,94.53,6797.57,No
4994-TELCO,Male,1,Yes,No,37,Yes,Yes,Fiber optic,Yes,No,No,No,No,Yes,Month-to-month,Yes,Electronic check,45.99,1709.94,Yes
4995-TELCO,Male,0,Yes,No,12,Yes,No,Fiber optic,No,Yes,No,No internet service,No internet service,No internet service,One year,No,Bank transfer (automatic),59.09,701.1,No
4996-TELCO,Male,1,No,No,69,No,Yes,Fiber optic,Yes,Yes,No,No internet service,No,Yes,Month-to-month,Yes,Mailed check,98.4,6787.64,No
4997-TELCO,Female,1,Yes,No,64,Yes,Yes,Fiber optic,No internet service,Yes,No internet service,No internet service,No,Yes,Two year,Yes,Bank transfer (automatic),67.62,4332.72,No
4998-TELCO,Male,0,Yes,No,25,Yes,No,Fiber optic,No,No,No,Yes,No,No,Two year,No,Electronic check,31.16,770.41,No
4999-TELCO,Female,0,Yes,No,54,Yes,No,DSL,No,No,No,No,No,No,Month-to-month,No,Electronic check,114.13,6160.93,No
5000-TELCO,Female,0,No,No,29,Yes,Yes,No,No internet service,No,No internet service,Yes,No,Yes,Two year,No,Mailed check,19.49,559.9,No
5001-TELCO,Male,0,No,No,13,Yes,No,No,No internet service,No,Yes,No,Yes,Yes,Month-to-month,Yes,Mailed check,42.91,561.94,Yes
5002-TELCO,Male,0,No,Yes,26,No,Yes,DSL,No internet service,No internet service,No,No,No internet service,No,One year,Yes,Bank transfer (automatic),99.31,2589.44,No
5003-TELCO,Male,0,Yes,Yes,22,Yes,No,No,Yes,Yes,No internet service,Yes,No,Yes,Month-to-month,Yes,Electronic check,103.24,2276.63,Yes
5004-TELCO,Male,1,No,No,10,Yes,No,Fiber optic,Yes,No internet service,No,No internet service,Yes,Yes,Month-to-month,No,Electronic check,86.25,863.49,Yes
5005-TELCO,Female,0,No,No,48,No,Yes,Fiber optic,Yes,No,No,No,No internet service,No internet service,Month-to-month,No,Mailed check,79.86,3840.15,No
5006-TELCO,Male,0,No,No,42,Yes,No,Fiber optic,No,Yes,Yes,No internet service,No internet service,Yes,Month-to-month,Yes,Mailed check,101.95,4289.02,No
5007-TELCO,Male,0,No,No,59,Yes,No,Fiber optic,No,No,Yes,No,No,Yes,Month-to-month,Yes,Credit card (automatic),93.15,5495.76,No
5008-TELCO,Male,0,Yes,No,53,Yes,Yes,Fiber optic,Yes,No,Yes,No,No,Yes,Month-to-month,Yes,Electronic check,116.77,6195.91,No
5009-TELCO,Female,1,Yes,Yes,40,Yes,Yes,No,No,No,Yes,Yes,No internet service,No internet service,One year,No,Electronic check,64.54,2589.44,No
5010-TELCO,Male,0,Yes,No,62,Yes,No,Fiber optic,Yes,Yes,No,No,No,No internet service,Month-to-month,Yes,Bank transfer (automatic),45.44,2807.45,No
5011-TELCO,Male,0,Yes,No,6,Yes,Yes,Fiber optic,No,No,Yes,No,No internet service,Yes,Month-to-month,No,Credit card (automatic),18.69,119.75,Yes
5012-TELCO,Female,0,No,No,4,Yes,No phone service,Fiber optic,No,Yes,Yes,No internet service,No,No internet service,Month-to-month,No,Credit card (automatic),51.4,196.71,No
5013-TELCO,Female,0,No,No,55,No,Yes,No,No,Yes,No internet service,Yes,No,Yes,Month-to-month,No,Electronic check,101.28,5566.39,No
5014-TELCO,Male,0,No,No,69,Yes,No,DSL,No internet service,No internet service,Yes,Yes,No internet service,No,Month-to-month,No,Bank transfer (automatic),21.62,1492.87,No
5015-TELCO,Male,0,Yes,No,3,Yes,No,Fiber optic,No,No,No,Yes,No,No,Month-to-month,No,Credit card (automatic),87.67,257.9,Yes
5016-TELCO,Male,0,Yes,No,7,Yes,Yes,No,No,No,Yes,No internet service,No,No,Month-to-month,Yes,Credit card (automatic),22.75,166.77,Yes
5017-TELCO,Male,1,Yes,No,12,Yes,Yes,Fiber optic,Yes,No,No,No,Yes,Yes,Month-to-month,Yes,Electronic check,66.08,798.73,Yes
5018-TELCO,Male,1,Yes,No,17,Yes,Yes,No,No,No internet service,Yes,No internet service,No,No internet service,Month-to-month,No,Mailed check,60.7,1031.58,No
5019-TELCO,Female,0,Yes,Yes,67,Yes,No,DSL,No internet service,Yes,Yes,No,Yes,No,Month-to-month,No,Bank transfer (automatic),112.37,7535.54,No
5020-TELCO,Female,1,No,No,70,Yes,Yes,No,No internet service,No,No internet service,No,No internet service,No internet service,Month-to-month,No,Mailed check,50.38,3532.95,No
5021-TELCO,Male,0,Yes,No,36,Yes,No,No,No internet service,No,No,No,Yes,Yes,Two year,Yes,Bank transfer (automatic),72.03,2589.67,No
5022-TELCO,Male,0,No,Yes,17,Yes,No,No,No,Yes,No,No,No,No,Month-to-month,Yes,Mailed check,80.59,1361.32,Yes
5023-TELCO,Female,0,Yes,Yes,1,Yes,Yes,Fiber optic,No,No,Yes,No,No internet service,Yes,Two year,Yes,Credit card (automatic),47.38,49.22,No
5024-TELCO,Male,0,No,No,67,Yes,No phone service,DSL,No,No,No,No,Yes,Yes,Month-to-month,Yes,Electronic check,43.16,2897.43,No
5025-TELCO,Male,0,No,No,49,Yes,No,Fiber optic,No,No,No,No,No,Yes,Month-to-month,Yes,Electronic check,47.03,2313.01,Yes
5026-TELCO,Male,0,Yes,Yes,51,Yes,Yes,Fiber optic,Yes,No internet service,Yes,Yes,No internet service,No,One year,No,Bank transfer (automatic),31.16,1579.9,No
5027-TELCO,Male,0,No,No,71,Yes,Yes,Fiber optic,Yes,No internet service,No,Yes,Yes,Yes,Month-to-month,Yes,Credit card (automatic),29.88,2119.56,No
5028-TELCO,Male,0,No,No,43,No,Yes,Fiber optic,No,No internet service,Yes,No,Yes,No,Month-to-month,Yes,Credit card (automatic),77.75,3346.92,No
5029-TELCO,Female,0,No,No,31,Yes,No,Fiber optic,Yes,Yes,No,No,No internet service,No internet service,Two year,No,Electronic check,28.36,878.32,No
5030-TELCO,Male,0,No,No,24,Yes,No,DSL,No internet service,Yes,No internet service,No,No,Yes,Month-to-month,No,Electronic check,37.68,898.8,No
5031-TELCO,Male,1,Yes,Yes,37,Yes,No,Fiber optic,No,No,Yes,Yes,Yes,No,One year,No,Electronic check,35.38,1310.95,No
5032-TELCO,Male,0,No,No,65,Yes,No,DSL,No,No,No,No,Yes,No,Two year,Yes,Electronic check,32.17,2098.6,No
5033-TELCO,Female,0,No,No,63,Yes,No,DSL,Yes,No,No,Yes,No internet service,No internet service,Month-to-month,Yes,Mailed check,32.45,2053.24,No
5034-TELCO,Female,0,Yes,No,56,Yes,No phone service,Fiber optic,No,No internet service,Yes,No,No,No internet service,Month-to-month,No,Electronic check,98.42,5521.37,Yes
5035-TELCO,Female,0,Yes,No,18,Yes,No,Fiber optic,No,Yes,No internet service,No internet service,No,Yes,Two year,No,Electronic check,42.56,763.77,No
5036-TELCO,Female,0,No,No,65,Yes,No,No,No,Yes,Yes,No,No,Yes,Month-to-month,Yes,Electronic check,40.28,2612.26,No
5037-TELCO,Male,0,Yes,No,29,Yes,Yes,Fiber optic,No,Yes,No,Yes,No internet service,Yes,Month-to-month,Yes,Electronic check,31.2,910.93,No
5038-TELCO,Female,1,No,No,4,Yes,No,No,No internet service,No,No,No internet service,No internet service,Yes,One year,Yes,Credit card (automatic),88.66,358.4,Yes
5039-TELCO,Male,0,No,No,12,Yes,Yes,DSL,No,No,Yes,No,No,Yes,Month-to-month,No,Credit card (automatic),32.48,394.83,Yes
5040-TELCO,Male,1,No,Yes,56,Yes,No,No,No,Yes,No,No,No internet service,Yes,One year,Yes,Bank transfer (automatic),23.86,1333.44,No
5041-TELCO,Female,0,Yes,No,48,Yes,No,No,Yes,No,No,Yes,No,No,Month-to-month,No,Mailed check,118.46,5680.54,Yes
5042-TELCO,Female,0,Yes,Yes,19,Yes,No,Fiber optic,No,No,No internet service,No,Yes,No internet service,Month-to-month,Yes,Electronic check,75.39,1437.98,No
5043-TELCO,Female,0,Yes,No,26,Yes,No,DSL,No internet service,Yes,No,No,Yes,No internet service,Month-to-month,Yes,Electronic check,88.46,2298.86,No
5044-TELCO,Female,0,No,No,38,Yes,No,Fiber optic,No internet service,Yes,No,No,No,Yes,Month-to-month,Yes,Credit card (automatic),106.59,4054.19,Yes
5045-TELCO,Female,0,No,No,25,Yes,Yes,DSL,Yes,No internet service,No,No internet service,Yes,No internet service,Month-to-month,Yes,Mailed check,18.5,469.95,No
5046-TELCO,Male,0,No,No,56,Yes,No,Fiber optic,No internet service,No internet service,No,No,Yes,No internet service,One year,Yes,Mailed check,99.05,5543.69,No
5047-TELCO,Female,0,No,No,28,Yes,Yes,DSL,Yes,Yes,No internet service,Yes,No,No internet service,Two year,No,Mailed check,87.61,2458.44,No
5048-TELCO,Female,0,Yes,No,61,Yes,Yes,Fiber optic,No,Yes,No,No internet service,No internet service,No,Month-to-month,Yes,Bank transfer (automatic),51.69,3152.15,No
5049-TELCO,Female,0,Yes,No,51,Yes,No,DSL,No internet service,No,Yes,Yes,Yes,Yes,Month-to-month,No,Bank transfer (automatic),23.92,1222.28,No
5050-TELCO,Male,0,No,No,12,Yes,No,DSL,No,No,No,No,No,No,Month-to-month,Yes,Credit card (automatic),73.84,892.65,Yes
5051-TELCO,Female,1,No,No,8,Yes,Yes,DSL,No,No,No,No,No,No internet service,Month-to-month,Yes,Electronic check,49.12,388.93,No
5052-TELCO,Male,0,Yes,No,58,Yes,Yes,DSL,No,No,Yes,No internet service,No internet service,Yes,Month-to-month,No,Credit card (automatic),22.01,1283.35,No
5053-TELCO,Female,0,Yes,No,23,Yes,Yes,Fiber optic,No,No,Yes,No,Yes,Yes,Month-to-month,No,Bank transfer (automatic),112.1,2572.41,No
5054-TELCO,Female,0,Yes,No,37,Yes,Yes,DSL,No internet service,No internet service,No,No internet service,No,No,Month-to-month,Yes,Credit card (automatic),22.99,849.08,No
5055-TELCO,Male,0,Yes,No,11,Yes,No phone service,Fiber optic,No internet service,No,No internet service,No,No,No internet service,Two year,No,Bank transfer (automatic),68.36,747.47,No
5056-TELCO,Female,0,No,No,17,No,No,Fiber optic,No internet service,Yes,Yes,Yes,No,Yes,Month-to-month,No,Credit card (automatic),90.26,1524.75,No
5057-TELCO,Male,0,No,Yes,56,Yes,Yes,DSL,No,No,No,No,Yes,No internet service,Two year,Yes,Electronic check,70.61,3944.4,No
5058-TELCO,Male,0,No,No,53,Yes,No,DSL,No internet service,Yes,No,No,No,Yes,Month-to-month,No,Mailed check,117.12,6201.27,No
5059-TELCO,Male,0,No,No,67,Yes,Yes,Fiber optic,Yes,No,Yes,Yes,No,Yes,Month-to-month,Yes,Credit card (automatic),79.01,5296.59,No
5060-TELCO,Female,0,No,No,2,Yes,Yes,No,Yes,No,No internet service,Yes,Yes,Yes,Month-to-month,Yes,Electronic check,77.01,154.52,Yes
5061-TELCO,Female,0,No,No,29,Yes,No,Fiber optic,No,No,No,No,No internet service,Yes,Month-to-month,Yes,Credit card (automatic),81.62,2363.35,No
5062-TELCO,Female,1,Yes,No,57,Yes,No,Fiber optic,No,Yes,No,No internet service,Yes,Yes,Month-to-month,Yes,Credit card (automatic),116.08,6615.44,No
5063-TELCO,Male,0,No,No,34,Yes,Yes,Fiber optic,Yes,No internet service,Yes,No,Yes,No,Two year,Yes,Mailed check,51.0,1737.52,No
5064-TELCO,Female,1,Yes,No,2,Yes,No,No,Yes,No,Yes,No,Yes,No internet service,Month-to-month,Yes,Mailed check,102.35,212.49,Yes
5065-TELCO,Male,0,Yes,No,31,No,Yes,No,No,Yes,Yes,Yes,Yes,Yes,One year,Yes,Credit card (automatic),26.89,828.77,No
5066-TELCO,Female,0,Yes,No,44,Yes,Yes,Fiber optic,No,Yes,No,Yes,No,No,Month-to-month,No,Bank transfer (automatic),84.28,3715.92,Yes
5067-TELCO,Male,1,No,Yes,56,No,No,DSL,Yes,Yes,No internet service,No,Yes,No,Two year,No,Mailed check,76.11,4260.37,No
5068-TELCO,Male,1,Yes,Yes,54,Yes,No,Fiber optic,No,No,No,Yes,No,No internet service,Month-to-month,No,Electronic check,81.76,4411.73,No
5069-TELCO,Male,0,Yes,Yes,53,Yes,Yes,DSL,No,Yes,No,No,Yes,Yes,Two year,No,Mailed check,62.83,3331.36,Yes
5070-TELCO,Female,0,Yes,No,46,Yes,No,Fiber optic,No,Yes,No internet service,Yes,Yes,Yes,Month-to-month,Yes,Mailed check,89.11,4096.18,No
5071-TELCO,Male,0,No,Yes,54,Yes,No phone service,Fiber optic,No internet service,Yes,No internet service,No,Yes,Yes,Month-to-month,Yes,Mailed check,85.01,4586.36,No
5072-TELCO,Male,0,No,No,31,Yes,Yes,Fiber optic,No,No,No,No,No internet service,No internet service,Month-to-month,No,Credit card (automatic),103.93,3229.83,Yes
5073-TELCO,Male,0,No,No,24,Yes,Yes,Fiber optic,No internet service,No,Yes,Yes,No internet service,No,Month-to-month,Yes,Credit card (automatic),110.08,2640.02,Yes
5074-TELCO,Male,0,Yes,No,25,Yes,Yes,DSL,Yes,Yes,Yes,No,Yes,No,Month-to-month,No,Electronic check,39.04,969.03,Yes
5075-TELCO,Male,1,Yes,Yes,35,Yes,No,No,Yes,No internet service,Yes,No,Yes,Yes,Two year,Yes,Mailed check,92.83,3247.7,No
5076-TELCO,Male,0,No,No,57,Yes,Yes,DSL,No,No internet service,No,Yes,Yes,Yes,One year,Yes,Credit card (automatic),72.99,4156.21,No
5077-TELCO,Female,0,Yes,No,72,Yes,Yes,DSL,No,Yes,No,No,Yes,No internet service,Two year,No,Mailed check,47.91,3449.77,No
5078-TELCO,Female,0,No,No,69,No,No,Fiber optic,No,No,No internet service,No,No,No,Two year,Yes,Electronic check,37.48,2588.97,Yes
5079-TELCO,Male,0,No,No,28,Yes,Yes,No,No,No,No,Yes,No,Yes,Month-to-month,Yes,Electronic check,42.43,1178.35,Yes
5080-TELCO,Female,0,No,No,33,Yes,No,Fiber optic,No internet service,No,No,No,Yes,No,Two year,Yes,Mailed check,58.86,1948.14,Yes
5081-TELCO,Female,0,No,No,53,Yes,No,Fiber optic,No internet service,No,No,No,No,No internet service,Two year,Yes,Credit card (automatic),66.93,3546.65,No
5082-TELCO,Male,0,Yes,No,16,Yes,No,Fiber optic,No internet service,No,Yes,Yes,Yes,Yes,Month-to-month,No,Credit card (automatic),50.07,801.96,Yes
5083-TELCO,Male,1,Yes,Yes,26,No,No,DSL,No,No,Yes,No internet service,No,No internet service,Month-to-month,Yes,Bank transfer (automatic),56.11,1451.61,No
5084-TELCO,Male,0,No,No,12,No,Yes,Fiber optic,No,No,No,No,No,No,Month-to-month,No,Credit card (automatic),109.9,1317.54,No
5085-TELCO,Female,0,Yes,No,31,No,No,Fiber optic,No internet service,No,Yes,No,No,Yes,Month-to-month,Yes,Electronic check,37.43,1160.17,No
5086-TELCO,Male,0,Yes,No,27,Yes,Yes,No,No internet service,No internet service,No,No internet service,No internet service,No internet service,Month-to-month,Yes,Mailed check,22.68,603.18,Yes
5087-TELCO,Female,1,Yes,No,36,No,No,DSL,No internet service,Yes,Yes,No internet service,No internet service,No,Month-to-month,Yes,Credit card (automatic),92.9,3337.93,Yes
5088-TELCO,Male,0,Yes,No,59,Yes,No,DSL,No internet service,No internet service,No,No,No,No,Month-to-month,No,Credit card (automatic),52.07,3069.48,No
5089-TELCO,Female,0,Yes,Yes,3,No,No,Fiber optic,No,No internet service,Yes,Yes,No,No,Two year,No,Electronic check,43.99,125.56,No
5090-TELCO,Male,0,Yes,No,32,Yes,No,Fiber optic,No,No internet service,Yes,No,Yes,Yes,One year,Yes,Bank transfer (automatic),113.47,3627.45,No
5091-TELCO,Male,1,No,No,15,Yes,No,Fiber optic,No,Yes,No internet service,No,No internet service,No,One year,No,Bank transfer (automatic),55.29,836.92,No
5092-TELCO,Female,0,No,No,66,Yes,No,DSL,No internet service,Yes,No,No,No,No,Month-to-month,No,Electronic check,60.39,3988.23,No
5093-TELCO,Female,0,No,No,63,Yes,Yes,DSL,No,No internet service,No,No,No,Yes,Month-to-month,Yes,Electronic check,79.43,5005.08,No
5094-TELCO,Female,1,No,Yes,1,Yes,Yes,No,Yes,No internet service,No,No,Yes,No,Month-to-month,No,Electronic check,57.84,64.73,Yes
5095-TELCO,Female,0,Yes,No,5,Yes,Yes,Fiber optic,No,Yes,No,No internet service,No,No,Month-to-month,Yes,Mailed check,101.27,501.08,Yes
5096-TELCO,Female,0,Yes,Yes,6,Yes,Yes,Fiber optic,No internet service,No,No,No internet service,No internet service,Yes,Two year,No,Electronic check,63.27,389.14,No
5097-TELCO,Female,0,Yes,No,5,Yes,Yes,Fiber optic,No internet service,Yes,No internet service,Yes,Yes,Yes,Month-to-month,Yes,Bank transfer (automatic),56.99,279.34,Yes
5098-TELCO,Male,0,No,No,28,Yes,No,Fiber optic,Yes,Yes,Yes,No,No internet service,Yes,One year,Yes,Electronic check,75.77,2121.41,Yes
5099-TELCO,Female,0,No,No,69,Yes,Yes,Fiber optic,Yes,Yes,No internet service,No,Yes,No,Month-to-month,No,Mailed check,111.6,7709.67,No
5100-TELCO,Male,0,Yes,No,44,Yes,No,Fiber optic,No,Yes,No internet service,No,No,No internet service,One year,Yes,Mailed check,71.96,3162.91,No
5101-TELCO,Male,0,Yes,No,16,No,Yes,DSL,No,No,Yes,No internet service,Yes,No,Two year,Yes,Credit card (automatic),49.42,784.06,No
5102-TELCO,Female,0,No,No,71,Yes,Yes,Fiber optic,Yes,Yes,No,No,No,No,Month-to-month,Yes,Credit card (automatic),52.58,3731.32,No
5103-TELCO,Male,1,No,Yes,22,No,No,DSL,No internet service,No internet service,No,No,No,No,Month-to-month,Yes,Bank transfer (automatic),38.1,832.86,No
5104-TELCO,Female,0,No,No,23,Yes,Yes,Fiber optic,No,No,No internet service,No internet service,Yes,Yes,Month-to-month,Yes,Electronic check,81.29,1874.64,Yes
5105-TELCO,Female,0,Yes,No,43,Yes,No,Fiber optic,No,No,Yes,Yes,No,No,Month-to-month,No,Electronic check,21.17,918.72,No
5106-TELCO,Male,0,Yes,No,68,Yes,No,DSL,No internet service,No internet service,No,No internet service,Yes,No internet service,Two year,No,Mailed check,87.31,5944.22,No
5107-TELCO,Male,0,No,No,43,Yes,No,Fiber optic,No,No,No internet service,No,No,No,Month-to-month,No,Bank transfer (automatic),108.41,4654.5,No
5108-TELCO,Female,0,No,No,26,No,No,DSL,No,Yes,Yes,Yes,No internet service,No,Month-to-month,Yes,Bank transfer (automatic),83.72,2185.74,Yes
5109-TELCO,Female,0,No,No,41,Yes,Yes,No,No,No,Yes,No,Yes,No,Two year,Yes,Electronic check,102.88,4222.79,No
5110-TELCO,Male,1,No,Yes,70,No,No phone service,DSL,No internet service,No,No internet service,No,No,No,Two year,No,Electronic check,26.8,1881.16,No
5111-TELCO,Male,0,No,No,31,Yes,Yes,No,Yes,No,No internet service,Yes,Yes,Yes,One year,Yes,Mailed check,92.07,2855.17,No
5112-TELCO,Male,1,No,No,17,Yes,Yes,Fiber optic,No,No,No,No,Yes,No internet service,Month-to-month,Yes,Mailed check,94.45,1603.12,No
5113-TELCO,Male,1,Yes,No,9,Yes,No,DSL,No,No,No,No internet service,Yes,No internet service,Two year,No,Mailed check,52.52,467.72,No
5114-TELCO,Female,0,Yes,Yes,55,Yes,No,DSL,No internet service,No,No internet service,Yes,No,No internet service,Month-to-month,No,Electronic check,88.83,4885.06,No
5115-TELCO,Female,0,No,No,6,No,No,DSL,No internet service,No,No internet service,Yes,No,No internet service,Month-to-month,Yes,Bank transfer (automatic),61.79,376.84,Yes
5116-TELCO,Female,1,Yes,Yes,70,Yes,Yes,DSL,Yes,No,No,No,No,Yes,Month-to-month,Yes,Credit card (automatic),90.58,6336.82,No
5117-TELCO,Female,1,No,No,64,Yes,Yes,DSL,Yes,Yes,No,No internet service,Yes,No,Month-to-month,No,Electronic check,88.33,5660.92,No
5118-TELCO,Male,0,No,Yes,4,Yes,No,DSL,Yes,No internet service,No,No,Yes,Yes,One year,No,Electronic check,48.57,187.21,No
5119-TELCO,Male,0,No,No,67,Yes,No phone service,DSL,No,No,Yes,Yes,Yes,Yes,Month-to-month,Yes,Electronic check,21.08,1403.35,No
5120-TELCO,Female,0,Yes,Yes,56,Yes,No,Fiber optic,No internet service,No,Yes,No internet service,No internet service,No internet service,One year,Yes,Mailed check,96.55,5406.86,No
5121-TELCO,Female,1,Yes,No,18,Yes,No,Fiber optic,Yes,No,No internet service,No internet service,Yes,No,Month-to-month,No,Credit card (automatic),47.76,868.26,Yes
5122-TELCO,Female,0,No,No,32,Yes,Yes,Fiber optic,No,Yes,Yes,No,Yes,Yes,Month-to-month,No,Credit card (automatic),76.06,2440.63,No
5123-TELCO,Female,0,No,Yes,48,No,Yes,DSL,No internet service,No,Yes,Yes,Yes,No,Month-to-month,No,Credit card (automatic),81.07,3884.12,No
5124-TELCO,Female,1,No,Yes,29,Yes,No,No,No internet service,No,No,No,No,No internet service,Month-to-month,No,Electronic check,107.2,3101.61,Yes
5125-TELCO,Female,0,Yes,Yes,32,Yes,Yes,Fiber optic,No,No,Yes,Yes,Yes,Yes,Month-to-month,No,Mailed check,21.14,668.39,Yes
5126-TELCO,Female,0,Yes,No,25,Yes,No,Fiber optic,No internet service,No,Yes,Yes,Yes,No,Month-to-month,No,Electronic check,71.81,1801.0,Yes
5127-TELCO,Female,0,No,No,63,Yes,No,DSL,No,No,No,Yes,No internet service,No,Month-to-month,No,Mailed check,81.98,5161.34,No
5128-TELCO,Female,1,No,No,9,Yes,Yes,Fiber optic,No,No,No,No internet service,No,Yes,Month-to-month,Yes,Bank transfer (automatic),79.65,713.52,No
5129-TELCO,Male,0,No,No,71,Yes,No phone service,Fiber optic,Yes,No,Yes,Yes,No,No internet service,Two year,Yes,Mailed check,94.5,6718.0,No
5130-TELCO,Female,0,Yes,Yes,14,Yes,No,No,No,No,No,No,No,No,Month-to-month,No,Electronic check,24.42,344.69,Yes
5131-TELCO,Male,0,Yes,No,20,Yes,No,No,No,Yes,No,Yes,Yes,Yes,Month-to-month,Yes,Bank transfer (automatic),41.3,834.61,Yes
5132-TELCO,Male,0,Yes,No,10,Yes,No,Fiber optic,No,No,Yes,No,No,No,One year,No,Mailed check,82.63,821.09,Yes
5133-TELCO,Female,0,No,No,11,Yes,No,Fiber optic,Yes,No,No internet service,No,No internet service,Yes,Month-to-month,Yes,Credit card (automatic),52.19,578.93,No
5134-TELCO,Female,0,No,No,39,Yes,Yes,Fiber optic,Yes,No,Yes,Yes,Yes,Yes,Month-to-month,Yes,Electronic check,44.34,1721.14,Yes
5135-TELCO,Male,0,Yes,No,19,Yes,No,DSL,Yes,No,No,No internet service,No internet service,Yes,Month-to-month,Yes,Bank transfer (automatic),56.14,1069.96,Yes
5136-TELCO,Male,0,Yes,No,19,Yes,No,Fiber optic,No internet service,No internet service,No,Yes,No internet service,No,Two year,Yes,Bank transfer (automatic),105.3,1999.32,No
5137-TELCO,Female,0,No,No,43,Yes,No,DSL,No internet service,Yes,Yes,Yes,No internet service,Yes,Two year,Yes,Credit card (automatic),39.61,1693.86,No
5138-TELCO,Male,0,Yes,Yes,61,Yes,No,Fiber optic,Yes,Yes,Yes,No internet service,No,Yes,Two year,Yes,Credit card (automatic),98.67,6010.56,No
5139-TELCO,Female,0,No,No,70,No,No,DSL,Yes,No,No internet service,No internet service,Yes,No,Month-to-month,Yes,Electronic check,54.48,3822.41,No
5140-TELCO,Female,0,No,Yes,72,Yes,Yes,DSL,No internet service,Yes,No,No internet service,Yes,No,Month-to-month,No,Bank transfer (automatic),85.52,6163.14,No
5141-TELCO,Female,0,Yes,No,65,Yes,Yes,Fiber optic,Yes,No internet service,No,No internet service,No,Yes,One year,No,Bank transfer (automatic),32.77,2136.07,No
5142-TELCO,Male,0,Yes,No,23,Yes,No,DSL,No internet service,Yes,No,No internet service,Yes,No,Month-to-month,No,Bank transfer (automatic),35.05,796.79,Yes
5143-TELCO,Male,0,No,Yes,60,Yes,Yes,Fiber optic,No,No,Yes,No internet service,Yes,Yes,Month-to-month,Yes,Credit card (automatic),31.5,1894.98,No
5144-TELCO,Female,0,Yes,Yes,10,Yes,No,Fiber optic,No,No internet service,No,Yes,No,Yes,Two year,No,Electronic check,103.02,1020.74,Yes
5145-TELCO,Male,0,Yes,No,63,Yes,No,No,No,Yes,No,No internet service,No,Yes,Month-to-month,No,Bank transfer (automatic),88.63,5579.38,No
5146-TELCO,Male,0,No,Yes,2,Yes,Yes,Fiber optic,Yes,No,No,No,Yes,No,Two year,Yes,Bank transfer (automatic),106.78,213.52,No
5147-TELCO,Male,0,No,No,36,Yes,Yes,Fiber optic,Yes,Yes,No,No,No,No,Month-to-month,No,Electronic check,81.05,2915.64,No
5148-TELCO,Male,0,No,Yes,57,Yes,No phone service,No,No internet service,No internet service,No,Yes,No,Yes,Month-to-month,No,Bank transfer (automatic),82.84,4714.7,No
5149-TELCO,Male,0,Yes,No,66,Yes,No,DSL,No internet service,Yes,Yes,No,No,No,Month-to-month,No,Mailed check,71.27,4713.48,No
5150-TELCO,Male,0,Yes,No,20,Yes,No phone service,Fiber optic,No,Yes,No,No,Yes,No,One year,No,Bank transfer (automatic),24.15,474.07,Yes
5151-TELCO,Male,0,Yes,Yes,42,Yes,No,Fiber optic,No internet service,No internet service,No internet service,No internet service,No,Yes,Month-to-month,Yes,Bank transfer (automatic),21.8,919.27,No
5152-TELCO,Female,0,Yes,No,21,Yes,No,DSL,No internet service,Yes,No,No,No internet service,No,Month-to-month,Yes,Electronic check,67.84,1430.46,Yes
5153-TELCO,Male,0,No,No,66,Yes,Yes,DSL,Yes,No,No,Yes,Yes,Yes,Two year,No,Credit card (automatic),68.14,4492.8,No
5154-TELCO,Male,0,Yes,No,38,Yes,No,Fiber optic,No,Yes,Yes,No,No,Yes,One year,Yes,Credit card (automatic),40.75,1546.64,No
5155-TELCO,Male,0,No,No,69,Yes,No phone service,DSL,Yes,Yes,No,No,Yes,No internet service,One year,Yes,Bank transfer (automatic),77.37,5330.21,No
5156-TELCO,Male,0,Yes,Yes,24,No,No,DSL,Yes,No internet service,No internet service,No,No,No,Month-to-month,Yes,Credit card (automatic),108.67,2605.27,No
5157-TELCO,Male,0,Yes,Yes,26,Yes,Yes,Fiber optic,No,Yes,No,Yes,No internet service,No,One year,Yes,Electronic check,96.92,2516.87,No
5158-TELCO,Male,0,No,No,2,Yes,No,Fiber optic,Yes,Yes,No,Yes,Yes,No internet service,One year,Yes,Credit card (automatic),75.19,140.98,No
5159-TELCO,Male,0,Yes,Yes,46,Yes,No,Fiber optic,Yes,No internet service,No internet service,No,No,Yes,Two year,Yes,Credit card (automatic),44.63,2048.26,No
5160-TELCO,Male,1,Yes,No,34,Yes,No,DSL,No,No,Yes,No,Yes,Yes,One year,Yes,Electronic check,42.28,1446.07,No
5161-TELCO,Female,0,Yes,No,62,Yes,Yes,DSL,Yes,No,No,Yes,Yes,No internet service,Month-to-month,Yes,Mailed check,101.85,6318.24,No
5162-TELCO,Male,0,Yes,No,41,Yes,No,Fiber optic,Yes,Yes,No,Yes,Yes,Yes,Month-to-month,Yes,Bank transfer (automatic),55.24,2255.13,No
5163-TELCO,Male,0,No,No,15,Yes,No phone service,Fiber optic,Yes,No,No,No,No,No,Two year,No,Mailed check,79.95,1199.61,No
5164-TELCO,Male,0,Yes,No,55,Yes,No,No,No internet service,Yes,Yes,No internet service,No,No internet service,Two year,No,Credit card (automatic),107.24,5895.17,No
5165-TELCO,Male,0,No,No,3,Yes,No,Fiber optic,No,No internet service,No,No internet service,Yes,Yes,Month-to-month,No,Electronic check,55.26,175.48,Yes
5166-TELCO,Female,0,No,Yes,38,Yes,No,No,No internet service,No,Yes,No,No internet service,No internet service,Month-to-month,Yes,Electronic check,88.91,3387.55,No
5167-TELCO,Female,0,No,No,51,Yes,No phone service,DSL,No internet service,No,No internet service,No,Yes,No,Month-to-month,Yes,Credit card (automatic),98.81,5043.04,No
5168-TELCO,Female,0,Yes,No,17,Yes,No,Fiber optic,No internet service,Yes,No internet service,Yes,No internet service,No internet service,Month-to-month,Yes,Electronic check,33.24,555.45,Yes
5169-TELCO,Female,0,No,Yes,49,Yes,Yes,Fiber optic,Yes,No,Yes,No,Yes,Yes,Month-to-month,Yes,Credit card (automatic),26.05,1269.39,Yes
5170-TELCO,Female,0,Yes,No,21,Yes,No,Fiber optic,No internet service,No internet service,No,No,No internet service,No,Two year,Yes,Bank transfer (automatic),101.13,2128.93,No
5171-TELCO,Female,1,No,No,24,Yes,Yes,No,No,No internet service,No internet service,No,No,No internet service,One year,No,Mailed check,108.9,2615.63,No
5172-TELCO,Female,0,No,No,40,Yes,No,Fiber optic,Yes,Yes,Yes,Yes,No internet service,Yes,Month-to-month,Yes,Bank transfer (automatic),58.77,2345.46,Yes
5173-TELCO,Female,0,Yes,Yes,20,Yes,Yes,Fiber optic,No,No internet service,Yes,No,No,Yes,Month-to-month,Yes,Bank transfer (automatic),67.24,1336.96,No
5174-TELCO,Female,0,No,No,35,Yes,Yes,No,No,Yes,No,Yes,No,Yes,Month-to-month,Yes,Mailed check,92.23,3225.38,Yes
5175-TELCO,Female,0,No,No,48,Yes,Yes,DSL,Yes,No,No,No,Yes,No internet service,Two year,Yes,Electronic check,37.69,1816.65,No
5176-TELCO,Female,0,No,No,33,Yes,Yes,DSL,Yes,No internet service,No,No,No,Yes,Month-to-month,No,Credit card (automatic),19.7,650.88,No
5177-TELCO,Female,0,Yes,No,56,Yes,No,Fiber optic,No,No internet service,No internet service,No internet service,No internet service,Yes,Month-to-month,No,Credit card (automatic),104.04,5822.07,No
5178-TELCO,Female,0,No,Yes,41,Yes,Yes,DSL,No internet service,Yes,No internet service,No,No,No internet service,Two year,No,Credit card (automatic),84.2,3443.98,No
5179-TELCO,Female,0,No,No,54,Yes,No,Fiber optic,No,Yes,No internet service,Yes,No,No,One year,No,Mailed check,86.7,4675.42,No
5180-TELCO,Female,0,Yes,No,44,Yes,Yes,No,No,Yes,Yes,No internet service,Yes,No,Month-to-month,No,Bank transfer (automatic),76.36,3358.18,No
5181-TELCO,Female,0,No,No,72,Yes,No,Fiber optic,Yes,No,Yes,No,No internet service,No,One year,Yes,Credit card (automatic),74.63,5378.51,No
5182-TELCO,Male,0,Yes,Yes,11,Yes,No,Fiber optic,No,Yes,No internet service,No internet service,Yes,No,One year,Yes,Mailed check,116.19,1277.79,Yes
5183-TELCO,Female,0,Yes,No,14,No,Yes,DSL,Yes,No,No,Yes,Yes,No,Month-to-month,Yes,Credit card (automatic),81.57,1141.4,Yes
5184-TELCO,Male,0,No,Yes,42,Yes,No,DSL,No internet service,Yes,No,No,Yes,No internet service,Two year,Yes,Credit card (automatic),32.29,1351.74,No
5185-TELCO,Female,0,No,No,12,Yes,Yes,DSL,No internet service,Yes,No,No,No,Yes,Month-to-month,No,Electronic check,45.14,536.68,Yes
5186-TELCO,Female,0,No,No,17,Yes,Yes,Fiber optic,No,No internet service,No internet service,Yes,No,No internet service,Two year,Yes,Bank transfer (automatic),46.12,787.48,No
5187-TELCO,Male,0,No,No,25,Yes,No,DSL,No internet service,No,Yes,No internet service,Yes,Yes,Two year,Yes,Bank transfer (automatic),39.26,985.78,No
5188-TELCO,Female,0,Yes,Yes,26,Yes,No,Fiber optic,No,Yes,No internet service,No,No,Yes,Month-to-month,No,Mailed check,105.09,2741.57,No
5189-TELCO,Male,0,Yes,Yes,47,No,No,Fiber optic,Yes,No,No,Yes,Yes,No,One year,No,Credit card (automatic),70.59,3325.72,No
5190-TELCO,Male,0,No,No,25,Yes,Yes,Fiber optic,No,No internet service,No internet service,Yes,No,No internet service,Two year,Yes,Credit card (automatic),66.32,1659.71,No
5191-TELCO,Male,0,Yes,No,60,Yes,Yes,DSL,No internet service,No,No,No,No internet service,Yes,One year,Yes,Credit card (automatic),117.44,7048.62,No
5192-TELCO,Female,0,No,No,60,Yes,Yes,DSL,No,No,No,Yes,Yes,Yes,One year,Yes,Mailed check,22.32,1337.03,Yes
5193-TELCO,Female,0,No,No,27,Yes,Yes,Fiber optic,No,No internet service,No,No,Yes,No,Two year,No,Electronic check,63.47,1723.15,No
5194-TELCO,Female,0,Yes,No,43,Yes,No phone service,No,No,No,No,No,Yes,No internet service,One year,Yes,Electronic check,39.78,1718.88,No
5195-TELCO,Male,0,Yes,No,20,Yes,No,Fiber optic,No,No,No,Yes,No,Yes,Month-to-month,Yes,Credit card (automatic),61.2,1214.85,No
5196-TELCO,Male,0,No,No,63,Yes,No,Fiber optic,Yes,No,No,Yes,Yes,Yes,Month-to-month,No,Mailed check,34.52,2172.2,No
5197-TELCO,Female,1,No,Yes,25,Yes,No,No,No,No internet service,Yes,No,No,No,Month-to-month,Yes,Electronic check,32.71,815.77,Yes
5198-TELCO,Female,0,No,No,27,No,No,DSL,No,No,No internet service,No,No internet service,Yes,Month-to-month,No,Credit card (automatic),45.11,1213.35,No
5199-TELCO,Female,0,No,No,52,Yes,No,Fiber optic,No internet service,No internet service,No internet service,Yes,Yes,Yes,Month-to-month,No,Mailed check,30.81,1600.94,No
5200-TELCO,Female,0,No,No,10,No,Yes,Fiber optic,No,No,Yes,Yes,Yes,No internet service,Month-to-month,Yes,Electronic check,113.52,1134.22,Yes
5201-TELCO,Female,1,Yes,Yes,50,Yes,No,DSL,No,No,No internet service,No,No,No,Month-to-month,No,Bank transfer (automatic),30.85,1548.04,No
5202-TELCO,Male,0,Yes,No,30,No,No,No,Yes,No,No,Yes,No,Yes,Month-to-month,Yes,Mailed check,65.08,1960.61,Yes
5203-TELCO,Male,0,Yes,No,1,Yes,No phone service,Fiber optic,No internet service,No internet service,No,No internet service,No internet service,No internet service,One year,Yes,Mailed check,96.58,97.14,No
5204-TELCO,Male,0,Yes,No,54,Yes,Yes,DSL,No,No,No,No,Yes,No,Month-to-month,Yes,Mailed check,103.14,5564.7,No
5205-TELCO,Female,0,Yes,No,4,Yes,No,DSL,No,Yes,No,No,No internet service,No,One year,Yes,Electronic check,114.81,459.96,No
5206-TELCO,Male,0,Yes,No,7,Yes,No,Fiber optic,Yes,Yes,No,Yes,Yes,No,Two year,Yes,Electronic check,74.14,512.54,No
5207-TELCO,Male,0,Yes,No,30,Yes,Yes,Fiber optic,Yes,No,No,No internet service,Yes,No internet service,One year,Yes,Mailed check,49.6,1485.02,No
5208-TELCO,Male,0,Yes,No,65,Yes,No,No,Yes,Yes,No,No,No internet service,No internet service,One year,No,Credit card (automatic),82.4,5356.7,No
5209-TELCO,Male,0,No,Yes,29,No,No,Fiber optic,No internet service,No,Yes,No internet service,No,Yes,One year,Yes,Credit card (automatic),77.93,2269.0,No
5210-TELCO,Male,0,No,Yes,25,Yes,Yes,Fiber optic,No,Yes,No,No,Yes,Yes,Month-to-month,No,Electronic check,77.57,1938.63,Yes
5211-TELCO,Female,0,Yes,Yes,40,Yes,No,DSL,No,No,No,Yes,Yes,No,Month-to-month,Yes,Credit card (automatic),54.04,2151.8,Yes
5212-TELCO,Male,0,No,No,26,Yes,No,DSL,No internet service,Yes,No internet service,No internet service,Yes,Yes,Two year,Yes,Mailed check,106.54,2762.24,No
5213-TELCO,Female,0,Yes,No,17,Yes,No,Fiber optic,Yes,Yes,Yes,No,Yes,No,Month-to-month,Yes,Mailed check,74.02,1256.32,Yes
5214-TELCO,Female,0,No,No,31,Yes,No,No,Yes,No,Yes,No,No,Yes,Two year,Yes,Mailed check,78.99,2442.07,No
5215-TELCO,Female,1,Yes,Yes,61,Yes,Yes,Fiber optic,Yes,No,No,Yes,No,No internet service,Month-to-month,Yes,Credit card (automatic),61.74,3762.6,No
5216-TELCO,Female,1,No,Yes,8,Yes,No phone service,Fiber optic,No,Yes,Yes,Yes,No internet service,Yes,Month-to-month,Yes,Mailed check,41.61,340.3,Yes
5217-TELCO,Female,0,Yes,Yes,69,Yes,Yes,Fiber optic,No internet service,Yes,No,No,No,Yes,One year,No,Electronic check,40.81,2819.66,No
5218-TELCO,Male,0,No,Yes,1,No,No,Fiber optic,No internet service,Yes,Yes,Yes,Yes,Yes,Two year,Yes,Credit card (automatic),81.71,84.43,Yes
5219-TELCO,Male,1,Yes,Yes,71,Yes,No,DSL,No,No internet service,No,No,No internet service,Yes,One year,Yes,Credit card (automatic),19.56,1386.62,No
5220-TELCO,Female,0,No,No,46,Yes,No,Fiber optic,No,No,No,Yes,No,No,One year,No,Mailed check,112.01,5157.89,No
5221-TELCO,Female,0,Yes,No,20,No,Yes,Fiber optic,No internet service,No,No,No internet service,Yes,No,One year,Yes,Mailed check,62.07,1251.37,No
5222-TELCO,Female,0,Yes,No,40,No,Yes,Fiber optic,No,No internet service,Yes,Yes,Yes,No,One year,Yes,Electronic check,104.65,4182.66,No
5223-TELCO,Male,0,No,No,2,No,No,Fiber optic,Yes,No,No internet service,No,Yes,Yes,Month-to-month,No,Electronic check,61.64,126.64,Yes
5224-TELCO,Female,0,Yes,No,61,Yes,Yes,DSL,No,No internet service,No internet service,No internet service,No internet service,No,Month-to-month,Yes,Electronic check,30.02,1825.26,No
5225-TELCO,Male,1,No,No,71,Yes,No,Fiber optic,No,No,Yes,Yes,No,Yes,Two year,No,Credit card (automatic),28.89,2043.16,No
5226-TELCO,Female,0,Yes,No,30,Yes,No,Fiber optic,No,Yes,No internet service,No,No,No,Two year,No,Mailed check,18.4,561.42,No
5227-TELCO,Male,0,Yes,No,30,Yes,No,DSL,Yes,No,No,No,No internet service,Yes,Month-to-month,Yes,Electronic check,47.37,1415.18,No
5228-TELCO,Female,0,No,Yes,45,Yes,No,Fiber optic,No,Yes,No,No,No internet service,No internet service,Month-to-month,No,Credit card (automatic),61.69,2768.1,Yes
5229-TELCO,Male,0,Yes,Yes,24,Yes,No,Fiber optic,No,No,Yes,Yes,Yes,No internet service,One year,Yes,Bank transfer (automatic),20.65,495.26,No
5230-TELCO,Female,0,Yes,Yes,56,Yes,No phone service,No,Yes,No,No,Yes,No internet service,Yes,Month-to-month,No,Credit card (automatic),63.86,3580.09,Yes
5231-TELCO,Male,0,No,No,61,No,No phone service,No,No,Yes,Yes,Yes,Yes,No internet service,Month-to-month,Yes,Electronic check,31.29,1898.7,No
5232-TELCO,Male,0,No,Yes,13,No,No,Fiber optic,Yes,Yes,No,No,No internet service,Yes,Month-to-month,No,Credit card (automatic),72.49,940.36,No
5233-TELCO,Male,0,No,No,56,Yes,No,DSL,No,Yes,No internet service,Yes,No internet service,No internet service,Month-to-month,Yes,Credit card (automatic),80.1,4484.99,No
5234-TELCO,Male,0,Yes,Yes,15,Yes,Yes,Fiber optic,Yes,No internet service,No,No,No,Yes,Month-to-month,Yes,Credit card (automatic),69.27,1038.91,No
5235-TELCO,Male,0,No,No,11,Yes,Yes,Fiber optic,No internet service,Yes,No internet service,No,No,Yes,Month-to-month,Yes,Credit card (automatic),70.27,771.0,Yes
5236-TELCO,Male,1,Yes,Yes,12,Yes,Yes,Fiber optic,Yes,Yes,No,No,No,No internet service,Month-to-month,No,Credit card (automatic),34.57,407.9,Yes
5237-TELCO,Male,0,Yes,No,3,Yes,No,DSL,No,No internet service,Yes,No internet service,Yes,Yes,Two year,No,Credit card (automatic),78.41,239.48,No
5238-TELCO,Female,0,No,Yes,24,Yes,No,Fiber optic,Yes,Yes,Yes,No internet service,Yes,No,Month-to-month,No,Credit card (automatic),116.42,2796.83,Yes
5239-TELCO,Female,0,Yes,Yes,9,Yes,Yes,Fiber optic,Yes,No internet service,Yes,Yes,Yes,No,One year,Yes,Mailed check,116.32,1037.54,No
5240-TELCO,Female,0,Yes,No,46,Yes,No,DSL,No,No,No,No internet service,No internet service,No internet service,Month-to-month,Yes,Electronic check,53.34,2455.7,No
5241-TELCO,Female,0,Yes,No,71,Yes,No,No,Yes,No internet service,No,No,No,No internet service,Month-to-month,Yes,Electronic check,91.46,6498.72,No
5242-TELCO,Female,0,No,Yes,60,Yes,No,Fiber optic,No,Yes,No,No internet service,No,No,Month-to-month,Yes,Electronic check,62.63,3750.32,No
5243-TELCO,Male,0,No,No,11,Yes,Yes,Fiber optic,Yes,Yes,No,No,Yes,No,Month-to-month,Yes,Credit card (automatic),32.09,358.24,Yes
5244-TELCO,Male,0,No,No,10,Yes,Yes,Fiber optic,No,No internet service,Yes,No,No internet service,Yes,Month-to-month,Yes,Credit card (automatic),92.66,921.8,Yes
5245-TELCO,Male,0,Yes,No,3,No,Yes,DSL,No,No internet service,Yes,No,Yes,Yes,One year,No,Mailed check,52.83,162.04,No
5246-TELCO,Male,0,No,No,19,Yes,Yes,Fiber optic,No internet service,No,No,Yes,Yes,No,Month-to-month,Yes,Mailed check,94.72,1803.06,No
5247-TELCO,Male,0,No,No,2,No,Yes,DSL,No,No,No,Yes,Yes,Yes,Month-to-month,No,Mailed check,56.38,114.07,Yes
5248-TELCO,Female,0,Yes,Yes,17,Yes,No,No,No internet service,Yes,No internet service,Yes,No internet service,Yes,Month-to-month,Yes,Mailed check,35.84,603.73,No
5249-TELCO,Female,0,Yes,No,2,Yes,No phone service,Fiber optic,No internet service,No,No,No internet service,No internet service,Yes,Two year,Yes,Mailed check,103.98,203.44,No
5250-TELCO,Female,0,Yes,No,53,Yes,No phone service,DSL,No,No,No,No internet service,No internet service,Yes,One year,Yes,Bank transfer (automatic),23.46,1242.84,Yes
5251-TELCO,Female,0,Yes,No,16,Yes,No,Fiber optic,No internet service,No,No internet service,No internet service,No,No,Two year,No,Electronic check,54.99,870.37,No
5252-TELCO,Male,0,No,No,10,Yes,No phone service,Fiber optic,No,No,Yes,No internet service,No internet service,Yes,Month-to-month,Yes,Mailed check,85.84,856.73,Yes
5253-TELCO,Male,0,Yes,No,68,Yes,No,Fiber optic,Yes,Yes,No internet service,No internet service,No,No internet service,Two year,No,Mailed check,107.33,7302.31,No
5254-TELCO,Male,0,Yes,No,43,Yes,No phone service,Fiber optic,No internet service,No,Yes,No,Yes,Yes,One year,Yes,Electronic check,34.44,1470.97,No
5255-TELCO,Female,1,No,No,58,Yes,Yes,DSL,Yes,Yes,No internet service,Yes,No,Yes,Month-to-month,Yes,Credit card (automatic),27.9,1622.98,No
5256-TELCO,Male,1,No,No,60,Yes,No,No,No,No,Yes,No,No internet service,Yes,One year,No,Mailed check,48.61,2915.22,No
5257-TELCO,Female,0,No,No,24,No,No,DSL,No,Yes,No,No,No internet service,No,Month-to-month,Yes,Mailed check,44.0,1055.74,Yes
5258-TELCO,Male,0,Yes,No,16,Yes,No,Fiber optic,No,No,No internet service,No,No,No,Month-to-month,No,Electronic check,88.02,1402.76,No
5259-TELCO,Male,0,Yes,Yes,9,Yes,Yes,DSL,No,Yes,Yes,No,Yes,Yes,Month-to-month,Yes,Mailed check,42.14,377.54,Yes
5260-TELCO,Female,0,Yes,No,6,Yes,Yes,DSL,Yes,Yes,Yes,Yes,No,Yes,One year,No,Mailed check,80.96,485.88,Yes
5261-TELCO,Male,0,Yes,No,65,No,No,Fiber optic,No,Yes,Yes,Yes,No internet service,No internet service,Month-to-month,Yes,Credit card (automatic),84.18,5481.28,No
5262-TELCO,Male,0,Yes,No,24,Yes,Yes,DSL,Yes,Yes,Yes,No,Yes,No,Two year,No,Electronic check,99.21,2383.43,No
5263-TELCO,Female,0,No,No,10,Yes,No,No,Yes,Yes,No,Yes,No internet service,No,Two year,Yes,Electronic check,78.89,791.51,No
5264-TELCO,Male,1,Yes,No,27,No,Yes,Fiber optic,No internet service,Yes,No internet service,No,Yes,No,One year,Yes,Bank transfer (automatic),110.81,3001.81,No
5265-TELCO,Female,0,Yes,No,3,Yes,No,No,No,Yes,Yes,No,No internet service,No,Two year,Yes,Bank transfer (automatic),87.81,254.15,No
5266-TELCO,Male,0,Yes,No,38,Yes,No,Fiber optic,No,Yes,Yes,No,No,No,Month-to-month,Yes,Bank transfer (automatic),42.62,1626.99,No
5267-TELCO,Male,0,No,Yes,17,Yes,No phone service,DSL,Yes,No internet service,Yes,Yes,Yes,No internet service,Two year,Yes,Electronic check,112.71,1921.89,No
5268-TELCO,Male,0,No,Yes,48,Yes,No,Fiber optic,No,Yes,Yes,No,Yes,No internet service,One year,No,Credit card (automatic),37.34,1783.26,No
5269-TELCO,Male,0,No,No,49,Yes,Yes,DSL,No,No,No internet service,No internet service,No internet service,No,Month-to-month,No,Credit card (automatic),36.94,1808.9,No
5270-TELCO,Male,0,Yes,No,43,No,Yes,Fiber optic,No,No,Yes,No internet service,No,Yes,Month-to-month,Yes,Credit card (automatic),92.85,3992.9,No
5271-TELCO,Male,0,Yes,No,7,No,No,Fiber optic,Yes,No,No,No internet service,No,No internet service,Month-to-month,Yes,Electronic check,70.41,483.53,Yes
5272-TELCO,Male,0,Yes,No,68,Yes,No,Fiber optic,No,Yes,Yes,No internet service,Yes,No,One year,No,Credit card (automatic),34.33,2333.4,No
5273-TELCO,Male,0,Yes,No,21,Yes,No,DSL,No,Yes,Yes,No,Yes,No,Two year,No,Electronic check,29.7,631.31,No
5274-TELCO,Female,0,No,No,25,Yes,No phone service,Fiber optic,No internet service,No,Yes,No internet service,No,No,One year,Yes,Electronic check,35.27,872.32,No
5275-TELCO,Female,1,No,No,61,Yes,Yes,Fiber optic,Yes,No,Yes,No,No,No,Month-to-month,No,Electronic check,111.36,6799.52,No
5276-TELCO,Male,0,No,No,28,Yes,No,Fiber optic,Yes,No,Yes,Yes,No internet service,No,Month-to-month,Yes,Electronic check,77.19,2168.09,Yes
5277-TELCO,Male,1,No,No,52,Yes,No,DSL,No internet service,No,No internet service,No,No,No internet service,Two year,No,Credit card (automatic),91.53,4749.62,No
5278-TELCO,Female,0,No,No,13,Yes,Yes,Fiber optic,No,No,No,Yes,Yes,No internet service,Month-to-month,No,Credit card (automatic),31.12,412.74,Yes
5279-TELCO,Male,0,Yes,No,34,Yes,No,Fiber optic,No,No internet service,No,Yes,No,No,Month-to-month,No,Electronic check,56.37,1920.89,No
5280-TELCO,Male,0,No,No,67,Yes,No,Fiber optic,No internet service,No,No,No,No,Yes,One year,No,Bank transfer (automatic),74.22,4981.54,No
5281-TELCO,Female,0,Yes,No,4,Yes,No,Fiber optic,No,Yes,Yes,Yes,Yes,No,One year,Yes,Electronic check,69.48,286.5,No
5282-TELCO,Male,1,No,Yes,44,Yes,No,Fiber optic,Yes,No internet service,Yes,No,No internet service,No,Two year,Yes,Electronic check,55.69,2445.33,No
5283-TELCO,Male,0,Yes,Yes,15,Yes,No,DSL,Yes,No,Yes,No internet service,No,No,Month-to-month,Yes,Bank transfer (automatic),27.87,418.4,No
5284-TELCO,Female,0,Yes,Yes,8,Yes,No phone service,No,No,No,Yes,Yes,Yes,No internet service,Month-to-month,Yes,Mailed check,86.88,694.83,No
5285-TELCO,Male,0,No,Yes,5,Yes,Yes,Fiber optic,No internet service,No internet service,No internet service,No,No internet service,Yes,Two year,Yes,Electronic check,78.34,395.88,Yes
5286-TELCO,Male,0,Yes,Yes,66,Yes,Yes,Fiber optic,No,No,Yes,No,No internet service,No,Month-to-month,No,Electronic check,60.51,3995.3,No
5287-TELCO,Female,0,Yes,No,46,Yes,Yes,Fiber optic,No,No,No,No internet service,No internet service,Yes,Month-to-month,Yes,Electronic check,111.42,5134.6,No
5288-TELCO,Male,0,Yes,No,65,Yes,Yes,DSL,Yes,No,No,No,No internet service,No internet service,Month-to-month,Yes,Mailed check,94.23,6125.04,No
5289-TELCO,Female,0,Yes,No,66,Yes,No,Fiber optic,No,No,No,No,Yes,No,Month-to-month,Yes,Mailed check,54.92,3622.19,No
5290-TELCO,Male,0,No,No,26,No,No,Fiber optic,No internet service,No internet service,No,No,No internet service,No internet service,Month-to-month,Yes,Mailed check,23.56,622.4,No
5291-TELCO,Male,1,No,No,31,Yes,Yes,DSL,No internet service,Yes,Yes,No internet service,No,No,Month-to-month,Yes,Mailed check,98.69,3061.27,No
5292-TELCO,Female,0,Yes,No,51,Yes,No,DSL,No,No,No,Yes,No,No,Month-to-month,No,Credit card (automatic),62.48,3184.67,Yes
5293-TELCO,Female,0,Yes,No,41,Yes,No phone service,Fiber optic,No,Yes,No,No,No internet service,Yes,Two year,Yes,Credit card (automatic),65.71,2691.19,No
5294-TELCO,Male,0,No,No,51,Yes,No phone service,DSL,No,Yes,No,Yes,No,No,Month-to-month,No,Mailed check,77.28,3945.43,Yes
5295-TELCO,Female,0,Yes,No,19,Yes,Yes,No,No,No,No internet service,No internet service,No internet service,No,One year,Yes,Credit card (automatic),84.63,1615.75,Yes
5296-TELCO,Female,0,Yes,No,3,No,No phone service,DSL,No,Yes,No,No,No,Yes,Two year,Yes,Electronic check,79.42,231.8,No
5297-TELCO,Male,0,Yes,No,38,Yes,No,No,No,Yes,No,No,No,No internet service,Two year,Yes,Electronic check,46.53,1765.59,No
5298-TELCO,Male,0,No,Yes,70,Yes,No,No,Yes,No internet service,No,No,No,Yes,Month-to-month,Yes,Mailed check,36.13,2520.41,No
5299-TELCO,Male,0,Yes,No,45,Yes,Yes,Fiber optic,Yes,No,No internet service,No,No,Yes,Month-to-month,Yes,Electronic check,21.07,943.63,No
5300-TELCO,Female,0,Yes,Yes,71,Yes,No,No,Yes,No,No,No,No,Yes,Month-to-month,No,Bank transfer (automatic),19.56,1397.11,No
5301-TELCO,Female,0,No,Yes,41,Yes,No,No,Yes,No,No internet service,No,No internet service,No,One year,No,Bank transfer (automatic),107.58,4413.68,No
5302-TELCO,Female,0,Yes,No,25,Yes,Yes,DSL,No,Yes,Yes,No,Yes,Yes,Two year,Yes,Credit card (automatic),118.2,2963.24,No
5303-TELCO,Female,0,No,No,50,Yes,Yes,No,Yes,No,No internet service,Yes,No internet service,No,Month-to-month,Yes,Bank transfer (automatic),54.19,2710.64,Yes
5304-TELCO,Male,1,Yes,No,1,Yes,No,DSL,Yes,No,No,No internet service,No,Yes,Two year,No,Mailed check,39.66,49.4,No
5305-TELCO,Female,0,Yes,No,54,Yes,No,DSL,Yes,No,No internet service,No,No internet service,No,Month-to-month,Yes,Electronic check,58.39,3155.77,No
5306-TELCO,Male,1,Yes,No,13,Yes,Yes,Fiber optic,No,Yes,Yes,No,Yes,Yes,Two year,Yes,Electronic check,28.63,376.61,No
5307-TELCO,Female,0,Yes,No,40,Yes,Yes,DSL,No,Yes,Yes,No internet service,No internet service,Yes,One year,Yes,Electronic check,81.54,3268.86,No
5308-TELCO,Male,0,No,Yes,21,Yes,No phone service,DSL,No internet service,No internet service,No internet service,No,No,Yes,Month-to-month,Yes,Electronic check,40.86,855.15,Yes
5309-TELCO,Male,0,No,No,41,Yes,No,No,No,Yes,Yes,No internet service,No internet service,Yes,One year,Yes,Credit card (automatic),50.15,2052.08,No
5310-TELCO,Male,0,Yes,No,61,Yes,No,No,Yes,Yes,No,No,Yes,Yes,Two year,No,Electronic check,104.22,6350.88,No
5311-TELCO,Female,0,Yes,No,33,Yes,Yes,No,No,Yes,No internet service,No,No internet service,No,Month-to-month,Yes,Bank transfer (automatic),75.44,2493.65,No
5312-TELCO,Male,0,Yes,Yes,29,Yes,Yes,Fiber optic,No internet service,No internet service,Yes,Yes,No internet service,Yes,Month-to-month,No,Bank transfer (automatic),31.8,928.57,Yes
5313-TELCO,Male,1,No,Yes,55,Yes,No,No,No,No,No,No,No,No internet service,Two year,Yes,Electronic check,27.85,1529.53,No
5314-TELCO,Female,0,No,No,32,Yes,No,DSL,No,No internet service,Yes,Yes,No,No,Month-to-month,Yes,Electronic check,84.0,2678.02,Yes
5315-TELCO,Male,0,Yes,No,11,Yes,Yes,No,No internet service,No internet service,Yes,No internet service,No,No,Month-to-month,No,Mailed check,34.6,388.76,Yes
5316-TELCO,Female,0,No,No,52,Yes,Yes,Fiber optic,No,No internet service,No,Yes,Yes,Yes,Two year,Yes,Credit card (automatic),38.03,1982.03,No
5317-TELCO,Female,0,No,No,36,Yes,Yes,No,No internet service,No,Yes,No,No,No,One year,Yes,Bank transfer (automatic),78.73,2841.99,No
5318-TELCO,Male,0,No,Yes,31,Yes,Yes,Fiber optic,No internet service,No,No,No,No internet service,Yes,One year,Yes,Credit card (automatic),109.76,3410.11,No
5319-TELCO,Male,0,Yes,No,14,Yes,No,No,No,No internet service,No internet service,No internet service,Yes,No internet service,One year,No,Electronic check,72.66,1017.07,No
5320-TELCO,Female,0,Yes,No,63,No,No,No,No,Yes,Yes,No,No,Yes,One year,No,Mailed check,65.32,4120.26,No
5321-TELCO,Male,0,Yes,Yes,52,Yes,Yes,No,Yes,Yes,No internet service,No,No,Yes,Two year,Yes,Electronic check,104.55,5443.56,No
5322-TELCO,Female,1,No,No,54,Yes,No,Fiber optic,No,Yes,No,Yes,Yes,No,Month-to-month,Yes,Mailed check,47.75,2569.38,No
5323-TELCO,Female,0,No,No,50,Yes,No,No,No,No,Yes,Yes,No,No internet service,Two year,No,Electronic check,21.73,1092.74,No
5324-TELCO,Female,0,No,No,54,Yes,No,Fiber optic,No,Yes,Yes,No,No internet service,No,Month-to-month,Yes,Credit card (automatic),74.3,4012.21,No
5325-TELCO,Male,1,Yes,Yes,35,Yes,Yes,DSL,Yes,No internet service,Yes,Yes,No,Yes,Month-to-month,Yes,Credit card (automatic),31.51,1099.96,No
5326-TELCO,Female,0,Yes,No,30,No,No phone service,Fiber optic,No,No internet service,No,No internet service,No,No internet service,Two year,Yes,Credit card (automatic),24.34,723.63,No
5327-TELCO,Male,0,Yes,No,55,Yes,No,DSL,No,Yes,No,No,No,No,Month-to-month,No,Electronic check,28.0,1534.5,No
5328-TELCO,Male,0,No,No,1,Yes,Yes,No,No,Yes,No,Yes,Yes,Yes,One year,Yes,Mailed check,29.34,35.25,Yes
5329-TELCO,Male,0,Yes,Yes,15,Yes,Yes,DSL,No,Yes,Yes,No internet service,Yes,Yes,Month-to-month,Yes,Electronic check,84.14,1269.38,No
5330-TELCO,Male,0,Yes,No,25,Yes,Yes,No,No,No,No,No internet service,Yes,No,Two year,Yes,Credit card (automatic),76.78,1928.76,No
5331-TELCO,Female,0,No,No,20,Yes,No,Fiber optic,No,No,Yes,No,Yes,Yes,Month-to-month,No,Mailed check,50.43,1001.53,Yes
5332-TELCO,Male,0,Yes,No,71,Yes,No phone service,DSL,No,No,No,No,No internet service,No,Month-to-month,Yes,Electronic check,42.68,3030.59,No
5333-TELCO,Female,0,Yes,No,16,No,No,No,No,No internet service,Yes,No,No,Yes,Two year,No,Credit card (automatic),18.32,301.46,No
5334-TELCO,Female,0,Yes,No,52,Yes,Yes,DSL,No,Yes,No,Yes,Yes,No,One year,Yes,Electronic check,34.22,1773.85,No
5335-TELCO,Male,1,No,Yes,65,Yes,No,Fiber optic,No internet service,No,No,No,No,Yes,Month-to-month,No,Electronic check,76.09,4940.69,No
5336-TELCO,Female,0,No,No,70,Yes,Yes,Fiber optic,No,No,No internet service,No,No,No,Month-to-month,Yes,Bank transfer (automatic),74.17,5192.75,No
5337-TELCO,Female,0,No,Yes,1,Yes,No,DSL,No internet service,No,No internet service,Yes,Yes,No internet service,Month-to-month,No,Mailed check,92.26,93.68,Yes
5338-TELCO,Male,0,No,Yes,16,Yes,No phone service,Fiber optic,No,No,No,Yes,Yes,No,Two year,Yes,Electronic check,21.56,338.8,No
5339-TELCO,Female,1,No,No,27,Yes,No,Fiber optic,Yes,No,No internet service,No,Yes,No internet service,Month-to-month,No,Bank transfer (automatic),98.16,2650.7,No
5340-TELCO,Female,0,No,Yes,18,Yes,Yes,No,No,Yes,No,No,No,No,Two year,Yes,Electronic check,76.72,1389.19,No
5341-TELCO,Female,0,No,No,44,Yes,Yes,DSL,Yes,Yes,No,Yes,Yes,No,Two year,Yes,Mailed check,45.68,2011.6,No
5342-TELCO,Female,1,No,No,50,No,Yes,DSL,No internet service,No,No,No,No internet service,Yes,Two year,Yes,Bank transfer (automatic),62.03,3107.2,No
5343-TELCO,Male,0,Yes,No,14,Yes,No,Fiber optic,No,No,No internet service,Yes,Yes,Yes,Month-to-month,Yes,Bank transfer (automatic),98.59,1385.75,Yes
5344-TELCO,Female,1,Yes,No,52,Yes,Yes,Fiber optic,No,Yes,No,Yes,Yes,Yes,Two year,No,Electronic check,67.06,3484.83,No
5345-TELCO,Female,0,Yes,No,50,Yes,Yes,Fiber optic,No,No internet service,No internet service,Yes,No internet service,Yes,One year,No,Credit card (automatic),89.41,4476.26,No
5346-TELCO,Female,0,No,Yes,17,Yes,No phone service,DSL,Yes,No internet service,Yes,No,Yes,Yes,One year,No,Bank transfer (automatic),59.2,1012.97,Yes
5347-TELCO,Female,1,No,No,3,Yes,Yes,Fiber optic,No,No,No internet service,No internet service,No,Yes,Month-to-month,Yes,Electronic check,73.16,217.96,Yes
5348-TELCO,Male,0,No,Yes,62,Yes,No,No,No internet service,Yes,Yes,No internet service,Yes,Yes,One year,Yes,Credit card (automatic),101.95,6326.63,No
5349-TELCO,Female,0,Yes,No,21,Yes,Yes,DSL,No internet service,No,No,No,No,No,Month-to-month,No,Electronic check,68.16,1441.23,Yes
5350-TELCO,Male,0,Yes,No,33,No,Yes,DSL,No,Yes,No internet service,No internet service,Yes,No,Month-to-month,No,Credit card (automatic),74.84,2472.33,No
5351-TELCO,Female,1,Yes,No,1,Yes,No,Fiber optic,No,No,No internet service,Yes,No internet service,No,Month-to-month,Yes,Credit card (automatic),60.68,55.66,Yes
5352-TELCO,Male,0,No,Yes,70,Yes,No,DSL,No internet service,No,Yes,No,No,No,Month-to-month,No,Mailed check,37.41,2625.47,No
5353-TELCO,Male,0,Yes,Yes,56,No,No,Fiber optic,Yes,Yes,No internet service,No,No,No,Month-to-month,Yes,Bank transfer (automatic),116.08,6492.88,No
5354-TELCO,Male,0,No,No,4,Yes,No,DSL,Yes,Yes,Yes,Yes,No internet service,No internet service,Month-to-month,Yes,Mailed check,20.32,81.29,Yes
5355-TELCO,Male,0,Yes,No,22,Yes,No,Fiber optic,Yes,No,Yes,Yes,Yes,No,Month-to-month,No,Credit card (automatic),30.73,684.02,Yes
5356-TELCO,Male,0,Yes,No,58,No,Yes,Fiber optic,No internet service,No,No internet service,No internet service,No,No,Two year,No,Credit card (automatic),89.88,5216.0,No
5357-TELCO,Female,0,No,No,44,Yes,No,Fiber optic,Yes,Yes,No internet service,No,Yes,No,One year,No,Bank transfer (automatic),92.69,4087.8,No
5358-TELCO,Female,0,Yes,Yes,57,Yes,No phone service,No,No,Yes,No,Yes,Yes,No,Two year,No,Mailed check,33.97,1934.14,No
5359-TELCO,Female,0,Yes,Yes,40,Yes,Yes,No,No,Yes,No internet service,No,Yes,Yes,Month-to-month,No,Mailed check,81.95,3278.55,Yes
5360-TELCO,Male,0,No,No,56,Yes,No,Fiber optic,Yes,No,Yes,No,No internet service,Yes,Month-to-month,No,Credit card (automatic),107.18,5999.37,No
5361-TELCO,Female,0,Yes,No,63,No,Yes,Fiber optic,No internet service,No,Yes,No internet service,No,Yes,One year,Yes,Bank transfer (automatic),98.69,6220.55,No
5362-TELCO,Male,0,No,Yes,39,Yes,No phone service,DSL,No,No internet service,No internet service,No,No,No,Month-to-month,No,Electronic check,18.7,725.38,No
5363-TELCO,Male,1,No,No,7,Yes,Yes,Fiber optic,No,No,No,No,No internet service,Yes,Month-to-month,Yes,Bank transfer (automatic),22.31,151.59,Yes
5364-TELCO,Female,0,Yes,No,14,Yes,No,Fiber optic,Yes,No,No internet service,No internet service,No,No internet service,Month-to-month,Yes,Electronic check,65.13,916.61,Yes
5365-TELCO,Female,0,No,Yes,18,Yes,Yes,DSL,No,Yes,No internet service,No,No,No,Month-to-month,No,Electronic check,53.64,975.03,No
5366-TELCO,Male,0,Yes,No,55,Yes,Yes,DSL,No,Yes,No,No internet service,No internet service,No,Month-to-month,No,Credit card (automatic),27.62,1512.52,No
5367-TELCO,Male,0,No,No,56,No,Yes,DSL,No,No,No,No,Yes,No internet service,One year,Yes,Credit card (automatic),37.62,2114.19,No
5368-TELCO,Female,0,No,No,57,Yes,No,DSL,No,Yes,No,No,Yes,No,One year,Yes,Bank transfer (automatic),113.02,6450.87,No
5369-TELCO,Female,0,No,No,58,Yes,No,Fiber optic,Yes,No internet service,Yes,No,No,Yes,One year,Yes,Bank transfer (automatic),55.22,3208.15,No
5370-TELCO,Female,0,Yes,Yes,25,Yes,Yes,No,No internet service,No,No,No,No,No internet service,Month-to-month,Yes,Mailed check,40.49,1010.13,Yes
5371-TELCO,Female,1,Yes,No,70,Yes,No,Fiber optic,No,Yes,No internet service,No,Yes,No internet service,Month-to-month,No,Electronic check,34.53,2408.35,No
5372-TELCO,Male,0,Yes,No,3,Yes,No,Fiber optic,No,No internet service,No,No internet service,Yes,Yes,Two year,No,Mailed check,77.57,223.31,No
5373-TELCO,Female,0,No,No,21,Yes,No,Fiber optic,Yes,Yes,Yes,Yes,Yes,No,Two year,No,Mailed check,64.93,1365.44,Yes
5374-TELCO,Female,0,No,No,32,Yes,No,Fiber optic,No,Yes,Yes,Yes,No internet service,Yes,One year,Yes,Mailed check,52.53,1686.72,No
5375-TELCO,Female,1,Yes,No,2,Yes,No,Fiber optic,Yes,Yes,Yes,No,No internet service,Yes,Two year,Yes,Electronic check,55.25,106.6,Yes
5376-TELCO,Male,0,No,No,20,Yes,No,Fiber optic,No,No,No,No,Yes,No,One year,Yes,Credit card (automatic),38.57,770.3,No
5377-TELCO,Male,0,Yes,Yes,18,Yes,No,DSL,No,No internet service,No,Yes,No,Yes,Month-to-month,No,Bank transfer (automatic),93.26,1673.69,No
5378-TELCO,Male,0,Yes,No,54,Yes,No,Fiber optic,No internet service,Yes,No,No internet service,No,No internet service,Two year,Yes,Bank transfer (automatic),93.49,5054.71,No
5379-TELCO,Male,0,Yes,No,36,No,No,Fiber optic,No internet service,No,No,Yes,Yes,No,Month-to-month,Yes,Mailed check,21.51,780.36,Yes
5380-TELCO,Female,0,Yes,No,61,Yes,Yes,DSL,No,Yes,Yes,Yes,No internet service,No internet service,Two year,Yes,Credit card (automatic),39.88,2437.35,No
5381-TELCO,Male,0,Yes,No,60,Yes,Yes,DSL,No,No internet service,No internet service,Yes,No,Yes,Month-to-month,No,Electronic check,24.43,1472.72,Yes
5382-TELCO,Female,0,No,No,36,Yes,No,DSL,No,No internet service,Yes,No internet service,Yes,No internet service,Two year,No,Electronic check,27.07,967.62,No
5383-TELCO,Female,0,Yes,No,44,Yes,Yes,Fiber optic,Yes,No,No,No,No,Yes,Month-to-month,Yes,Credit card (automatic),114.47,5035.6,No
5384-TELCO,Female,0,Yes,No,68,Yes,Yes,Fiber optic,No internet service,No,No,Yes,No internet service,No,Two year,Yes,Credit card (automatic),63.98,4356.95,No
5385-TELCO,Female,0,No,No,66,Yes,Yes,DSL,No,Yes,Yes,No,Yes,No,Month-to-month,No,Bank transfer (automatic),38.29,2536.26,No
5386-TELCO,Male,0,Yes,No,44,Yes,Yes,DSL,No,Yes,Yes,No,Yes,Yes,One year,Yes,Mailed check,115.28,5078.43,No
5387-TELCO,Male,0,No,No,29,Yes,No,DSL,No internet service,No,No internet service,No internet service,Yes,No internet service,Month-to-month,No,Credit card (automatic),66.1,1924.77,Yes
5388-TELCO,Male,0,Yes,Yes,48,Yes,Yes,No,No internet service,No,Yes,No internet service,Yes,Yes,Month-to-month,Yes,Bank transfer (automatic),87.11,4171.67,Yes
5389-TELCO,Female,0,No,No,36,Yes,Yes,DSL,No,No,Yes,Yes,Yes,No,Month-to-month,Yes,Bank transfer (automatic),114.47,4126.08,Yes
5390-TELCO,Female,0,No,No,8,Yes,No,DSL,No,Yes,Yes,No,No internet service,No,Month-to-month,Yes,Bank transfer (automatic),111.69,886.34,No
5391-TELCO,Female,0,Yes,No,5,No,Yes,Fiber optic,No internet service,No,No internet service,No,No,Yes,One year,No,Credit card (automatic),115.18,580.77,Yes
5392-TELCO,Female,0,No,Yes,47,Yes,No,DSL,No,No,Yes,No,No,No internet service,Month-to-month,No,Electronic check,102.61,4814.1,No
5393-TELCO,Female,1,No,No,43,Yes,No,Fiber optic,No internet service,Yes,No,No,Yes,Yes,Month-to-month,Yes,Electronic check,88.68,3809.14,No
5394-TELCO,Male,0,No,Yes,10,Yes,No,DSL,Yes,No internet service,Yes,No,Yes,Yes,Two year,Yes,Bank transfer (automatic),39.28,396.46,No
5395-TELCO,Female,0,Yes,No,10,Yes,Yes,No,No,No,No internet service,No,No internet service,Yes,Two year,No,Mailed check,36.62,360.07,No
5396-TELCO,Male,0,Yes,Yes,6,Yes,Yes,No,No,Yes,No internet service,No,Yes,Yes,Month-to-month,Yes,Electronic check,53.69,327.83,Yes
5397-TELCO,Female,0,No,No,16,Yes,No,Fiber optic,No,Yes,No,Yes,No internet service,No,Month-to-month,No,Credit card (automatic),108.74,1731.62,No
5398-TELCO,Female,0,No,Yes,60,Yes,No,Fiber optic,No internet service,Yes,No internet service,No,No,Yes,One year,Yes,Credit card (automatic),43.08,2591.37,No
5399-TELCO,Male,0,Yes,Yes,26,Yes,No,Fiber optic,No,Yes,Yes,No internet service,No,No,Month-to-month,Yes,Electronic check,39.37,1025.02,Yes
5400-TELCO,Male,1,Yes,No,21,Yes,No,No,No internet service,No,No,Yes,Yes,No internet service,Month-to-month,Yes,Credit card (automatic),76.14,1589.31,No
5401-TELCO,Female,0,Yes,Yes,58,Yes,Yes,Fiber optic,No,No internet service,No,No,No,No internet service,One year,No,Mailed check,41.52,2403.24,No
5402-TELCO,Female,1,Yes,No,41,Yes,Yes,DSL,Yes,No internet service,Yes,No internet service,No internet service,No,Month-to-month,Yes,Mailed check,76.48,3135.33,No
5403-TELCO,Female,0,Yes,No,30,No,Yes,DSL,Yes,Yes,Yes,No,Yes,Yes,One year,No,Electronic check,83.72,2514.45,No
5404-TELCO,Female,0,Yes,No,5,Yes,Yes,DSL,Yes,No internet service,No internet service,No internet service,Yes,Yes,Month-to-month,No,Electronic check,53.83,272.63,No
5405-TELCO,Male,0,Yes,Yes,10,Yes,Yes,Fiber optic,No,No internet service,Yes,No,No,No,Month-to-month,Yes,Electronic check,63.91,647.0,No
5406-TELCO,Female,0,Yes,No,11,Yes,No,DSL,Yes,Yes,Yes,No,No,No internet service,Month-to-month,Yes,Mailed check,65.22,716.18,Yes
5407-TELCO,Male,0,No,No,63,Yes,No,Fiber optic,No,No internet service,No,Yes,No,No,Month-to-month,Yes,Mailed check,30.36,1902.93,No
5408-TELCO,Female,0,Yes,No,7,Yes,No,Fiber optic,No internet service,No internet service,Yes,No,No,No,One year,Yes,Electronic check,29.55,202.19,No
5409-TELCO,Male,0,Yes,No,59,Yes,No,No,Yes,No internet service,No,No internet service,No,Yes,Two year,Yes,Credit card (automatic),33.18,1949.48,No
5410-TELCO,Male,1,Yes,Yes,12,Yes,Yes,Fiber optic,Yes,No,Yes,No,Yes,No,Month-to-month,Yes,Mailed check,94.33,1138.73,No
5411-TELCO,Female,0,No,No,64,Yes,No,Fiber optic,No,No,Yes,No,Yes,Yes,One year,No,Electronic check,95.42,6099.88,No
5412-TELCO,Male,0,No,No,41,Yes,Yes,Fiber optic,No,No,No,No,No,No,Month-to-month,No,Mailed check,61.41,2514.98,Yes
5413-TELCO,Female,1,No,No,60,Yes,No,No,No internet service,No internet service,Yes,No internet service,No,No internet service,Month-to-month,No,Bank transfer (automatic),20.96,1250.51,No
5414-TELCO,Male,0,Yes,No,72,Yes,Yes,DSL,No,Yes,No,Yes,No internet service,No internet service,Month-to-month,Yes,Electronic check,19.63,1413.69,No
5415-TELCO,Female,0,No,No,28,Yes,No phone service,DSL,No internet service,No internet service,No internet service,No,No internet service,No internet service,Two year,No,Electronic check,114.65,3204.11,No
5416-TELCO,Male,0,Yes,No,63,Yes,No phone service,Fiber optic,Yes,Yes,No,No internet service,Yes,No internet service,Two year,Yes,Electronic check,41.25,2604.03,Yes
5417-TELCO,Female,0,Yes,No,3,No,Yes,Fiber optic,No,Yes,No,No,No internet service,Yes,Month-to-month,Yes,Electronic check,35.13,105.21,Yes
5418-TELCO,Female,0,No,No,32,Yes,Yes,Fiber optic,No internet service,No internet service,Yes,Yes,No internet service,No,Two year,No,Electronic check,26.77,856.56,No
5419-TELCO,Male,0,No,No,21,Yes,Yes,Fiber optic,No internet service,No internet service,No internet service,No internet service,No,Yes,One year,No,Bank transfer (automatic),88.54,1868.36,No
5420-TELCO,Male,0,No,No,55,Yes,Yes,DSL,No,No,No internet service,No internet service,Yes,Yes,One year,Yes,Mailed check,91.36,5021.22,No
5421-TELCO,Male,0,No,No,18,Yes,No,DSL,No,No internet service,No,No,No internet service,No internet service,One year,Yes,Credit card (automatic),114.56,2059.69,Yes
5422-TELCO,Male,0,No,No,53,Yes,No,No,Yes,No internet service,Yes,No,No internet service,Yes,One year,No,Bank transfer (automatic),102.94,5457.66,No
5423-TELCO,Female,0,Yes,Yes,61,Yes,Yes,DSL,No,No internet service,No,No,No,Yes,Month-to-month,Yes,Bank transfer (automatic),20.75,1262.57,No
5424-TELCO,Male,0,Yes,No,50,Yes,No,Fiber optic,Yes,No,Yes,No,No,Yes,Two year,Yes,Electronic check,100.01,5007.08,No
5425-TELCO,Female,0,Yes,No,8,Yes,Yes,No,Yes,No internet service,No internet service,No,No,Yes,Month-to-month,No,Credit card (automatic),115.47,924.69,Yes
5426-TELCO,Male,0,No,No,12,Yes,No,DSL,No,No internet service,No,No,Yes,Yes,One year,No,Electronic check,71.09,843.13,Yes
5427-TELCO,Female,0,Yes,Yes,51,Yes,No,DSL,Yes,No internet service,No,Yes,No internet service,No,Two year,Yes,Credit card (automatic),34.7,1766.14,No
5428-TELCO,Female,0,No,No,66,Yes,No,DSL,No,Yes,Yes,Yes,No internet service,No internet service,One year,Yes,Credit card (automatic),41.59,2744.92,No
5429-TELCO,Female,0,Yes,No,41,Yes,Yes,Fiber optic,No internet service,No,Yes,Yes,Yes,No internet service,Month-to-month,No,Electronic check,102.43,4205.24,No
5430-TELCO,Female,1,Yes,No,22,Yes,Yes,DSL,No,No internet service,No,No,No,No,Month-to-month,No,Credit card (automatic),115.39,2543.39,No
5431-TELCO,Male,0,Yes,No,9,Yes,Yes,DSL,Yes,No,No,No,No,No internet service,One year,No,Mailed check,114.32,1032.28,No
5432-TELCO,Male,0,Yes,Yes,11,Yes,No,DSL,No,No internet service,No,Yes,Yes,No,Month-to-month,Yes,Credit card (automatic),68.08,755.56,Yes
5433-TELCO,Female,0,No,No,13,Yes,No,DSL,No internet service,No internet service,Yes,No,No internet service,No internet service,One year,No,Credit card (automatic),80.24,1037.4,No
5434-TELCO,Male,0,Yes,No,56,No,Yes,DSL,Yes,No internet service,Yes,No internet service,Yes,No,Month-to-month,No,Mailed check,85.48,4786.07,No
5435-TELCO,Male,0,Yes,No,28,Yes,No,DSL,No internet service,Yes,Yes,Yes,Yes,Yes,Month-to-month,No,Bank transfer (automatic),60.89,1705.73,No
5436-TELCO,Female,0,Yes,No,64,Yes,No,DSL,Yes,Yes,No internet service,No,No internet service,No,Two year,No,Bank transfer (automatic),112.59,7215.23,No
5437-TELCO,Male,0,Yes,Yes,64,Yes,No,Fiber optic,No,Yes,No,No,Yes,No internet service,Month-to-month,Yes,Bank transfer (automatic),100.56,6445.37,No
5438-TELCO,Male,1,Yes,No,70,Yes,No,DSL,Yes,No,No internet service,No,No,Yes,Month-to-month,Yes,Electronic check,31.77,2223.85,No
5439-TELCO,Male,0,Yes,Yes,55,Yes,No,Fiber optic,No,Yes,No,No,No internet service,Yes,Month-to-month,Yes,Electronic check,31.56,1728.64,No
5440-TELCO,Female,0,No,No,37,Yes,Yes,Fiber optic,No,Yes,No internet service,No,No,No,One year,No,Electronic check,74.6,2767.95,No
5441-TELCO,Male,0,Yes,No,33,Yes,Yes,No,No,Yes,Yes,Yes,Yes,No,Month-to-month,No,Mailed check,72.11,2370.16,Yes
5442-TELCO,Female,0,Yes,No,25,Yes,No,DSL,No,No internet service,No,No,Yes,No internet service,One year,Yes,Electronic check,20.14,502.54,No
5443-TELCO,Male,1,No,No,23,Yes,No phone service,DSL,No internet service,Yes,Yes,No,No internet service,No,Month-to-month,Yes,Electronic check,64.02,1472.42,Yes
5444-TELCO,Male,1,Yes,No,60,Yes,Yes,No,Yes,Yes,No,Yes,No,No,One year,No,Electronic check,113.54,6805.34,No
5445-TELCO,Male,0,Yes,No,56,Yes,No,No,No,No,No,No internet service,No,Yes,Two year,No,Mailed check,63.02,3526.55,Yes
5446-TELCO,Female,1,No,No,63,No,Yes,DSL,Yes,Yes,No,No,Yes,No internet service,Month-to-month,No,Electronic check,85.79,5408.2,No
5447-TELCO,Female,0,Yes,No,8,Yes,No phone service,DSL,No,Yes,No internet service,Yes,No internet service,Yes,One year,No,Bank transfer (automatic),89.0,715.97,No
5448-TELCO,Male,1,No,Yes,17,Yes,No,No,No,Yes,No,No,No,No,Month-to-month,No,Credit card (automatic),21.31,367.84,Yes
5449-TELCO,Female,0,No,No,57,Yes,Yes,DSL,Yes,No,No internet service,No internet service,No,No,Month-to-month,No,Electronic check,46.27,2638.86,Yes
5450-TELCO,Male,0,No,No,62,Yes,Yes,No,Yes,Yes,No,Yes,No,Yes,Month-to-month,No,Credit card (automatic),112.53,6972.73,No
5451-TELCO,Female,0,No,No,11,Yes,No,No,No internet service,No internet service,No,No internet service,No,Yes,One year,Yes,Bank transfer (automatic),69.53,755.08,No
5452-TELCO,Female,0,Yes,No,67,Yes,No,DSL,No,Yes,No,No,Yes,No,Month-to-month,Yes,Mailed check,116.62,7815.66,No
5453-TELCO,Male,0,Yes,No,40,Yes,No,No,No,No internet service,No,No,No internet service,Yes,One year,Yes,Credit card (automatic),108.2,4329.26,No
5454-TELCO,Male,0,Yes,No,40,Yes,No,Fiber optic,No,No,No,No internet service,Yes,Yes,Month-to-month,No,Credit card (automatic),46.45,1860.68,No
5455-TELCO,Male,0,Yes,Yes,56,Yes,No,No,Yes,No internet service,No,No,Yes,No internet service,Month-to-month,Yes,Credit card (automatic),45.07,2532.53,No
5456-TELCO,Male,0,No,No,53,Yes,Yes,Fiber optic,Yes,Yes,No internet service,Yes,Yes,Yes,Month-to-month,No,Credit card (automatic),53.91,2851.99,Yes
5457-TELCO,Female,0,No,Yes,28,Yes,No phone service,DSL,No,No,No,No,Yes,No,One year,No,Bank transfer (automatic),69.41,1947.61,Yes
5458-TELCO,Female,1,No,Yes,42,Yes,No,Fiber optic,Yes,No internet service,No,No,No,No,Month-to-month,No,Credit card (automatic),108.4,4546.81,Yes
5459-TELCO,Female,0,No,Yes,46,Yes,Yes,DSL,No internet service,No,Yes,No,Yes,No internet service,Two year,Yes,Electronic check,68.64,3163.16,No
5460-TELCO,Male,1,Yes,No,18,Yes,No phone service,No,No internet service,No,Yes,Yes,Yes,Yes,One year,Yes,Electronic check,96.99,1736.43,Yes
5461-TELCO,Male,0,No,No,23,No,Yes,Fiber optic,No,Yes,Yes,No,No internet service,No,One year,No,Electronic check,76.43,1753.27,No
5462-TELCO,Female,0,No,No,26,No,Yes,DSL,Yes,No,No,Yes,No internet service,Yes,Month-to-month,No,Credit card (automatic),41.26,1067.92,Yes
5463-TELCO,Male,0,No,No,29,Yes,No phone service,DSL,No,Yes,Yes,Yes,Yes,No internet service,Month-to-month,Yes,Electronic check,60.63,1765.25,Yes
5464-TELCO,Female,0,Yes,No,52,Yes,Yes,No,Yes,No internet service,No internet service,Yes,Yes,No,Two year,Yes,Bank transfer (automatic),59.72,3106.39,No
5465-TELCO,Female,0,No,Yes,46,Yes,No,DSL,No,No,No internet service,No internet service,Yes,Yes,One year,No,Bank transfer (automatic),117.98,5425.35,Yes
5466-TELCO,Female,0,Yes,Yes,1,Yes,Yes,No,Yes,Yes,No,No internet service,No internet service,Yes,Month-to-month,Yes,Credit card (automatic),73.51,68.4,Yes
5467-TELCO,Female,0,No,No,63,Yes,Yes,DSL,No,No,Yes,No,Yes,Yes,Two year,Yes,Electronic check,25.86,1625.64,No
5468-TELCO,Female,0,No,No,16,Yes,Yes,Fiber optic,Yes,No,No,No,No,No,Month-to-month,Yes,Bank transfer (automatic),76.0,1220.43,Yes
5469-TELCO,Male,0,Yes,Yes,25,Yes,No,No,No,Yes,No,No,Yes,No,Two year,Yes,Electronic check,75.18,1886.5,No
5470-TELCO,Male,0,No,No,62,Yes,No,DSL,Yes,No,Yes,Yes,No,Yes,Month-to-month,No,Electronic check,66.53,4116.7,No
5471-TELCO,Male,0,No,No,16,Yes,No,DSL,No,Yes,No,No internet service,No,Yes,Two year,Yes,Credit card (automatic),50.47,797.81,No
5472-TELCO,Female,0,Yes,No,69,Yes,Yes,No,Yes,No,No internet service,No,No,No internet service,One year,Yes,Electronic check,43.17,2979.71,No
5473-TELCO,Female,0,No,Yes,70,Yes,Yes,Fiber optic,No internet service,No,No,Yes,Yes,No internet service,Month-to-month,Yes,Electronic check,38.91,2730.45,No
5474-TELCO,Female,0,No,No,34,Yes,No phone service,Fiber optic,No,No,No,No,No,Yes,One year,Yes,Credit card (automatic),27.42,922.73,No
5475-TELCO,Female,0,No,No,53,Yes,No phone service,No,Yes,No,No internet service,No,Yes,No,Month-to-month,Yes,Electronic check,56.27,2983.88,No
5476-TELCO,Male,0,No,No,23,Yes,Yes,Fiber optic,No,No internet service,No,No internet service,Yes,No,Two year,No,Credit card (automatic),90.57,2089.4,No
5477-TELCO,Male,0,Yes,No,43,Yes,No,No,Yes,Yes,No,No internet service,Yes,No,Two year,Yes,Bank transfer (automatic),76.51,3282.2,No
5478-TELCO,Female,0,No,Yes,44,Yes,No,Fiber optic,No,No,No,Yes,No,Yes,Month-to-month,No,Electronic check,19.77,867.12,Yes
5479-TELCO,Female,0,Yes,No,32,Yes,No,Fiber optic,Yes,No internet service,No internet service,No internet service,No,No,Two year,Yes,Mailed check,102.09,3258.9,No
5480-TELCO,Female,0,Yes,No,23,Yes,No,DSL,No,Yes,No internet service,Yes,Yes,Yes,Month-to-month,Yes,Bank transfer (automatic),58.44,1334.89,No
5481-TELCO,Male,0,No,No,20,No,Yes,No,No,Yes,No,Yes,No,Yes,Month-to-month,Yes,Bank transfer (automatic),88.87,1777.28,No
5482-TELCO,Male,0,No,No,19,Yes,Yes,No,No,No internet service,No,Yes,No,Yes,Month-to-month,Yes,Mailed check,95.0,1808.3,No
5483-TELCO,Male,0,No,No,72,Yes,No,DSL,No,No,Yes,Yes,No,Yes,Month-to-month,No,Mailed check,66.14,4770.53,No
5484-TELCO,Female,0,No,Yes,29,No,Yes,Fiber optic,No internet service,No internet service,No,Yes,No internet service,No,One year,No,Credit card (automatic),97.88,2834.69,Yes
5485-TELCO,Female,0,No,Yes,18,Yes,No,Fiber optic,No internet service,Yes,Yes,Yes,Yes,No,Two year,No,Mailed check,79.53,1426.75,Yes
5486-TELCO,Male,0,Yes,No,69,No,Yes,Fiber optic,No internet service,No internet service,No,No internet service,No,Yes,Two year,Yes,Bank transfer (automatic),98.29,6784.47,No
5487-TELCO,Female,0,No,Yes,12,Yes,No,No,Yes,Yes,No,Yes,Yes,No,Month-to-month,Yes,Credit card (automatic),86.9,1051.75,No
5488-TELCO,Male,1,Yes,Yes,10,Yes,Yes,DSL,No,No internet service,No,No,No,Yes,Two year,No,Electronic check,34.7,340.71,Yes
5489-TELCO,Female,0,No,No,37,Yes,No,No,No,No internet service,No,No,No,Yes,Month-to-month,Yes,Mailed check,42.45,1563.02,No
5490-TELCO,Male,0,No,No,55,Yes,No,DSL,No,No,Yes,No internet service,No,Yes,Month-to-month,Yes,Mailed check,60.93,3358.02,No
5491-TELCO,Female,0,No,Yes,4,Yes,Yes,Fiber optic,No internet service,No,No,No,No,No,Month-to-month,Yes,Bank transfer (automatic),56.34,218.04,No
5492-TELCO,Male,0,Yes,No,63,Yes,No,Fiber optic,Yes,No,Yes,Yes,Yes,Yes,Two year,Yes,Electronic check,49.48,3115.94,No
5493-TELCO,Male,0,No,Yes,12,Yes,Yes,DSL,No,Yes,Yes,No internet service,No,No,One year,No,Electronic check,64.78,782.99,No
5494-TELCO,Male,0,No,Yes,18,Yes,No,Fiber optic,No,No,Yes,No,Yes,Yes,Month-to-month,Yes,Bank transfer (automatic),70.63,1268.85,Yes
5495-TELCO,Male,0,No,No,8,Yes,No phone service,No,Yes,No,No,Yes,No,No internet service,Month-to-month,No,Bank transfer (automatic),109.71,880.67,Yes
5496-TELCO,Male,0,Yes,Yes,32,Yes,Yes,DSL,No internet service,No internet service,No,Yes,No internet service,Yes,Month-to-month,Yes,Bank transfer (automatic),48.4,1554.66,Yes
5497-TELCO,Male,0,No,No,49,Yes,Yes,DSL,No,No internet service,No,Yes,Yes,Yes,Month-to-month,Yes,Electronic check,23.77,1165.53,No
5498-TELCO,Female,1,No,No,63,Yes,No,Fiber optic,No,No,No internet service,No,No,No,One year,Yes,Mailed check,49.73,3126.99,No
5499-TELCO,Female,0,No,No,59,Yes,No phone service,Fiber optic,No internet service,No,No,No,Yes,No,Two year,Yes,Bank transfer (automatic),90.23,5318.08,No
5500-TELCO,Female,1,No,Yes,67,Yes,No,No,No,Yes,No,No,Yes,Yes,Month-to-month,No,Electronic check,56.62,3803.21,No
5501-TELCO,Male,1,Yes,No,39,Yes,No,DSL,No internet service,No,No,No internet service,No,Yes,Two year,No,Electronic check,37.76,1478.87,No
5502-TELCO,Male,0,Yes,Yes,50,Yes,No,No,Yes,No,No internet service,No,Yes,No,Two year,Yes,Credit card (automatic),57.18,2855.39,No
5503-TELCO,Female,0,Yes,Yes,71,Yes,Yes,Fiber optic,No,No internet service,Yes,No,No internet service,No,Two year,Yes,Electronic check,90.61,6426.88,No
5504-TELCO,Male,0,Yes,No,26,Yes,Yes,DSL,No,No,No,Yes,No,No,Two year,Yes,Electronic check,27.66,714.78,No
5505-TELCO,Male,0,No,No,23,Yes,Yes,No,No,Yes,Yes,Yes,No internet service,No,Two year,Yes,Bank transfer (automatic),88.16,2034.1,No
5506-TELCO,Male,0,Yes,Yes,63,Yes,Yes,DSL,Yes,Yes,Yes,No,No internet service,No internet service,Month-to-month,Yes,Credit card (automatic),31.88,2010.35,Yes
5507-TELCO,Male,0,Yes,Yes,66,Yes,No,Fiber optic,No,No,No internet service,No internet service,No,No,Two year,No,Credit card (automatic),116.73,7707.99,No
5508-TELCO,Male,0,Yes,No,39,Yes,No,No,Yes,Yes,No,No,No,No,Two year,Yes,Credit card (automatic),62.89,2455.84,No
5509-TELCO,Female,0,No,No,66,Yes,No,Fiber optic,Yes,No internet service,Yes,No,No,No,Month-to-month,Yes,Bank transfer (automatic),57.61,3809.35,No
5510-TELCO,Female,0,Yes,No,46,No,No,Fiber optic,No,No,No internet service,Yes,Yes,No,One year,Yes,Credit card (automatic),77.07,3554.98,No
5511-TELCO,Female,0,Yes,No,15,Yes,No,Fiber optic,No,Yes,No internet service,Yes,No internet service,Yes,Two year,No,Mailed check,32.76,494.01,No
5512-TELCO,Female,0,Yes,No,16,Yes,Yes,DSL,No internet service,No,Yes,No,Yes,Yes,Month-to-month,No,Electronic check,51.68,828.97,Yes
5513-TELCO,Female,0,Yes,Yes,72,Yes,Yes,Fiber optic,No,No,Yes,No,No,No internet service,Month-to-month,No,Bank transfer (automatic),75.72,5444.08,No
5514-TELCO,Male,0,No,No,16,Yes,Yes,No,No,No,No internet service,Yes,No,No,Two year,No,Mailed check,25.19,411.47,No
5515-TELCO,Male,0,Yes,Yes,39,Yes,Yes,Fiber optic,Yes,No,No,No internet service,No,No,Month-to-month,Yes,Mailed check,44.04,1708.81,No
5516-TELCO,Male,0,No,Yes,11,Yes,No,No,Yes,No,No internet service,No,No,Yes,Month-to-month,No,Mailed check,68.23,754.08,No
5517-TELCO,Male,0,No,No,36,Yes,Yes,Fiber optic,No,No internet service,No,No,Yes,No,Two year,Yes,Bank transfer (automatic),85.94,3098.7,No
5518-TELCO,Female,0,No,No,18,Yes,Yes,Fiber optic,Yes,No internet service,No,No,No,No,Two year,Yes,Credit card (automatic),49.58,889.08,No
5519-TELCO,Female,0,No,Yes,23,Yes,Yes,Fiber optic,No,No,Yes,Yes,No internet service,No,Two year,Yes,Credit card (automatic),81.08,1856.91,No
5520-TELCO,Female,0,No,No,49,Yes,No phone service,DSL,Yes,No internet service,No,No,No,No,Two year,No,Bank transfer (automatic),43.51,2130.49,No
5521-TELCO,Male,0,No,No,42,Yes,Yes,No,No,Yes,No internet service,No,Yes,No,Month-to-month,Yes,Electronic check,61.92,2595.44,No
5522-TELCO,Female,1,No,Yes,44,Yes,Yes,No,No,No internet service,Yes,No,No,Yes,Two year,No,Mailed check,60.7,2672.68,No
5523-TELCO,Male,0,Yes,Yes,1,Yes,No phone service,No,No internet service,Yes,No,No,Yes,No internet service,Month-to-month,Yes,Electronic check,21.82,12.52,Yes
5524-TELCO,Female,0,Yes,Yes,7,Yes,No,Fiber optic,No,Yes,Yes,No internet service,No,No internet service,Month-to-month,No,Mailed check,112.73,780.07,Yes
5525-TELCO,Female,0,No,No,48,Yes,Yes,No,Yes,No internet service,No,No,Yes,No,Month-to-month,Yes,Mailed check,93.98,4512.5,No
5526-TELCO,Male,0,No,No,16,No,No,Fiber optic,No internet service,No,Yes,No,No,No,Month-to-month,No,Bank transfer (automatic),77.25,1228.76,Yes
5527-TELCO,Male,0,No,No,48,Yes,Yes,Fiber optic,No,No,No,No internet service,No internet service,Yes,Month-to-month,Yes,Bank transfer (automatic),50.76,2433.67,Yes
5528-TELCO,Female,0,No,No,43,Yes,No,No,No internet service,Yes,No,No internet service,No,Yes,Month-to-month,Yes,Electronic check,101.2,4359.1,No
5529-TELCO,Female,1,Yes,Yes,51,Yes,No phone service,Fiber optic,Yes,Yes,No,No,No internet service,No,One year,Yes,Electronic check,89.06,4532.55,No
5530-TELCO,Male,0,No,Yes,66,Yes,No,Fiber optic,No,Yes,No,No,Yes,Yes,Month-to-month,No,Electronic check,32.22,2119.51,No
5531-TELCO,Female,0,Yes,Yes,31,Yes,No,DSL,Yes,Yes,No,No internet service,No internet service,No,Two year,Yes,Bank transfer (automatic),74.94,2331.25,No
5532-TELCO,Female,0,Yes,Yes,39,No,No,No,Yes,No,Yes,No,No,No,Month-to-month,Yes,Mailed check,44.76,1743.24,No
5533-TELCO,Male,0,No,Yes,9,Yes,Yes,DSL,Yes,No,No,No,No,No,Month-to-month,No,Mailed check,91.23,818.4,Yes
5534-TELCO,Female,0,Yes,No,41,Yes,Yes,DSL,No,No,No internet service,Yes,No,Yes,One year,Yes,Mailed check,60.7,2489.77,No
5535-TELCO,Male,0,No,Yes,63,No,Yes,DSL,No internet service,No,No,No internet service,No,No,Month-to-month,Yes,Bank transfer (automatic),43.75,2755.04,No
5536-TELCO,Female,0,No,No,14,Yes,No phone service,Fiber optic,No,No internet service,No,No,Yes,Yes,Two year,Yes,Electronic check,110.54,1553.05,No
5537-TELCO,Male,0,Yes,No,58,Yes,No,DSL,No,Yes,No,No internet service,No internet service,No,Two year,No,Mailed check,109.78,6362.86,No
5538-TELCO,Female,1,No,No,64,Yes,No phone service,Fiber optic,No internet service,Yes,No,No,Yes,No internet service,Two year,Yes,Electronic check,100.75,6441.02,No
5539-TELCO,Male,0,No,Yes,28,Yes,No,DSL,Yes,No internet service,No,No internet service,Yes,No,Month-to-month,Yes,Electronic check,27.88,781.73,Yes
5540-TELCO,Female,0,Yes,No,4,Yes,No,Fiber optic,Yes,No,Yes,Yes,Yes,No internet service,Month-to-month,Yes,Electronic check,94.13,375.93,Yes
5541-TELCO,Male,0,Yes,No,34,Yes,Yes,DSL,Yes,No internet service,No internet service,No internet service,No,Yes,Month-to-month,No,Mailed check,26.4,894.79,No
5542-TELCO,Female,0,No,Yes,4,Yes,No,DSL,No internet service,No,Yes,No internet service,No internet service,No,Month-to-month,No,Bank transfer (automatic),28.76,112.59,Yes
5543-TELCO,Female,1,Yes,No,70,Yes,No,No,No,No,No,No internet service,Yes,No,Month-to-month,No,Mailed check,34.58,2428.81,No
5544-TELCO,Female,0,No,No,58,No,No,Fiber optic,No,Yes,Yes,No,Yes,Yes,Two year,Yes,Electronic check,87.51,5081.45,No
5545-TELCO,Female,0,Yes,No,4,Yes,No,DSL,No internet service,No internet service,No internet service,No internet service,Yes,Yes,Month-to-month,Yes,Bank transfer (automatic),56.85,221.4,Yes
5546-TELCO,Female,0,No,No,50,Yes,Yes,No,Yes,Yes,No,Yes,No internet service,Yes,Month-to-month,Yes,Electronic check,103.03,5150.36,No
5547-TELCO,Female,0,No,No,5,Yes,Yes,DSL,Yes,Yes,Yes,Yes,Yes,No,Month-to-month,No,Mailed check,93.22,471.16,No
5548-TELCO,Female,0,Yes,No,45,Yes,No,DSL,No,Yes,No internet service,No internet service,Yes,No,One year,Yes,Credit card (automatic),95.38,4292.48,No
5549-TELCO,Female,1,No,No,35,Yes,Yes,Fiber optic,No internet service,No,No,No,Yes,Yes,One year,Yes,Credit card (automatic),111.8,3921.67,No
5550-TELCO,Female,0,No,No,27,Yes,No,DSL,Yes,Yes,No,Yes,No internet service,No,Month-to-month,No,Credit card (automatic),78.0,2110.23,No
5551-TELCO,Male,0,No,No,2,Yes,No,DSL,Yes,No internet service,No internet service,No,Yes,Yes,One year,No,Electronic check,104.0,200.81,No
5552-TELCO,Male,0,No,Yes,54,No,No phone service,No,No,No internet service,Yes,No,No internet service,Yes,Two year,Yes,Bank transfer (automatic),44.02,2375.07,No
5553-TELCO,Female,0,No,No,72,Yes,Yes,DSL,Yes,No internet service,Yes,No,No,Yes,Month-to-month,No,Electronic check,110.5,7963.14,No
5554-TELCO,Male,0,No,No,48,Yes,No phone service,DSL,No,No internet service,No,Yes,No,No,One year,Yes,Credit card (automatic),112.65,5405.22,No
5555-TELCO,Female,0,No,Yes,49,Yes,No,No,No,No internet service,No,No,No,Yes,Month-to-month,No,Mailed check,57.49,2817.2,No
5556-TELCO,Female,1,No,No,1,Yes,No phone service,Fiber optic,No,No internet service,Yes,No internet service,No,Yes,Month-to-month,No,Bank transfer (automatic),51.78,58.08,Yes
5557-TELCO,Male,1,Yes,No,33,Yes,No,DSL,No internet service,No internet service,No internet service,No internet service,Yes,Yes,Month-to-month,No,Electronic check,48.23,1581.99,No
5558-TELCO,Female,0,No,No,35,No,Yes,Fiber optic,No,No internet service,No,No,No internet service,No,Month-to-month,Yes,Electronic check,66.57,2321.5,No
5559-TELCO,Female,0,Yes,Yes,54,Yes,Yes,DSL,Yes,Yes,No internet service,No,No,No,Two year,Yes,Bank transfer (automatic),84.78,4573.42,No
5560-TELCO,Male,0,Yes,Yes,56,No,Yes,Fiber optic,No,Yes,Yes,No,No internet service,No,Month-to-month,No,Bank transfer (automatic),69.17,3878.84,No
5561-TELCO,Male,1,Yes,No,15,Yes,Yes,Fiber optic,No,No,No,No,No,Yes,Month-to-month,No,Credit card (automatic),71.27,1064.57,No
5562-TELCO,Female,1,Yes,No,69,Yes,Yes,No,No internet service,Yes,Yes,Yes,No internet service,No,One year,Yes,Electronic check,24.34,1677.74,No
5563-TELCO,Male,0,Yes,No,4,Yes,No,DSL,No,Yes,No,No,No,Yes,Two year,No,Credit card (automatic),108.41,430.52,No
5564-TELCO,Male,0,Yes,No,64,No,No,Fiber optic,No,No,Yes,No,No,No internet service,Month-to-month,No,Credit card (automatic),35.78,2295.93,No
5565-TELCO,Female,0,Yes,Yes,22,Yes,No,DSL,No internet service,No,No,Yes,No internet service,No,Month-to-month,Yes,Bank transfer (automatic),90.81,1999.95,Yes
5566-TELCO,Male,0,No,Yes,24,Yes,No,Fiber optic,No,No,Yes,No,Yes,No internet service,Two year,No,Mailed check,48.69,1162.91,No
5567-TELCO,Male,0,Yes,No,47,Yes,No,DSL,No internet service,No internet service,Yes,No internet service,Yes,Yes,Two year,No,Mailed check,65.49,3085.7,No
5568-TELCO,Female,0,Yes,Yes,6,Yes,Yes,Fiber optic,Yes,No,Yes,Yes,No,No,One year,Yes,Electronic check,18.96,103.98,Yes
5569-TELCO,Male,0,Yes,No,27,Yes,No phone service,Fiber optic,Yes,No,No,No,No,No,One year,No,Credit card (automatic),100.29,2706.19,No
5570-TELCO,Male,0,Yes,Yes,10,Yes,Yes,No,No,Yes,Yes,No,No,No internet service,Month-to-month,Yes,Electronic check,114.83,1154.23,Yes
5571-TELCO,Female,1,Yes,No,39,Yes,No,No,Yes,Yes,No,Yes,No,No,One year,Yes,Mailed check,30.65,1194.55,No
5572-TELCO,Female,0,No,No,37,Yes,No phone service,Fiber optic,No,Yes,No,No,Yes,Yes,Month-to-month,No,Electronic check,37.59,1386.46,Yes
5573-TELCO,Female,0,No,No,54,Yes,No,DSL,No,Yes,Yes,No,Yes,Yes,Two year,Yes,Electronic check,25.52,1386.45,No
5574-TELCO,Male,0,No,No,51,Yes,Yes,Fiber optic,No,Yes,Yes,No,No,Yes,Month-to-month,Yes,Mailed check,26.18,1338.54,No
5575-TELCO,Female,0,No,No,60,Yes,No phone service,No,No internet service,No internet service,No,No internet service,Yes,Yes,One year,No,Bank transfer (automatic),73.45,4407.84,No
5576-TELCO,Female,0,Yes,No,72,Yes,No,DSL,No,No,No,No,No,Yes,Two year,Yes,Credit card (automatic),34.71,2507.67,No
5577-TELCO,Male,0,Yes,No,51,Yes,No,Fiber optic,No internet service,No,Yes,Yes,Yes,Yes,Month-to-month,Yes,Electronic check,40.51,2074.19,No
5578-TELCO,Female,0,Yes,No,62,Yes,No phone service,DSL,No,No internet service,No internet service,No internet service,Yes,No,One year,Yes,Credit card (automatic),63.61,3940.73,No
5579-TELCO,Female,0,No,No,49,Yes,Yes,DSL,No,Yes,No,Yes,Yes,No,Month-to-month,Yes,Credit card (automatic),66.56,3258.42,No
5580-TELCO,Female,0,Yes,No,51,Yes,No,DSL,No,No,Yes,No,Yes,Yes,Month-to-month,No,Electronic check,47.16,2401.04,No
5581-TELCO,Female,0,No,No,28,Yes,Yes,No,No internet service,Yes,No internet service,No,No internet service,No,One year,Yes,Electronic check,116.88,3268.31,No
5582-TELCO,Male,0,Yes,No,36,Yes,No,DSL,Yes,No internet service,No internet service,No internet service,No,No,Two year,No,Electronic check,29.64,1059.91,No
5583-TELCO,Female,0,Yes,No,25,Yes,No,DSL,No,No,No,No,Yes,No,Two year,Yes,Mailed check,37.49,940.07,No
5584-TELCO,Female,0,No,No,36,Yes,Yes,No,Yes,Yes,No internet service,No,No internet service,No,Month-to-month,Yes,Credit card (automatic),61.38,2205.68,No
5585-TELCO,Male,0,No,No,60,Yes,Yes,Fiber optic,Yes,Yes,Yes,No,Yes,Yes,One year,Yes,Credit card (automatic),47.4,2842.96,No
5586-TELCO,Female,0,No,Yes,7,Yes,Yes,Fiber optic,No internet service,No internet service,No internet service,No,No,Yes,Month-to-month,Yes,Credit card (automatic),101.96,713.25,No
5587-TELCO,Male,0,No,No,65,Yes,No,DSL,Yes,Yes,Yes,No internet service,No,No,Month-to-month,No,Electronic check,36.02,2344.7,No
5588-TELCO,Male,1,No,No,36,Yes,No phone service,Fiber optic,No,No internet service,No,Yes,No internet service,Yes,Month-to-month,Yes,Credit card (automatic),90.06,3248.66,Yes
5589-TELCO,Male,0,No,No,30,Yes,Yes,DSL,No,No,No,No internet service,Yes,No,Two year,Yes,Electronic check,30.9,936.38,No
5590-TELCO,Female,0,No,No,47,Yes,No,Fiber optic,No internet service,Yes,Yes,No,Yes,No,One year,Yes,Bank transfer (automatic),45.18,2122.25,No
5591-TELCO,Male,0,Yes,No,29,Yes,Yes,Fiber optic,No,Yes,No internet service,No,Yes,No internet service,Two year,Yes,Electronic check,92.61,2692.77,No
5592-TELCO,Male,0,No,Yes,5,Yes,No,Fiber optic,Yes,No,Yes,No,No,No internet service,Month-to-month,No,Mailed check,27.18,136.56,No
5593-TELCO,Male,0,No,No,65,Yes,No,Fiber optic,No,No,No internet service,No,Yes,No internet service,Month-to-month,Yes,Bank transfer (automatic),109.47,7124.24,No
5594-TELCO,Female,0,Yes,No,69,Yes,No,No,Yes,No,Yes,No internet service,Yes,No internet service,Two year,No,Bank transfer (automatic),50.55,3493.15,No
5595-TELCO,Female,0,No,Yes,63,Yes,Yes,Fiber optic,No,No,No,No,No,Yes,Two year,No,Mailed check,51.81,3267.75,No
5596-TELCO,Female,1,No,Yes,56,Yes,No,Fiber optic,No,No,Yes,No,Yes,No internet service,Month-to-month,Yes,Credit card (automatic),41.81,2339.71,Yes
5597-TELCO,Female,0,No,No,17,Yes,Yes,DSL,Yes,Yes,No,No,No internet service,Yes,One year,No,Bank transfer (automatic),105.83,1795.18,No
5598-TELCO,Female,0,Yes,No,51,Yes,No,No,No internet service,No,No internet service,No,No,No internet service,Month-to-month,Yes,Credit card (automatic),82.56,4216.7,No
5599-TELCO,Female,1,Yes,No,37,Yes,Yes,Fiber optic,Yes,No,No,No,No,No,Month-to-month,No,Mailed check,22.69,841.14,No
5600-TELCO,Female,0,No,No,9,Yes,No,Fiber optic,Yes,No,Yes,No internet service,Yes,No internet service,Month-to-month,No,Electronic check,110.26,983.9,Yes
5601-TELCO,Male,0,No,No,38,Yes,Yes,Fiber optic,Yes,Yes,Yes,Yes,Yes,No internet service,Two year,No,Mailed check,111.87,4249.76,No
5602-TELCO,Male,0,Yes,Yes,53,Yes,No phone service,No,No,No,Yes,Yes,No,No internet service,One year,Yes,Mailed check,73.55,3891.05,No
5603-TELCO,Male,0,No,No,13,No,Yes,No,No,No,No internet service,No internet service,No,No internet service,Month-to-month,Yes,Electronic check,49.9,639.25,Yes
5604-TELCO,Male,0,Yes,Yes,53,Yes,No,DSL,Yes,Yes,No,No internet service,Yes,Yes,Month-to-month,Yes,Bank transfer (automatic),34.41,1833.57,No
5605-TELCO,Female,0,No,No,49,Yes,No,Fiber optic,No internet service,No,No,No,No internet service,No internet service,Month-to-month,Yes,Bank transfer (automatic),44.51,2181.84,No
5606-TELCO,Male,0,Yes,No,70,Yes,No,DSL,No internet service,No internet service,Yes,Yes,No internet service,Yes,Month-to-month,Yes,Electronic check,106.33,7449.35,No
5607-TELCO,Male,0,Yes,No,35,Yes,Yes,DSL,No,Yes,No,No internet service,No,No,Month-to-month,No,Mailed check,38.99,1363.66,No
5608-TELCO,Male,0,No,No,16,Yes,No,No,No,No internet service,No,No,Yes,No,Month-to-month,Yes,Electronic check,33.26,534.86,Yes
5609-TELCO,Male,0,Yes,No,13,Yes,No,DSL,No internet service,No,Yes,No internet service,No,No,One year,Yes,Electronic check,51.15,674.76,No
5610-TELCO,Female,0,Yes,No,11,Yes,No,DSL,No,No,No,Yes,Yes,No,Month-to-month,No,Mailed check,48.55,537.14,Yes
5611-TELCO,Female,1,Yes,Yes,2,Yes,No phone service,Fiber optic,Yes,No,Yes,Yes,Yes,No,Month-to-month,No,Electronic check,92.62,178.49,Yes
5612-TELCO,Female,0,Yes,Yes,19,Yes,Yes,No,No internet service,No,No,No,Yes,No,One year,Yes,Bank transfer (automatic),56.85,1085.88,No
5613-TELCO,Male,0,Yes,No,45,Yes,No,DSL,Yes,Yes,No,No internet service,Yes,No,Two year,No,Bank transfer (automatic),38.7,1750.09,No
5614-TELCO,Female,0,No,No,46,Yes,No,DSL,No,No internet service,Yes,No internet service,Yes,No,One year,No,Electronic check,32.72,1501.57,No
5615-TELCO,Male,0,No,No,47,Yes,No,DSL,No,No,Yes,No,Yes,No,Month-to-month,No,Credit card (automatic),68.07,3193.76,Yes
5616-TELCO,Female,0,No,Yes,49,Yes,No,DSL,No,No,Yes,Yes,No internet service,Yes,Month-to-month,Yes,Bank transfer (automatic),113.49,5556.31,No
5617-TELCO,Female,0,No,No,42,Yes,No,DSL,Yes,No,Yes,Yes,Yes,Yes,Two year,Yes,Credit card (automatic),59.93,2510.4,No
5618-TELCO,Female,1,Yes,No,33,Yes,No,No,Yes,No,No,No internet service,Yes,No internet service,Month-to-month,Yes,Bank transfer (automatic),21.95,718.58,No
5619-TELCO,Female,1,Yes,No,41,Yes,No,DSL,No internet service,No internet service,Yes,No,No,No internet service,Month-to-month,Yes,Mailed check,45.75,1879.52,No
5620-TELCO,Female,1,Yes,No,69,Yes,No,Fiber optic,No internet service,Yes,No,No internet service,No,No,Month-to-month,No,Bank transfer (automatic),51.25,3533.62,No
5621-TELCO,Male,1,No,No,19,Yes,Yes,No,No,No internet service,No,No,Yes,Yes,Month-to-month,Yes,Mailed check,80.5,1537.22,Yes
5622-TELCO,Female,0,No,No,39,Yes,No phone service,Fiber optic,No,Yes,No internet service,Yes,No internet service,Yes,One year,Yes,Electronic check,105.45,4109.72,No
5623-TELCO,Male,0,Yes,Yes,7,No,Yes,DSL,No,No,Yes,No,Yes,No internet service,Month-to-month,No,Electronic check,115.15,814.42,Yes
5624-TELCO,Male,1,Yes,Yes,39,Yes,No,Fiber optic,No,Yes,Yes,No,No internet service,No internet service,Month-to-month,Yes,Electronic check,41.88,1625.98,Yes
5625-TELCO,Male,0,No,Yes,34,Yes,Yes,No,Yes,No,Yes,No,Yes,No,Month-to-month,No,Mailed check,104.04,3528.04,No
5626-TELCO,Male,1,No,No,44,Yes,No,DSL,No,Yes,No,No internet service,Yes,No,Month-to-month,Yes,Bank transfer (automatic),27.8,1228.86,No
5627-TELCO,Male,0,No,Yes,69,Yes,No,DSL,No internet service,No,No,No,No internet service,No internet service,Two year,No,Mailed check,74.89,5172.76,No
5628-TELCO,Female,0,Yes,No,68,Yes,Yes,DSL,No internet service,No internet service,No,No internet service,No,Yes,One year,No,Electronic check,53.0,3607.96,No
5629-TELCO,Female,0,No,No,63,Yes,Yes,Fiber optic,No,No,Yes,Yes,No internet service,No,Two year,Yes,Electronic check,30.49,1919.3,No
5630-TELCO,Female,1,Yes,No,71,Yes,No,DSL,Yes,Yes,Yes,No,No,No internet service,One year,Yes,Electronic check,37.81,2678.5,No
5631-TELCO,Female,0,No,No,48,Yes,No,Fiber optic,No internet service,Yes,No,No,Yes,No internet service,Month-to-month,No,Electronic check,45.25,2166.61,No
5632-TELCO,Male,0,No,Yes,3,Yes,No phone service,Fiber optic,No,No,Yes,Yes,No internet service,Yes,Month-to-month,Yes,Electronic check,90.32,276.98,Yes
5633-TELCO,Female,0,No,Yes,34,Yes,Yes,Fiber optic,No,Yes,No internet service,No,Yes,No internet service,Two year,Yes,Mailed check,117.8,4014.02,No
5634-TELCO,Female,0,Yes,Yes,9,Yes,Yes,Fiber optic,Yes,Yes,Yes,No,No,Yes,One year,Yes,Bank transfer (automatic),21.47,202.26,No
5635-TELCO,Male,0,Yes,No,61,Yes,No,DSL,No,No,No,Yes,Yes,Yes,One year,Yes,Mailed check,98.55,6009.04,No
5636-TELCO,Male,0,Yes,No,20,No,Yes,Fiber optic,No,Yes,Yes,Yes,Yes,Yes,Two year,Yes,Electronic check,69.64,1395.84,No
5637-TELCO,Female,0,Yes,Yes,40,Yes,No,Fiber optic,No,Yes,No internet service,No,No,Yes,Month-to-month,Yes,Mailed check,29.92,1192.96,No
5638-TELCO,Female,0,No,No,12,Yes,Yes,Fiber optic,No,No,No,No internet service,No,No,Two year,No,Electronic check,41.59,506.14,No
5639-TELCO,Male,0,No,No,28,Yes,No,DSL,No,Yes,Yes,No,No,Yes,Month-to-month,No,Electronic check,61.05,1711.25,Yes
5640-TELCO,Female,0,Yes,No,48,Yes,No,Fiber optic,No,Yes,No,No,Yes,No internet service,Two year,Yes,Credit card (automatic),91.04,4377.14,No
5641-TELCO,Female,0,Yes,Yes,7,Yes,No phone service,Fiber optic,No,No,No,No,Yes,No internet service,Month-to-month,Yes,Electronic check,42.46,302.14,No
5642-TELCO,Female,0,Yes,No,14,Yes,Yes,Fiber optic,Yes,Yes,Yes,Yes,No,Yes,One year,Yes,Electronic check,82.53,1150.34,Yes
5643-TELCO,Female,1,No,No,19,Yes,Yes,DSL,No,Yes,No internet service,Yes,No internet service,No,Two year,Yes,Electronic check,45.75,859.87,No
5644-TELCO,Male,0,No,No,54,Yes,Yes,DSL,Yes,No,No,No,No internet service,No,Two year,No,Bank transfer (automatic),101.12,5470.14,No
5645-TELCO,Male,0,Yes,No,60,Yes,No,Fiber optic,No,No,No,No,Yes,No,Month-to-month,No,Mailed check,48.98,2937.89,No
5646-TELCO,Male,0,Yes,No,67,Yes,No,Fiber optic,No,Yes,No,No,Yes,Yes,Month-to-month,No,Mailed check,100.91,6756.46,No
5647-TELCO,Female,0,No,Yes,34,Yes,No,Fiber optic,No,No,No,No,No,Yes,Two year,Yes,Bank transfer (automatic),50.58,1725.95,No
5648-TELCO,Female,0,No,No,41,No,Yes,Fiber optic,No,No internet service,No,Yes,No,No,One year,Yes,Electronic check,73.38,3002.01,No
5649-TELCO,Female,0,Yes,No,31,Yes,Yes,DSL,No,No internet service,No,No,No,No,Month-to-month,Yes,Credit card (automatic),97.74,3030.08,No
5650-TELCO,Female,0,No,No,39,Yes,No,DSL,Yes,No,No,No,No internet service,No internet service,Month-to-month,Yes,Mailed check,27.92,1087.26,No
5651-TELCO,Female,0,No,No,52,No,Yes,Fiber optic,No,Yes,No internet service,No,Yes,Yes,Month-to-month,Yes,Credit card (automatic),35.07,1816.17,No
5652-TELCO,Male,0,No,No,47,Yes,Yes,Fiber optic,No,No,No internet service,Yes,Yes,No,Two year,Yes,Mailed check,114.39,5379.83,No
5653-TELCO,Female,0,No,No,20,Yes,No,Fiber optic,No,Yes,Yes,No internet service,No internet service,No internet service,Two year,Yes,Mailed check,36.49,737.46,No
5654-TELCO,Female,0,Yes,No,52,Yes,No,No,No,No,No,Yes,No,No internet service,Two year,Yes,Electronic check,108.42,5646.42,No
5655-TELCO,Male,0,No,No,71,No,No,Fiber optic,Yes,No internet service,Yes,No internet service,No,Yes,Month-to-month,Yes,Mailed check,69.9,4964.02,No
5656-TELCO,Female,0,Yes,No,62,Yes,Yes,DSL,No,No,Yes,No,Yes,No,One year,Yes,Electronic check,29.16,1798.22,No
5657-TELCO,Male,1,Yes,No,5,Yes,Yes,Fiber optic,No internet service,No,Yes,No,No,Yes,Month-to-month,Yes,Credit card (automatic),66.18,328.63,No
5658-TELCO,Male,0,Yes,No,57,Yes,Yes,Fiber optic,No,Yes,Yes,No,No,Yes,One year,Yes,Electronic check,74.58,4252.05,No
5659-TELCO,Male,0,Yes,No,4,Yes,Yes,Fiber optic,No,Yes,No internet service,No internet service,No,No,Two year,No,Mailed check,33.78,144.49,No
5660-TELCO,Male,0,Yes,Yes,11,Yes,No,No,No internet service,No internet service,No,Yes,No,Yes,Two year,Yes,Electronic check,95.1,1044.98,No
5661-TELCO,Male,1,No,No,19,No,Yes,Fiber optic,No,Yes,Yes,No,No,No,Two year,No,Credit card (automatic),29.97,566.47,No
5662-TELCO,Female,0,No,No,27,Yes,Yes,Fiber optic,No,Yes,Yes,No,No internet service,Yes,Month-to-month,No,Bank transfer (automatic),28.61,780.93,Yes
5663-TELCO,Male,0,No,No,29,Yes,Yes,No,Yes,No,Yes,No internet service,No,No internet service,One year,No,Bank transfer (automatic),75.86,2198.77,No
5664-TELCO,Male,0,Yes,No,18,Yes,No,DSL,Yes,No,No,Yes,Yes,Yes,Month-to-month,Yes,Electronic check,102.04,1845.84,No
5665-TELCO,Female,1,Yes,No,37,Yes,Yes,DSL,No,Yes,No,No,Yes,Yes,Two year,No,Bank transfer (automatic),80.02,2957.1,No
5666-TELCO,Female,0,No,No,61,Yes,Yes,DSL,Yes,No,No,No,No internet service,No,One year,Yes,Bank transfer (automatic),22.92,1403.03,No
5667-TELCO,Male,1,Yes,No,47,Yes,Yes,DSL,No,Yes,No internet service,No,No,No,One year,Yes,Credit card (automatic),62.2,2930.27,No
5668-TELCO,Female,0,No,No,20,Yes,Yes,DSL,Yes,No,No,Yes,Yes,Yes,One year,Yes,Electronic check,90.81,1823.94,No
5669-TELCO,Female,0,Yes,Yes,70,Yes,No,No,No internet service,Yes,No,No,Yes,No internet service,Two year,Yes,Credit card (automatic),44.74,3127.74,No
5670-TELCO,Male,0,No,No,49,Yes,Yes,No,No internet service,No,No internet service,Yes,Yes,No,Month-to-month,No,Mailed check,88.25,4333.93,Yes
5671-TELCO,Male,0,Yes,No,15,Yes,No,Fiber optic,No internet service,Yes,No,No internet service,Yes,No,Month-to-month,No,Electronic check,57.85,872.6,No
5672-TELCO,Female,1,No,Yes,18,Yes,No phone service,Fiber optic,No internet service,No internet service,Yes,Yes,No internet service,Yes,Two year,Yes,Bank transfer (automatic),115.34,2069.15,No
5673-TELCO,Male,0,No,No,38,Yes,Yes,DSL,No internet service,No,No,No internet service,Yes,No internet service,One year,Yes,Electronic check,66.9,2547.39,No
5674-TELCO,Male,0,No,No,22,Yes,No,Fiber optic,No,No internet service,No,No,Yes,No internet service,Two year,Yes,Credit card (automatic),103.64,2286.76,No
5675-TELCO,Female,0,No,No,60,Yes,No,DSL,No,No,No,Yes,No,Yes,One year,No,Electronic check,53.28,3190.44,No
5676-TELCO,Male,0,Yes,No,66,Yes,Yes,Fiber optic,Yes,Yes,No,Yes,No,No,Month-to-month,Yes,Mailed check,92.61,6105.66,No
5677-TELCO,Male,0,No,No,26,Yes,No phone service,Fiber optic,No,No,No,No,No internet service,Yes,Two year,Yes,Electronic check,51.05,1319.92,No
5678-TELCO,Male,0,Yes,No,64,Yes,Yes,Fiber optic,No internet service,No,No internet service,No,No,Yes,One year,Yes,Mailed check,46.86,2998.96,No
5679-TELCO,Male,0,No,No,58,Yes,No,DSL,No,No,No,No,Yes,No,Month-to-month,Yes,Credit card (automatic),35.89,2085.95,No
5680-TELCO,Male,0,Yes,No,3,Yes,No,DSL,No,No,No internet service,Yes,No internet service,No,Two year,Yes,Electronic check,82.62,245.44,No
5681-TELCO,Female,0,No,No,30,Yes,No,Fiber optic,No,Yes,No,No,No,No internet service,Two year,No,Electronic check,66.37,1982.26,No
5682-TELCO,Female,0,No,No,19,Yes,Yes,Fiber optic,Yes,No,No,No,Yes,No internet service,Month-to-month,Yes,Electronic check,54.5,1032.69,No
5683-TELCO,Male,0,Yes,Yes,10,Yes,No,DSL,No,No internet service,No internet service,No,Yes,No,Two year,Yes,Credit card (automatic),23.82,242.24,No
5684-TELCO,Female,0,Yes,Yes,46,Yes,Yes,DSL,No,Yes,No internet service,No,No internet service,No internet service,One year,Yes,Electronic check,84.51,3879.41,No
5685-TELCO,Male,0,Yes,Yes,19,Yes,Yes,No,No internet service,No internet service,No,No,Yes,No,Month-to-month,No,Bank transfer (automatic),87.15,1656.98,Yes
5686-TELCO,Male,0,No,No,58,Yes,Yes,DSL,No internet service,Yes,No,Yes,Yes,Yes,Two year,No,Electronic check,50.42,2926.44,No
5687-TELCO,Male,0,Yes,No,6,Yes,No,Fiber optic,Yes,Yes,No,No,Yes,Yes,Month-to-month,Yes,Bank transfer (automatic),84.52,510.14,No
5688-TELCO,Male,0,No,Yes,51,Yes,No,DSL,No internet service,No,No,Yes,No,No internet service,One year,No,Bank transfer (automatic),106.71,5439.13,No
5689-TELCO,Male,1,No,Yes,14,Yes,Yes,Fiber optic,No internet service,No,Yes,No internet service,No,No,Two year,Yes,Credit card (automatic),53.2,753.35,No
5690-TELCO,Female,0,No,No,58,Yes,No,Fiber optic,No,No,No,No,Yes,No,Two year,No,Electronic check,90.58,5263.54,No
5691-TELCO,Female,1,No,No,8,Yes,No,No,No internet service,No,Yes,Yes,Yes,Yes,Month-to-month,Yes,Electronic check,103.23,832.58,Yes
5692-TELCO,Male,0,Yes,Yes,2,Yes,No,Fiber optic,Yes,Yes,No,No,Yes,No,Month-to-month,Yes,Bank transfer (automatic),62.24,116.66,No
5693-TELCO,Female,1,No,Yes,18,Yes,Yes,DSL,No internet service,Yes,No internet service,No internet service,No,Yes,Month-to-month,No,Electronic check,33.72,602.32,No
5694-TELCO,Male,0,No,Yes,57,Yes,No,No,No,Yes,Yes,No internet service,Yes,No internet service,Month-to-month,No,Bank transfer (automatic),22.19,1258.85,No
5695-TELCO,Female,0,No,No,35,Yes,No,Fiber optic,No internet service,No internet service,Yes,Yes,Yes,Yes,Two year,Yes,Bank transfer (automatic),92.6,3232.06,No
5696-TELCO,Male,0,No,Yes,66,Yes,Yes,No,No,No,No internet service,No internet service,Yes,No,Two year,Yes,Credit card (automatic),70.79,4680.06,No
5697-TELCO,Female,0,No,No,56,Yes,Yes,Fiber optic,No internet service,No internet service,No,Yes,No,Yes,One year,No,Bank transfer (automatic),35.92,2005.29,No
5698-TELCO,Male,1,Yes,No,43,Yes,No phone service,Fiber optic,No,No,No,No,No,No internet service,Two year,Yes,Electronic check,19.44,833.44,No
5699-TELCO,Male,0,No,No,72,Yes,No,No,No,Yes,No,Yes,No internet service,No,Month-to-month,Yes,Mailed check,61.13,4398.86,No
5700-TELCO,Female,0,No,Yes,8,Yes,No,Fiber optic,No internet service,No,Yes,No,Yes,No,Two year,Yes,Electronic check,61.41,496.82,No
5701-TELCO,Female,1,No,No,5,Yes,No phone service,Fiber optic,No,No,Yes,Yes,No internet service,Yes,One year,No,Bank transfer (automatic),116.0,578.96,No
5702-TELCO,Male,0,No,No,13,Yes,No,Fiber optic,No internet service,No,No internet service,No,Yes,No,One year,Yes,Bank transfer (automatic),32.3,417.32,Yes
5703-TELCO,Female,0,Yes,No,7,Yes,No,Fiber optic,No,No,No,Yes,No internet service,Yes,Month-to-month,Yes,Mailed check,37.0,254.3,Yes
5704-TELCO,Male,0,No,Yes,21,Yes,No,Fiber optic,No internet service,No,Yes,No,No internet service,No internet service,Month-to-month,No,Credit card (automatic),114.07,2396.01,Yes
5705-TELCO,Female,1,No,No,37,Yes,No,No,No,No,Yes,Yes,No internet service,No,Month-to-month,Yes,Electronic check,27.57,1012.38,No
5706-TELCO,Female,0,Yes,No,45,Yes,No,Fiber optic,Yes,Yes,No,Yes,Yes,Yes,Month-to-month,Yes,Credit card (automatic),100.35,4518.09,Yes
5707-TELCO,Male,0,No,Yes,52,Yes,Yes,Fiber optic,No,No internet service,Yes,No,Yes,No internet service,Month-to-month,Yes,Electronic check,101.56,5287.59,No
5708-TELCO,Female,0,Yes,No,48,Yes,No,Fiber optic,Yes,No,Yes,No,No,No internet service,One year,No,Credit card (automatic),40.39,1947.27,No
5709-TELCO,Female,0,No,No,62,No,No,DSL,No internet service,No,Yes,No,No,Yes,One year,Yes,Electronic check,54.61,3388.45,No
5710-TELCO,Male,0,Yes,No,51,Yes,No,DSL,No,No,Yes,No,No,No internet service,Month-to-month,Yes,Credit card (automatic),109.89,5610.83,No
5711-TELCO,Female,1,No,Yes,4,No,No,DSL,No,Yes,No,No internet service,No,Yes,Month-to-month,Yes,Electronic check,82.29,323.69,Yes
5712-TELCO,Male,1,Yes,Yes,56,Yes,Yes,Fiber optic,No,No internet service,No internet service,Yes,Yes,No,Two year,Yes,Mailed check,102.71,5752.04,No
5713-TELCO,Male,0,No,No,34,Yes,Yes,No,No,Yes,No,No,No,Yes,Month-to-month,Yes,Credit card (automatic),100.71,3419.82,No
5714-TELCO,Male,0,Yes,No,45,Yes,No,Fiber optic,No,Yes,Yes,Yes,Yes,No internet service,Month-to-month,Yes,Electronic check,70.09,3164.05,No
5715-TELCO,Male,0,Yes,No,16,Yes,Yes,No,No internet service,No internet service,Yes,No,No,Yes,Month-to-month,Yes,Credit card (automatic),24.69,392.56,Yes
5716-TELCO,Male,0,No,No,9,Yes,Yes,DSL,No,Yes,No internet service,Yes,No internet service,Yes,Month-to-month,No,Mailed check,72.43,646.33,Yes
5717-TELCO,Female,0,Yes,No,16,Yes,No,Fiber optic,No,No internet service,No,No,No,No,Month-to-month,No,Bank transfer (automatic),21.03,341.92,No
5718-TELCO,Male,1,No,No,31,Yes,No,DSL,Yes,Yes,No,No internet service,No,No,Two year,Yes,Bank transfer (automatic),51.09,1582.98,No
5719-TELCO,Male,1,No,Yes,13,Yes,Yes,DSL,No,No,No internet service,No,Yes,No,Month-to-month,Yes,Bank transfer (automatic),31.07,396.45,Yes
5720-TELCO,Female,0,No,No,5,Yes,Yes,No,Yes,Yes,No,No internet service,Yes,No,Month-to-month,No,Mailed check,60.51,308.32,Yes
5721-TELCO,Female,0,No,No,47,Yes,No,DSL,No,No,No,No,Yes,Yes,Month-to-month,Yes,Electronic check,27.58,1295.91,Yes
5722-TELCO,Female,0,Yes,No,39,Yes,No,DSL,No,Yes,No internet service,No internet service,No internet service,No,Two year,Yes,Electronic check,58.62,2291.96,No
5723-TELCO,Male,0,Yes,Yes,18,Yes,Yes,Fiber optic,No internet service,No internet service,No,No internet service,Yes,No,Month-to-month,No,Bank transfer (automatic),21.65,394.72,Yes
5724-TELCO,Male,0,No,Yes,20,Yes,No,No,No,No,No,No,No internet service,Yes,Month-to-month,No,Bank transfer (automatic),50.16,1004.6,No
5725-TELCO,Male,1,Yes,Yes,2,Yes,Yes,Fiber optic,No,No,No,No internet service,Yes,No,Month-to-month,Yes,Bank transfer (automatic),58.22,120.84,Yes
5726-TELCO,Female,1,No,No,40,Yes,No phone service,DSL,No,Yes,No internet service,No,No,No,One year,Yes,Credit card (automatic),39.85,1601.13,Yes
5727-TELCO,Male,0,Yes,No,30,Yes,No phone service,DSL,Yes,No internet service,No internet service,No,No,No,Month-to-month,No,Electronic check,114.68,3439.38,No
5728-TELCO,Female,1,No,Yes,10,Yes,No,DSL,Yes,No internet service,No,Yes,No,Yes,One year,Yes,Credit card (automatic),47.46,483.72,Yes
5729-TELCO,Male,0,Yes,Yes,64,Yes,Yes,DSL,No internet service,No,No,No internet service,No,No,Month-to-month,Yes,Electronic check,79.55,5084.84,No
5730-TELCO,Female,0,No,Yes,42,No,No,No,No,No internet service,No internet service,No internet service,No,Yes,Month-to-month,Yes,Mailed check,46.3,1953.99,Yes
5731-TELCO,Male,0,Yes,No,53,Yes,Yes,No,Yes,No internet service,No,No internet service,No,No,Month-to-month,Yes,Electronic check,98.22,5200.33,No
5732-TELCO,Male,0,Yes,Yes,53,Yes,No,No,Yes,No,No,Yes,No internet service,No,Month-to-month,Yes,Electronic check,87.12,4617.5,No
5733-TELCO,Male,1,No,No,40,Yes,No,No,No,Yes,Yes,Yes,Yes,Yes,One year,No,Electronic check,97.35,3893.4,No
5734-TELCO,Female,0,Yes,No,16,Yes,No,No,No,No,No,No,No,No,One year,Yes,Mailed check,34.65,545.61,No
5735-TELCO,Female,0,No,No,48,Yes,Yes,No,No,Yes,Yes,No internet service,No,No internet service,Month-to-month,Yes,Credit card (automatic),53.54,2563.74,No
5736-TELCO,Male,0,No,No,61,Yes,Yes,No,Yes,No,No,No internet service,Yes,No internet service,Two year,Yes,Mailed check,38.59,2360.59,No
5737-TELCO,Male,0,Yes,No,38,Yes,No phone service,No,No,No internet service,No,Yes,No,No internet service,Month-to-month,No,Electronic check,89.12,3382.08,Yes
5738-TELCO,Male,0,No,No,44,Yes,No,Fiber optic,No internet service,Yes,No,No,Yes,No internet service,Month-to-month,Yes,Bank transfer (automatic),86.5,3796.13,No
5739-TELCO,Female,0,Yes,No,15,Yes,Yes,DSL,No,No internet service,No,No,Yes,Yes,Two year,Yes,Electronic check,116.26,1750.39,No
5740-TELCO,Male,0,No,No,61,No,No,Fiber optic,Yes,No internet service,No,No,No,No,One year,Yes,Electronic check,108.93,6653.77,No
5741-TELCO,Male,0,No,No,7,Yes,No,Fiber optic,No,No internet service,No,Yes,Yes,No,One year,Yes,Credit card (automatic),112.4,787.44,Yes
5742-TELCO,Male,0,No,No,30,Yes,No,Fiber optic,No internet service,No,No internet service,Yes,No internet service,Yes,Two year,Yes,Mailed check,76.49,2296.65,No
5743-TELCO,Male,0,Yes,No,36,Yes,Yes,Fiber optic,Yes,No,Yes,Yes,No,No,Two year,No,Credit card (automatic),33.18,1186.74,No
5744-TELCO,Female,0,Yes,No,11,Yes,Yes,Fiber optic,No,No internet service,No,No,No,Yes,Month-to-month,Yes,Bank transfer (automatic),112.04,1241.39,Yes
5745-TELCO,Female,0,No,No,70,No,No phone service,DSL,No internet service,Yes,No internet service,No internet service,No internet service,No internet service,Month-to-month,Yes,Electronic check,106.01,7414.94,No
5746-TELCO,Male,1,Yes,No,29,Yes,No,DSL,Yes,No,No internet service,No,Yes,No internet service,One year,No,Credit card (automatic),59.83,1736.05,Yes
5747-TELCO,Male,0,Yes,Yes,6,No,Yes,No,No internet service,No,No internet service,No,Yes,No,Month-to-month,No,Credit card (automatic),73.83,452.28,No
5748-TELCO,Female,0,No,No,51,Yes,No,Fiber optic,No,No,No internet service,No internet service,No internet service,No,Month-to-month,Yes,Electronic check,28.15,1434.6,No
5749-TELCO,Female,0,No,No,38,Yes,No,DSL,No,No,Yes,No,No internet service,No,Month-to-month,Yes,Electronic check,55.45,2098.96,No
5750-TELCO,Male,0,Yes,No,22,Yes,No,No,No internet service,Yes,Yes,No,Yes,No internet service,Month-to-month,No,Mailed check,99.03,2172.96,Yes
5751-TELCO,Female,0,Yes,No,54,Yes,No phone service,DSL,Yes,No internet service,Yes,No,No internet service,No internet service,One year,Yes,Mailed check,116.43,6278.65,No
5752-TELCO,Female,0,Yes,Yes,40,Yes,Yes,Fiber optic,No,No,Yes,Yes,No,Yes,One year,Yes,Bank transfer (automatic),66.97,2676.88,No
5753-TELCO,Male,0,Yes,No,7,No,No,DSL,No internet service,No,Yes,No,Yes,Yes,One year,Yes,Electronic check,46.74,328.96,Yes
5754-TELCO,Female,0,Yes,No,40,Yes,No,No,No,No,No internet service,No internet service,No,Yes,Month-to-month,Yes,Electronic check,96.08,3842.18,Yes
5755-TELCO,Female,0,Yes,Yes,24,Yes,No,Fiber optic,Yes,Yes,No,No internet service,No internet service,Yes,Two year,Yes,Mailed check,104.13,2496.01,Yes
5756-TELCO,Male,0,No,No,41,Yes,Yes,Fiber optic,No,No,Yes,Yes,No,No internet service,Month-to-month,Yes,Bank transfer (automatic),82.17,3362.3,No
5757-TELCO,Male,0,No,Yes,51,Yes,Yes,No,Yes,No,No,No,No,No,One year,Yes,Credit card (automatic),66.75,3408.23,No
5758-TELCO,Female,0,Yes,Yes,39,Yes,No,No,No,Yes,Yes,No,Yes,No,Month-to-month,No,Mailed check,108.04,4222.86,No
5759-TELCO,Male,0,Yes,Yes,43,Yes,Yes,Fiber optic,No,No,Yes,No,No internet service,Yes,Month-to-month,Yes,Electronic check,86.21,3703.64,Yes
5760-TELCO,Female,0,No,No,69,Yes,No,No,No,No internet service,Yes,Yes,Yes,No,Two year,No,Electronic check,18.35,1266.57,No
5761-TELCO,Male,0,Yes,No,59,Yes,Yes,Fiber optic,No,No,No,No,Yes,No,Two year,Yes,Electronic check,115.93,6833.17,No
5762-TELCO,Female,0,No,Yes,25,Yes,No,Fiber optic,Yes,No,No internet service,No,No internet service,No,Two year,Yes,Electronic check,89.97,2240.74,No
5763-TELCO,Male,0,No,No,25,Yes,No,Fiber optic,Yes,Yes,Yes,No,No internet service,No internet service,Two year,Yes,Mailed check,66.75,1662.09,No
5764-TELCO,Female,0,No,Yes,24,Yes,No,DSL,No internet service,No,No,No internet service,No,No,Month-to-month,Yes,Bank transfer (automatic),19.78,466.56,No
5765-TELCO,Female,0,Yes,No,62,Yes,No,DSL,Yes,No internet service,Yes,No,Yes,No,One year,No,Credit card (automatic),22.81,1416.56,No
5766-TELCO,Female,0,No,Yes,43,Yes,Yes,No,No,No,Yes,No,No,No internet service,Two year,Yes,Bank transfer (automatic),115.53,4970.89,No
5767-TELCO,Male,0,No,Yes,59,Yes,Yes,DSL,No internet service,Yes,Yes,No internet service,No internet service,No,One year,No,Electronic check,98.26,5807.31,No
5768-TELCO,Male,0,No,Yes,54,Yes,Yes,Fiber optic,No,Yes,Yes,No,No,No internet service,Two year,No,Credit card (automatic),27.99,1521.29,No
5769-TELCO,Female,0,No,No,26,Yes,No phone service,DSL,No,No,No,No,Yes,Yes,One year,Yes,Credit card (automatic),93.43,2428.02,No
5770-TELCO,Female,0,Yes,No,54,Yes,Yes,Fiber optic,Yes,No,No,No,No internet service,Yes,One year,Yes,Mailed check,35.61,1917.53,No
5771-TELCO,Male,0,Yes,No,61,Yes,No,DSL,Yes,Yes,Yes,No,No internet service,No internet service,Two year,Yes,Mailed check,57.25,3492.06,No
5772-TELCO,Male,0,No,Yes,44,Yes,Yes,No,No,No,Yes,No,No,Yes,Month-to-month,Yes,Mailed check,69.12,3049.23,Yes
5773-TELCO,Male,0,No,No,9,Yes,Yes,No,No,No,No internet service,No internet service,No internet service,No,Two year,Yes,Mailed check,109.11,985.63,No
5774-TELCO,Male,0,No,No,42,Yes,No,No,No internet service,Yes,Yes,No internet service,Yes,No,Month-to-month,No,Electronic check,23.48,988.54,Yes
5775-TELCO,Male,0,No,Yes,29,Yes,Yes,Fiber optic,No,Yes,No,Yes,No,No,One year,Yes,Credit card (automatic),31.75,924.66,No
5776-TELCO,Male,0,Yes,Yes,58,Yes,No phone service,No,Yes,No,No,No,Yes,No internet service,Month-to-month,Yes,Credit card (automatic),95.83,5551.19,No
5777-TELCO,Female,0,Yes,Yes,63,Yes,No,Fiber optic,No,No,Yes,Yes,No internet service,No,Month-to-month,Yes,Mailed check,118.36,7454.31,No
5778-TELCO,Male,0,No,No,49,Yes,Yes,Fiber optic,Yes,No,Yes,No,No internet service,No internet service,Month-to-month,Yes,Bank transfer (automatic),96.27,4711.08,No
5779-TELCO,Female,0,Yes,No,11,Yes,No,DSL,Yes,No,Yes,Yes,No internet service,No internet service,Month-to-month,Yes,Electronic check,96.4,1069.39,No
5780-TELCO,Male,0,No,No,54,Yes,No,No,No,No,No,Yes,No,No internet service,One year,Yes,Bank transfer (automatic),71.52,3855.97,No
5781-TELCO,Male,0,Yes,Yes,30,Yes,No,DSL,No,No internet service,No,No,No,No internet service,One year,No,Credit card (automatic),52.87,1579.73,No
5782-TELCO,Female,1,No,No,66,Yes,No,Fiber optic,No,No internet service,No,Yes,No internet service,No,Two year,No,Mailed check,32.47,2151.15,No
5783-TELCO,Female,0,No,No,65,Yes,No phone service,No,No internet service,No internet service,No internet service,Yes,No,Yes,Month-to-month,No,Electronic check,36.56,2385.38,No
5784-TELCO,Male,0,Yes,Yes,58,Yes,Yes,Fiber optic,No,No,No,No,Yes,No,Two year,No,Bank transfer (automatic),62.81,3647.22,No
5785-TELCO,Female,1,Yes,No,57,Yes,No phone service,DSL,Yes,No internet service,No internet service,No,Yes,No internet service,Month-to-month,Yes,Electronic check,115.09,6570.1,No
5786-TELCO,Female,0,No,No,37,No,Yes,Fiber optic,Yes,Yes,No,No internet service,No internet service,No internet service,Two year,Yes,Credit card (automatic),79.27,2924.0,No
5787-TELCO,Female,0,No,Yes,54,No,Yes,Fiber optic,No internet service,Yes,Yes,No,Yes,No,One year,Yes,Bank transfer (automatic),105.3,5690.59,No
5788-TELCO,Female,0,No,No,69,Yes,No,DSL,No internet service,No internet service,No,No internet service,Yes,No,Two year,No,Credit card (automatic),42.81,2947.64,No
5789-TELCO,Male,0,Yes,No,24,Yes,Yes,Fiber optic,No,No internet service,No internet service,No,No,Yes,Month-to-month,No,Mailed check,57.72,1382.81,No
5790-TELCO,Female,0,Yes,No,63,Yes,No,No,No,No internet service,Yes,Yes,No internet service,Yes,Month-to-month,Yes,Electronic check,91.75,5776.13,No
5791-TELCO,Male,0,Yes,No,51,Yes,No,No,No,No internet service,No,No,Yes,No,Month-to-month,No,Credit card (automatic),25.12,1288.5,No
5792-TELCO,Male,0,Yes,Yes,15,Yes,No,Fiber optic,No internet service,No,Yes,No,Yes,Yes,Month-to-month,Yes,Credit card (automatic),45.94,681.45,No
5793-TELCO,Male,0,No,No,47,Yes,No,DSL,Yes,No internet service,No internet service,No,No internet service,No,Two year,No,Electronic check,74.97,3519.77,No
5794-TELCO,Male,0,No,No,46,Yes,Yes,Fiber optic,No internet service,Yes,No,No internet service,Yes,No,Month-to-month,Yes,Credit card (automatic),88.56,4078.89,No
5795-TELCO,Female,1,Yes,No,30,Yes,No,Fiber optic,No internet service,No internet service,Yes,Yes,No internet service,No internet service,Month-to-month,No,Credit card (automatic),62.05,1866.47,No
5796-TELCO,Female,1,Yes,No,20,Yes,Yes,No,No,No,No internet service,No,Yes,No internet service,Month-to-month,Yes,Mailed check,105.34,2107.63,No
5797-TELCO,Male,1,Yes,No,57,Yes,Yes,No,No,Yes,Yes,No,Yes,Yes,One year,Yes,Credit card (automatic),76.98,4394.12,No
5798-TELCO,Male,0,No,Yes,49,Yes,No phone service,No,No,No,No,No internet service,No internet service,Yes,Month-to-month,Yes,Mailed check,83.7,4093.0,No
5799-TELCO,Male,1,No,Yes,56,No,Yes,Fiber optic,Yes,Yes,No,No,Yes,Yes,One year,Yes,Electronic check,45.44,2534.74,No
5800-TELCO,Male,0,No,Yes,56,Yes,Yes,Fiber optic,Yes,Yes,No internet service,Yes,Yes,No,One year,Yes,Mailed check,51.2,2859.27,No
5801-TELCO,Female,0,Yes,Yes,25,Yes,Yes,DSL,No internet service,Yes,No,No internet service,No internet service,No internet service,Two year,Yes,Credit card (automatic),22.32,564.37,No
5802-TELCO,Male,0,No,Yes,9,Yes,No,Fiber optic,No,Yes,No internet service,No internet service,No,No,Month-to-month,No,Mailed check,25.79,232.02,Yes
5803-TELCO,Female,1,Yes,No,22,Yes,No,No,No,No,Yes,Yes,Yes,No internet service,Month-to-month,No,Electronic check,115.1,2529.89,Yes
5804-TELCO,Male,0,Yes,No,37,No,No,Fiber optic,Yes,No,Yes,Yes,No,No,Month-to-month,Yes,Mailed check,73.58,2717.15,No
5805-TELCO,Male,0,No,No,28,Yes,Yes,Fiber optic,No,No internet service,Yes,No internet service,No internet service,No,Two year,Yes,Electronic check,30.48,846.04,No
5806-TELCO,Male,0,No,No,14,Yes,No,DSL,No,No,No,No,No internet service,No,Month-to-month,Yes,Bank transfer (automatic),49.54,695.15,Yes
5807-TELCO,Male,0,Yes,No,30,Yes,Yes,DSL,Yes,No internet service,Yes,Yes,Yes,No internet service,Month-to-month,No,Bank transfer (automatic),82.0,2462.81,No
5808-TELCO,Female,0,Yes,Yes,39,Yes,Yes,Fiber optic,No,No internet service,Yes,No,No,Yes,One year,No,Bank transfer (automatic),104.52,4067.28,No
5809-TELCO,Female,0,Yes,No,57,Yes,No,No,Yes,Yes,No internet service,No,No,Yes,One year,Yes,Electronic check,24.86,1408.48,No
5810-TELCO,Female,0,Yes,No,5,No,No,DSL,No,Yes,Yes,No internet service,Yes,Yes,One year,No,Credit card (automatic),63.87,323.92,No
5811-TELCO,Male,0,No,Yes,12,Yes,Yes,DSL,No internet service,No,No,Yes,No,No,Month-to-month,No,Credit card (automatic),25.14,300.38,No
5812-TELCO,Male,0,No,No,35,Yes,No,Fiber optic,Yes,No internet service,No,No,Yes,No,Month-to-month,No,Electronic check,64.7,2260.83,No
5813-TELCO,Female,0,Yes,Yes,41,No,No,DSL,Yes,No internet service,Yes,Yes,Yes,Yes,Month-to-month,Yes,Credit card (automatic),90.81,3722.88,No
5814-TELCO,Female,0,Yes,Yes,63,Yes,No phone service,DSL,No,No,No,Yes,Yes,No,Month-to-month,Yes,Mailed check,95.99,6041.27,No
5815-TELCO,Male,0,Yes,Yes,42,Yes,No,DSL,No,Yes,No,Yes,No,Yes,One year,Yes,Mailed check,45.83,1915.38,No
5816-TELCO,Male,0,No,No,65,Yes,No,Fiber optic,No,No internet service,No,No internet service,Yes,No,Month-to-month,Yes,Electronic check,45.11,2929.11,No
5817-TELCO,Female,0,Yes,No,65,No,No phone service,Fiber optic,No,No,No internet service,Yes,No internet service,No internet service,Two year,No,Credit card (automatic),117.55,7637.29,No
5818-TELCO,Male,0,No,No,43,Yes,No phone service,No,Yes,Yes,No,No,Yes,No internet service,Month-to-month,No,Credit card (automatic),29.96,1286.33,No
5819-TELCO,Male,0,Yes,No,60,No,No,Fiber optic,No,No internet service,No internet service,No,No,Yes,Month-to-month,Yes,Bank transfer (automatic),83.11,4986.68,No
5820-TELCO,Female,0,No,Yes,20,Yes,No,Fiber optic,Yes,No internet service,No,No,Yes,Yes,Two year,No,Electronic check,92.26,1851.2,No
5821-TELCO,Male,0,No,No,63,Yes,No phone service,DSL,Yes,Yes,No,No internet service,No,No,Month-to-month,Yes,Mailed check,95.98,6054.84,No
5822-TELCO,Female,1,No,No,24,Yes,Yes,Fiber optic,No,Yes,Yes,No,No,No internet service,Month-to-month,Yes,Electronic check,85.19,2038.12,No
5823-TELCO,Male,0,No,Yes,72,Yes,Yes,Fiber optic,No,No internet service,No,Yes,Yes,No,Month-to-month,Yes,Mailed check,59.99,4317.23,No
5824-TELCO,Female,0,No,No,35,Yes,No,DSL,Yes,No,No,Yes,No,No,Month-to-month,No,Bank transfer (automatic),30.14,1045.37,No
5825-TELCO,Male,0,No,Yes,41,No,Yes,Fiber optic,Yes,No internet service,No,No,No internet service,No,One year,No,Electronic check,75.68,3105.8,No
5826-TELCO,Female,1,Yes,Yes,16,Yes,No,DSL,No,No internet service,No,No internet service,Yes,Yes,One year,No,Electronic check,77.46,1236.32,No
5827-TELCO,Female,0,Yes,No,6,Yes,No,Fiber optic,No,Yes,No,Yes,Yes,Yes,Month-to-month,Yes,Bank transfer (automatic),83.82,501.55,Yes
5828-TELCO,Female,0,Yes,No,20,Yes,Yes,Fiber optic,Yes,No,No,Yes,No,No,Month-to-month,No,Electronic check,111.46,2220.53,No
5829-TELCO,Female,0,No,No,56,Yes,No,Fiber optic,Yes,No,No,No,No internet service,No,One year,No,Bank transfer (automatic),62.37,3499.58,No
5830-TELCO,Male,0,No,No,8,Yes,Yes,No,No,Yes,No,Yes,No,No internet service,Two year,No,Electronic check,114.59,921.37,No
5831-TELCO,Male,0,Yes,No,6,No,Yes,No,Yes,Yes,Yes,No internet service,No,No,Month-to-month,Yes,Credit card (automatic),39.85,232.34,No
5832-TELCO,Female,0,No,No,8,Yes,No,No,No,No,No internet service,Yes,No internet service,No,Month-to-month,No,Credit card (automatic),43.83,340.76,Yes
5833-TELCO,Male,0,No,No,62,Yes,No phone service,No,No,No,No internet service,No,No internet service,No,Month-to-month,Yes,Credit card (automatic),30.94,1910.62,No
5834-TELCO,Male,0,No,No,14,Yes,No phone service,DSL,No internet service,No,No,Yes,Yes,Yes,Month-to-month,Yes,Electronic check,25.8,361.02,Yes
5835-TELCO,Male,0,No,No,3,Yes,No,Fiber optic,No internet service,Yes,No internet service,No,No,Yes,Month-to-month,No,Credit card (automatic),64.88,200.88,Yes
5836-TELCO,Male,0,No,No,2,Yes,Yes,DSL,No,No,Yes,No,No internet service,Yes,One year,Yes,Electronic check,82.02,168.43,No
5837-TELCO,Male,0,Yes,No,22,Yes,No,DSL,No,No,Yes,No internet service,No,No,Month-to-month,Yes,Credit card (automatic),57.73,1272.83,No
5838-TELCO,Female,1,Yes,No,70,Yes,No phone service,Fiber optic,No,No internet service,No,No,Yes,No internet service,Month-to-month,No,Mailed check,73.73,5167.08,No
5839-TELCO,Female,0,No,No,71,Yes,No,No,No,Yes,No internet service,Yes,No internet service,Yes,Month-to-month,Yes,Credit card (automatic),58.59,4160.13,No
5840-TELCO,Female,0,Yes,No,6,No,No,Fiber optic,No,No internet service,No,Yes,Yes,No,Two year,Yes,Electronic check,22.76,139.87,No
5841-TELCO,Female,0,Yes,Yes,50,Yes,No,Fiber optic,No internet service,No,Yes,No,No,Yes,Two year,Yes,Bank transfer (automatic),35.75,1794.2,No
5842-TELCO,Male,0,No,No,44,Yes,No,Fiber optic,No internet service,No,Yes,No,Yes,No,Month-to-month,Yes,Credit card (automatic),45.18,1989.01,No
5843-TELCO,Male,1,No,No,8,Yes,Yes,Fiber optic,No,Yes,No,Yes,No internet service,Yes,Month-to-month,Yes,Bank transfer (automatic),82.05,658.51,No
5844-TELCO,Female,0,No,No,24,Yes,No phone service,No,No internet service,No internet service,No internet service,Yes,Yes,Yes,Month-to-month,Yes,Bank transfer (automatic),105.19,2527.0,No
5845-TELCO,Male,0,Yes,No,27,Yes,No,DSL,No,No internet service,Yes,Yes,No internet service,Yes,Two year,No,Bank transfer (automatic),36.53,994.89,No
5846-TELCO,Male,1,No,Yes,53,Yes,No phone service,No,No,No internet service,No,Yes,Yes,No,One year,No,Credit card (automatic),40.98,2171.04,No
5847-TELCO,Female,0,Yes,No,51,No,No,DSL,No,No,No internet service,No internet service,No,No,Month-to-month,Yes,Bank transfer (automatic),90.12,4587.93,No
5848-TELCO,Male,1,Yes,Yes,28,Yes,No,No,No,Yes,No,No,Yes,Yes,Two year,No,Mailed check,114.34,3208.93,No
5849-TELCO,Female,0,No,No,59,Yes,No phone service,DSL,No internet service,No,Yes,No internet service,No,Yes,Month-to-month,Yes,Electronic check,53.73,3161.19,No
5850-TELCO,Female,1,Yes,No,69,Yes,No,Fiber optic,No,No internet service,No internet service,No,Yes,No internet service,Month-to-month,Yes,Bank transfer (automatic),50.43,3470.59,No
5851-TELCO,Male,0,Yes,No,25,Yes,No,No,No,No,No,No,No internet service,No internet service,Month-to-month,No,Electronic check,54.56,1357.9,No
5852-TELCO,Male,0,No,No,44,Yes,No,Fiber optic,No,No internet service,No,Yes,No,No,Month-to-month,No,Electronic check,35.34,1546.43,Yes
5853-TELCO,Female,1,Yes,No,47,Yes,Yes,Fiber optic,No,Yes,Yes,No,No,No internet service,Month-to-month,Yes,Bank transfer (automatic),67.72,3183.28,No
5854-TELCO,Female,0,No,Yes,13,Yes,No,Fiber optic,Yes,No internet service,No,No,No internet service,No internet service,One year,No,Mailed check,72.87,954.83,No
5855-TELCO,Male,0,No,Yes,53,Yes,Yes,DSL,Yes,No,No,Yes,Yes,No,Two year,No,Electronic check,34.05,1799.53,No
5856-TELCO,Female,0,No,No,53,Yes,No,DSL,No internet service,No internet service,No,Yes,No,No,Two year,No,Bank transfer (automatic),40.75,2150.75,No
5857-TELCO,Female,0,Yes,Yes,37,Yes,Yes,DSL,No internet service,No,No,No,Yes,No,Two year,Yes,Credit card (automatic),38.56,1421.76,No
5858-TELCO,Female,0,No,Yes,63,Yes,No,DSL,No internet service,No,No,Yes,Yes,No,Two year,Yes,Electronic check,79.13,4981.0,No
5859-TELCO,Male,1,Yes,No,66,Yes,No,No,Yes,No,No,No,No,No internet service,Month-to-month,Yes,Mailed check,89.76,5931.48,No
5860-TELCO,Female,0,No,No,40,Yes,Yes,No,No,No internet service,No,No,Yes,No,Month-to-month,No,Electronic check,48.96,1961.55,No
5861-TELCO,Male,0,Yes,No,61,Yes,Yes,DSL,No,No,Yes,No,No,No,Month-to-month,Yes,Credit card (automatic),95.17,5798.34,No
5862-TELCO,Female,0,Yes,Yes,6,Yes,Yes,No,No,No internet service,Yes,No,Yes,Yes,Month-to-month,No,Electronic check,109.62,653.51,Yes
5863-TELCO,Male,0,No,Yes,25,Yes,No phone service,DSL,No,Yes,No internet service,No,Yes,No,Two year,Yes,Mailed check,70.34,1761.1,No
5864-TELCO,Female,0,Yes,No,46,Yes,Yes,DSL,Yes,Yes,Yes,Yes,No,Yes,Month-to-month,No,Credit card (automatic),109.67,5035.89,No
5865-TELCO,Male,0,Yes,No,31,Yes,No,Fiber optic,Yes,No,Yes,No,No,No,Two year,Yes,Bank transfer (automatic),81.2,2520.78,No
5866-TELCO,Male,0,Yes,No,63,Yes,Yes,DSL,Yes,No internet service,Yes,No,Yes,No,Month-to-month,Yes,Credit card (automatic),37.9,2395.19,No
5867-TELCO,Male,0,No,Yes,68,Yes,Yes,DSL,No,Yes,No,No,No,No internet service,Month-to-month,No,Electronic check,44.06,3003.42,No
5868-TELCO,Female,0,Yes,Yes,39,Yes,No,Fiber optic,No,No,Yes,No,No,No,Two year,Yes,Electronic check,77.57,3016.41,No
5869-TELCO,Female,0,Yes,Yes,36,Yes,Yes,No,No internet service,No,No,No,No,Yes,Two year,Yes,Mailed check,40.87,1477.49,No
5870-TELCO,Female,0,Yes,No,7,Yes,No,Fiber optic,Yes,Yes,No internet service,No,No internet service,Yes,One year,Yes,Bank transfer (automatic),18.62,130.37,Yes
5871-TELCO,Male,0,No,Yes,66,Yes,No,DSL,No,Yes,No internet service,Yes,No internet service,No,Month-to-month,Yes,Electronic check,44.37,2928.43,No
5872-TELCO,Female,0,No,No,55,No,No,Fiber optic,No internet service,Yes,Yes,No internet service,No,No,Month-to-month,No,Electronic check,23.42,1289.67,No
5873-TELCO,Male,0,Yes,Yes,72,Yes,No phone service,Fiber optic,No,No,Yes,No,No,Yes,Month-to-month,Yes,Credit card (automatic),108.47,7808.01,No
5874-TELCO,Female,1,Yes,No,42,Yes,No,Fiber optic,Yes,No,Yes,No,Yes,Yes,Two year,Yes,Electronic check,87.26,3669.2,Yes
5875-TELCO,Male,0,Yes,Yes,27,Yes,No,No,No,Yes,Yes,No,Yes,Yes,Month-to-month,Yes,Bank transfer (automatic),21.21,569.11,No
5876-TELCO,Male,0,Yes,No,2,Yes,No,No,No,No internet service,Yes,No,No,Yes,Month-to-month,No,Bank transfer (automatic),23.11,51.16,No
5877-TELCO,Male,0,Yes,Yes,70,Yes,No,No,Yes,No internet service,No internet service,Yes,No internet service,No internet service,Two year,Yes,Electronic check,21.15,1489.02,No
5878-TELCO,Female,0,No,No,4,Yes,Yes,Fiber optic,No internet service,No,Yes,No,Yes,Yes,One year,Yes,Bank transfer (automatic),98.32,385.84,Yes
5879-TELCO,Female,1,No,No,21,Yes,No,Fiber optic,No,No,No,No,Yes,No,One year,Yes,Electronic check,97.24,2040.94,No
5880-TELCO,Female,0,No,Yes,1,Yes,No,Fiber optic,No,Yes,No,No internet service,No,No,Two year,No,Electronic check,92.39,82.76,No
5881-TELCO,Male,0,Yes,No,38,Yes,No,Fiber optic,No,No,No,No internet service,Yes,Yes,One year,Yes,Mailed check,33.36,1266.49,No
5882-TELCO,Male,0,No,No,60,Yes,Yes,DSL,No internet service,No internet service,No internet service,No internet service,No,Yes,Month-to-month,Yes,Credit card (automatic),117.41,7043.34,No
5883-TELCO,Female,0,No,No,14,Yes,No phone service,Fiber optic,No,No internet service,No internet service,No internet service,Yes,No internet service,Month-to-month,Yes,Credit card (automatic),103.22,1449.61,No
5884-TELCO,Female,0,No,No,17,No,Yes,DSL,No,Yes,Yes,No,No internet service,No internet service,Month-to-month,No,Mailed check,82.86,1405.71,No
5885-TELCO,Female,0,No,No,47,Yes,No,No,No internet service,Yes,Yes,No,No internet service,No internet service,Month-to-month,No,Credit card (automatic),86.6,4077.93,No
5886-TELCO,Male,1,Yes,Yes,56,Yes,No,DSL,No internet service,No internet service,Yes,Yes,Yes,Yes,Month-to-month,No,Credit card (automatic),56.83,3180.46,No
5887-TELCO,Male,1,Yes,Yes,53,Yes,No,No,Yes,Yes,No,Yes,Yes,No,Month-to-month,Yes,Mailed check,75.6,4007.85,No
5888-TELCO,Male,0,No,No,18,Yes,No phone service,Fiber optic,No,No,No internet service,Yes,No internet service,Yes,Month-to-month,No,Electronic check,52.9,947.39,Yes
5889-TELCO,Male,0,Yes,No,69,Yes,No,Fiber optic,Yes,Yes,Yes,No,No internet service,No,Month-to-month,No,Electronic check,90.04,6205.88,No
5890-TELCO,Male,0,Yes,Yes,48,Yes,No,DSL,Yes,No internet service,No internet service,No,No internet service,No internet service,Month-to-month,No,Mailed check,52.0,2499.15,No
5891-TELCO,Female,1,Yes,No,9,Yes,No,Fiber optic,No internet service,Yes,Yes,No,Yes,No,One year,No,Mailed check,113.8,1022.62,No
5892-TELCO,Male,1,Yes,Yes,54,Yes,No,DSL,No,No,No,No,Yes,Yes,Two year,Yes,Bank transfer (automatic),115.51,6239.89,No
5893-TELCO,Male,0,No,No,35,Yes,Yes,Fiber optic,No,Yes,No internet service,Yes,No,Yes,One year,Yes,Bank transfer (automatic),43.68,1530.97,No
5894-TELCO,Male,0,Yes,No,46,Yes,Yes,DSL,Yes,Yes,No internet service,Yes,No internet service,Yes,Month-to-month,Yes,Mailed check,101.01,4646.25,Yes
5895-TELCO,Male,0,Yes,No,1,Yes,No,Fiber optic,No internet service,No,No,No internet service,Yes,Yes,Month-to-month,Yes,Electronic check,28.43,24.47,Yes
5896-TELCO,Male,0,No,Yes,41,Yes,No,No,No internet service,Yes,Yes,No internet service,No internet service,No internet service,Month-to-month,Yes,Mailed check,44.04,1799.58,No
5897-TELCO,Female,0,Yes,No,32,Yes,No,Fiber optic,No,Yes,No,Yes,Yes,No,Month-to-month,Yes,Mailed check,44.74,1425.33,No
5898-TELCO,Male,0,No,No,40,No,No phone service,DSL,No,Yes,Yes,No,Yes,No internet service,Two year,No,Bank transfer (automatic),80.84,3234.34,No
5899-TELCO,Male,0,Yes,No,11,Yes,Yes,Fiber optic,No,Yes,Yes,No,No,No,Month-to-month,Yes,Electronic check,110.55,1211.98,Yes
5900-TELCO,Male,0,No,Yes,62,Yes,Yes,No,No,No internet service,No internet service,Yes,No,No,Month-to-month,Yes,Electronic check,48.08,2982.14,No
5901-TELCO,Female,0,No,No,46,Yes,No,Fiber optic,Yes,No,No,No,Yes,No,One year,Yes,Electronic check,60.99,2811.47,No
5902-TELCO,Female,0,No,No,48,Yes,No,DSL,No,No internet service,No,No internet service,No,Yes,Month-to-month,No,Mailed check,57.45,2757.6,No
5903-TELCO,Female,0,Yes,No,43,Yes,No,DSL,No,No,No internet service,No,No,No,Month-to-month,No,Bank transfer (automatic),56.47,2427.63,No
5904-TELCO,Male,0,Yes,No,51,No,Yes,Fiber optic,No,Yes,Yes,Yes,No,Yes,One year,Yes,Credit card (automatic),76.17,3893.67,No
5905-TELCO,Female,0,No,No,61,Yes,No,DSL,No,No,No,No,Yes,Yes,Month-to-month,Yes,Bank transfer (automatic),85.91,5238.03,No
5906-TELCO,Male,0,No,Yes,42,Yes,Yes,Fiber optic,No internet service,Yes,No,No,No internet service,No internet service,Two year,Yes,Bank transfer (automatic),58.24,2436.67,No
5907-TELCO,Male,0,Yes,No,26,Yes,Yes,Fiber optic,No,No,No internet service,No internet service,Yes,Yes,One year,No,Electronic check,99.31,2589.69,Yes
5908-TELCO,Female,0,Yes,No,11,Yes,Yes,DSL,No,Yes,No,No,No,No,Month-to-month,Yes,Credit card (automatic),77.34,845.23,Yes
5909-TELCO,Male,0,No,No,25,Yes,No,Fiber optic,No internet service,No,No,No,No,No,Month-to-month,Yes,Electronic check,45.56,1140.95,No
5910-TELCO,Male,0,No,No,40,Yes,No,No,No,No internet service,No,Yes,No internet service,No,One year,Yes,Mailed check,55.59,2232.35,No
5911-TELCO,Male,0,Yes,Yes,25,Yes,No,Fiber optic,No,No internet service,Yes,No,Yes,Yes,One year,No,Electronic check,115.1,2882.4,No
5912-TELCO,Female,0,No,No,52,Yes,Yes,DSL,No,No,No,No,Yes,No,Month-to-month,No,Bank transfer (automatic),78.81,4104.8,No
5913-TELCO,Male,0,No,No,3,Yes,No,Fiber optic,No,No,No,No internet service,Yes,No internet service,Month-to-month,No,Electronic check,68.57,204.18,Yes
5914-TELCO,Male,0,No,No,39,Yes,Yes,DSL,Yes,Yes,Yes,Yes,Yes,No internet service,One year,Yes,Bank transfer (automatic),43.08,1679.3,No
5915-TELCO,Female,0,No,No,35,Yes,Yes,No,No,No,No internet service,No,Yes,No internet service,Month-to-month,Yes,Electronic check,71.82,2504.89,Yes
5916-TELCO,Male,0,Yes,No,40,Yes,Yes,No,No internet service,No internet service,No,Yes,Yes,No,Month-to-month,No,Electronic check,26.45,1061.37,No
5917-TELCO,Male,0,No,No,22,Yes,Yes,No,No,No,Yes,Yes,No,Yes,Month-to-month,Yes,Bank transfer (automatic),58.46,1291.01,No
5918-TELCO,Female,0,No,No,62,Yes,No,Fiber optic,No,No internet service,Yes,No internet service,Yes,No,Month-to-month,Yes,Electronic check,105.33,6531.05,No
5919-TELCO,Male,0,No,No,19,Yes,No,Fiber optic,No,No internet service,Yes,No,Yes,Yes,Two year,No,Credit card (automatic),61.66,1178.6,No
5920-TELCO,Male,0,Yes,No,14,Yes,No,No,No internet service,No internet service,No internet service,No,Yes,Yes,Month-to-month,No,Electronic check,102.86,1432.23,No
5921-TELCO,Male,1,No,No,50,Yes,Yes,DSL,No,No,No internet service,Yes,No internet service,No,Month-to-month,Yes,Mailed check,22.27,1105.26,Yes
5922-TELCO,Male,0,Yes,Yes,62,Yes,Yes,DSL,No,Yes,No internet service,No,No,No,Two year,Yes,Credit card (automatic),32.17,1987.12,No
5923-TELCO,Male,0,Yes,No,43,Yes,No,Fiber optic,No,No,No,No,Yes,No,Month-to-month,Yes,Mailed check,91.97,3961.97,No
5924-TELCO,Female,0,No,No,55,Yes,No,No,No,Yes,No internet service,No,No,No,Month-to-month,No,Electronic check,93.06,5112.04,No
5925-TELCO,Female,1,No,No,40,Yes,Yes,Fiber optic,Yes,No,No internet service,No,Yes,No,Month-to-month,Yes,Credit card (automatic),83.17,3318.25,No
5926-TELCO,Female,0,No,No,12,Yes,No,Fiber optic,Yes,Yes,Yes,No internet service,No,Yes,Two year,No,Mailed check,110.84,1335.95,No
5927-TELCO,Female,0,Yes,Yes,65,Yes,No,Fiber optic,Yes,No internet service,No,Yes,Yes,No internet service,Month-to-month,Yes,Bank transfer (automatic),71.3,4638.46,No
5928-TELCO,Male,1,No,No,34,Yes,No,Fiber optic,No,No internet service,No internet service,No internet service,Yes,No,Month-to-month,No,Credit card (automatic),91.28,3096.71,No
5929-TELCO,Male,0,Yes,Yes,23,Yes,Yes,DSL,No,No,Yes,No internet service,No internet service,No internet service,One year,Yes,Electronic check,45.55,1052.92,No
5930-TELCO,Male,0,No,Yes,71,Yes,Yes,Fiber optic,No,Yes,No,Yes,Yes,No,Month-to-month,Yes,Bank transfer (automatic),79.98,5674.47,No
5931-TELCO,Male,0,Yes,No,7,Yes,No,Fiber optic,No,No internet service,No,No internet service,No,Yes,One year,Yes,Bank transfer (automatic),95.99,662.52,Yes
5932-TELCO,Male,0,No,No,65,Yes,Yes,Fiber optic,Yes,No internet service,No,No internet service,No,No,One year,No,Mailed check,88.36,5734.1,No
5933-TELCO,Female,0,No,No,18,Yes,No,Fiber optic,No,No,No,No,No internet service,No,Month-to-month,Yes,Bank transfer (automatic),99.54,1784.14,Yes
5934-TELCO,Female,0,Yes,Yes,8,Yes,Yes,Fiber optic,Yes,No internet service,No,Yes,No internet service,Yes,Month-to-month,No,Credit card (automatic),58.76,476.47,No
5935-TELCO,Male,0,Yes,No,42,Yes,No phone service,No,No,Yes,No,No,Yes,No,Month-to-month,Yes,Electronic check,46.66,1957.67,Yes
5936-TELCO,Male,0,No,No,1,Yes,No,Fiber optic,No,No,Yes,Yes,No internet service,No internet service,One year,Yes,Electronic check,45.94,43.49,No
5937-TELCO,Male,0,No,Yes,15,Yes,No phone service,Fiber optic,Yes,No,No internet service,Yes,Yes,Yes,Two year,Yes,Electronic check,99.05,1491.62,Yes
5938-TELCO,Female,0,No,No,28,Yes,No,No,No,Yes,No,No,No internet service,Yes,Month-to-month,No,Credit card (automatic),104.09,2917.45,No
5939-TELCO,Male,0,No,Yes,36,Yes,Yes,No,No internet service,No,No internet service,No,Yes,No,Month-to-month,Yes,Electronic check,39.18,1418.13,No
5940-TELCO,Male,0,Yes,No,46,Yes,Yes,Fiber optic,No,No internet service,Yes,No,Yes,No internet service,Month-to-month,Yes,Mailed check,55.63,2549.48,No
5941-TELCO,Male,0,Yes,No,21,Yes,Yes,DSL,No,Yes,Yes,Yes,Yes,No,Month-to-month,No,Mailed check,110.76,2319.28,No
5942-TELCO,Female,0,Yes,No,49,Yes,Yes,DSL,Yes,No internet service,No,Yes,Yes,No,Month-to-month,No,Electronic check,19.64,969.44,No
5943-TELCO,Male,0,Yes,No,39,Yes,No,DSL,No,Yes,No,No internet service,No internet service,Yes,One year,Yes,Mailed check,53.19,2083.62,No
5944-TELCO,Female,0,No,No,38,Yes,No,DSL,No internet service,No,Yes,No,Yes,Yes,Month-to-month,No,Electronic check,79.94,3033.62,No
5945-TELCO,Female,0,Yes,No,9,Yes,Yes,Fiber optic,No,No internet service,No,No internet service,Yes,No internet service,Month-to-month,No,Credit card (automatic),33.03,288.0,No
5946-TELCO,Female,0,No,No,20,Yes,No,No,Yes,Yes,No,No,Yes,No internet service,One year,Yes,Credit card (automatic),87.13,1732.82,No
5947-TELCO,Female,1,No,No,8,Yes,No phone service,Fiber optic,No,No,Yes,No internet service,Yes,No internet service,Month-to-month,No,Mailed check,47.64,371.7,No
5948-TELCO,Female,0,No,No,14,No,Yes,DSL,Yes,No,No,No,Yes,No,Month-to-month,Yes,Mailed check,113.0,1585.18,No
5949-TELCO,Female,0,No,No,62,Yes,No,DSL,No internet service,No,No internet service,No,No,Yes,Month-to-month,Yes,Electronic check,25.75,1591.53,No
5950-TELCO,Male,0,Yes,Yes,35,Yes,No phone service,Fiber optic,No internet service,No,Yes,No,No internet service,No internet service,Two year,No,Mailed check,105.36,3685.01,No
5951-TELCO,Male,0,No,Yes,55,Yes,No,Fiber optic,No,Yes,No,No internet service,No,No internet service,Month-to-month,No,Mailed check,78.64,4322.62,No
5952-TELCO,Male,0,Yes,No,45,Yes,No phone service,No,No internet service,Yes,No,Yes,No internet service,No,Month-to-month,Yes,Mailed check,80.48,3616.56,Yes
5953-TELCO,Female,0,Yes,Yes,21,Yes,Yes,No,Yes,No internet service,No,No,No,No,Month-to-month,No,Mailed check,19.84,410.24,Yes
5954-TELCO,Male,0,No,No,53,Yes,Yes,No,Yes,Yes,No,No internet service,Yes,No,One year,Yes,Electronic check,109.29,5792.82,No
5955-TELCO,Female,1,Yes,No,54,Yes,No,Fiber optic,No,Yes,Yes,No internet service,No,Yes,Two year,Yes,Electronic check,103.62,5586.85,No
5956-TELCO,Female,0,No,No,43,Yes,Yes,Fiber optic,No,Yes,No internet service,No,No internet service,No,Two year,Yes,Mailed check,63.33,2722.35,No
5957-TELCO,Female,0,No,No,6,Yes,Yes,DSL,No,Yes,Yes,Yes,No,Yes,Month-to-month,Yes,Mailed check,66.97,400.21,No
5958-TELCO,Male,1,No,No,55,Yes,No,DSL,No,Yes,No internet service,No,No,Yes,Two year,Yes,Electronic check,47.44,2605.01,No
5959-TELCO,Female,0,Yes,Yes,44,Yes,Yes,DSL,Yes,Yes,Yes,No,No,No,Month-to-month,No,Bank transfer (automatic),51.32,2249.72,No
5960-TELCO,Female,0,No,No,68,Yes,No,DSL,No internet service,Yes,Yes,No,No internet service,No internet service,Month-to-month,Yes,Electronic check,66.22,4506.1,No
5961-TELCO,Male,0,Yes,No,4,No,Yes,DSL,Yes,Yes,Yes,No internet service,No,No,Two year,No,Electronic check,26.13,106.56,No
5962-TELCO,Male,0,No,Yes,63,Yes,Yes,No,No,Yes,No internet service,No,No,No,Two year,No,Bank transfer (automatic),26.09,1648.51,No
5963-TELCO,Female,0,Yes,Yes,58,Yes,No,Fiber optic,Yes,Yes,No,Yes,Yes,No,Month-to-month,Yes,Electronic check,100.31,5818.62,Yes
5964-TELCO,Female,0,No,Yes,54,Yes,Yes,No,Yes,No,No internet service,No,Yes,No,Month-to-month,No,Electronic check,56.21,3035.56,No
5965-TELCO,Male,0,Yes,Yes,38,Yes,Yes,No,Yes,No,No,No,No,No,Two year,Yes,Electronic check,116.7,4429.48,No
5966-TELCO,Male,1,Yes,Yes,60,Yes,No,No,No,No,No,No,No,No internet service,Month-to-month,Yes,Credit card (automatic),27.02,1619.16,No
5967-TELCO,Male,1,No,No,52,Yes,No phone service,No,No,No,No internet service,No,Yes,Yes,Two year,Yes,Electronic check,112.42,5846.56,No
5968-TELCO,Female,1,Yes,No,29,Yes,No phone service,Fiber optic,No,No,Yes,Yes,No,Yes,One year,Yes,Credit card (automatic),83.6,2415.87,No
5969-TELCO,Male,0,No,No,40,No,No,Fiber optic,No,No,Yes,No,Yes,No,Month-to-month,Yes,Bank transfer (automatic),49.2,1972.08,No
5970-TELCO,Male,0,Yes,Yes,71,Yes,No phone service,Fiber optic,No internet service,No internet service,Yes,Yes,Yes,No,Month-to-month,No,Credit card (automatic),45.0,3203.63,No
5971-TELCO,Male,0,Yes,No,8,Yes,No,No,Yes,No,Yes,No,Yes,No,Month-to-month,Yes,Bank transfer (automatic),114.27,923.55,No
5972-TELCO,Female,0,No,No,35,Yes,No,No,Yes,Yes,Yes,No,No,No,Month-to-month,Yes,Electronic check,52.32,1837.44,No
5973-TELCO,Male,1,Yes,No,16,Yes,No,No,No,No,Yes,No internet service,Yes,No,One year,No,Bank transfer (automatic),71.14,1144.43,No
5974-TELCO,Male,0,Yes,No,18,Yes,Yes,Fiber optic,No,No,No,No,No internet service,No internet service,Month-to-month,No,Bank transfer (automatic),114.22,2049.27,No
5975-TELCO,Male,1,No,No,59,Yes,Yes,Fiber optic,Yes,No,No,No,No internet service,Yes,Month-to-month,No,Bank transfer (automatic),39.04,2299.91,No
5976-TELCO,Male,0,Yes,No,34,Yes,Yes,No,No,No,Yes,No,Yes,No,Month-to-month,No,Bank transfer (automatic),36.58,1248.95,Yes
5977-TELCO,Male,1,Yes,No,4,Yes,No,No,No,No,No,Yes,Yes,No,One year,Yes,Electronic check,39.92,150.43,Yes
5978-TELCO,Female,1,Yes,Yes,69,Yes,Yes,Fiber optic,No,Yes,Yes,No,Yes,No,Month-to-month,Yes,Electronic check,41.94,2885.51,No
5979-TELCO,Female,0,Yes,No,65,Yes,Yes,Fiber optic,No,No,No internet service,No,No,Yes,Month-to-month,Yes,Credit card (automatic),89.1,5794.27,No
5980-TELCO,Female,0,No,No,61,No,Yes,No,No,No internet service,Yes,Yes,Yes,No internet service,Month-to-month,Yes,Credit card (automatic),35.58,2169.07,No
5981-TELCO,Male,0,Yes,Yes,46,Yes,Yes,Fiber optic,No internet service,No,No internet service,No,Yes,Yes,Month-to-month,Yes,Mailed check,22.27,1028.08,Yes
5982-TELCO,Female,0,No,No,21,Yes,Yes,No,Yes,Yes,No,Yes,Yes,Yes,Two year,Yes,Credit card (automatic),90.58,1897.31,No
5983-TELCO,Female,0,Yes,No,38,Yes,No,DSL,No,No,No,Yes,Yes,Yes,Two year,Yes,Electronic check,115.08,4364.66,No
5984-TELCO,Female,0,Yes,No,60,Yes,No phone service,Fiber optic,Yes,No internet service,Yes,No,No,No,Month-to-month,No,Mailed check,73.07,4390.79,No
5985-TELCO,Male,1,Yes,Yes,36,Yes,No,Fiber optic,No,No internet service,Yes,No,No internet service,No,Month-to-month,No,Mailed check,54.78,1977.73,No
5986-TELCO,Male,0,No,Yes,6,Yes,No phone service,Fiber optic,No internet service,No,No internet service,Yes,No internet service,Yes,Month-to-month,Yes,Bank transfer (automatic),21.36,127.41,Yes
5987-TELCO,Female,0,No,No,39,Yes,Yes,DSL,Yes,No,No,Yes,No internet service,No,Month-to-month,Yes,Credit card (automatic),75.6,2956.01,No
5988-TELCO,Female,0,No,No,29,Yes,No,DSL,No,No,No,Yes,No,Yes,Two year,Yes,Bank transfer (automatic),51.2,1479.26,No
5989-TELCO,Male,0,No,No,27,Yes,Yes,No,No internet service,No,No internet service,Yes,Yes,Yes,Two year,No,Bank transfer (automatic),83.56,2253.46,No
5990-TELCO,Male,0,Yes,No,69,Yes,Yes,DSL,No,No,Yes,Yes,No internet service,No,Month-to-month,Yes,Credit card (automatic),114.29,7880.86,No
5991-TELCO,Female,0,Yes,No,9,Yes,No,DSL,No,Yes,Yes,Yes,Yes,Yes,One year,Yes,Bank transfer (automatic),20.5,176.23,Yes
5992-TELCO,Male,0,Yes,No,24,Yes,No,Fiber optic,No internet service,No internet service,No,Yes,No,Yes,Two year,No,Electronic check,87.67,2107.14,No
5993-TELCO,Female,0,Yes,No,63,Yes,No,Fiber optic,Yes,No internet service,No,No,Yes,No,Month-to-month,Yes,Bank transfer (automatic),85.89,5412.9,No
5994-TELCO,Male,0,Yes,No,19,Yes,Yes,No,Yes,No,No,No internet service,No,No,Two year,No,Bank transfer (automatic),77.87,1478.42,Yes
5995-TELCO,Female,0,Yes,No,30,Yes,Yes,Fiber optic,No internet service,Yes,No internet service,No internet service,No,No,Two year,Yes,Credit card (automatic),91.34,2747.4,No
5996-TELCO,Female,0,Yes,Yes,58,Yes,Yes,Fiber optic,No,No,Yes,Yes,No internet service,No,Month-to-month,Yes,Mailed check,55.85,3239.17,No
5997-TELCO,Male,0,Yes,No,40,Yes,No,Fiber optic,No internet service,No,No,Yes,No,No,Two year,Yes,Electronic check,30.62,1223.81,No
5998-TELCO,Female,0,Yes,No,68,Yes,No,No,No,No,No,Yes,Yes,No internet service,Month-to-month,Yes,Electronic check,18.69,1274.55,No
5999-TELCO,Female,1,Yes,No,32,No,No phone service,DSL,No internet service,Yes,No internet service,Yes,No internet service,No internet service,Month-to-month,Yes,Credit card (automatic),58.45,1861.16,No
6000-TELCO,Female,0,No,No,65,Yes,No,Fiber optic,No,Yes,Yes,No,No,Yes,Two year,Yes,Credit card (automatic),99.2,6443.57,No
6001-TELCO,Male,0,Yes,No,34,Yes,Yes,No,No,No internet service,No,No internet service,Yes,Yes,Two year,No,Electronic check,77.63,2646.09,No
6002-TELCO,Male,0,No,No,31,Yes,No,Fiber optic,No,No,Yes,No internet service,Yes,No,Month-to-month,Yes,Bank transfer (automatic),33.08,1018.08,No
6003-TELCO,Male,0,No,No,59,Yes,No,Fiber optic,Yes,Yes,No,No,Yes,No,Month-to-month,Yes,Mailed check,50.24,2970.54,No
6004-TELCO,Female,1,Yes,No,26,Yes,No,DSL,Yes,No,Yes,No,Yes,Yes,One year,Yes,Bank transfer (automatic),84.9,2210.09,Yes
6005-TELCO,Male,0,Yes,Yes,22,Yes,No,Fiber optic,No,No,No internet service,Yes,No,No,Month-to-month,Yes,Electronic check,111.29,2454.4,No
6006-TELCO,Female,0,Yes,Yes,34,Yes,Yes,DSL,No internet service,Yes,No,No,No internet service,No,Month-to-month,No,Credit card (automatic),104.56,3546.6,Yes
6007-TELCO,Female,0,No,No,13,Yes,No,DSL,No,No internet service,No,No,Yes,No,Month-to-month,Yes,Mailed check,81.79,1067.38,Yes
6008-TELCO,Male,0,Yes,No,55,Yes,No,Fiber optic,No internet service,No,No internet service,No,No internet service,No internet service,One year,Yes,Bank transfer (automatic),40.2,2216.57,No
6009-TELCO,Male,0,Yes,No,8,Yes,Yes,No,No internet service,No internet service,No,No,No internet service,No,Month-to-month,No,Mailed check,105.63,835.54,Yes
6010-TELCO,Female,0,Yes,No,62,Yes,No,DSL,No,Yes,No,No internet service,No internet service,No internet service,Month-to-month,Yes,Credit card (automatic),110.78,6872.91,No
6011-TELCO,Female,0,No,Yes,22,Yes,Yes,DSL,No internet service,No,Yes,No,No,No,One year,Yes,Bank transfer (automatic),109.63,2411.62,No
6012-TELCO,Male,0,Yes,No,56,Yes,Yes,DSL,Yes,No,No,No,No,No internet service,Month-to-month,Yes,Electronic check,75.15,4198.66,No
6013-TELCO,Male,0,No,No,21,Yes,Yes,No,No,No internet service,Yes,No,Yes,Yes,Month-to-month,No,Mailed check,105.81,2224.95,Yes
6014-TELCO,Male,0,No,Yes,49,Yes,No,Fiber optic,No,No,No internet service,Yes,No,No internet service,One year,No,Credit card (automatic),97.97,4795.36,No
6015-TELCO,Female,0,No,Yes,6,Yes,Yes,Fiber optic,Yes,Yes,No internet service,Yes,Yes,No,Month-to-month,No,Electronic check,80.46,492.06,Yes
6016-TELCO,Female,0,No,No,35,Yes,Yes,No,No internet service,No internet service,Yes,No,Yes,No,Month-to-month,Yes,Credit card (automatic),116.95,4102.81,No
6017-TELCO,Female,0,No,No,27,Yes,No,DSL,Yes,Yes,No internet service,No,No internet service,No,Month-to-month,Yes,Bank transfer (automatic),42.8,1145.66,Yes
6018-TELCO,Female,0,No,Yes,40,Yes,Yes,Fiber optic,No,No internet service,No,No,No,Yes,Month-to-month,Yes,Electronic check,80.98,3231.89,No
6019-TELCO,Female,0,No,No,14,Yes,No,DSL,Yes,Yes,No,No,No,No,Month-to-month,Yes,Credit card (automatic),20.91,293.03,No
6020-TELCO,Male,0,Yes,No,52,Yes,Yes,DSL,No,No,No,No,No,No,Two year,No,Mailed check,63.56,3307.69,No
6021-TELCO,Male,0,Yes,No,40,Yes,No,DSL,No,No,No,Yes,No,No internet service,Two year,Yes,Credit card (automatic),102.03,4083.85,No
6022-TELCO,Female,0,No,No,43,Yes,Yes,Fiber optic,No,Yes,No internet service,No,No,Yes,Month-to-month,Yes,Electronic check,41.87,1804.83,No
6023-TELCO,Female,1,No,No,58,Yes,No,Fiber optic,No,No internet service,No internet service,No,Yes,Yes,Two year,Yes,Credit card (automatic),93.79,5433.32,No
6024-TELCO,Male,0,No,Yes,3,Yes,No,DSL,No,No,No,No,No internet service,Yes,Month-to-month,Yes,Bank transfer (automatic),94.77,280.31,Yes
6025-TELCO,Male,0,No,Yes,15,Yes,No,DSL,No,No,No,Yes,No,No,Month-to-month,Yes,Bank transfer (automatic),82.03,1231.21,Yes
6026-TELCO,Male,0,No,No,45,Yes,No,DSL,Yes,Yes,Yes,No,No,No internet service,Month-to-month,Yes,Bank transfer (automatic),108.04,4854.63,No
6027-TELCO,Male,1,Yes,No,11,Yes,No,DSL,No,Yes,Yes,No internet service,Yes,No,One year,Yes,Bank transfer (automatic),63.41,703.74,No
6028-TELCO,Female,0,No,No,39,Yes,No phone service,DSL,No internet service,No,No,Yes,No,Yes,Month-to-month,Yes,Credit card (automatic),39.23,1535.66,No
6029-TELCO,Male,1,Yes,No,19,Yes,No,DSL,No,No,Yes,No internet service,Yes,No,One year,Yes,Credit card (automatic),83.73,1594.51,No
6030-TELCO,Female,1,No,No,20,Yes,No,No,No,Yes,No,No,No internet service,Yes,One year,No,Mailed check,113.59,2268.45,Yes
6031-TELCO,Male,0,No,Yes,71,Yes,No,Fiber optic,Yes,No internet service,No,No,No internet service,Yes,Two year,Yes,Bank transfer (automatic),81.58,5793.81,No
6032-TELCO,Male,1,No,No,56,Yes,No phone service,Fiber optic,No,Yes,No,No internet service,No,No,Two year,Yes,Electronic check,106.55,5956.91,No
6033-TELCO,Male,0,Yes,Yes,4,Yes,No,No,No internet service,No internet service,No,Yes,Yes,No,Two year,Yes,Mailed check,105.28,423.12,No
6034-TELCO,Female,1,Yes,No,9,Yes,No,Fiber optic,No internet service,No internet service,No,Yes,No internet service,No internet service,Month-to-month,No,Electronic check,18.86,160.73,Yes
6035-TELCO,Female,0,Yes,Yes,25,Yes,No,Fiber optic,Yes,No internet service,Yes,Yes,No,No internet service,Month-to-month,No,Electronic check,26.03,645.16,No
6036-TELCO,Male,0,No,Yes,47,Yes,No,Fiber optic,No,Yes,No,No,No,Yes,Month-to-month,No,Bank transfer (automatic),73.75,3463.22,Yes
6037-TELCO,Female,0,No,Yes,49,Yes,No,Fiber optic,No,No internet service,Yes,No internet service,Yes,Yes,Month-to-month,No,Electronic check,104.24,5110.67,Yes
6038-TELCO,Female,0,Yes,No,27,Yes,No phone service,No,No,Yes,No,Yes,Yes,No internet service,Month-to-month,Yes,Credit card (automatic),56.8,1528.44,No
6039-TELCO,Male,0,No,Yes,28,Yes,No,DSL,No,No,No,No internet service,No,No,Month-to-month,No,Mailed check,107.58,3004.85,Yes
6040-TELCO,Male,0,No,No,62,Yes,No,DSL,No,No internet service,Yes,No,No internet service,Yes,Two year,No,Credit card (automatic),53.64,3325.61,No
6041-TELCO,Female,0,Yes,No,16,Yes,No,DSL,No internet service,No,Yes,Yes,No,No,One year,Yes,Mailed check,60.14,967.26,No
6042-TELCO,Female,0,Yes,No,46,Yes,No,No,No internet service,No,Yes,Yes,No,Yes,One year,No,Credit card (automatic),50.78,2333.69,No
6043-TELCO,Female,0,No,No,46,Yes,No,Fiber optic,No internet service,Yes,No internet service,No,Yes,No,One year,No,Credit card (automatic),62.65,2889.07,No
6044-TELCO,Male,0,No,No,40,No,Yes,No,No,No,No,No,Yes,No internet service,Month-to-month,Yes,Mailed check,64.36,2583.23,No
6045-TELCO,Male,0,No,No,34,Yes,Yes,Fiber optic,Yes,No,No,Yes,Yes,Yes,Month-to-month,No,Credit card (automatic),66.56,2267.32,Yes
6046-TELCO,Female,0,No,No,10,Yes,Yes,Fiber optic,No,No internet service,No internet service,No internet service,Yes,No,Month-to-month,Yes,Electronic check,46.96,475.75,No
6047-TELCO,Male,0,No,No,1,Yes,No,Fiber optic,No,Yes,Yes,Yes,Yes,Yes,One year,Yes,Mailed check,56.95,58.03,Yes
6048-TELCO,Male,0,Yes,No,66,Yes,No,Fiber optic,No internet service,Yes,No internet service,No,No,No internet service,Month-to-month,No,Mailed check,78.97,5213.54,No
6049-TELCO,Female,0,No,No,17,Yes,Yes,Fiber optic,No internet service,Yes,No,No,No,No,Two year,No,Bank transfer (automatic),19.12,315.77,No
6050-TELCO,Female,1,Yes,No,47,Yes,No,Fiber optic,No,Yes,No internet service,No internet service,No internet service,Yes,Month-to-month,No,Mailed check,73.26,3443.84,Yes
6051-TELCO,Male,0,Yes,No,24,Yes,No,Fiber optic,No,Yes,Yes,Yes,No,Yes,Month-to-month,No,Electronic check,20.09,482.71,No
6052-TELCO,Male,1,Yes,No,50,Yes,No,DSL,No,Yes,Yes,Yes,Yes,Yes,Month-to-month,Yes,Electronic check,79.28,3965.19,No
6053-TELCO,Female,0,Yes,No,29,Yes,No,Fiber optic,No,No,Yes,Yes,No,Yes,One year,Yes,Credit card (automatic),56.29,1626.89,No
6054-TELCO,Male,0,No,Yes,72,Yes,No phone service,Fiber optic,Yes,Yes,No,Yes,Yes,Yes,One year,Yes,Bank transfer (automatic),64.82,4664.78,No
6055-TELCO,Male,0,No,Yes,13,Yes,Yes,No,No internet service,No,Yes,No,No internet service,Yes,Two year,No,Electronic check,99.69,1304.95,No
6056-TELCO,Female,0,Yes,No,64,Yes,Yes,No,No,Yes,No internet service,Yes,No,Yes,One year,Yes,Credit card (automatic),85.81,5498.88,No
6057-TELCO,Female,0,No,No,28,No,No phone service,Fiber optic,No internet service,No internet service,Yes,No,Yes,No,Month-to-month,Yes,Bank transfer (automatic),111.74,3127.79,No
6058-TELCO,Male,0,No,Yes,5,Yes,Yes,DSL,Yes,Yes,Yes,No internet service,No,Yes,Month-to-month,No,Bank transfer (automatic),42.99,213.32,Yes
6059-TELCO,Male,0,No,No,9,Yes,No,No,Yes,Yes,Yes,No,No internet service,No internet service,Month-to-month,No,Mailed check,58.19,529.38,No
6060-TELCO,Male,0,No,No,14,Yes,No,DSL,No,No internet service,No,No,No internet service,No,Month-to-month,Yes,Bank transfer (automatic),40.58,566.08,No
6061-TELCO,Female,0,Yes,No,10,Yes,Yes,Fiber optic,No internet service,No,No internet service,No,Yes,Yes,Month-to-month,Yes,Bank transfer (automatic),36.39,365.91,No
6062-TELCO,Male,0,No,No,33,Yes,No phone service,DSL,No,No internet service,No internet service,Yes,No,Yes,One year,Yes,Bank transfer (automatic),85.3,2822.32,No
6063-TELCO,Male,0,No,No,40,Yes,No,Fiber optic,No internet service,Yes,Yes,Yes,No internet service,No internet service,Month-to-month,No,Mailed check,84.3,3365.87,Yes
6064-TELCO,Female,0,No,No,6,Yes,No phone service,Fiber optic,No,No,Yes,Yes,No internet service,Yes,Two year,No,Mailed check,67.68,410.91,No
6065-TELCO,Female,0,No,No,17,No,No,Fiber optic,No internet service,No,No,No internet service,No internet service,Yes,Month-to-month,No,Electronic check,32.97,570.44,Yes
6066-TELCO,Male,0,No,No,36,Yes,No,No,Yes,No,No,No,No internet service,Yes,Month-to-month,No,Electronic check,75.26,2700.12,No
6067-TELCO,Female,0,No,No,70,No,Yes,Fiber optic,No,No,No,No internet service,No,No,Two year,Yes,Credit card (automatic),69.42,4849.99,No
6068-TELCO,Female,1,No,No,61,Yes,Yes,Fiber optic,Yes,No,No internet service,No,No internet service,No,Month-to-month,Yes,Bank transfer (automatic),75.4,4603.34,No
6069-TELCO,Male,0,No,No,49,No,No,Fiber optic,Yes,No,Yes,Yes,Yes,Yes,Two year,No,Credit card (automatic),63.35,3103.03,No
6070-TELCO,Female,0,Yes,Yes,69,Yes,No,DSL,No,No,No,No,No internet service,Yes,Month-to-month,Yes,Bank transfer (automatic),26.48,1820.78,No
6071-TELCO,Female,0,Yes,Yes,71,No,Yes,Fiber optic,No,No,Yes,No,Yes,Yes,Two year,Yes,Mailed check,59.55,4228.41,No
6072-TELCO,Male,0,Yes,No,24,Yes,Yes,Fiber optic,No internet service,No,No,No,No,Yes,One year,No,Credit card (automatic),49.94,1206.38,No
6073-TELCO,Female,0,No,No,51,Yes,Yes,Fiber optic,No,No,No,Yes,No,Yes,One year,No,Electronic check,45.34,2312.8,No
6074-TELCO,Male,0,No,No,42,Yes,No,Fiber optic,No,No,No internet service,Yes,No internet service,Yes,Month-to-month,Yes,Bank transfer (automatic),84.85,3572.5,Yes
6075-TELCO,Male,0,Yes,No,19,Yes,No,Fiber optic,No internet service,Yes,No,Yes,Yes,No,Two year,No,Bank transfer (automatic),85.65,1628.74,No
6076-TELCO,Female,0,No,No,62,Yes,Yes,Fiber optic,No internet service,No,No internet service,No,No internet service,No internet service,Month-to-month,Yes,Electronic check,116.1,7191.92,No
6077-TELCO,Female,0,No,Yes,67,Yes,Yes,Fiber optic,No internet service,No internet service,Yes,No,No,No,Month-to-month,Yes,Mailed check,82.03,5502.78,No
6078-TELCO,Female,0,No,No,30,Yes,No,Fiber optic,No,No,No,No,No,No,Two year,No,Mailed check,48.16,1442.4,No
6079-TELCO,Male,0,Yes,No,38,No,Yes,No,No,No,No,No,No internet service,Yes,Two year,Yes,Electronic check,71.89,2733.89,No
6080-TELCO,Female,0,No,No,6,Yes,No,Fiber optic,No,No,No internet service,No,No,No,Two year,Yes,Electronic check,82.03,490.04,No
6081-TELCO,Male,0,No,Yes,22,No,No,DSL,Yes,No,No,No,No internet service,No,Month-to-month,No,Electronic check,59.5,1307.5,No
6082-TELCO,Female,0,No,No,11,No,No phone service,Fiber optic,No,No internet service,No,No,No,No,Month-to-month,Yes,Electronic check,82.37,899.54,Yes
6083-TELCO,Female,0,No,No,72,Yes,No,Fiber optic,No,Yes,No,No,No,No internet service,One year,Yes,Credit card (automatic),100.52,7239.95,No
6084-TELCO,Female,0,No,No,29,Yes,No,DSL,No,Yes,No internet service,Yes,No internet service,No internet service,Month-to-month,Yes,Mailed check,81.65,2364.17,No
6085-TELCO,Male,1,Yes,No,8,Yes,No,Fiber optic,No,No internet service,Yes,Yes,No internet service,Yes,Month-to-month,No,Credit card (automatic),35.38,280.05,Yes
6086-TELCO,Female,0,No,Yes,35,Yes,Yes,Fiber optic,Yes,No,Yes,Yes,Yes,No,Month-to-month,No,Credit card (automatic),50.78,1771.18,No
6087-TELCO,Female,0,Yes,No,72,Yes,No,Fiber optic,No,No,No,No,Yes,Yes,Two year,No,Electronic check,115.06,8281.17,No
6088-TELCO,Male,0,Yes,No,72,Yes,No,No,No,No,Yes,No internet service,No,No,Two year,No,Credit card (automatic),54.61,3938.35,No
6089-TELCO,Male,0,Yes,No,45,Yes,No,No,No,No,No,Yes,No internet service,No,Month-to-month,Yes,Electronic check,101.68,4584.69,No
6090-TELCO,Female,0,Yes,No,33,Yes,No,DSL,No,No,Yes,No internet service,No,No internet service,Month-to-month,No,Mailed check,32.35,1066.34,No
6091-TELCO,Female,0,Yes,No,5,Yes,No,Fiber optic,Yes,No,Yes,No,No,No,Month-to-month,Yes,Electronic check,117.25,591.23,Yes
6092-TELCO,Female,0,No,No,62,Yes,No,Fiber optic,No internet service,No,No,Yes,Yes,No internet service,One year,No,Mailed check,39.5,2457.19,No
6093-TELCO,Male,0,No,No,37,Yes,No,DSL,Yes,No,Yes,No,No,Yes,Month-to-month,Yes,Electronic check,114.87,4245.26,Yes
6094-TELCO,Male,0,Yes,Yes,17,Yes,Yes,DSL,No,No internet service,Yes,No,Yes,No,One year,No,Credit card (automatic),23.24,387.75,No
6095-TELCO,Male,0,No,No,22,Yes,No,DSL,No internet service,Yes,Yes,No,Yes,Yes,One year,No,Electronic check,76.2,1671.27,Yes
6096-TELCO,Male,0,Yes,No,32,Yes,Yes,DSL,Yes,Yes,Yes,Yes,Yes,Yes,Two year,No,Mailed check,36.21,1166.53,No
6097-TELCO,Female,0,Yes,Yes,14,Yes,No phone service,No,No,No,No internet service,Yes,Yes,No,Two year,Yes,Electronic check,83.12,1159.8,No
6098-TELCO,Male,0,No,Yes,20,Yes,No,DSL,No,No,No,No,No internet service,No internet service,Month-to-month,No,Bank transfer (automatic),108.62,2172.91,No
6099-TELCO,Male,0,No,Yes,22,Yes,No,DSL,Yes,No,No internet service,No,Yes,No internet service,Month-to-month,Yes,Mailed check,48.22,1070.14,No
6100-TELCO,Male,0,No,No,30,Yes,No phone service,DSL,No,Yes,No,No,No,No,Month-to-month,Yes,Electronic check,58.7,1760.52,No
6101-TELCO,Female,0,Yes,No,54,No,No,Fiber optic,No,Yes,No internet service,No internet service,Yes,Yes,One year,Yes,Mailed check,22.93,1235.54,No
6102-TELCO,Female,0,No,Yes,33,No,No,DSL,Yes,No internet service,No,No,No internet service,No,One year,Yes,Mailed check,76.11,2520.08,No
6103-TELCO,Male,0,No,Yes,5,Yes,Yes,DSL,No,No,Yes,No internet service,No,Yes,Month-to-month,Yes,Credit card (automatic),78.89,386.58,No
6104-TELCO,Male,0,No,No,18,Yes,Yes,Fiber optic,Yes,Yes,Yes,No,Yes,Yes,Month-to-month,Yes,Bank transfer (automatic),80.36,1450.64,No
6105-TELCO,Female,0,Yes,Yes,63,Yes,No,DSL,No internet service,No,No,Yes,Yes,Yes,Month-to-month,Yes,Credit card (automatic),110.09,6934.29,No
6106-TELCO,Female,0,No,No,46,Yes,No,Fiber optic,No,Yes,No,No,Yes,No internet service,Month-to-month,Yes,Electronic check,27.55,1273.03,No
6107-TELCO,Female,0,No,No,7,Yes,No phone service,Fiber optic,Yes,No,Yes,No internet service,No,No,One year,No,Electronic check,65.6,458.63,No
6108-TELCO,Female,0,No,No,29,Yes,No phone service,DSL,No internet service,No,Yes,No,Yes,Yes,Month-to-month,Yes,Electronic check,48.05,1400.06,No
6109-TELCO,Female,0,Yes,No,57,Yes,Yes,DSL,No,No,No,No,Yes,No internet service,Two year,Yes,Credit card (automatic),42.72,2433.66,No
6110-TELCO,Female,0,No,No,47,No,Yes,DSL,Yes,No,No,No internet service,No,No,Month-to-month,Yes,Electronic check,52.03,2438.51,Yes
6111-TELCO,Female,0,Yes,Yes,9,Yes,No,No,Yes,No,No internet service,No,Yes,No,One year,No,Mailed check,112.58,1011.2,No
6112-TELCO,Female,0,No,No,59,Yes,No,DSL,No,No,Yes,No internet service,No,No,One year,No,Electronic check,43.57,2563.25,No
6113-TELCO,Male,1,Yes,No,71,Yes,No,No,Yes,No internet service,No,No,Yes,No internet service,Month-to-month,Yes,Bank transfer (automatic),26.76,1891.09,No
6114-TELCO,Male,0,Yes,Yes,71,Yes,Yes,No,Yes,Yes,No,No,No internet service,Yes,One year,Yes,Mailed check,59.57,4224.31,No
6115-TELCO,Male,1,No,No,43,No,No,Fiber optic,No,No,Yes,Yes,No,No internet service,Month-to-month,Yes,Bank transfer (automatic),45.07,1936.37,No
6116-TELCO,Male,1,Yes,No,59,Yes,Yes,Fiber optic,No internet service,No internet service,No,No,Yes,Yes,Month-to-month,No,Electronic check,47.47,2793.33,No
6117-TELCO,Male,0,Yes,Yes,6,Yes,Yes,Fiber optic,No,Yes,No,No internet service,Yes,No internet service,One year,No,Mailed check,63.77,386.5,No
6118-TELCO,Male,1,Yes,No,53,Yes,Yes,Fiber optic,No,Yes,No,No,No,No,Month-to-month,Yes,Electronic check,100.19,5312.73,No
6119-TELCO,Female,0,Yes,No,64,Yes,No,Fiber optic,No internet service,No,No,No,No internet service,No,Month-to-month,Yes,Electronic check,102.19,6546.25,No
6120-TELCO,Female,0,No,No,4,Yes,Yes,Fiber optic,Yes,Yes,Yes,No,No,No internet service,One year,Yes,Electronic check,66.83,262.16,No
6121-TELCO,Male,0,No,No,1,No,Yes,DSL,Yes,No internet service,Yes,Yes,Yes,Yes,Month-to-month,No,Mailed check,102.47,100.04,No
6122-TELCO,Male,0,No,No,70,Yes,Yes,Fiber optic,No internet service,Yes,Yes,No internet service,No,No,Month-to-month,Yes,Credit card (automatic),34.92,2447.58,No
6123-TELCO,Female,0,Yes,No,31,Yes,No phone service,Fiber optic,No,Yes,No,No,Yes,No internet service,Two year,No,Mailed check,45.05,1394.68,No
6124-TELCO,Female,0,No,Yes,65,Yes,Yes,DSL,Yes,No internet service,No,No internet service,No,No internet service,Month-to-month,Yes,Credit card (automatic),34.32,2228.48,No
6125-TELCO,Female,0,No,No,69,Yes,Yes,No,No,Yes,Yes,Yes,No,Yes,One year,No,Bank transfer (automatic),110.82,7643.52,No
6126-TELCO,Male,0,No,No,19,Yes,No,DSL,No internet service,No internet service,Yes,No internet service,No,Yes,Month-to-month,Yes,Bank transfer (automatic),94.3,1791.63,Yes
6127-TELCO,Female,0,No,No,69,Yes,No,No,Yes,Yes,Yes,No,No internet service,No,One year,Yes,Credit card (automatic),95.44,6583.52,No
6128-TELCO,Male,1,No,No,69,Yes,No,Fiber optic,No,No internet service,Yes,Yes,No internet service,No,Month-to-month,Yes,Bank transfer (automatic),87.25,6021.19,No
6129-TELCO,Male,0,No,No,49,Yes,Yes,Fiber optic,Yes,Yes,Yes,Yes,No,No internet service,Two year,Yes,Electronic check,19.58,969.16,No
6130-TELCO,Female,0,Yes,No,31,Yes,Yes,No,No,Yes,No,Yes,Yes,No,Month-to-month,Yes,Credit card (automatic),39.5,1224.21,No
6131-TELCO,Female,0,Yes,No,60,Yes,No,No,No,No,Yes,Yes,No,No,Month-to-month,No,Mailed check,105.96,6363.1,No
6132-TELCO,Male,0,No,Yes,71,Yes,No phone service,Fiber optic,Yes,No,No internet service,Yes,No,Yes,Month-to-month,Yes,Electronic check,66.65,4735.52,No
6133-TELCO,Female,0,No,No,55,Yes,No,Fiber optic,No,Yes,No,Yes,Yes,No,One year,No,Credit card (automatic),92.9,5110.64,No
6134-TELCO,Female,0,Yes,No,38,Yes,No phone service,DSL,No,Yes,No,No internet service,No,No,Month-to-month,No,Bank transfer (automatic),40.08,1527.81,Yes
6135-TELCO,Male,0,Yes,No,33,No,No,Fiber optic,Yes,No,Yes,No internet service,No,No,Month-to-month,Yes,Electronic check,24.83,822.14,No
6136-TELCO,Female,0,No,No,6,Yes,Yes,No,No,No internet service,No,No,No,Yes,One year,No,Credit card (automatic),101.42,599.87,No
6137-TELCO,Male,1,No,No,13,Yes,Yes,DSL,No,No internet service,No,No,Yes,No,Month-to-month,Yes,Mailed check,41.71,547.14,Yes
6138-TELCO,Male,0,Yes,No,20,Yes,No,DSL,No,No,Yes,No,No,No internet service,Month-to-month,No,Electronic check,40.39,815.9,Yes
6139-TELCO,Female,0,Yes,Yes,37,Yes,Yes,Fiber optic,No internet service,Yes,Yes,No,Yes,No internet service,Month-to-month,Yes,Mailed check,58.44,2168.38,Yes
6140-TELCO,Male,0,No,Yes,45,Yes,No,Fiber optic,No,No,No internet service,Yes,Yes,No,Month-to-month,Yes,Credit card (automatic),73.14,3288.89,No
6141-TELCO,Male,0,No,Yes,59,Yes,No,Fiber optic,Yes,Yes,No internet service,No,No,Yes,Month-to-month,No,Electronic check,81.29,4804.16,No
6142-TELCO,Female,0,Yes,No,52,No,Yes,Fiber optic,No,Yes,No,Yes,Yes,No internet service,Month-to-month,No,Electronic check,111.21,5774.95,No
6143-TELCO,Female,0,No,Yes,18,Yes,No,Fiber optic,No,No,No internet service,No,No,No,Month-to-month,Yes,Electronic check,94.29,1694.84,Yes
6144-TELCO,Female,0,No,No,25,Yes,No,Fiber optic,No internet service,No internet service,No,No,Yes,No,One year,Yes,Electronic check,71.18,1769.6,No
6145-TELCO,Male,0,No,No,1,Yes,No,Fiber optic,Yes,No internet service,Yes,No internet service,Yes,No internet service,Month-to-month,Yes,Electronic check,32.73,29.92,Yes
6146-TELCO,Male,0,No,No,41,Yes,Yes,No,No,No internet service,No,No internet service,No,No,One year,Yes,Mailed check,31.96,1301.18,No
6147-TELCO,Female,0,No,No,18,Yes,Yes,No,No,No,No,No internet service,No internet service,No,Month-to-month,No,Credit card (automatic),31.38,569.85,Yes
6148-TELCO,Male,0,Yes,Yes,1,Yes,No,Fiber optic,No internet service,No internet service,No,No,No internet service,Yes,Month-to-month,Yes,Electronic check,117.41,112.87,Yes
6149-TELCO,Female,0,Yes,No,39,Yes,No,DSL,No,No,No internet service,No,No internet service,No,Month-to-month,Yes,Bank transfer (automatic),99.86,3895.54,No
6150-TELCO,Female,0,Yes,Yes,31,No,Yes,Fiber optic,No,No internet service,Yes,Yes,No,Yes,Two year,No,Bank transfer (automatic),26.92,836.36,No
6151-TELCO,Male,0,Yes,No,71,Yes,No phone service,No,Yes,Yes,Yes,No,No internet service,Yes,Month-to-month,No,Electronic check,48.81,3461.68,No
6152-TELCO,Female,0,Yes,Yes,38,Yes,No,Fiber optic,No,Yes,No,Yes,Yes,Yes,Month-to-month,Yes,Bank transfer (automatic),50.54,1915.43,No
6153-TELCO,Male,0,Yes,No,8,Yes,No,No,Yes,No,No,Yes,Yes,Yes,Two year,No,Mailed check,49.95,400.62,No
6154-TELCO,Male,0,No,No,34,Yes,Yes,Fiber optic,No internet service,Yes,No,No,No,No,One year,Yes,Electronic check,18.76,632.63,No
6155-TELCO,Female,0,No,No,27,Yes,Yes,No,Yes,Yes,Yes,No,Yes,No,Month-to-month,No,Electronic check,61.68,1658.5,No
6156-TELCO,Male,0,No,No,41,Yes,No,DSL,No,Yes,No,No internet service,No,No,Month-to-month,No,Mailed check,104.38,4284.47,No
6157-TELCO,Female,1,No,Yes,7,No,Yes,Fiber optic,Yes,No internet service,Yes,No,Yes,No,Two year,No,Electronic check,29.16,200.52,Yes
6158-TELCO,Male,0,Yes,No,32,Yes,No,Fiber optic,No internet service,No internet service,No,No,No,No,One year,No,Electronic check,24.65,787.75,No
6159-TELCO,Male,0,Yes,No,16,Yes,No,No,No,Yes,No,No internet service,No internet service,No,Month-to-month,Yes,Bank transfer (automatic),83.39,1342.49,No
6160-TELCO,Male,0,Yes,No,2,Yes,Yes,Fiber optic,No internet service,No internet service,No,No,No,No,Month-to-month,No,Bank transfer (automatic),95.92,184.39,Yes
6161-TELCO,Female,0,No,No,43,Yes,No,DSL,Yes,No internet service,No,No internet service,Yes,No internet service,Month-to-month,Yes,Credit card (automatic),42.71,1827.81,Yes
6162-TELCO,Male,0,Yes,Yes,31,Yes,Yes,No,Yes,Yes,No,Yes,No,No,Two year,Yes,Electronic check,109.42,3390.61,No
6163-TELCO,Female,0,No,No,47,Yes,No phone service,Fiber optic,No,No,Yes,No internet service,No internet service,No,One year,Yes,Credit card (automatic),86.79,4081.43,No
6164-TELCO,Male,0,No,No,33,Yes,No,DSL,No,No internet service,No internet service,No internet service,Yes,Yes,One year,Yes,Bank transfer (automatic),66.17,2182.92,No
6165-TELCO,Male,0,Yes,No,17,No,Yes,Fiber optic,No,No internet service,Yes,Yes,No,No,Month-to-month,No,Bank transfer (automatic),98.59,1666.2,Yes
6166-TELCO,Female,0,Yes,No,54,Yes,No,Fiber optic,No,No,No,No,No,No,Two year,Yes,Credit card (automatic),50.8,2741.32,No
6167-TELCO,Female,0,No,No,54,Yes,No,Fiber optic,Yes,Yes,No,No,No,Yes,Month-to-month,No,Electronic check,45.36,2449.06,Yes
6168-TELCO,Female,0,No,Yes,51,Yes,No,No,No,No internet service,No,No internet service,No internet service,No,Month-to-month,No,Credit card (automatic),44.57,2282.01,No
6169-TELCO,Female,0,No,Yes,52,Yes,Yes,Fiber optic,No,No,Yes,Yes,Yes,No,Two year,No,Bank transfer (automatic),36.73,1901.49,No
6170-TELCO,Female,0,Yes,No,7,Yes,No phone service,Fiber optic,No,Yes,Yes,No,No,No,Month-to-month,Yes,Electronic check,106.51,749.33,No
6171-TELCO,Male,0,No,No,54,Yes,No,DSL,No,Yes,No,No,Yes,No internet service,Month-to-month,No,Bank transfer (automatic),57.64,3110.45,No
6172-TELCO,Male,0,Yes,No,11,No,No,Fiber optic,Yes,No,No,Yes,No internet service,No,Month-to-month,No,Mailed check,106.1,1174.57,Yes
6173-TELCO,Female,0,No,No,62,Yes,No,DSL,No internet service,Yes,Yes,No internet service,No internet service,No internet service,Two year,Yes,Electronic check,107.04,6639.67,No
6174-TELCO,Male,0,No,No,30,Yes,Yes,DSL,No internet service,No,No,No,Yes,No,One year,No,Bank transfer (automatic),31.44,941.08,No
6175-TELCO,Male,0,No,No,57,Yes,No phone service,DSL,No,No,Yes,No,Yes,Yes,Month-to-month,Yes,Mailed check,22.29,1273.32,No
6176-TELCO,Male,0,Yes,No,46,Yes,Yes,DSL,No,Yes,No internet service,Yes,No internet service,No,Month-to-month,No,Electronic check,115.58,5315.61,Yes
6177-TELCO,Female,1,No,Yes,70,Yes,Yes,DSL,Yes,No,No,Yes,No internet service,No,Month-to-month,Yes,Bank transfer (automatic),39.47,2767.25,No
6178-TELCO,Male,0,Yes,No,66,Yes,No,Fiber optic,No,No internet service,Yes,No,No internet service,No,One year,No,Electronic check,56.66,3745.36,No
6179-TELCO,Male,0,Yes,No,55,Yes,Yes,DSL,No,No,No,Yes,No internet service,No internet service,Month-to-month,Yes,Mailed check,31.33,1727.02,No
6180-TELCO,Male,0,Yes,Yes,58,Yes,Yes,DSL,No,No internet service,Yes,No internet service,No,No internet service,Two year,No,Electronic check,113.41,6575.25,No
6181-TELCO,Female,0,No,No,10,Yes,Yes,No,No internet service,No,No,No internet service,No internet service,Yes,Month-to-month,Yes,Mailed check,27.42,264.9,Yes
6182-TELCO,Male,0,No,No,4,No,No,Fiber optic,Yes,Yes,No,No internet service,No internet service,Yes,Month-to-month,Yes,Electronic check,99.38,390.29,Yes
6183-TELCO,Male,0,Yes,No,62,Yes,No,Fiber optic,Yes,No,No,No,Yes,No,Month-to-month,Yes,Mailed check,104.77,6495.02,No
6184-TELCO,Female,0,No,No,43,Yes,No,DSL,No,No,Yes,No,No internet service,Yes,Two year,No,Electronic check,111.08,4778.14,No
6185-TELCO,Female,0,Yes,Yes,42,Yes,No phone service,Fiber optic,No,Yes,No internet service,No internet service,No,No internet service,Two year,Yes,Electronic check,64.53,2702.13,No
6186-TELCO,Male,0,Yes,Yes,24,Yes,Yes,Fiber optic,Yes,Yes,No,No,Yes,No internet service,Month-to-month,Yes,Electronic check,74.76,1793.5,No
6187-TELCO,Male,0,Yes,Yes,5,Yes,Yes,Fiber optic,No,No,No,No,No,No,Month-to-month,Yes,Mailed check,69.33,342.37,Yes
6188-TELCO,Female,0,No,No,68,Yes,Yes,Fiber optic,No,No,Yes,No,No,No internet service,Month-to-month,Yes,Credit card (automatic),72.37,4912.52,No
6189-TELCO,Female,0,No,Yes,45,Yes,Yes,Fiber optic,No,No internet service,No,No,No internet service,No internet service,Month-to-month,Yes,Mailed check,42.56,1912.27,No
6190-TELCO,Female,0,No,No,59,Yes,Yes,No,No,Yes,No,No,No internet service,No internet service,Month-to-month,No,Mailed check,76.25,4501.41,No
6191-TELCO,Female,1,No,No,65,Yes,No,No,No internet service,Yes,No,No,No internet service,No,Two year,Yes,Bank transfer (automatic),44.41,2892.17,No
6192-TELCO,Female,0,Yes,Yes,63,Yes,Yes,DSL,No,No internet service,No internet service,No,Yes,Yes,Two year,No,Credit card (automatic),76.98,4854.97,No
6193-TELCO,Female,0,No,No,67,Yes,No,Fiber optic,No internet service,No,Yes,No,No,Yes,Month-to-month,Yes,Electronic check,101.05,6770.56,No
6194-TELCO,Female,1,Yes,No,49,Yes,No,DSL,No,No,Yes,No internet service,Yes,Yes,Month-to-month,Yes,Credit card (automatic),18.55,900.85,Yes
6195-TELCO,Male,0,No,No,32,Yes,Yes,Fiber optic,No internet service,No,No,No internet service,No,No internet service,Two year,No,Electronic check,105.0,3361.91,No
6196-TELCO,Female,0,No,No,50,Yes,Yes,Fiber optic,No internet service,Yes,Yes,Yes,No,Yes,Month-to-month,Yes,Credit card (automatic),63.02,3142.03,No
6197-TELCO,Female,0,No,No,58,Yes,Yes,Fiber optic,No,No internet service,No,No,No,Yes,Month-to-month,Yes,Credit card (automatic),79.59,4614.72,No
6198-TELCO,Male,0,No,No,52,Yes,No,Fiber optic,No,Yes,No,Yes,Yes,No,Month-to-month,Yes,Bank transfer (automatic),44.06,2294.3,No
6199-TELCO,Female,0,No,No,23,Yes,Yes,Fiber optic,No,Yes,No internet service,No,No,Yes,Month-to-month,Yes,Mailed check,118.62,2720.73,No
6200-TELCO,Female,0,Yes,Yes,30,Yes,No,Fiber optic,No,Yes,No,No,No,No internet service,One year,Yes,Mailed check,80.06,2404.23,No
6201-TELCO,Male,0,No,No,70,Yes,No,DSL,Yes,No,No,Yes,Yes,No internet service,Month-to-month,Yes,Credit card (automatic),116.03,8125.56,No
6202-TELCO,Female,0,Yes,No,71,Yes,No,Fiber optic,No internet service,Yes,No,No,No internet service,No,Month-to-month,Yes,Electronic check,95.9,6816.71,No
6203-TELCO,Male,0,Yes,No,30,Yes,No,No,No,Yes,No,Yes,No,No internet service,Two year,No,Credit card (automatic),106.29,3183.04,Yes
6204-TELCO,Male,0,No,Yes,37,Yes,No,DSL,Yes,Yes,No,Yes,No,No,Two year,No,Electronic check,44.23,1642.9,No
6205-TELCO,Male,0,No,No,48,No,Yes,DSL,No,Yes,Yes,Yes,No internet service,No internet service,Month-to-month,Yes,Credit card (automatic),82.99,3980.4,No
6206-TELCO,Male,0,Yes,No,32,No,No phone service,No,No internet service,Yes,No internet service,No internet service,Yes,No internet service,Two year,No,Credit card (automatic),53.83,1720.32,No
6207-TELCO,Female,0,No,Yes,70,Yes,Yes,Fiber optic,No internet service,No,No,No,No,Yes,Two year,Yes,Mailed check,100.42,7038.7,No
6208-TELCO,Male,0,No,No,35,Yes,No phone service,Fiber optic,No,Yes,No internet service,No,No internet service,No internet service,Month-to-month,No,Bank transfer (automatic),116.35,4072.41,Yes
6209-TELCO,Male,0,No,Yes,68,Yes,No,Fiber optic,Yes,No,No internet service,No,Yes,No internet service,Month-to-month,No,Electronic check,39.71,2707.68,Yes
6210-TELCO,Female,0,No,Yes,32,No,No,No,No,No,No,No,Yes,Yes,One year,No,Bank transfer (automatic),92.25,2955.97,Yes
6211-TELCO,Male,0,No,No,59,Yes,Yes,No,No,No,Yes,No,Yes,No,Two year,Yes,Bank transfer (automatic),93.12,5492.46,No
6212-TELCO,Male,1,Yes,No,35,No,Yes,DSL,Yes,Yes,No internet service,Yes,No internet service,Yes,Two year,Yes,Electronic check,53.43,1860.91,No
6213-TELCO,Male,0,No,No,16,Yes,No,Fiber optic,No internet service,No,No,Yes,No,No,Month-to-month,No,Mailed check,32.64,522.09,Yes
6214-TELCO,Male,0,No,No,52,Yes,No phone service,Fiber optic,Yes,No internet service,No,No,No,No,Month-to-month,Yes,Bank transfer (automatic),50.32,2614.13,No
6215-TELCO,Female,0,No,No,66,Yes,Yes,DSL,No,No internet service,No internet service,Yes,Yes,No internet service,One year,Yes,Electronic check,35.1,2317.09,No
6216-TELCO,Male,0,No,No,6,Yes,No,Fiber optic,Yes,No,No internet service,No,No,No,Month-to-month,Yes,Bank transfer (automatic),107.04,646.86,No
6217-TELCO,Female,0,Yes,No,14,No,No,Fiber optic,No internet service,No,Yes,No,No,No,Two year,No,Credit card (automatic),101.39,1420.2,No
6218-TELCO,Female,0,Yes,Yes,29,Yes,No,No,Yes,No,Yes,Yes,No internet service,Yes,Month-to-month,No,Mailed check,95.14,2762.48,Yes
6219-TELCO,Male,0,Yes,No,26,Yes,No,No,No,No,Yes,No,Yes,No internet service,Month-to-month,No,Mailed check,94.47,2460.21,Yes
6220-TELCO,Male,0,Yes,Yes,18,Yes,No,DSL,No internet service,Yes,No,Yes,Yes,Yes,Month-to-month,Yes,Electronic check,58.42,1057.15,No
6221-TELCO,Male,0,Yes,No,4,Yes,No,No,Yes,No,No,No,Yes,No internet service,Two year,Yes,Electronic check,109.4,440.6,No
6222-TELCO,Male,0,Yes,Yes,57,Yes,No,Fiber optic,Yes,No internet service,Yes,No,No,Yes,Month-to-month,Yes,Credit card (automatic),99.68,5689.37,No
6223-TELCO,Female,0,No,Yes,53,Yes,Yes,DSL,Yes,No,Yes,No internet service,No,Yes,Two year,No,Bank transfer (automatic),109.3,5788.9,Yes
6224-TELCO,Female,0,No,No,25,Yes,No,Fiber optic,No,Yes,No,Yes,No,No,Month-to-month,Yes,Electronic check,68.42,1717.22,Yes
6225-TELCO,Female,0,No,No,47,Yes,Yes,No,No,No internet service,Yes,No,No internet service,No internet service,Two year,Yes,Credit card (automatic),46.76,2200.35,No
6226-TELCO,Male,1,No,No,52,Yes,No,Fiber optic,No,No,No internet service,Yes,No,Yes,Two year,Yes,Electronic check,83.43,4340.63,No
6227-TELCO,Female,0,Yes,No,34,Yes,No,No,Yes,No,No,Yes,No,Yes,Two year,Yes,Credit card (automatic),86.81,2945.27,No
6228-TELCO,Male,0,Yes,Yes,16,Yes,No phone service,Fiber optic,No,No,No internet service,No internet service,No,No internet service,One year,Yes,Mailed check,89.24,1434.72,No
6229-TELCO,Male,0,No,No,36,No,Yes,Fiber optic,No internet service,No,No internet service,No,No internet service,Yes,Month-to-month,Yes,Mailed check,57.19,2060.87,Yes
6230-TELCO,Male,0,No,No,28,Yes,Yes,DSL,No internet service,Yes,No,No,No,No,Month-to-month,Yes,Mailed check,70.07,1955.58,No
6231-TELCO,Male,0,No,No,65,Yes,Yes,DSL,No,No,No,Yes,No internet service,Yes,One year,Yes,Electronic check,29.46,1905.9,No
6232-TELCO,Male,0,Yes,No,72,Yes,Yes,Fiber optic,No internet service,Yes,No internet service,Yes,No,Yes,Month-to-month,Yes,Bank transfer (automatic),78.56,5656.05,No
6233-TELCO,Female,0,Yes,No,53,Yes,Yes,Fiber optic,No internet service,No,No internet service,Yes,No internet service,Yes,Month-to-month,Yes,Bank transfer (automatic),64.92,3436.41,No
6234-TELCO,Female,0,No,No,42,Yes,Yes,Fiber optic,No,Yes,No internet service,Yes,No internet service,No,Month-to-month,Yes,Bank transfer (automatic),37.36,1565.05,No
6235-TELCO,Male,0,No,No,19,Yes,No phone service,Fiber optic,Yes,No,No,Yes,Yes,No,Month-to-month,Yes,Credit card (automatic),67.77,1279.17,No
6236-TELCO,Female,0,No,No,44,Yes,No,No,No internet service,Yes,No,No,No internet service,Yes,One year,No,Mailed check,53.24,2337.03,No
6237-TELCO,Male,0,No,No,30,Yes,No,DSL,No internet service,Yes,No internet service,No,No,Yes,Two year,Yes,Bank transfer (automatic),84.03,2530.25,No
6238-TELCO,Male,0,No,No,44,Yes,Yes,Fiber optic,Yes,Yes,No internet service,No,No internet service,No internet service,Two year,Yes,Mailed check,99.4,4374.8,No
6239-TELCO,Male,0,No,No,27,Yes,No,Fiber optic,No internet service,No internet service,No,No,No internet service,No,Month-to-month,Yes,Credit card (automatic),59.4,1604.5,No
6240-TELCO,Female,0,No,No,34,Yes,Yes,DSL,No,No,Yes,Yes,No,No internet service,Month-to-month,No,Credit card (automatic),102.04,3469.47,Yes
6241-TELCO,Male,0,No,No,24,Yes,No,No,No,No,Yes,No,No,Yes,Month-to-month,No,Mailed check,35.73,862.9,No
6242-TELCO,Male,0,No,Yes,56,Yes,No,Fiber optic,No,No,No,Yes,Yes,Yes,Two year,No,Bank transfer (automatic),82.14,4603.36,No
6243-TELCO,Female,1,No,No,7,Yes,No,DSL,No,No internet service,Yes,No,Yes,No,Month-to-month,Yes,Electronic check,61.4,423.63,Yes
6244-TELCO,Female,0,No,Yes,68,Yes,No,No,No,Yes,Yes,No internet service,No,No,Month-to-month,No,Bank transfer (automatic),56.06,3812.11,No
6245-TELCO,Female,0,Yes,Yes,51,Yes,No,No,No,No,Yes,No internet service,Yes,Yes,Month-to-month,Yes,Electronic check,41.18,2104.36,No
6246-TELCO,Male,0,No,Yes,8,Yes,No,No,No,No internet service,Yes,No,No internet service,No,One year,Yes,Credit card (automatic),42.6,339.82,Yes
6247-TELCO,Male,0,No,Yes,56,Yes,No phone service,Fiber optic,No,No,No internet service,No,Yes,No,Month-to-month,No,Bank transfer (automatic),64.31,3602.2,No
6248-TELCO,Female,0,Yes,No,58,Yes,Yes,No,No,No internet service,Yes,No internet service,No,No,Month-to-month,Yes,Credit card (automatic),102.51,5937.2,No
6249-TELCO,Male,0,No,No,69,Yes,No,DSL,Yes,No,No internet service,No,No,Yes,Month-to-month,Yes,Bank transfer (automatic),73.67,5073.47,No
6250-TELCO,Female,1,Yes,No,8,Yes,No phone service,Fiber optic,No internet service,No internet service,Yes,No internet service,No,No,Month-to-month,No,Electronic check,75.77,611.54,No
6251-TELCO,Female,0,No,No,66,Yes,No,DSL,No,Yes,No,No,No internet service,Yes,Two year,No,Mailed check,89.85,5935.6,No
6252-TELCO,Male,0,No,Yes,24,Yes,Yes,Fiber optic,No,Yes,No internet service,Yes,No,Yes,Month-to-month,Yes,Mailed check,47.51,1140.41,Yes
6253-TELCO,Male,0,Yes,No,42,Yes,No,No,No,No,No internet service,No internet service,Yes,Yes,One year,Yes,Credit card (automatic),56.48,2378.47,No
6254-TELCO,Female,0,Yes,No,54,Yes,Yes,No,No internet service,No internet service,No internet service,Yes,No internet service,No,Two year,Yes,Mailed check,103.49,5594.1,No
6255-TELCO,Female,0,No,Yes,16,Yes,No,No,Yes,No,Yes,No,No,No,Month-to-month,No,Mailed check,23.45,372.35,Yes
6256-TELCO,Female,0,No,Yes,4,Yes,Yes,Fiber optic,Yes,No,No internet service,Yes,Yes,No,Month-to-month,No,Bank transfer (automatic),69.86,279.25,Yes
6257-TELCO,Female,0,Yes,No,59,Yes,No,No,No internet service,No,Yes,No internet service,No,No,Month-to-month,No,Bank transfer (automatic),72.05,4250.44,No
6258-TELCO,Male,1,No,Yes,46,Yes,No,Fiber optic,No,No internet service,No internet service,Yes,No,No internet service,Two year,No,Bank transfer (automatic),73.73,3381.97,No
6259-TELCO,Female,0,No,No,13,No,Yes,DSL,Yes,Yes,No,Yes,Yes,No,Month-to-month,No,Mailed check,94.77,1222.01,Yes
6260-TELCO,Female,0,No,Yes,37,Yes,Yes,Fiber optic,No,No,Yes,No,No internet service,Yes,Month-to-month,No,Bank transfer (automatic),63.61,2360.34,Yes
6261-TELCO,Female,1,Yes,Yes,54,Yes,Yes,Fiber optic,No,No,No internet service,No,Yes,No,One year,No,Credit card (automatic),103.05,5574.26,No
6262-TELCO,Male,0,No,Yes,49,Yes,No,DSL,No,No,No internet service,No internet service,No,Yes,Month-to-month,No,Electronic check,52.33,2569.29,Yes
6263-TELCO,Male,1,Yes,No,58,Yes,No phone service,No,No,No,Yes,No,Yes,Yes,Two year,Yes,Electronic check,52.37,3028.89,No
6264-TELCO,Female,1,No,Yes,19,Yes,No,Fiber optic,No internet service,Yes,No internet service,No,No,Yes,One year,Yes,Bank transfer (automatic),115.13,2189.64,No
6265-TELCO,Male,1,No,Yes,18,Yes,No phone service,No,No internet service,No internet service,Yes,No,No,No,Two year,Yes,Electronic check,50.86,918.0,No
6266-TELCO,Male,0,Yes,No,60,Yes,No,Fiber optic,No internet service,No,Yes,No,No,No,Month-to-month,Yes,Electronic check,37.56,2248.98,No
6267-TELCO,Male,0,No,No,17,Yes,No,DSL,No,No internet service,No internet service,No,Yes,No,Month-to-month,Yes,Bank transfer (automatic),73.7,1252.65,No
6268-TELCO,Female,0,Yes,No,11,Yes,No,DSL,No,Yes,Yes,No internet service,No,No,Two year,No,Mailed check,113.95,1243.71,Yes
6269-TELCO,Female,1,No,No,15,Yes,Yes,No,No,Yes,Yes,No,No,Yes,Two year,No,Electronic check,96.56,1447.76,No
6270-TELCO,Male,0,No,No,72,No,No,DSL,No,No,No internet service,No internet service,Yes,No,Month-to-month,Yes,Bank transfer (automatic),62.08,4465.15,No
6271-TELCO,Female,0,No,Yes,17,Yes,No,Fiber optic,No,No internet service,No,Yes,Yes,No internet service,Month-to-month,No,Electronic check,69.09,1168.87,No
6272-TELCO,Female,0,No,No,5,No,No,DSL,No,No,No,No internet service,No internet service,No,Month-to-month,No,Mailed check,118.54,602.19,Yes
6273-TELCO,Male,0,No,No,61,Yes,No,Fiber optic,No,No,No,No,No,Yes,Two year,Yes,Electronic check,90.5,5523.96,No
6274-TELCO,Male,0,No,No,4,Yes,No,DSL,No internet service,No internet service,No,No internet service,No,No internet service,Two year,No,Electronic check,28.4,121.45,Yes
6275-TELCO,Female,0,No,No,56,Yes,No,DSL,Yes,No,No internet service,No,No internet service,Yes,Month-to-month,Yes,Electronic check,79.53,4446.59,Yes
6276-TELCO,Male,0,Yes,Yes,48,Yes,Yes,Fiber optic,No,No,No,No internet service,No internet service,No,Month-to-month,Yes,Bank transfer (automatic),112.92,5414.75,No
6277-TELCO,Female,0,No,No,48,Yes,No,DSL,No,Yes,No,Yes,Yes,Yes,Month-to-month,No,Credit card (automatic),37.65,1815.74,No
6278-TELCO,Female,1,No,No,35,Yes,No,Fiber optic,Yes,Yes,Yes,No,No internet service,No internet service,Month-to-month,Yes,Mailed check,96.0,3355.62,No
6279-TELCO,Male,0,Yes,No,33,Yes,No,Fiber optic,No,No,No,No internet service,Yes,No,Month-to-month,Yes,Electronic check,59.95,1985.94,No
6280-TELCO,Female,0,Yes,No,21,Yes,No,Fiber optic,Yes,Yes,No,No,Yes,Yes,Month-to-month,Yes,Credit card (automatic),32.66,690.64,Yes
6281-TELCO,Female,0,Yes,No,5,Yes,No,Fiber optic,No,No,No,No,Yes,No,Month-to-month,No,Credit card (automatic),102.5,503.26,Yes
6282-TELCO,Male,0,Yes,Yes,64,Yes,No,Fiber optic,Yes,No internet service,Yes,No,No,Yes,Month-to-month,Yes,Electronic check,82.52,5274.32,No
6283-TELCO,Male,0,Yes,No,69,No,No,No,No internet service,No,No internet service,Yes,No,Yes,Month-to-month,No,Electronic check,19.53,1348.72,No
6284-TELCO,Male,1,No,No,21,Yes,Yes,Fiber optic,Yes,No,Yes,Yes,No,No,Two year,Yes,Electronic check,101.75,2145.09,No
6285-TELCO,Female,0,No,Yes,32,Yes,Yes,Fiber optic,No internet service,Yes,Yes,Yes,Yes,No,One year,Yes,Credit card (automatic),72.1,2308.72,No
6286-TELCO,Male,0,No,No,18,Yes,No,No,No internet service,Yes,Yes,No internet service,Yes,Yes,Two year,Yes,Credit card (automatic),80.97,1461.43,No
6287-TELCO,Male,0,Yes,No,58,Yes,Yes,No,No,Yes,No,Yes,No,No,One year,No,Electronic check,74.86,4345.36,No
6288-TELCO,Male,0,No,No,24,Yes,No,Fiber optic,Yes,No,Yes,No,No,No,One year,Yes,Electronic check,57.48,1371.8,Yes
6289-TELCO,Male,0,No,Yes,5,No,No,No,No,No,No internet service,No internet service,Yes,Yes,Month-to-month,No,Electronic check,31.92,166.19,Yes
6290-TELCO,Female,0,No,No,53,Yes,No,DSL,Yes,Yes,No internet service,No,No internet service,No,Month-to-month,Yes,Electronic check,90.5,4801.14,No
6291-TELCO,Female,0,No,Yes,55,Yes,No,No,Yes,No,Yes,No,No,No,Two year,Yes,Credit card (automatic),86.99,4780.85,No
6292-TELCO,Male,0,Yes,No,5,Yes,No phone service,DSL,No,No,No,No,Yes,No,Month-to-month,Yes,Electronic check,104.6,522.21,No
6293-TELCO,Female,0,No,No,69,Yes,Yes,Fiber optic,No,No,Yes,No,No,No internet service,Month-to-month,Yes,Mailed check,80.02,5520.98,No
6294-TELCO,Male,0,No,No,41,Yes,Yes,No,No,Yes,No,No,Yes,Yes,Month-to-month,No,Electronic check,22.7,936.59,No
6295-TELCO,Male,0,Yes,Yes,7,Yes,Yes,DSL,No,Yes,No,Yes,No,No,Two year,No,Bank transfer (automatic),59.67,426.73,No
6296-TELCO,Female,0,Yes,No,1,Yes,No,DSL,No internet service,No,No internet service,No,No,Yes,Month-to-month,Yes,Electronic check,28.75,35.91,No
6297-TELCO,Female,1,Yes,No,52,Yes,No phone service,Fiber optic,Yes,No,Yes,No,No,Yes,Month-to-month,Yes,Electronic check,78.22,4067.01,No
6298-TELCO,Male,0,Yes,No,26,Yes,No phone service,Fiber optic,Yes,No internet service,No internet service,Yes,No,No internet service,One year,No,Credit card (automatic),38.68,1002.44,No
6299-TELCO,Male,0,Yes,No,63,Yes,Yes,DSL,No,Yes,No internet service,No,No,No internet service,Two year,Yes,Electronic check,113.07,7118.03,No
6300-TELCO,Female,1,No,No,12,Yes,Yes,Fiber optic,No internet service,No,No,No internet service,No,No,Month-to-month,No,Electronic check,33.87,410.17,Yes
6301-TELCO,Male,0,No,No,70,Yes,Yes,Fiber optic,No internet service,Yes,No,No internet service,Yes,Yes,Month-to-month,Yes,Mailed check,101.96,7135.55,No
6302-TELCO,Female,0,No,No,19,Yes,No,DSL,No,No,No,No internet service,Yes,Yes,Two year,Yes,Bank transfer (automatic),79.43,1502.02,No
6303-TELCO,Male,0,No,No,4,Yes,No,Fiber optic,No,Yes,Yes,No,Yes,No,Month-to-month,No,Bank transfer (automatic),49.25,187.98,Yes
6304-TELCO,Male,0,No,No,5,Yes,No,DSL,No,Yes,No,No,No,No,Month-to-month,No,Electronic check,97.78,490.54,Yes
6305-TELCO,Female,0,No,No,54,Yes,Yes,DSL,Yes,No,No,Yes,No internet service,No,Month-to-month,No,Mailed check,115.33,6235.29,No
6306-TELCO,Female,0,No,No,70,Yes,Yes,Fiber optic,No,No,Yes,Yes,No,No,Month-to-month,Yes,Electronic check,32.75,2289.11,No
6307-TELCO,Female,0,Yes,No,57,Yes,No,No,No,No,No,Yes,Yes,Yes,Month-to-month,Yes,Credit card (automatic),102.61,5843.0,No
6308-TELCO,Female,0,No,Yes,52,Yes,No,Fiber optic,No,No,Yes,No,Yes,Yes,One year,No,Mailed check,99.82,5190.7,No
6309-TELCO,Female,1,No,No,18,Yes,Yes,DSL,No internet service,No,No,No,No,Yes,One year,Yes,Electronic check,94.65,1708.75,Yes
6310-TELCO,Female,0,Yes,Yes,64,Yes,No phone service,Fiber optic,No internet service,No,No,No internet service,No internet service,Yes,One year,No,Bank transfer (automatic),45.45,2899.5,No
6311-TELCO,Female,0,No,No,10,Yes,Yes,No,Yes,Yes,No,No internet service,No internet service,Yes,Month-to-month,Yes,Electronic check,95.7,964.53,Yes
6312-TELCO,Male,0,No,No,23,Yes,No,Fiber optic,No internet service,No,Yes,No,Yes,Yes,Two year,No,Credit card (automatic),26.19,612.19,No
6313-TELCO,Male,0,No,No,68,Yes,No,Fiber optic,Yes,No,No internet service,No,No internet service,No,Month-to-month,No,Electronic check,28.85,1960.73,No
6314-TELCO,Male,0,Yes,No,52,Yes,Yes,No,Yes,No,No,Yes,Yes,No internet service,Month-to-month,No,Credit card (automatic),49.09,2559.57,Yes
6315-TELCO,Female,1,No,Yes,47,Yes,Yes,Fiber optic,No internet service,Yes,No,No internet service,No internet service,No,Month-to-month,Yes,Credit card (automatic),44.1,2071.07,No
6316-TELCO,Female,0,Yes,No,70,Yes,No,No,No,Yes,No,No,No internet service,No,Two year,Yes,Electronic check,66.07,4617.0,No
6317-TELCO,Female,0,Yes,No,26,Yes,Yes,Fiber optic,No internet service,Yes,Yes,No,Yes,No,One year,Yes,Electronic check,75.09,1952.39,No
6318-TELCO,Male,0,Yes,No,70,Yes,Yes,DSL,No,Yes,Yes,Yes,Yes,No,One year,Yes,Bank transfer (automatic),48.47,3386.45,No
6319-TELCO,Female,0,No,No,43,Yes,No,DSL,No internet service,No internet service,No,No internet service,Yes,Yes,Two year,No,Electronic check,88.18,3785.57,No
6320-TELCO,Female,0,No,No,69,Yes,No,Fiber optic,No internet service,No internet service,No internet service,No,No,No,Month-to-month,Yes,Mailed check,18.95,1313.46,No
6321-TELCO,Male,0,Yes,No,63,Yes,No,Fiber optic,No,No,No,No internet service,Yes,No,Month-to-month,Yes,Electronic check,41.26,2591.44,No
6322-TELCO,Female,0,No,No,66,Yes,No,Fiber optic,No,Yes,No internet service,Yes,No,No,Two year,Yes,Mailed check,53.74,3542.72,No
6323-TELCO,Male,0,Yes,No,63,Yes,Yes,DSL,No internet service,No internet service,Yes,Yes,No,No,Month-to-month,No,Electronic check,57.83,3640.54,No
6324-TELCO,Male,0,Yes,No,13,Yes,No,No,No,No,No,No,Yes,No internet service,Month-to-month,No,Electronic check,54.85,721.24,No
6325-TELCO,Female,0,No,Yes,51,Yes,No,No,No,Yes,Yes,Yes,No,No,Month-to-month,Yes,Electronic check,19.48,995.68,Yes
6326-TELCO,Female,0,Yes,No,5,Yes,Yes,Fiber optic,No,No,No,Yes,No internet service,No internet service,One year,No,Electronic check,112.51,553.68,No
6327-TELCO,Female,0,No,No,47,Yes,No,Fiber optic,No,No,Yes,No,Yes,No,One year,Yes,Mailed check,94.99,4460.15,No
6328-TELCO,Male,0,Yes,No,36,Yes,Yes,DSL,No internet service,Yes,No,Yes,No,Yes,Two year,Yes,Electronic check,18.83,669.16,No
6329-TELCO,Male,0,Yes,No,36,Yes,No,Fiber optic,Yes,Yes,No,No,No,No,Month-to-month,No,Credit card (automatic),53.52,1931.44,No
6330-TELCO,Male,0,No,No,50,No,Yes,Fiber optic,No,No,No,No,No,No internet service,Month-to-month,Yes,Mailed check,62.72,3129.89,No
6331-TELCO,Female,0,No,No,56,Yes,Yes,Fiber optic,No,Yes,Yes,Yes,Yes,No,Two year,Yes,Electronic check,40.03,2236.14,No
6332-TELCO,Female,1,Yes,Yes,19,Yes,Yes,Fiber optic,No,Yes,Yes,No,Yes,No internet service,Month-to-month,No,Electronic check,110.31,2088.3,No
6333-TELCO,Female,0,No,No,20,Yes,Yes,Fiber optic,Yes,Yes,Yes,Yes,No,Yes,One year,Yes,Electronic check,91.56,1834.97,No
6334-TELCO,Female,1,No,Yes,22,No,No phone service,DSL,No,No internet service,No,No,No internet service,Yes,Month-to-month,No,Mailed check,105.03,2311.02,No
6335-TELCO,Male,0,No,Yes,31,Yes,No,DSL,No internet service,No,Yes,Yes,No internet service,Yes,Two year,Yes,Mailed check,92.4,2859.7,No
6336-TELCO,Male,0,Yes,No,62,Yes,Yes,No,No,No,Yes,Yes,No,No,Two year,Yes,Credit card (automatic),53.92,3348.89,No
6337-TELCO,Male,1,No,No,44,Yes,Yes,DSL,No,No,No,No,No,Yes,Month-to-month,Yes,Bank transfer (automatic),66.14,2911.8,No
6338-TELCO,Male,0,No,No,68,Yes,No,DSL,No,No,Yes,Yes,Yes,No internet service,Month-to-month,Yes,Mailed check,24.32,1647.39,No
6339-TELCO,Female,0,Yes,No,67,No,Yes,Fiber optic,No,No,No,No,No internet service,No,Two year,Yes,Electronic check,60.61,4051.24,No
6340-TELCO,Female,0,No,No,49,Yes,No,DSL,No,Yes,Yes,Yes,Yes,Yes,Two year,Yes,Mailed check,98.8,4833.0,No
6341-TELCO,Female,1,No,No,59,Yes,Yes,Fiber optic,No,No,No internet service,No,No,Yes,Month-to-month,No,Mailed check,93.41,5507.88,No
6342-TELCO,Male,1,No,Yes,4,Yes,No,Fiber optic,Yes,Yes,No,No internet service,Yes,No,Month-to-month,No,Credit card (automatic),97.11,380.01,Yes
6343-TELCO,Male,0,No,No,39,Yes,No,DSL,No,No,No,No internet service,No internet service,No internet service,Month-to-month,Yes,Bank transfer (automatic),45.45,1767.42,No
6344-TELCO,Female,0,No,No,7,No,No,DSL,No,No internet service,No internet service,No,Yes,Yes,Two year,Yes,Mailed check,28.18,188.81,No
6345-TELCO,Female,0,No,No,71,Yes,No,DSL,No,Yes,No internet service,No internet service,No,No,Month-to-month,Yes,Electronic check,64.49,4570.28,No
6346-TELCO,Male,0,No,Yes,49,Yes,No,Fiber optic,Yes,No,No,No,No,Yes,One year,Yes,Bank transfer (automatic),66.54,3256.62,No
6347-TELCO,Female,1,No,No,15,Yes,No,No,Yes,Yes,Yes,No,Yes,Yes,Month-to-month,Yes,Electronic check,81.0,1215.27,No
6348-TELCO,Male,0,No,No,7,Yes,No,DSL,No internet service,No internet service,Yes,No,Yes,No,Month-to-month,Yes,Mailed check,27.72,190.91,Yes
6349-TELCO,Male,0,Yes,No,47,Yes,Yes,Fiber optic,No,No,Yes,No,No internet service,No internet service,One year,Yes,Bank transfer (automatic),22.14,1032.64,No
6350-TELCO,Male,0,Yes,No,68,Yes,No,No,Yes,No internet service,No,No,No,No internet service,Month-to-month,Yes,Electronic check,93.34,6338.23,No
6351-TELCO,Female,0,No,No,45,Yes,No,DSL,Yes,No,No,No internet service,No,No,Month-to-month,No,Electronic check,82.65,3713.17,Yes
6352-TELCO,Female,1,Yes,Yes,19,Yes,Yes,Fiber optic,Yes,Yes,No internet service,No,No internet service,Yes,Two year,Yes,Mailed check,40.35,770.64,No
6353-TELCO,Male,0,No,No,47,Yes,Yes,Fiber optic,No,No internet service,No,No internet service,No,Yes,Month-to-month,No,Bank transfer (automatic),102.6,4825.57,No
6354-TELCO,Female,0,No,No,53,Yes,No phone service,Fiber optic,No,No,No,No,No internet service,No,One year,Yes,Credit card (automatic),53.18,2826.43,No
6355-TELCO,Male,1,No,Yes,27,Yes,Yes,No,Yes,No,Yes,No internet service,No,Yes,One year,No,Electronic check,66.47,1802.94,Yes
6356-TELCO,Male,0,No,No,5,Yes,Yes,Fiber optic,No,No,No,No,No,No,Month-to-month,Yes,Electronic check,30.93,160.09,No
6357-TELCO,Male,0,No,No,60,Yes,Yes,DSL,Yes,Yes,No,No,Yes,Yes,Month-to-month,Yes,Credit card (automatic),116.0,6950.34,No
6358-TELCO,Male,0,Yes,No,62,Yes,Yes,Fiber optic,Yes,No,No,No internet service,No internet service,No internet service,Month-to-month,No,Bank transfer (automatic),91.14,5642.85,No
6359-TELCO,Female,0,No,Yes,59,No,Yes,DSL,No internet service,No,No internet service,No,Yes,Yes,One year,Yes,Electronic check,42.38,2505.22,No
6360-TELCO,Male,0,Yes,Yes,61,No,No,DSL,No,No internet service,Yes,Yes,No,No,Two year,Yes,Credit card (automatic),113.66,6939.79,No
6361-TELCO,Male,1,Yes,Yes,56,Yes,Yes,No,No internet service,Yes,No,Yes,No,Yes,Two year,No,Electronic check,56.64,3174.08,No
6362-TELCO,Female,0,Yes,No,47,Yes,Yes,Fiber optic,Yes,No,Yes,No,No,Yes,One year,Yes,Mailed check,61.0,2864.27,No
6363-TELCO,Male,1,Yes,No,48,Yes,No,Fiber optic,No,No internet service,No,No internet service,Yes,No,Month-to-month,Yes,Mailed check,34.83,1665.52,No
6364-TELCO,Male,0,Yes,Yes,10,Yes,No,DSL,No,Yes,Yes,Yes,No internet service,No,Month-to-month,No,Electronic check,61.13,614.83,No
6365-TELCO,Female,0,Yes,No,32,Yes,No,DSL,No,Yes,No,Yes,Yes,Yes,Two year,No,Bank transfer (automatic),116.07,3712.49,No
6366-TELCO,Female,0,No,Yes,65,Yes,Yes,DSL,No,Yes,No internet service,Yes,Yes,No internet service,One year,Yes,Electronic check,61.78,4013.12,No
6367-TELCO,Female,0,No,Yes,24,Yes,No,No,No,No,Yes,Yes,Yes,No,Month-to-month,No,Electronic check,88.61,2126.04,No
6368-TELCO,Male,0,Yes,No,29,Yes,No,No,Yes,Yes,Yes,No internet service,No,No internet service,Two year,Yes,Credit card (automatic),116.59,3387.84,No
6369-TELCO,Female,1,Yes,Yes,7,Yes,Yes,Fiber optic,No,No internet service,No,Yes,No internet service,Yes,Two year,Yes,Bank transfer (automatic),80.85,568.8,No
6370-TELCO,Female,0,No,Yes,17,Yes,No,DSL,No internet service,No,No internet service,No,No internet service,Yes,One year,Yes,Credit card (automatic),46.86,797.73,No
6371-TELCO,Male,0,No,No,25,Yes,Yes,Fiber optic,No,No,Yes,Yes,No,No internet service,Month-to-month,Yes,Mailed check,52.79,1316.14,Yes
6372-TELCO,Male,0,No,No,36,Yes,No,No,Yes,No internet service,No internet service,No,No,No,Month-to-month,Yes,Mailed check,42.03,1509.59,No
6373-TELCO,Male,0,Yes,No,61,Yes,No,No,No,Yes,Yes,Yes,No,Yes,Two year,Yes,Electronic check,113.41,6927.77,No
6374-TELCO,Male,0,No,No,71,Yes,No phone service,Fiber optic,No,No,No,Yes,No,No,Month-to-month,Yes,Mailed check,108.01,7668.14,Yes
6375-TELCO,Male,0,No,No,35,Yes,No,Fiber optic,Yes,No,No,No,No internet service,No,Two year,No,Electronic check,82.18,2870.93,No
6376-TELCO,Female,0,No,No,50,No,No,Fiber optic,No,Yes,No,No,Yes,Yes,Two year,Yes,Mailed check,26.2,1314.43,No
6377-TELCO,Female,0,Yes,No,56,Yes,Yes,DSL,No internet service,No internet service,No internet service,No,Yes,No,Month-to-month,No,Mailed check,97.81,5482.37,No
6378-TELCO,Female,0,Yes,No,65,No,Yes,Fiber optic,No,No,Yes,Yes,Yes,No,One year,Yes,Electronic check,100.41,6524.24,No
6379-TELCO,Male,0,Yes,No,41,Yes,Yes,Fiber optic,Yes,No internet service,No,No,Yes,No,Month-to-month,Yes,Credit card (automatic),93.67,3846.21,Yes
6380-TELCO,Male,0,Yes,No,25,Yes,Yes,Fiber optic,No,No internet service,Yes,No internet service,No internet service,No,One year,Yes,Mailed check,35.51,895.15,No
6381-TELCO,Male,0,No,No,34,Yes,No,Fiber optic,Yes,No,No internet service,Yes,No,No,Month-to-month,No,Electronic check,46.62,1591.67,Yes
6382-TELCO,Female,0,No,No,8,Yes,No,Fiber optic,Yes,No internet service,Yes,No,Yes,No,One year,Yes,Mailed check,99.91,790.73,No
6383-TELCO,Female,0,No,No,56,Yes,Yes,Fiber optic,Yes,No,No,No,Yes,No internet service,Month-to-month,Yes,Mailed check,62.83,3524.33,No
6384-TELCO,Male,1,No,No,30,Yes,Yes,DSL,Yes,No internet service,Yes,No internet service,No internet service,No internet service,Month-to-month,No,Mailed check,42.59,1275.72,No
6385-TELCO,Female,0,No,Yes,68,Yes,No,No,No internet service,Yes,No internet service,Yes,No,No,Month-to-month,Yes,Bank transfer (automatic),82.78,5621.17,No
6386-TELCO,Male,0,Yes,No,21,Yes,Yes,Fiber optic,No,Yes,Yes,No internet service,No,Yes,Month-to-month,Yes,Credit card (automatic),77.9,1643.74,Yes
6387-TELCO,Female,1,No,No,10,Yes,Yes,Fiber optic,No,Yes,Yes,No internet service,Yes,Yes,One year,No,Electronic check,70.45,704.29,No
6388-TELCO,Female,0,No,Yes,33,Yes,Yes,Fiber optic,No internet service,Yes,No,Yes,Yes,No,One year,Yes,Credit card (automatic),52.82,1750.6,Yes
6389-TELCO,Female,0,Yes,No,4,Yes,Yes,No,No,No,No internet service,No,No,Yes,One year,Yes,Mailed check,96.11,386.41,Yes
6390-TELCO,Male,0,Yes,No,23,Yes,No,Fiber optic,No,Yes,No internet service,No,No,No,One year,No,Mailed check,75.44,1731.63,Yes
6391-TELCO,Female,0,No,No,69,Yes,Yes,Fiber optic,Yes,Yes,Yes,No,Yes,No,Two year,Yes,Bank transfer (automatic),105.24,7263.12,No
6392-TELCO,Female,0,No,No,53,Yes,No,No,No,Yes,Yes,No,Yes,No internet service,One year,No,Bank transfer (automatic),101.64,5396.08,No
6393-TELCO,Male,0,Yes,No,5,Yes,Yes,No,No,No,No internet service,No,Yes,Yes,Month-to-month,Yes,Electronic check,113.01,567.49,Yes
6394-TELCO,Female,0,No,No,18,Yes,No,Fiber optic,No,Yes,Yes,No internet service,No,Yes,Month-to-month,Yes,Bank transfer (automatic),92.69,1674.7,No
6395-TELCO,Male,0,No,Yes,17,Yes,No,DSL,No,No,No,Yes,No internet service,Yes,Month-to-month,No,Electronic check,32.15,553.85,Yes
6396-TELCO,Male,0,No,No,58,Yes,No,No,Yes,Yes,No,Yes,No internet service,Yes,Month-to-month,Yes,Electronic check,54.98,3186.67,No
6397-TELCO,Male,0,Yes,No,67,No,No,No,No,No,No,No internet service,No,No internet service,Month-to-month,No,Mailed check,93.9,6284.43,No
6398-TELCO,Male,0,Yes,No,72,Yes,No,DSL,Yes,Yes,No,No,No internet service,Yes,Month-to-month,No,Bank transfer (automatic),31.81,2299.83,No
6399-TELCO,Male,0,No,No,56,No,Yes,Fiber optic,No,Yes,No,No,Yes,No,One year,No,Bank transfer (automatic),86.27,4838.89,No
6400-TELCO,Female,0,No,No,40,Yes,No,Fiber optic,Yes,Yes,No,No internet service,Yes,Yes,Two year,Yes,Bank transfer (automatic),51.26,2052.26,No
6401-TELCO,Male,0,Yes,No,2,Yes,No,DSL,No,No internet service,No,No,Yes,Yes,Month-to-month,Yes,Mailed check,41.96,92.84,No
6402-TELCO,Male,0,Yes,No,21,Yes,No,DSL,No,No internet service,No,No,Yes,Yes,Two year,Yes,Electronic check,73.02,1535.66,No
6403-TELCO,Male,0,Yes,Yes,52,Yes,Yes,Fiber optic,No,No internet service,No,No internet service,No internet service,Yes,Month-to-month,Yes,Bank transfer (automatic),27.3,1422.04,Yes
6404-TELCO,Male,0,Yes,Yes,24,Yes,No phone service,No,Yes,No,No,No,No internet service,Yes,One year,No,Credit card (automatic),87.99,2114.34,No
6405-TELCO,Female,1,No,No,53,Yes,No,DSL,Yes,Yes,No,Yes,Yes,Yes,Month-to-month,Yes,Credit card (automatic),59.17,3142.52,No
6406-TELCO,Male,0,No,Yes,38,Yes,No,No,Yes,No internet service,No internet service,No,No,No internet service,Month-to-month,Yes,Mailed check,78.3,2971.66,No
6407-TELCO,Female,1,Yes,No,20,Yes,Yes,No,No,No,No internet service,No internet service,Yes,Yes,Month-to-month,No,Mailed check,27.01,536.41,No
6408-TELCO,Male,0,Yes,No,50,Yes,No,No,Yes,Yes,Yes,Yes,No,Yes,Month-to-month,Yes,Credit card (automatic),62.32,3106.65,Yes
6409-TELCO,Female,0,No,No,39,Yes,No,Fiber optic,No,No internet service,No,No,Yes,Yes,Month-to-month,Yes,Electronic check,97.11,3793.47,No
6410-TELCO,Male,0,Yes,No,60,Yes,No,Fiber optic,Yes,Yes,No internet service,Yes,Yes,No,One year,No,Bank transfer (automatic),89.58,5370.07,No
6411-TELCO,Male,0,No,No,39,Yes,Yes,Fiber optic,No internet service,No,No,No,No internet service,Yes,Month-to-month,Yes,Electronic check,72.35,2816.03,No
6412-TELCO,Female,1,No,No,71,Yes,No phone service,No,No,Yes,No,No,No internet service,No,Two year,No,Electronic check,37.57,2666.98,No
6413-TELCO,Male,0,No,Yes,33,No,Yes,Fiber optic,Yes,Yes,Yes,No,Yes,Yes,Two year,Yes,Electronic check,77.52,2565.32,No
6414-TELCO,Female,0,Yes,No,29,Yes,No phone service,DSL,Yes,No,Yes,Yes,Yes,Yes,Month-to-month,No,Electronic check,86.27,2503.8,No
6415-TELCO,Male,0,Yes,Yes,10,Yes,No phone service,DSL,No,Yes,No,Yes,No,No,One year,Yes,Electronic check,74.48,751.65,Yes
6416-TELCO,Female,1,No,Yes,67,Yes,No phone service,Fiber optic,No internet service,No internet service,No internet service,Yes,No,No,One year,No,Credit card (automatic),94.19,6300.74,No
6417-TELCO,Male,0,Yes,No,3,Yes,Yes,No,Yes,No,Yes,No internet service,Yes,Yes,One year,Yes,Credit card (automatic),56.01,161.82,Yes
6418-TELCO,Male,0,Yes,No,31,Yes,No,Fiber optic,No internet service,Yes,Yes,No,No,No,One year,No,Bank transfer (automatic),57.93,1800.17,No
6419-TELCO,Female,0,No,Yes,27,Yes,No,Fiber optic,No,No,Yes,No,No internet service,No,Two year,Yes,Bank transfer (automatic),112.9,3043.98,No
6420-TELCO,Male,0,No,No,70,Yes,Yes,DSL,No internet service,No,Yes,No internet service,Yes,Yes,Two year,Yes,Electronic check,109.71,7688.47,No
6421-TELCO,Male,0,No,No,27,Yes,No,No,No internet service,No,No,No internet service,Yes,Yes,Two year,Yes,Electronic check,36.47,989.8,No
6422-TELCO,Male,1,Yes,Yes,9,Yes,No,Fiber optic,No internet service,No,Yes,Yes,No internet service,No,Two year,No,Bank transfer (automatic),42.92,390.29,No
6423-TELCO,Male,0,No,No,6,Yes,No,No,Yes,No internet service,No internet service,No,No internet service,No internet service,One year,Yes,Credit card (automatic),75.28,442.01,No
6424-TELCO,Male,0,No,No,6,Yes,Yes,Fiber optic,No internet service,No internet service,No,No,No,No internet service,Month-to-month,No,Bank transfer (automatic),74.33,449.81,Yes
6425-TELCO,Male,0,Yes,No,26,Yes,Yes,Fiber optic,Yes,Yes,No,No,Yes,No,Month-to-month,No,Electronic check,26.15,680.4,No
6426-TELCO,Female,0,No,No,43,Yes,Yes,Fiber optic,No,No internet service,No,No,No internet service,No,Two year,Yes,Electronic check,110.11,4728.19,No
6427-TELCO,Female,0,Yes,Yes,19,Yes,No phone service,DSL,No,No,No internet service,No,Yes,No,Two year,Yes,Mailed check,96.03,1826.31,No
6428-TELCO,Female,1,Yes,Yes,16,Yes,No,DSL,No,No internet service,No,No,Yes,No internet service,Month-to-month,No,Bank transfer (automatic),98.33,1565.39,No
6429-TELCO,Male,0,Yes,Yes,23,Yes,No,DSL,No,No,No,Yes,No,Yes,Two year,No,Bank transfer (automatic),87.76,2018.21,No
6430-TELCO,Female,1,No,No,29,Yes,No,Fiber optic,No internet service,No,No,No,No internet service,No internet service,Two year,No,Bank transfer (automatic),34.99,1008.54,No
6431-TELCO,Male,0,No,Yes,38,Yes,No,Fiber optic,No internet service,Yes,Yes,No internet service,No internet service,No,Month-to-month,Yes,Electronic check,54.84,2074.13,No
6432-TELCO,Male,0,Yes,Yes,59,Yes,Yes,DSL,No,No,Yes,No,No,Yes,One year,No,Bank transfer (automatic),51.05,3009.36,No
6433-TELCO,Male,0,Yes,Yes,48,Yes,No phone service,Fiber optic,No,No,No,No,No internet service,No internet service,Two year,Yes,Bank transfer (automatic),117.58,5641.21,No
6434-TELCO,Male,0,Yes,No,20,Yes,Yes,Fiber optic,Yes,No,No,Yes,No,Yes,Two year,No,Electronic check,29.63,592.93,No
6435-TELCO,Female,0,Yes,Yes,21,Yes,No,Fiber optic,No,No,Yes,No,Yes,No internet service,Month-to-month,No,Mailed check,74.02,1563.66,No
6436-TELCO,Male,0,Yes,No,28,Yes,Yes,DSL,No,No,No,No,Yes,Yes,Two year,Yes,Electronic check,95.83,2674.83,No
6437-TELCO,Female,0,Yes,No,50,Yes,No,Fiber optic,No,No,No,No,Yes,No internet service,Month-to-month,Yes,Bank transfer (automatic),59.15,2951.98,Yes
6438-TELCO,Male,0,Yes,No,33,Yes,No,Fiber optic,No internet service,No internet service,No internet service,No internet service,No internet service,Yes,Month-to-month,Yes,Electronic check,71.2,2348.61,No
6439-TELCO,Female,1,No,Yes,40,Yes,Yes,DSL,No,No internet service,No,No,Yes,No,Month-to-month,Yes,Electronic check,34.93,1394.19,No
6440-TELCO,Female,0,No,Yes,54,Yes,Yes,Fiber optic,No internet service,Yes,No,No internet service,Yes,Yes,Month-to-month,Yes,Mailed check,39.15,2115.39,No
6441-TELCO,Female,1,No,No,10,No,Yes,DSL,No,No internet service,Yes,No,No,Yes,Two year,Yes,Electronic check,88.13,887.38,No
6442-TELCO,Female,0,Yes,No,34,No,No,No,Yes,No,Yes,Yes,Yes,No internet service,Month-to-month,No,Electronic check,91.01,3092.7,Yes
6443-TELCO,Female,0,Yes,No,36,Yes,No,No,No,Yes,No,Yes,No,No,Month-to-month,Yes,Electronic check,74.35,2672.78,No
6444-TELCO,Female,0,Yes,Yes,7,Yes,Yes,Fiber optic,No,Yes,No,No,Yes,No,Month-to-month,Yes,Bank transfer (automatic),109.24,759.24,Yes
6445-TELCO,Male,0,Yes,Yes,16,Yes,No,DSL,No,No internet service,No internet service,No,No,No internet service,Month-to-month,Yes,Credit card (automatic),55.68,896.64,No
6446-TELCO,Female,0,Yes,No,51,Yes,Yes,Fiber optic,Yes,No,No,No,No internet service,No,Two year,Yes,Mailed check,91.2,4643.05,No
6447-TELCO,Male,0,No,No,61,Yes,No,Fiber optic,No,Yes,No internet service,Yes,No internet service,No,One year,Yes,Bank transfer (automatic),91.13,5558.64,No
6448-TELCO,Female,0,No,No,31,Yes,No,Fiber optic,Yes,No,Yes,No internet service,Yes,No,One year,Yes,Electronic check,64.79,2005.96,No
6449-TELCO,Male,0,Yes,No,32,Yes,Yes,DSL,No internet service,No,No,No,No,Yes,Month-to-month,Yes,Credit card (automatic),101.51,3250.97,Yes
6450-TELCO,Female,0,Yes,No,45,Yes,No,DSL,No internet service,No internet service,Yes,Yes,Yes,Yes,Month-to-month,Yes,Mailed check,71.08,3199.46,No
6451-TELCO,Female,0,No,No,27,Yes,Yes,DSL,No,No,No internet service,Yes,Yes,No,Two year,Yes,Mailed check,81.17,2188.52,No
6452-TELCO,Male,0,Yes,No,22,Yes,No,Fiber optic,Yes,No,No,No internet service,No,No internet service,Two year,Yes,Credit card (automatic),22.66,490.63,No
6453-TELCO,Female,0,No,No,15,Yes,Yes,No,No,No internet service,Yes,Yes,No,No,Month-to-month,Yes,Electronic check,87.62,1307.03,Yes
6454-TELCO,Female,0,No,No,8,Yes,No,Fiber optic,No,No,Yes,No,Yes,No,Month-to-month,No,Mailed check,83.68,673.07,Yes
6455-TELCO,Female,0,No,No,68,Yes,No,DSL,No internet service,Yes,Yes,No,Yes,No,Month-to-month,Yes,Mailed check,109.38,7437.7,No
6456-TELCO,Male,0,Yes,No,8,Yes,Yes,DSL,Yes,No,No internet service,No,Yes,No,One year,No,Bank transfer (automatic),32.4,264.97,No
6457-TELCO,Female,0,Yes,No,16,Yes,No,Fiber optic,No,No internet service,Yes,No,Yes,Yes,Month-to-month,Yes,Bank transfer (automatic),37.36,606.26,No
6458-TELCO,Male,0,Yes,Yes,48,Yes,Yes,DSL,No,Yes,No,No internet service,Yes,No internet service,One year,Yes,Bank transfer (automatic),66.6,3200.29,No
6459-TELCO,Female,0,No,No,34,Yes,Yes,DSL,Yes,No internet service,Yes,No internet service,No internet service,No,Month-to-month,Yes,Credit card (automatic),53.14,1815.0,No
6460-TELCO,Female,0,No,No,57,Yes,Yes,DSL,Yes,No,No,No,Yes,No internet service,Two year,Yes,Credit card (automatic),32.31,1832.22,No
6461-TELCO,Male,0,No,No,5,Yes,No,Fiber optic,No,Yes,No internet service,No,Yes,Yes,Month-to-month,No,Electronic check,33.63,168.9,Yes
6462-TELCO,Female,0,No,Yes,44,Yes,No phone service,Fiber optic,No,Yes,Yes,No,Yes,Yes,Month-to-month,Yes,Mailed check,90.11,3960.18,Yes
6463-TELCO,Female,0,No,No,71,Yes,Yes,No,No internet service,Yes,Yes,No,No internet service,Yes,Month-to-month,Yes,Mailed check,93.48,6631.01,No
6464-TELCO,Male,0,No,Yes,37,No,Yes,Fiber optic,No internet service,Yes,No,No,No,No internet service,Month-to-month,Yes,Bank transfer (automatic),107.87,3986.8,Yes
6465-TELCO,Female,0,No,No,28,Yes,Yes,DSL,No,Yes,Yes,No,Yes,No internet service,Two year,Yes,Electronic check,49.45,1390.99,No
6466-TELCO,Male,0,No,No,68,Yes,No,Fiber optic,No,Yes,No,No,No,No,Month-to-month,Yes,Electronic check,63.83,4343.04,No
6467-TELCO,Male,0,No,Yes,38,Yes,Yes,DSL,Yes,No,No,No internet service,No internet service,No,Two year,No,Electronic check,32.19,1228.76,Yes
6468-TELCO,Male,0,Yes,Yes,46,Yes,No,Fiber optic,No internet service,No,No,Yes,Yes,Yes,Two year,No,Credit card (automatic),30.7,1412.2,No
6469-TELCO,Female,0,No,No,26,No,Yes,DSL,No,No,No,No,No,No,Two year,Yes,Credit card (automatic),19.37,498.96,No
6470-TELCO,Male,0,Yes,Yes,53,Yes,No phone service,DSL,No,Yes,Yes,No,Yes,No,Two year,No,Electronic check,35.27,1868.67,No
6471-TELCO,Male,0,Yes,No,63,No,No,Fiber optic,No internet service,Yes,No,No,No internet service,Yes,Two year,No,Credit card (automatic),46.37,2915.61,No
6472-TELCO,Female,1,No,No,63,Yes,No,DSL,Yes,No,No,No,Yes,No,One year,Yes,Credit card (automatic),75.06,4738.61,No
6473-TELCO,Male,1,No,Yes,38,No,Yes,DSL,No,No,Yes,Yes,Yes,Yes,One year,Yes,Bank transfer (automatic),80.69,3071.68,No
6474-TELCO,Female,0,No,No,15,Yes,Yes,DSL,No,No,Yes,No internet service,No,No,Month-to-month,No,Electronic check,73.28,1090.45,No
6475-TELCO,Female,0,Yes,Yes,9,Yes,Yes,Fiber optic,Yes,No,No,No,No,Yes,One year,Yes,Electronic check,21.5,203.46,No
6476-TELCO,Female,0,No,No,22,Yes,No phone service,DSL,Yes,No internet service,No,No,No,No internet service,Month-to-month,No,Electronic check,70.59,1545.98,Yes
6477-TELCO,Female,0,Yes,No,70,Yes,No,Fiber optic,No,Yes,No,No internet service,No internet service,No,Two year,Yes,Electronic check,63.59,4454.46,No
6478-TELCO,Male,0,No,No,56,Yes,No,Fiber optic,No,No,No,No internet service,Yes,Yes,Two year,No,Credit card (automatic),95.78,5361.26,No
6479-TELCO,Male,1,Yes,No,37,No,No phone service,DSL,No,No,Yes,No,No internet service,Yes,Month-to-month,Yes,Electronic check,109.51,4052.74,No
6480-TELCO,Male,0,No,No,57,Yes,No,No,No internet service,Yes,No,No,No internet service,Yes,One year,Yes,Bank transfer (automatic),84.95,4846.44,No
6481-TELCO,Male,0,No,Yes,60,Yes,No,No,No,No,No internet service,No,No internet service,No,One year,No,Bank transfer (automatic),89.75,5381.05,No
6482-TELCO,Male,0,Yes,No,12,No,No,No,No,Yes,Yes,No,Yes,No,Month-to-month,Yes,Mailed check,57.26,679.17,Yes
6483-TELCO,Female,0,No,No,7,Yes,No,Fiber optic,Yes,No,No,Yes,Yes,No internet service,Month-to-month,No,Electronic check,77.72,547.18,No
6484-TELCO,Male,1,No,No,66,Yes,No,Fiber optic,Yes,Yes,Yes,No,No,No,Month-to-month,No,Mailed check,73.17,4819.73,No
6485-TELCO,Male,1,Yes,Yes,41,Yes,Yes,Fiber optic,No,No internet service,No,No internet service,Yes,No,One year,No,Electronic check,116.02,4751.32,No
6486-TELCO,Male,0,Yes,No,24,No,Yes,DSL,No,Yes,No,No,Yes,No,Month-to-month,Yes,Credit card (automatic),91.86,2194.81,No
6487-TELCO,Female,0,Yes,Yes,25,Yes,Yes,DSL,No,No,Yes,No internet service,Yes,No internet service,Month-to-month,No,Credit card (automatic),46.06,1156.21,Yes
6488-TELCO,Female,0,Yes,No,62,Yes,Yes,DSL,No,Yes,Yes,Yes,Yes,Yes,Month-to-month,Yes,Credit card (automatic),107.42,6667.69,No
6489-TELCO,Male,0,No,No,44,Yes,No,Fiber optic,Yes,Yes,No,Yes,Yes,No,Two year,Yes,Credit card (automatic),72.14,3170.65,Yes
6490-TELCO,Female,0,No,No,2,Yes,Yes,DSL,No,No,No,Yes,No internet service,No internet service,Two year,No,Bank transfer (automatic),34.2,64.7,No
6491-TELCO,Male,0,Yes,Yes,42,Yes,Yes,Fiber optic,No,No,No,No internet service,No,Yes,One year,Yes,Mailed check,102.03,4277.21,Yes
6492-TELCO,Male,0,Yes,No,33,Yes,No,DSL,Yes,No,No,Yes,No,Yes,One year,Yes,Mailed check,71.23,2341.44,No
6493-TELCO,Female,0,No,Yes,17,Yes,Yes,Fiber optic,No internet service,No,Yes,No,No internet service,No,Two year,Yes,Electronic check,26.21,440.28,No
6494-TELCO,Female,0,Yes,No,63,Yes,No,Fiber optic,No,No internet service,Yes,No,No,No,Month-to-month,No,Bank transfer (automatic),57.54,3632.21,No
6495-TELCO,Male,0,Yes,Yes,22,Yes,No phone service,DSL,Yes,Yes,Yes,No,No,Yes,Month-to-month,Yes,Credit card (automatic),67.26,1481.76,No
6496-TELCO,Male,1,Yes,No,1,Yes,Yes,DSL,No,Yes,No,No,Yes,No,Month-to-month,No,Bank transfer (automatic),46.08,36.31,No
6497-TELCO,Female,1,No,No,70,Yes,Yes,DSL,No internet service,No internet service,No,No,No internet service,No,Month-to-month,Yes,Credit card (automatic),47.74,3343.99,No
6498-TELCO,Male,1,No,No,54,Yes,No,DSL,No,No internet service,No,Yes,No,No,Month-to-month,Yes,Credit card (automatic),31.34,1683.37,No
6499-TELCO,Female,0,No,Yes,14,Yes,No,Fiber optic,No,No,No,No,No,Yes,One year,Yes,Bank transfer (automatic),89.66,1253.61,No
6500-TELCO,Male,0,Yes,No,53,Yes,No,No,No,Yes,No,Yes,No,Yes,One year,Yes,Bank transfer (automatic),23.62,1260.55,No
6501-TELCO,Female,0,No,No,6,Yes,No,Fiber optic,No,Yes,Yes,Yes,No,No,Month-to-month,Yes,Electronic check,46.64,282.39,No
6502-TELCO,Male,0,No,No,64,Yes,Yes,No,No,No,No,Yes,Yes,No,Month-to-month,Yes,Electronic check,39.51,2530.88,No
6503-TELCO,Male,0,No,Yes,33,Yes,Yes,No,No,No,No internet service,Yes,No,No,Month-to-month,Yes,Credit card (automatic),63.33,2093.38,Yes
6504-TELCO,Female,0,Yes,No,72,Yes,Yes,Fiber optic,No,Yes,No,No,Yes,Yes,Month-to-month,No,Bank transfer (automatic),97.23,6993.34,No
6505-TELCO,Male,0,No,No,44,Yes,No,DSL,Yes,No,No,No internet service,Yes,Yes,Month-to-month,No,Credit card (automatic),48.28,2116.19,Yes
6506-TELCO,Male,1,No,No,34,Yes,No,No,Yes,Yes,Yes,No,No,Yes,Month-to-month,Yes,Electronic check,105.99,3601.11,No
6507-TELCO,Female,0,Yes,No,34,No,No,Fiber optic,No internet service,No internet service,No,No,No,No,Month-to-month,No,Bank transfer (automatic),105.4,3577.39,Yes
6508-TELCO,Male,0,Yes,No,24,Yes,No,No,No internet service,No,No,Yes,No,No internet service,Month-to-month,Yes,Electronic check,59.22,1411.74,No
6509-TELCO,Male,0,No,No,2,Yes,No phone service,Fiber optic,No internet service,No internet service,No,No internet service,No internet service,Yes,One year,No,Mailed check,101.58,199.96,Yes
6510-TELCO,Male,0,No,Yes,8,Yes,Yes,Fiber optic,No,No,Yes,No internet service,No internet service,No internet service,Month-to-month,Yes,Mailed check,48.36,386.82,Yes
6511-TELCO,Female,1,No,No,25,Yes,No,No,Yes,No,Yes,No internet service,No,Yes,Month-to-month,Yes,Electronic check,44.24,1097.01,Yes
6512-TELCO,Female,0,No,No,32,No,No,Fiber optic,No,Yes,No,No,Yes,No,Month-to-month,No,Credit card (automatic),105.63,3389.6,No
6513-TELCO,Female,1,No,Yes,56,Yes,No phone service,Fiber optic,No,No,No internet service,No,No,No internet service,Month-to-month,Yes,Electronic check,85.99,4820.74,No
6514-TELCO,Male,0,Yes,No,7,Yes,No,Fiber optic,No,Yes,No internet service,No,Yes,No internet service,One year,No,Credit card (automatic),42.77,304.14,No
6515-TELCO,Male,0,Yes,No,48,Yes,Yes,No,No internet service,No internet service,No,No,No internet service,No,Month-to-month,No,Bank transfer (automatic),20.83,1007.44,No
6516-TELCO,Male,0,No,Yes,54,No,No,Fiber optic,No,Yes,No,Yes,No internet service,Yes,Month-to-month,Yes,Electronic check,93.58,5055.13,No
6517-TELCO,Male,0,Yes,Yes,63,Yes,Yes,Fiber optic,No,No internet service,Yes,Yes,No internet service,Yes,One year,Yes,Bank transfer (automatic),49.56,3121.04,No
6518-TELCO,Female,0,Yes,No,2,Yes,Yes,Fiber optic,No internet service,Yes,Yes,No internet service,No,Yes,Month-to-month,Yes,Credit card (automatic),28.05,55.79,Yes
6519-TELCO,Male,0,No,Yes,35,Yes,Yes,Fiber optic,No internet service,Yes,Yes,No,No,No,Month-to-month,Yes,Credit card (automatic),47.24,1647.34,No
6520-TELCO,Male,0,No,Yes,22,Yes,No phone service,DSL,No,Yes,No,Yes,No,Yes,One year,Yes,Electronic check,61.81,1357.42,Yes
6521-TELCO,Male,0,Yes,No,64,Yes,No,DSL,Yes,No,Yes,No internet service,Yes,No,Two year,No,Electronic check,40.19,2578.11,No
6522-TELCO,Female,0,Yes,No,59,Yes,No,DSL,No internet service,No,No,Yes,No internet service,No,Month-to-month,Yes,Electronic check,24.29,1433.15,No
6523-TELCO,Male,1,Yes,No,49,Yes,Yes,No,Yes,Yes,No,No,Yes,No,Month-to-month,No,Bank transfer (automatic),51.75,2529.42,No
6524-TELCO,Male,0,Yes,No,52,Yes,Yes,DSL,No,Yes,No internet service,No,No internet service,No,Month-to-month,Yes,Electronic check,68.65,3577.05,No
6525-TELCO,Male,0,No,No,21,Yes,No,Fiber optic,No internet service,No,No internet service,Yes,No internet service,Yes,Month-to-month,Yes,Bank transfer (automatic),98.15,2064.15,No
6526-TELCO,Male,0,Yes,No,12,Yes,No,No,Yes,Yes,No internet service,No,Yes,No internet service,Month-to-month,No,Electronic check,96.89,1164.65,Yes
6527-TELCO,Male,1,No,No,11,Yes,No,DSL,No,No internet service,No,Yes,No,Yes,Two year,No,Bank transfer (automatic),34.39,387.68,No
6528-TELCO,Female,1,No,Yes,54,Yes,No,DSL,No,No,No internet service,Yes,No internet service,No,Month-to-month,Yes,Mailed check,65.4,3540.1,No
6529-TELCO,Male,0,No,Yes,70,Yes,Yes,No,No,Yes,No,Yes,No internet service,No internet service,Month-to-month,Yes,Credit card (automatic),105.31,7364.63,No
6530-TELCO,Male,0,Yes,No,14,Yes,No,Fiber optic,No internet service,Yes,Yes,Yes,No internet service,No,One year,Yes,Mailed check,23.35,331.75,No
6531-TELCO,Male,0,No,No,33,Yes,No,DSL,No internet service,Yes,No,No internet service,No internet service,No,Month-to-month,Yes,Electronic check,67.01,2219.4,No
6532-TELCO,Male,1,Yes,Yes,26,Yes,No phone service,No,No,No,No internet service,No,No internet service,No,One year,Yes,Bank transfer (automatic),68.72,1793.95,Yes
6533-TELCO,Male,1,Yes,Yes,14,Yes,No phone service,No,Yes,No internet service,No,No,No internet service,No internet service,One year,Yes,Electronic check,101.61,1430.32,Yes
6534-TELCO,Male,1,No,No,48,Yes,No,No,No internet service,No internet service,Yes,Yes,No,No internet service,Month-to-month,No,Electronic check,68.22,3280.69,No
6535-TELCO,Male,0,No,Yes,65,Yes,No,DSL,No,No internet service,Yes,No internet service,Yes,No internet service,One year,Yes,Credit card (automatic),28.42,1857.08,No
6536-TELCO,Male,0,No,No,46,Yes,No,Fiber optic,Yes,Yes,Yes,No,No,Yes,Two year,No,Bank transfer (automatic),87.58,4024.13,No
6537-TELCO,Male,1,Yes,Yes,55,Yes,Yes,Fiber optic,No,No internet service,Yes,Yes,Yes,Yes,One year,Yes,Electronic check,75.36,4137.98,No
6538-TELCO,Male,0,Yes,Yes,68,Yes,No phone service,Fiber optic,Yes,Yes,No internet service,No,No,No,One year,No,Credit card (automatic),65.19,4424.44,No
6539-TELCO,Female,0,No,No,12,Yes,No,DSL,Yes,No internet service,No,Yes,No,No internet service,One year,No,Electronic check,47.13,572.03,No
6540-TELCO,Female,0,No,No,54,Yes,Yes,DSL,No,Yes,No,Yes,No internet service,No,One year,No,Bank transfer (automatic),25.95,1400.35,Yes
6541-TELCO,Female,1,No,No,64,No,No,Fiber optic,No,Yes,Yes,No,Yes,Yes,Month-to-month,No,Electronic check,110.52,7068.44,No
6542-TELCO,Female,0,No,No,47,Yes,No,Fiber optic,No,No,No internet service,Yes,No,No internet service,Two year,No,Mailed check,102.86,4837.96,No
6543-TELCO,Male,0,Yes,No,37,Yes,No,DSL,No,Yes,No internet service,Yes,No internet service,No,Two year,No,Electronic check,112.7,4159.92,No
6544-TELCO,Female,0,No,No,41,Yes,No,Fiber optic,No internet service,No,Yes,No,No,No,One year,No,Mailed check,112.79,4618.32,No
6545-TELCO,Female,0,Yes,No,27,Yes,No,Fiber optic,No,No,No,Yes,No,Yes,Two year,No,Electronic check,35.69,961.2,No
6546-TELCO,Male,0,No,No,42,Yes,No,DSL,No,No,No internet service,Yes,No internet service,Yes,One year,Yes,Mailed check,50.56,2117.76,No
6547-TELCO,Female,0,No,Yes,68,Yes,No,Fiber optic,No,No,No,No,Yes,No,Month-to-month,No,Electronic check,66.25,4501.85,No
6548-TELCO,Female,0,No,No,29,Yes,Yes,Fiber optic,No,Yes,No,Yes,Yes,No,Month-to-month,Yes,Credit card (automatic),59.1,1707.21,No
6549-TELCO,Male,0,No,No,36,Yes,No,Fiber optic,No,Yes,No,No internet service,No,Yes,One year,No,Credit card (automatic),115.13,4134.76,No
6550-TELCO,Male,1,Yes,Yes,57,Yes,Yes,DSL,No,No,Yes,No,Yes,Yes,Two year,No,Electronic check,47.86,2727.95,No
6551-TELCO,Male,0,No,Yes,12,Yes,Yes,DSL,Yes,No,Yes,Yes,No,No,One year,Yes,Credit card (automatic),30.42,356.45,Yes
6552-TELCO,Female,0,Yes,No,45,Yes,Yes,Fiber optic,No,No,No,Yes,No internet service,No,Month-to-month,Yes,Credit card (automatic),64.94,2926.71,No
6553-TELCO,Female,1,Yes,No,20,Yes,Yes,No,Yes,No internet service,No internet service,No internet service,No,No internet service,Month-to-month,No,Bank transfer (automatic),69.38,1378.83,Yes
6554-TELCO,Male,0,Yes,Yes,45,Yes,No phone service,DSL,No,No,No,No,No internet service,No internet service,One year,Yes,Mailed check,59.33,2675.18,No
6555-TELCO,Male,0,No,Yes,23,Yes,No,Fiber optic,Yes,Yes,Yes,No,Yes,Yes,One year,Yes,Credit card (automatic),97.44,2232.35,No
6556-TELCO,Female,0,Yes,No,62,Yes,Yes,DSL,No,No,No,No,Yes,Yes,Two year,No,Credit card (automatic),67.9,4219.26,No
6557-TELCO,Male,0,Yes,No,34,Yes,No phone service,DSL,No,No internet service,No,No,No,No internet service,Month-to-month,Yes,Mailed check,48.97,1662.21,No
6558-TELCO,Female,0,No,Yes,21,Yes,No,DSL,No internet service,No,Yes,Yes,Yes,Yes,Two year,No,Bank transfer (automatic),67.13,1405.73,Yes
6559-TELCO,Male,0,No,No,51,Yes,No phone service,No,No,No,Yes,No,No,Yes,Month-to-month,Yes,Credit card (automatic),108.66,5537.77,Yes
6560-TELCO,Male,0,Yes,Yes,9,Yes,No,DSL,Yes,No,No,No,No internet service,No,Month-to-month,Yes,Credit card (automatic),104.85,938.48,No
6561-TELCO,Female,0,Yes,No,10,Yes,No,DSL,No internet service,No,Yes,No,No,No,Month-to-month,No,Credit card (automatic),84.1,834.54,No
6562-TELCO,Male,0,No,No,52,Yes,No,Fiber optic,No,Yes,No,Yes,Yes,No,Two year,No,Credit card (automatic),83.66,4356.91,No
6563-TELCO,Male,0,No,No,45,Yes,Yes,DSL,Yes,Yes,Yes,Yes,Yes,Yes,Month-to-month,Yes,Mailed check,78.8,3545.23,Yes
6564-TELCO,Male,0,Yes,No,52,Yes,No,DSL,No,No,No,No internet service,No,No,Month-to-month,No,Credit card (automatic),41.28,2138.56,No
6565-TELCO,Female,0,No,Yes,30,Yes,Yes,DSL,Yes,No,No,No,No,No,Month-to-month,Yes,Electronic check,80.12,2409.98,No
6566-TELCO,Male,0,No,No,64,Yes,No phone service,No,No,No internet service,No,Yes,Yes,No,One year,No,Electronic check,78.58,5036.34,No
6567-TELCO,Male,0,No,Yes,2,Yes,No,DSL,No internet service,Yes,Yes,Yes,No,Yes,Month-to-month,No,Electronic check,75.42,159.31,Yes
6568-TELCO,Male,0,No,No,49,Yes,No,No,No,Yes,Yes,No,Yes,Yes,Month-to-month,Yes,Mailed check,99.18,4850.75,Yes
6569-TELCO,Male,0,No,No,45,Yes,Yes,DSL,No,Yes,Yes,No,No,No,Month-to-month,Yes,Bank transfer (automatic),22.82,1026.38,Yes
6570-TELCO,Male,1,No,No,17,Yes,Yes,DSL,Yes,No,Yes,No,Yes,Yes,One year,No,Electronic check,64.19,1093.32,Yes
6571-TELCO,Male,1,Yes,No,28,Yes,No,No,No,No,Yes,No internet service,Yes,Yes,Two year,Yes,Mailed check,23.63,668.49,No
6572-TELCO,Female,0,No,Yes,45,No,No phone service,Fiber optic,No internet service,No,Yes,No,Yes,No,One year,Yes,Bank transfer (automatic),98.23,4422.75,No
6573-TELCO,Female,0,No,No,17,Yes,Yes,Fiber optic,No,Yes,No,Yes,No,No,Two year,Yes,Electronic check,41.67,707.55,No
6574-TELCO,Male,0,Yes,Yes,59,Yes,Yes,Fiber optic,No,No,No,Yes,Yes,Yes,Two year,No,Electronic check,54.99,3249.68,No
6575-TELCO,Female,1,No,No,14,No,No,DSL,No,No,Yes,No internet service,No,No,Month-to-month,No,Electronic check,51.21,716.21,No
6576-TELCO,Female,0,Yes,Yes,10,Yes,No,Fiber optic,Yes,No,Yes,No internet service,No,Yes,Two year,Yes,Bank transfer (automatic),112.43,1120.01,No
6577-TELCO,Male,0,Yes,Yes,18,Yes,Yes,Fiber optic,No internet service,No,Yes,Yes,No internet service,Yes,Month-to-month,No,Credit card (automatic),52.32,943.43,No
6578-TELCO,Female,0,Yes,Yes,35,No,No phone service,DSL,Yes,Yes,Yes,Yes,Yes,No internet service,Month-to-month,Yes,Mailed check,23.45,820.97,No
6579-TELCO,Female,0,No,No,48,Yes,No phone service,No,No,No internet service,Yes,No internet service,No internet service,No,Month-to-month,Yes,Mailed check,22.03,1057.2,No
6580-TELCO,Female,1,No,Yes,58,Yes,No,Fiber optic,No internet service,No,Yes,Yes,Yes,No internet service,One year,Yes,Electronic check,39.99,2313.25,No
6581-TELCO,Female,0,Yes,No,18,Yes,Yes,DSL,No,No internet service,No,Yes,No,Yes,One year,Yes,Credit card (automatic),27.25,497.41,No
6582-TELCO,Female,0,No,Yes,52,Yes,No,DSL,No internet service,No,No internet service,No internet service,No,No,Month-to-month,No,Credit card (automatic),98.03,5088.7,No
6583-TELCO,Female,0,Yes,Yes,30,Yes,Yes,No,No,Yes,No,No internet service,No,Yes,Two year,Yes,Mailed check,86.04,2572.27,No
6584-TELCO,Female,0,No,No,37,Yes,Yes,Fiber optic,No,Yes,Yes,No,No internet service,Yes,Month-to-month,No,Credit card (automatic),96.21,3552.57,Yes
6585-TELCO,Female,0,No,No,40,Yes,No,Fiber optic,No internet service,No,No,Yes,Yes,Yes,Two year,No,Mailed check,71.76,2862.64,No
6586-TELCO,Male,0,No,Yes,6,Yes,No,No,No internet service,No,No,No internet service,No,No internet service,Two year,No,Mailed check,65.84,402.69,Yes
6587-TELCO,Male,0,No,Yes,35,Yes,Yes,Fiber optic,No,No,No internet service,No,No,No internet service,One year,No,Bank transfer (automatic),54.63,1917.86,No
6588-TELCO,Female,0,Yes,No,26,Yes,No,Fiber optic,No,Yes,No,Yes,No,No,One year,Yes,Electronic check,100.0,2595.69,No
6589-TELCO,Female,0,No,No,30,Yes,No,DSL,No,Yes,No,No,Yes,No internet service,Two year,Yes,Credit card (automatic),18.43,548.21,No
6590-TELCO,Male,0,No,No,24,Yes,Yes,Fiber optic,Yes,Yes,Yes,No internet service,Yes,Yes,Month-to-month,Yes,Electronic check,70.06,1679.55,No
6591-TELCO,Female,0,Yes,Yes,55,Yes,Yes,Fiber optic,Yes,No internet service,No,Yes,No,No,One year,No,Credit card (automatic),55.81,3069.98,No
6592-TELCO,Female,0,No,No,9,Yes,No,No,Yes,Yes,Yes,No,Yes,No,Month-to-month,Yes,Credit card (automatic),33.74,300.27,No
6593-TELCO,Male,0,No,Yes,62,Yes,No,DSL,No internet service,No,No,No,No internet service,No,Month-to-month,Yes,Mailed check,89.79,5575.09,Yes
6594-TELCO,Male,1,Yes,No,18,Yes,No phone service,DSL,No,No,No internet service,No internet service,No,Yes,Month-to-month,Yes,Bank transfer (automatic),45.2,804.57,Yes
6595-TELCO,Male,0,No,No,51,No,Yes,DSL,No internet service,No,No,No,No,Yes,One year,No,Mailed check,60.23,3080.96,No
6596-TELCO,Female,0,No,No,19,Yes,Yes,Fiber optic,No,No internet service,No internet service,No internet service,Yes,No,Month-to-month,Yes,Bank transfer (automatic),47.38,901.61,No
6597-TELCO,Female,0,No,No,69,No,No,DSL,No,Yes,No,No,Yes,No internet service,One year,No,Electronic check,79.51,5495.09,Yes
6598-TELCO,Male,0,Yes,No,33,Yes,Yes,No,Yes,Yes,No,No,Yes,Yes,Month-to-month,No,Bank transfer (automatic),19.34,642.13,No
6599-TELCO,Male,0,Yes,Yes,38,Yes,Yes,No,No,Yes,No,Yes,No,No,Month-to-month,No,Mailed check,84.15,3190.73,Yes
6600-TELCO,Female,0,Yes,Yes,13,Yes,No,Fiber optic,No internet service,No,No,No internet service,No,Yes,One year,Yes,Electronic check,59.77,780.88,No
6601-TELCO,Male,1,No,No,49,Yes,Yes,DSL,No internet service,No,No,No,Yes,Yes,Month-to-month,No,Credit card (automatic),90.03,4420.84,No
6602-TELCO,Female,0,No,No,53,Yes,No,Fiber optic,No,No,Yes,No,No internet service,Yes,Two year,Yes,Credit card (automatic),102.56,5435.68,No
6603-TELCO,Female,1,No,Yes,1,Yes,Yes,No,No,No internet service,Yes,No,Yes,No,Month-to-month,No,Electronic check,69.93,77.49,Yes
6604-TELCO,Male,0,Yes,No,12,No,No,DSL,No,No internet service,Yes,No,Yes,No,Month-to-month,No,Credit card (automatic),105.61,1277.12,No
6605-TELCO,Male,0,Yes,No,24,Yes,Yes,Fiber optic,Yes,No internet service,No,No,No,No internet service,Two year,No,Bank transfer (automatic),31.65,756.37,No
6606-TELCO,Female,0,No,No,1,Yes,No,Fiber optic,No,No,No,No,Yes,No,Month-to-month,Yes,Electronic check,21.72,19.97,Yes
6607-TELCO,Male,0,No,No,68,Yes,No phone service,No,No,Yes,No,No,Yes,No,Two year,Yes,Mailed check,107.24,7287.82,No
6608-TELCO,Male,0,No,No,7,Yes,No,DSL,No,Yes,Yes,Yes,No,Yes,Month-to-month,No,Mailed check,30.09,219.13,Yes
6609-TELCO,Male,0,No,Yes,69,Yes,Yes,DSL,No internet service,No,No,No,No internet service,Yes,One year,No,Electronic check,36.45,2517.58,No
6610-TELCO,Male,0,No,No,39,Yes,No,Fiber optic,No,No,Yes,No,Yes,No,Month-to-month,No,Mailed check,30.43,1191.91,No
6611-TELCO,Female,0,No,No,32,Yes,Yes,DSL,Yes,No,No,No internet service,Yes,No,Month-to-month,Yes,Mailed check,35.47,1129.02,No
6612-TELCO,Female,0,No,Yes,49,Yes,No,Fiber optic,No internet service,No,No,No,No internet service,Yes,Two year,No,Mailed check,108.61,5320.48,No
6613-TELCO,Female,0,Yes,No,31,Yes,Yes,DSL,No,No internet service,No,No,No,Yes,Month-to-month,Yes,Electronic check,103.47,3210.31,Yes
6614-TELCO,Female,0,No,No,3,Yes,No,Fiber optic,Yes,No,Yes,No,Yes,No,One year,No,Bank transfer (automatic),44.93,139.51,No
6615-TELCO,Male,0,No,Yes,47,Yes,No,Fiber optic,No internet service,Yes,No,No,Yes,Yes,Month-to-month,Yes,Electronic check,89.07,4189.43,Yes
6616-TELCO,Male,0,Yes,Yes,15,Yes,No,Fiber optic,No,Yes,No,No internet service,No,No,One year,No,Electronic check,97.48,1466.39,No
6617-TELCO,Female,0,Yes,Yes,51,Yes,No,No,No,No,No internet service,No,Yes,No internet service,Month-to-month,Yes,Mailed check,33.82,1727.14,No
6618-TELCO,Female,0,Yes,No,21,No,Yes,No,No internet service,No,No,No,No,No internet service,Two year,Yes,Bank transfer (automatic),41.18,858.66,No
6619-TELCO,Male,0,No,No,41,Yes,Yes,Fiber optic,Yes,Yes,No,No,No,Yes,Month-to-month,Yes,Credit card (automatic),66.27,2717.99,No
6620-TELCO,Female,0,Yes,No,3,Yes,No,Fiber optic,No internet service,Yes,No internet service,No,No,Yes,Month-to-month,Yes,Credit card (automatic),82.23,254.58,Yes
6621-TELCO,Female,0,Yes,No,1,Yes,Yes,Fiber optic,No,No internet service,Yes,No,Yes,Yes,Month-to-month,Yes,Credit card (automatic),60.54,52.96,Yes
6622-TELCO,Male,0,No,No,21,Yes,No,DSL,Yes,No,No,No,No,Yes,Month-to-month,Yes,Electronic check,96.92,2030.05,No
6623-TELCO,Female,1,Yes,No,21,Yes,No,Fiber optic,No,Yes,Yes,Yes,No internet service,Yes,Month-to-month,No,Mailed check,117.78,2472.19,Yes
6624-TELCO,Male,0,No,No,49,Yes,No,DSL,No internet service,Yes,No internet service,No internet service,Yes,Yes,Month-to-month,Yes,Mailed check,105.16,5144.31,Yes
6625-TELCO,Male,0,No,Yes,65,Yes,No,DSL,No internet service,No internet service,No,No internet service,Yes,Yes,Month-to-month,No,Mailed check,103.83,6746.53,No
6626-TELCO,Female,0,No,No,41,Yes,Yes,Fiber optic,No,No internet service,No,No internet service,No internet service,No,One year,Yes,Electronic check,38.51,1577.25,No
6627-TELCO,Male,0,Yes,No,67,Yes,Yes,Fiber optic,Yes,No,Yes,No,Yes,No,Month-to-month,Yes,Credit card (automatic),109.15,7319.49,No
6628-TELCO,Female,1,Yes,Yes,42,No,No,DSL,Yes,No,No,No,No internet service,No,Month-to-month,No,Mailed check,117.84,4958.99,Yes
6629-TELCO,Male,0,Yes,No,69,Yes,No,Fiber optic,No,No internet service,Yes,No internet service,No internet service,No,One year,No,Mailed check,75.11,5176.39,No
6630-TELCO,Female,0,No,No,57,Yes,Yes,No,No,Yes,No,No,No,Yes,Month-to-month,Yes,Mailed check,94.64,5388.65,No
6631-TELCO,Female,1,No,No,43,Yes,No,Fiber optic,No internet service,No,Yes,No internet service,No,No,Month-to-month,Yes,Mailed check,78.48,3382.87,No
6632-TELCO,Female,0,Yes,No,12,Yes,No,Fiber optic,No,Yes,Yes,Yes,Yes,No internet service,One year,Yes,Bank transfer (automatic),117.95,1423.2,No
6633-TELCO,Male,0,No,Yes,64,Yes,No,DSL,No,No,Yes,No internet service,No,No,One year,Yes,Credit card (automatic),79.02,5066.53,No
6634-TELCO,Male,0,Yes,No,51,Yes,Yes,No,Yes,No,Yes,No,No internet service,Yes,One year,Yes,Credit card (automatic),65.89,3367.21,No
6635-TELCO,Female,0,No,Yes,60,Yes,Yes,DSL,Yes,No internet service,No,No,Yes,No,Month-to-month,Yes,Credit card (automatic),33.91,2035.53,No
6636-TELCO,Male,0,No,Yes,71,Yes,Yes,No,Yes,No,Yes,Yes,No,No internet service,Month-to-month,Yes,Mailed check,103.07,7319.5,No
6637-TELCO,Female,0,No,No,28,No,No,No,No,No internet service,Yes,No internet service,No internet service,No internet service,Two year,No,Electronic check,38.6,1079.35,No
6638-TELCO,Female,0,No,No,71,Yes,Yes,Fiber optic,Yes,No,No internet service,Yes,No internet service,Yes,One year,No,Electronic check,86.38,6123.19,No
6639-TELCO,Male,0,No,No,14,Yes,No phone service,No,No internet service,Yes,Yes,No,No internet service,Yes,Two year,No,Electronic check,42.86,599.94,No
6640-TELCO,Female,0,No,No,32,Yes,Yes,Fiber optic,No,No internet service,No,No,No,No internet service,Month-to-month,No,Bank transfer (automatic),88.44,2837.66,No
6641-TELCO,Male,0,No,No,8,Yes,No,No,No internet service,No,Yes,Yes,Yes,Yes,One year,No,Mailed check,22.88,175.22,Yes
6642-TELCO,Female,0,No,No,27,Yes,No,Fiber optic,No,No,No internet service,No,No,Yes,Month-to-month,No,Bank transfer (automatic),35.86,962.4,Yes
6643-TELCO,Male,1,No,No,50,No,Yes,DSL,No,Yes,No,No internet service,No,No,Two year,No,Mailed check,90.56,4521.48,No
6644-TELCO,Female,0,No,Yes,59,No,Yes,DSL,No,No,No,Yes,Yes,No,Month-to-month,No,Credit card (automatic),77.64,4571.0,No
6645-TELCO,Female,0,No,Yes,57,Yes,Yes,Fiber optic,No internet service,Yes,No,No,No internet service,No internet service,Month-to-month,No,Bank transfer (automatic),74.13,4218.19,Yes
6646-TELCO,Male,0,No,No,3,Yes,No,No,No internet service,Yes,No internet service,No,No internet service,No,Two year,Yes,Credit card (automatic),27.67,82.08,No
6647-TELCO,Female,0,No,No,27,No,Yes,No,No,Yes,No,No,No,No,Month-to-month,Yes,Electronic check,104.85,2837.05,Yes
6648-TELCO,Female,0,Yes,Yes,34,Yes,Yes,No,No,No,No,No internet service,Yes,Yes,One year,Yes,Mailed check,82.01,2779.14,No
6649-TELCO,Male,1,Yes,Yes,26,Yes,Yes,DSL,Yes,No internet service,No,No,No,No internet service,Month-to-month,No,Mailed check,76.33,1983.0,No
6650-TELCO,Female,0,Yes,Yes,40,Yes,Yes,Fiber optic,No,No,No internet service,No internet service,Yes,No,Month-to-month,Yes,Mailed check,114.76,4597.29,Yes
6651-TELCO,Male,1,No,No,32,Yes,No,Fiber optic,No internet service,Yes,Yes,No,Yes,No,Month-to-month,Yes,Mailed check,73.65,2365.31,No
6652-TELCO,Female,0,Yes,Yes,41,No,No,Fiber optic,Yes,No internet service,Yes,Yes,No,No,Month-to-month,Yes,Credit card (automatic),99.41,4067.35,Yes
6653-TELCO,Male,0,No,Yes,2,Yes,Yes,DSL,No,No,No,No,No internet service,No,One year,No,Bank transfer (automatic),39.83,82.93,Yes
6654-TELCO,Female,0,No,No,72,Yes,No,Fiber optic,No,Yes,No internet service,No internet service,Yes,No,Month-to-month,No,Electronic check,51.36,3701.73,No
6655-TELCO,Female,0,No,No,7,Yes,No phone service,Fiber optic,No internet service,Yes,Yes,No,No internet service,Yes,Month-to-month,Yes,Bank transfer (automatic),84.61,601.64,Yes
6656-TELCO,Female,0,Yes,No,19,No,No,Fiber optic,Yes,No internet service,Yes,Yes,Yes,No,Two year,Yes,Electronic check,81.56,1540.27,No
6657-TELCO,Male,0,No,No,33,Yes,Yes,Fiber optic,Yes,No,Yes,No,No,No internet service,Month-to-month,Yes,Mailed check,26.93,894.73,Yes
6658-TELCO,Male,0,No,Yes,2,Yes,No,Fiber optic,Yes,Yes,Yes,Yes,No internet service,No,Month-to-month,Yes,Credit card (automatic),23.73,49.76,Yes
6659-TELCO,Male,1,No,No,67,Yes,No,DSL,Yes,Yes,Yes,No,No,No internet service,Two year,Yes,Electronic check,39.72,2652.66,No
6660-TELCO,Male,0,Yes,No,15,Yes,No,No,No,Yes,No internet service,Yes,No,No,Month-to-month,Yes,Credit card (automatic),71.9,1075.3,Yes
6661-TELCO,Female,0,No,No,21,Yes,No,DSL,Yes,No internet service,Yes,No,Yes,No,Two year,No,Electronic check,95.96,2016.15,No
6662-TELCO,Female,0,No,No,59,Yes,No phone service,Fiber optic,No,No internet service,No,No internet service,Yes,No internet service,Month-to-month,Yes,Electronic check,57.34,3374.12,No
6663-TELCO,Male,0,No,No,39,Yes,No,DSL,No internet service,No,Yes,Yes,Yes,No,Two year,Yes,Mailed check,43.56,1702.95,No
6664-TELCO,Male,0,No,Yes,20,Yes,Yes,Fiber optic,Yes,Yes,No internet service,No internet service,No,Yes,Two year,No,Credit card (automatic),77.65,1560.48,No
6665-TELCO,Male,1,No,No,1,Yes,No phone service,No,Yes,No,No,Yes,No,No,Two year,Yes,Electronic check,28.19,29.15,Yes
6666-TELCO,Female,0,No,Yes,9,Yes,Yes,DSL,No internet service,No internet service,No,No,No internet service,Yes,Month-to-month,No,Electronic check,35.49,323.03,Yes
6667-TELCO,Male,0,No,No,51,Yes,Yes,No,No,No internet service,No,Yes,Yes,Yes,One year,No,Mailed check,63.76,3254.35,No
6668-TELCO,Male,0,No,No,38,Yes,No,DSL,Yes,No internet service,No internet service,Yes,No,Yes,Two year,No,Bank transfer (automatic),115.4,4376.36,No
6669-TELCO,Female,0,No,No,15,Yes,No,DSL,No,No,No,No,No,Yes,Month-to-month,Yes,Bank transfer (automatic),51.05,762.16,No
6670-TELCO,Female,0,Yes,No,41,Yes,Yes,No,No internet service,No,No internet service,No,No,No internet service,Month-to-month,No,Electronic check,103.78,4261.81,No
6671-TELCO,Male,0,Yes,No,47,Yes,No,Fiber optic,Yes,No internet service,Yes,No,Yes,No,Month-to-month,Yes,Mailed check,116.38,5475.56,No
6672-TELCO,Female,0,Yes,No,26,Yes,No,DSL,No,No internet service,No,Yes,Yes,No,One year,Yes,Electronic check,100.91,2620.52,Yes
6673-TELCO,Male,0,Yes,No,54,Yes,No,No,Yes,Yes,Yes,No,No,No internet service,Month-to-month,Yes,Mailed check,62.66,3384.06,No
6674-TELCO,Female,0,Yes,No,70,Yes,No,Fiber optic,No,No,Yes,Yes,Yes,Yes,One year,Yes,Credit card (automatic),99.77,6992.49,No
6675-TELCO,Male,0,Yes,No,39,Yes,No,DSL,No internet service,No internet service,No,No,Yes,Yes,Month-to-month,Yes,Credit card (automatic),22.76,897.24,Yes
6676-TELCO,Male,0,No,No,17,Yes,No,No,Yes,No internet service,No internet service,No,No internet service,No internet service,Month-to-month,Yes,Credit card (automatic),105.1,1792.79,No
6677-TELCO,Male,0,Yes,No,70,Yes,No,Fiber optic,No,No,Yes,No internet service,No internet service,No,One year,Yes,Mailed check,67.45,4717.04,No
6678-TELCO,Male,0,Yes,No,9,Yes,Yes,DSL,No,No,No,No,Yes,No,Month-to-month,Yes,Bank transfer (automatic),63.5,563.5,Yes
6679-TELCO,Female,0,No,No,46,Yes,Yes,No,No,No,No internet service,Yes,No,No,One year,Yes,Credit card (automatic),91.88,4234.41,No
6680-TELCO,Female,0,No,No,6,Yes,No,Fiber optic,Yes,No,Yes,No internet service,No,Yes,Two year,Yes,Mailed check,111.83,674.2,No
6681-TELCO,Female,0,No,No,68,Yes,No,Fiber optic,No,Yes,Yes,Yes,No,No,One year,Yes,Mailed check,43.82,2986.48,No
6682-TELCO,Female,0,No,No,16,Yes,Yes,No,No,Yes,No,No,Yes,No,Month-to-month,No,Bank transfer (automatic),60.82,964.66,No
6683-TELCO,Male,0,Yes,No,29,Yes,No,No,Yes,No,Yes,Yes,No,Yes,Two year,No,Mailed check,83.65,2427.11,No
6684-TELCO,Male,0,Yes,Yes,41,Yes,No,DSL,No,No,No,No,No,No internet service,Month-to-month,No,Bank transfer (automatic),79.2,3254.68,No
6685-TELCO,Female,0,Yes,No,68,Yes,Yes,No,No internet service,No,Yes,No,No,Yes,Month-to-month,No,Mailed check,41.85,2837.03,No
6686-TELCO,Female,0,Yes,No,62,Yes,Yes,Fiber optic,Yes,Yes,Yes,No,No internet service,Yes,Month-to-month,Yes,Bank transfer (automatic),20.05,1251.73,No
6687-TELCO,Female,1,Yes,Yes,40,Yes,Yes,Fiber optic,No,No,No,No,Yes,Yes,Month-to-month,Yes,Credit card (automatic),34.63,1388.36,Yes
6688-TELCO,Female,1,No,No,62,Yes,No,No,No,No,No internet service,No internet service,No,Yes,Month-to-month,Yes,Mailed check,22.23,1375.62,No
6689-TELCO,Female,0,Yes,No,24,No,No,Fiber optic,Yes,No internet service,Yes,Yes,No internet service,No internet service,Two year,No,Mailed check,24.32,587.22,No
6690-TELCO,Male,0,Yes,No,6,No,No,DSL,No,No,No,No,No internet service,Yes,Month-to-month,No,Credit card (automatic),42.94,261.93,No
6691-TELCO,Male,0,Yes,No,40,Yes,No,Fiber optic,No,No,No,Yes,No,No internet service,Month-to-month,No,Bank transfer (automatic),91.0,3642.72,Yes
6692-TELCO,Male,0,No,No,70,Yes,No,Fiber optic,No,Yes,No internet service,No internet service,No,Yes,One year,Yes,Mailed check,44.06,3088.73,No
6693-TELCO,Female,0,Yes,No,58,Yes,No,DSL,No,Yes,No,No internet service,No internet service,No internet service,Month-to-month,No,Credit card (automatic),40.88,2363.7,No
6694-TELCO,Female,1,Yes,Yes,14,Yes,No,No,No internet service,Yes,No internet service,Yes,Yes,Yes,Two year,No,Electronic check,82.24,1152.14,No
6695-TELCO,Female,0,Yes,No,45,Yes,No,No,Yes,No internet service,Yes,No,No,Yes,Two year,No,Bank transfer (automatic),74.85,3364.57,No
6696-TELCO,Female,1,Yes,No,6,Yes,Yes,Fiber optic,No,No,No internet service,No,Yes,No,Month-to-month,No,Electronic check,69.33,408.56,Yes
6697-TELCO,Male,0,Yes,No,23,Yes,Yes,Fiber optic,Yes,No,No internet service,No,No,Yes,One year,No,Mailed check,83.17,1917.01,No
6698-TELCO,Male,0,No,No,62,Yes,Yes,DSL,Yes,No,No internet service,No,No internet service,No,Month-to-month,Yes,Electronic check,54.13,3358.07,No
6699-TELCO,Female,0,Yes,Yes,17,Yes,No,No,Yes,Yes,No internet service,No,Yes,No,One year,Yes,Mailed check,19.74,345.57,No
6700-TELCO,Male,0,No,No,70,Yes,No,Fiber optic,No,Yes,No internet service,Yes,No internet service,No internet service,Month-to-month,Yes,Credit card (automatic),61.47,4309.68,No
6701-TELCO,Male,0,No,No,28,No,Yes,DSL,Yes,Yes,No internet service,Yes,Yes,No internet service,Month-to-month,No,Mailed check,55.11,1541.25,No
6702-TELCO,Female,0,No,Yes,13,No,Yes,No,No,Yes,No internet service,No,Yes,No,One year,Yes,Bank transfer (automatic),95.82,1251.25,No
6703-TELCO,Female,0,Yes,No,29,Yes,Yes,No,Yes,Yes,No,No internet service,No internet service,Yes,Month-to-month,Yes,Electronic check,27.32,786.0,No
6704-TELCO,Female,0,Yes,No,45,No,No,Fiber optic,No,No internet service,No internet service,No internet service,Yes,Yes,One year,Yes,Credit card (automatic),96.75,4353.16,No
6705-TELCO,Female,0,Yes,No,20,Yes,Yes,DSL,No,No,No,No,No,Yes,Two year,No,Credit card (automatic),89.71,1792.27,No
6706-TELCO,Female,0,No,No,58,Yes,Yes,DSL,Yes,No,No,No internet service,Yes,Yes,Month-to-month,Yes,Credit card (automatic),51.84,3008.93,Yes
6707-TELCO,Female,0,No,Yes,54,Yes,No phone service,Fiber optic,No,No,No,Yes,Yes,No internet service,Month-to-month,Yes,Bank transfer (automatic),81.31,4396.83,No
6708-TELCO,Male,0,Yes,No,64,Yes,No,Fiber optic,Yes,No,No internet service,No,No,Yes,Month-to-month,Yes,Mailed check,71.18,4554.75,No
6709-TELCO,Male,0,No,Yes,52,Yes,No,Fiber optic,Yes,No internet service,No,No,Yes,No,Month-to-month,Yes,Electronic check,39.64,2068.58,No
6710-TELCO,Female,0,No,No,43,Yes,Yes,No,No internet service,No internet service,Yes,No,No,No internet service,Two year,No,Credit card (automatic),109.1,4696.36,No
6711-TELCO,Male,1,No,No,18,Yes,No phone service,Fiber optic,No,No,No,No internet service,No internet service,Yes,Month-to-month,No,Mailed check,37.32,667.16,No
6712-TELCO,Female,0,Yes,No,54,Yes,Yes,Fiber optic,No internet service,Yes,Yes,No,No internet service,No,Month-to-month,Yes,Bank transfer (automatic),32.12,1735.14,No
6713-TELCO,Female,0,No,No,60,Yes,No phone service,No,Yes,No internet service,No,No,No internet service,No,Two year,Yes,Electronic check,59.44,3573.41,No
6714-TELCO,Female,0,Yes,Yes,71,Yes,Yes,Fiber optic,No,Yes,No internet service,No,Yes,No internet service,Month-to-month,No,Credit card (automatic),92.92,6602.39,No
6715-TELCO,Female,1,No,No,1,Yes,No phone service,No,Yes,No,No internet service,No internet service,No,Yes,Two year,Yes,Mailed check,40.5,46.92,No
6716-TELCO,Male,0,Yes,No,37,Yes,No,No,No,No,No internet service,No,No internet service,No,One year,No,Electronic check,105.35,3893.11,No
6717-TELCO,Female,0,Yes,No,49,Yes,Yes,DSL,No,Yes,No,No,No internet service,No,Two year,Yes,Electronic check,76.31,3744.79,No
6718-TELCO,Male,0,No,Yes,35,Yes,Yes,No,Yes,No internet service,Yes,No,Yes,No,One year,No,Bank transfer (automatic),37.36,1305.71,No
6719-TELCO,Female,0,No,No,67,Yes,Yes,DSL,No,No internet service,No,No,No,No,Two year,Yes,Credit card (automatic),72.79,4886.13,No
6720-TELCO,Female,0,Yes,No,35,No,No,No,Yes,No internet service,No,No,Yes,No,Month-to-month,Yes,Mailed check,41.63,1456.37,Yes
6721-TELCO,Female,0,Yes,No,9,Yes,No,Fiber optic,No internet service,Yes,Yes,No,Yes,No,One year,No,Credit card (automatic),38.58,355.16,No
6722-TELCO,Male,0,No,No,37,Yes,No phone service,Fiber optic,No,Yes,No,Yes,No,No internet service,Month-to-month,Yes,Electronic check,33.67,1249.05,No
6723-TELCO,Female,1,No,No,60,No,No,DSL,No,No internet service,No internet service,No,No,Yes,Two year,Yes,Mailed check,77.38,4651.47,No
6724-TELCO,Female,0,No,No,56,Yes,No,DSL,No internet service,Yes,No,No,Yes,Yes,Month-to-month,Yes,Mailed check,19.25,1079.32,No
6725-TELCO,Female,0,No,No,12,Yes,No phone service,DSL,Yes,No,No,Yes,Yes,Yes,One year,Yes,Electronic check,114.02,1362.99,Yes
6726-TELCO,Male,0,Yes,Yes,71,Yes,Yes,No,No,No,No,Yes,Yes,Yes,Month-to-month,Yes,Electronic check,20.95,1490.49,No
6727-TELCO,Male,0,No,No,71,Yes,No,Fiber optic,Yes,Yes,No,No internet service,Yes,No internet service,Two year,No,Electronic check,111.73,7927.96,No
6728-TELCO,Male,0,No,No,4,Yes,Yes,Fiber optic,Yes,No internet service,Yes,Yes,No,No,Month-to-month,Yes,Credit card (automatic),51.6,213.41,Yes
6729-TELCO,Female,0,No,Yes,61,Yes,Yes,No,Yes,Yes,No internet service,No,No internet service,No internet service,Two year,Yes,Mailed check,75.54,4599.65,No
6730-TELCO,Male,0,Yes,Yes,45,Yes,No,DSL,No,No,No,No,No,No internet service,One year,Yes,Credit card (automatic),68.52,3078.2,No
6731-TELCO,Female,0,No,Yes,50,Yes,Yes,Fiber optic,No,Yes,No,No,Yes,Yes,Two year,No,Credit card (automatic),49.17,2464.17,No
6732-TELCO,Male,0,No,No,50,Yes,No,Fiber optic,Yes,No,No,Yes,Yes,No,Month-to-month,Yes,Electronic check,49.59,2477.85,Yes
6733-TELCO,Male,1,No,Yes,48,Yes,Yes,DSL,Yes,Yes,No internet service,No,No internet service,Yes,Month-to-month,No,Mailed check,31.81,1520.05,Yes
6734-TELCO,Female,0,No,Yes,23,Yes,Yes,No,Yes,No,Yes,No,No internet service,No internet service,Month-to-month,Yes,Mailed check,52.14,1209.11,Yes
6735-TELCO,Male,0,No,No,8,Yes,Yes,Fiber optic,No,No internet service,No internet service,No internet service,No,No,Month-to-month,No,Credit card (automatic),81.96,654.81,No
6736-TELCO,Female,0,No,No,29,Yes,Yes,DSL,No,No internet service,No internet service,Yes,Yes,Yes,Month-to-month,Yes,Bank transfer (automatic),77.73,2253.73,Yes
6737-TELCO,Female,0,Yes,No,43,Yes,No,Fiber optic,No,No,No internet service,No,No internet service,Yes,Month-to-month,Yes,Mailed check,104.13,4474.65,No
6738-TELCO,Male,0,Yes,No,53,Yes,No,No,No,No,No,No internet service,No,No,One year,No,Mailed check,40.73,2150.01,No
6739-TELCO,Female,0,No,No,6,Yes,No,DSL,No internet service,No internet service,No internet service,Yes,No,Yes,Month-to-month,No,Credit card (automatic),34.49,201.78,No
6740-TELCO,Female,0,No,No,24,Yes,No,Fiber optic,No,No,No,No internet service,No,No,Month-to-month,No,Electronic check,99.1,2374.01,Yes
6741-TELCO,Male,0,Yes,No,14,Yes,Yes,No,No,No,No,Yes,Yes,Yes,Two year,No,Mailed check,99.35,1392.32,No
6742-TELCO,Male,0,No,No,52,Yes,Yes,No,Yes,No internet service,No internet service,Yes,No internet service,No,Month-to-month,No,Electronic check,91.47,4765.16,No
6743-TELCO,Female,0,Yes,No,70,No,No,Fiber optic,Yes,No,No,No internet service,No internet service,Yes,Month-to-month,No,Bank transfer (automatic),32.34,2256.6,No
6744-TELCO,Male,0,Yes,Yes,4,Yes,No phone service,DSL,No,Yes,Yes,No,Yes,No,Month-to-month,Yes,Credit card (automatic),108.54,443.65,Yes
6745-TELCO,Female,0,No,No,58,Yes,No,Fiber optic,No internet service,No,Yes,No,No internet service,Yes,One year,Yes,Mailed check,58.29,3380.3,No
6746-TELCO,Female,1,No,No,37,Yes,No,Fiber optic,No,Yes,No,No,No internet service,No,Two year,Yes,Credit card (automatic),54.06,2001.88,No
6747-TELCO,Male,0,Yes,No,48,Yes,No phone service,DSL,Yes,No internet service,No internet service,Yes,No internet service,No,Two year,Yes,Credit card (automatic),33.05,1577.1,No
6748-TELCO,Male,0,No,No,39,Yes,Yes,Fiber optic,Yes,No internet service,No internet service,No internet service,No internet service,Yes,Two year,Yes,Credit card (automatic),36.22,1419.6,No
6749-TELCO,Male,1,No,No,66,Yes,Yes,Fiber optic,No,No internet service,No internet service,Yes,Yes,No internet service,Month-to-month,No,Bank transfer (automatic),28.02,1856.66,No
6750-TELCO,Male,0,No,No,13,Yes,No,No,No,Yes,Yes,Yes,Yes,Yes,One year,Yes,Bank transfer (automatic),71.94,940.29,No
6751-TELCO,Female,0,Yes,No,66,Yes,Yes,DSL,Yes,No internet service,No,No,Yes,Yes,One year,Yes,Mailed check,56.32,3710.03,No
6752-TELCO,Female,0,No,No,60,Yes,Yes,DSL,No,No,No,No,Yes,Yes,Two year,Yes,Credit card (automatic),33.44,2004.49,Yes
6753-TELCO,Male,0,Yes,No,41,Yes,No,Fiber optic,No,No internet service,No,Yes,No,Yes,Two year,Yes,Credit card (automatic),86.39,3551.1,No
6754-TELCO,Male,0,Yes,No,32,Yes,Yes,Fiber optic,No,No,Yes,No,Yes,Yes,Month-to-month,Yes,Electronic check,51.03,1631.4,No
6755-TELCO,Female,1,No,No,52,Yes,No,Fiber optic,No,Yes,Yes,No,Yes,Yes,Month-to-month,Yes,Electronic check,86.17,4477.81,Yes
6756-TELCO,Female,0,No,No,5,Yes,No,DSL,No,Yes,Yes,No,Yes,Yes,Month-to-month,No,Electronic check,98.63,484.86,No
6757-TELCO,Female,0,Yes,No,67,Yes,Yes,DSL,Yes,Yes,No,No,Yes,No,Month-to-month,Yes,Bank transfer (automatic),81.29,5438.02,No
6758-TELCO,Female,0,No,Yes,66,Yes,No,Fiber optic,No,No,No,No,Yes,Yes,Month-to-month,Yes,Electronic check,19.2,1265.85,No
6759-TELCO,Male,1,No,No,52,Yes,No,No,No internet service,Yes,Yes,No internet service,Yes,No,Month-to-month,Yes,Mailed check,46.74,2431.29,No
6760-TELCO,Female,0,No,Yes,49,Yes,Yes,No,No internet service,No,No,No internet service,No internet service,Yes,One year,No,Bank transfer (automatic),20.82,1026.68,No
6761-TELCO,Female,0,No,No,29,Yes,Yes,Fiber optic,Yes,No,Yes,No internet service,No internet service,Yes,One year,Yes,Bank transfer (automatic),54.16,1578.78,No
6762-TELCO,Male,0,Yes,No,38,Yes,No phone service,No,No,No,No,Yes,Yes,Yes,Two year,No,Bank transfer (automatic),102.61,3897.18,No
6763-TELCO,Female,0,No,No,70,Yes,No,Fiber optic,No internet service,Yes,Yes,No,No,No,One year,Yes,Credit card (automatic),99.57,6976.77,No
6764-TELCO,Female,1,Yes,No,8,Yes,No,Fiber optic,No,No,Yes,No,No internet service,No,Month-to-month,Yes,Electronic check,34.58,277.51,Yes
6765-TELCO,Male,0,No,No,59,Yes,Yes,DSL,Yes,No internet service,No,Yes,No,Yes,One year,Yes,Bank transfer (automatic),86.17,5093.48,No
6766-TELCO,Male,0,Yes,No,55,Yes,No,No,No internet service,No,Yes,No internet service,No,No internet service,Month-to-month,Yes,Bank transfer (automatic),106.43,5862.23,Yes
6767-TELCO,Male,0,Yes,No,2,Yes,Yes,Fiber optic,Yes,No,No,Yes,No internet service,No,Month-to-month,No,Electronic check,105.12,214.5,Yes
6768-TELCO,Female,0,No,No,26,Yes,Yes,Fiber optic,Yes,No,Yes,No,Yes,No,Month-to-month,No,Electronic check,99.05,2569.08,Yes
6769-TELCO,Female,0,Yes,Yes,63,Yes,No,DSL,No,No,Yes,Yes,Yes,Yes,One year,No,Bank transfer (automatic),42.54,2688.51,No
6770-TELCO,Male,0,Yes,Yes,17,Yes,No,Fiber optic,Yes,Yes,Yes,No,No,No,Two year,Yes,Electronic check,116.19,1967.57,No
6771-TELCO,Male,0,No,No,59,Yes,No,DSL,Yes,Yes,Yes,No,No,No,One year,Yes,Electronic check,90.48,5344.69,No
6772-TELCO,Female,0,No,Yes,16,Yes,No,DSL,No,No,Yes,No internet service,Yes,Yes,Month-to-month,No,Credit card (automatic),88.11,1409.65,No
6773-TELCO,Male,1,No,No,58,Yes,Yes,No,No,No,No,No,No internet service,No internet service,Month-to-month,No,Electronic check,110.6,6417.03,Yes
6774-TELCO,Male,0,Yes,Yes,64,Yes,Yes,DSL,No internet service,Yes,No,No,No internet service,Yes,Two year,No,Electronic check,52.8,3386.63,No
6775-TELCO,Male,1,Yes,No,50,Yes,No,Fiber optic,No,No,No,No,Yes,Yes,One year,Yes,Credit card (automatic),63.43,3177.36,No
6776-TELCO,Female,0,Yes,No,26,No,Yes,DSL,No internet service,Yes,Yes,No internet service,No,No,One year,No,Electronic check,62.02,1603.69,Yes
6777-TELCO,Female,0,No,No,17,Yes,No,No,No,No,No,Yes,No internet service,No,Two year,No,Electronic check,29.94,506.38,No
6778-TELCO,Female,0,No,Yes,46,Yes,No,Fiber optic,No,No,No internet service,No,Yes,No,Two year,No,Electronic check,47.25,2182.91,No
6779-TELCO,Female,0,Yes,Yes,68,No,No,DSL,No,No,Yes,Yes,Yes,Yes,Month-to-month,Yes,Bank transfer (automatic),88.98,6047.76,No
6780-TELCO,Female,0,Yes,No,50,Yes,No,No,No,No internet service,Yes,No internet service,No internet service,Yes,Month-to-month,Yes,Electronic check,22.2,1116.11,No
6781-TELCO,Female,0,Yes,Yes,43,Yes,No,No,No,No internet service,No internet service,Yes,Yes,No,Month-to-month,Yes,Credit card (automatic),64.7,2786.67,Yes
6782-TELCO,Male,0,Yes,No,48,Yes,Yes,No,Yes,No internet service,No,Yes,No,Yes,Two year,Yes,Mailed check,90.98,4376.16,No
6783-TELCO,Female,1,Yes,No,68,Yes,No,DSL,No,Yes,No internet service,No internet service,Yes,Yes,Month-to-month,No,Mailed check,92.19,6277.92,No
6784-TELCO,Female,0,No,Yes,19,Yes,Yes,Fiber optic,No,No,No,No,No internet service,No,Month-to-month,Yes,Electronic check,110.26,2094.09,No
6785-TELCO,Male,0,Yes,No,25,Yes,No,No,Yes,No,Yes,No internet service,Yes,Yes,One year,Yes,Electronic check,74.57,1858.81,No
6786-TELCO,Female,0,No,No,72,Yes,Yes,No,No internet service,No internet service,No,No,Yes,No internet service,Two year,Yes,Credit card (automatic),39.09,2810.5,No
6787-TELCO,Female,0,No,No,18,Yes,Yes,No,No,No,No,No,No,No,Month-to-month,No,Credit card (automatic),95.73,1719.03,No
6788-TELCO,Male,0,Yes,No,51,Yes,No,Fiber optic,No,Yes,No,No,Yes,No,One year,Yes,Electronic check,69.08,3525.68,No
6789-TELCO,Male,0,No,No,18,Yes,No,Fiber optic,Yes,No,No,Yes,Yes,Yes,Two year,No,Electronic check,100.07,1798.6,No
6790-TELCO,Male,0,No,No,58,Yes,No,No,No,Yes,No internet service,Yes,Yes,Yes,One year,No,Mailed check,40.42,2351.72,No
6791-TELCO,Female,0,Yes,No,64,Yes,Yes,DSL,No internet service,No internet service,No,No,No,Yes,Month-to-month,No,Mailed check,18.97,1210.12,No
6792-TELCO,Male,0,No,Yes,71,Yes,Yes,Fiber optic,Yes,No,No,No,Yes,No,One year,No,Bank transfer (automatic),46.46,3308.46,No
6793-TELCO,Female,0,Yes,No,57,Yes,Yes,No,No,No,No,No internet service,Yes,No,Two year,Yes,Credit card (automatic),36.63,2091.16,No
6794-TELCO,Female,0,No,No,17,Yes,Yes,DSL,No,Yes,Yes,Yes,No internet service,No,Month-to-month,Yes,Bank transfer (automatic),90.35,1533.06,Yes
6795-TELCO,Female,0,No,No,59,Yes,No phone service,DSL,No,No,No,No,Yes,No internet service,Two year,Yes,Bank transfer (automatic),68.7,4055.02,No
6796-TELCO,Female,1,No,No,67,Yes,No,DSL,No,No,No internet service,Yes,No internet service,No internet service,Month-to-month,No,Electronic check,55.82,3737.17,No
6797-TELCO,Male,1,No,No,15,No,No phone service,No,No,No,No,No,No,No,Two year,Yes,Mailed check,25.99,390.16,No
6798-TELCO,Male,0,No,No,26,Yes,No,No,No,No internet service,No,No,No internet service,No,Two year,Yes,Mailed check,39.7,1032.72,No
6799-TELCO,Female,0,No,No,48,Yes,Yes,Fiber optic,No,No,No,Yes,Yes,No internet service,One year,No,Bank transfer (automatic),111.55,5359.71,No
6800-TELCO,Male,1,No,No,14,Yes,Yes,No,Yes,No,Yes,No,No,Yes,Month-to-month,Yes,Electronic check,38.97,544.52,Yes
6801-TELCO,Female,1,Yes,No,9,Yes,Yes,Fiber optic,No internet service,No internet service,No,No,No,Yes,One year,Yes,Credit card (automatic),76.52,697.65,No
6802-TELCO,Female,0,No,No,7,Yes,No,No,Yes,No,Yes,No,Yes,No,Month-to-month,Yes,Bank transfer (automatic),100.76,697.29,Yes
6803-TELCO,Female,0,Yes,No,55,Yes,No,DSL,No,No,Yes,No,No,Yes,One year,No,Mailed check,47.5,2608.92,No
6804-TELCO,Male,1,Yes,Yes,12,Yes,Yes,Fiber optic,Yes,No,No,Yes,Yes,Yes,Month-to-month,Yes,Bank transfer (automatic),98.82,1190.78,Yes
6805-TELCO,Female,0,No,No,17,Yes,No,DSL,No internet service,No,No,No internet service,Yes,Yes,One year,Yes,Electronic check,50.8,865.53,No
6806-TELCO,Female,0,Yes,Yes,8,Yes,No,DSL,No internet service,No,No,No internet service,No internet service,Yes,Month-to-month,Yes,Mailed check,76.07,601.04,Yes
6807-TELCO,Male,1,Yes,Yes,42,Yes,No,DSL,No,Yes,No internet service,No,No,Yes,Month-to-month,Yes,Bank transfer (automatic),46.56,1961.8,Yes
6808-TELCO,Male,0,No,No,37,Yes,No,Fiber optic,Yes,No,Yes,No,No,Yes,Month-to-month,Yes,Credit card (automatic),76.15,2820.83,Yes
6809-TELCO,Male,1,Yes,No,20,Yes,Yes,No,No,Yes,Yes,Yes,Yes,Yes,Month-to-month,Yes,Mailed check,39.45,790.68,Yes
6810-TELCO,Male,0,Yes,No,1,Yes,No,Fiber optic,Yes,Yes,No internet service,Yes,No,No,Month-to-month,No,Bank transfer (automatic),99.52,107.04,No
6811-TELCO,Female,1,No,No,9,Yes,Yes,DSL,No,Yes,No internet service,No,Yes,No,One year,No,Mailed check,66.55,605.64,Yes
6812-TELCO,Male,0,No,No,24,Yes,Yes,No,No internet service,No,No internet service,Yes,No internet service,No,Month-to-month,No,Mailed check,110.43,2646.64,Yes
6813-TELCO,Female,1,No,No,34,Yes,No,DSL,No,Yes,Yes,Yes,Yes,No internet service,Month-to-month,No,Mailed check,81.56,2773.94,No
6814-TELCO,Male,0,No,Yes,36,Yes,Yes,No,No internet service,No internet service,Yes,No,No internet service,Yes,Month-to-month,Yes,Bank transfer (automatic),101.46,3659.75,Yes
6815-TELCO,Male,0,No,No,4,Yes,No,No,Yes,No,No,Yes,No internet service,Yes,One year,Yes,Bank transfer (automatic),103.7,406.1,Yes
6816-TELCO,Male,0,No,No,29,Yes,No phone service,Fiber optic,No internet service,No,No internet service,Yes,Yes,No internet service,One year,Yes,Electronic check,71.14,2059.63,No
6817-TELCO,Male,0,No,No,16,Yes,Yes,DSL,Yes,No,Yes,Yes,Yes,Yes,Month-to-month,Yes,Electronic check,90.24,1441.61,Yes
6818-TELCO,Male,0,No,Yes,8,Yes,No,Fiber optic,Yes,Yes,No internet service,No,No internet service,No,Month-to-month,Yes,Bank transfer (automatic),74.1,588.25,No
6819-TELCO,Male,0,No,Yes,39,Yes,No,No,No internet service,No internet service,Yes,No,No,Yes,Month-to-month,Yes,Electronic check,20.53,800.84,Yes
6820-TELCO,Female,0,Yes,No,58,Yes,No,Fiber optic,No,Yes,Yes,Yes,Yes,No,Month-to-month,No,Bank transfer (automatic),90.43,5250.86,No
6821-TELCO,Male,0,Yes,No,12,Yes,No,DSL,No internet service,Yes,Yes,No,No internet service,No internet service,One year,No,Credit card (automatic),118.1,1416.79,No
6822-TELCO,Male,0,Yes,No,44,Yes,No,No,No internet service,No,Yes,Yes,No internet service,No,Month-to-month,No,Credit card (automatic),105.68,4640.77,Yes
6823-TELCO,Male,1,No,Yes,4,Yes,No,Fiber optic,No,Yes,No internet service,Yes,No,Yes,One year,Yes,Credit card (automatic),23.54,101.24,No
6824-TELCO,Male,0,Yes,No,25,No,No,DSL,Yes,No,No,Yes,No internet service,No,Month-to-month,Yes,Mailed check,112.15,2797.85,Yes
6825-TELCO,Female,0,No,No,70,Yes,Yes,No,No,No internet service,Yes,Yes,No,Yes,One year,Yes,Electronic check,38.44,2689.43,Yes
6826-TELCO,Male,0,No,No,67,Yes,No,No,Yes,No,Yes,Yes,No,No internet service,Two year,No,Electronic check,23.73,1580.32,No
6827-TELCO,Male,0,No,No,39,Yes,No phone service,Fiber optic,Yes,Yes,No,No internet service,Yes,Yes,Two year,No,Credit card (automatic),19.42,756.17,No
6828-TELCO,Male,0,Yes,Yes,24,Yes,No,DSL,No,No internet service,Yes,No internet service,No internet service,No internet service,Two year,Yes,Mailed check,60.75,1455.49,No
6829-TELCO,Male,0,No,No,6,Yes,Yes,Fiber optic,No internet service,No,Yes,No,Yes,No,Month-to-month,No,Electronic check,48.48,286.66,Yes
6830-TELCO,Female,1,Yes,Yes,72,Yes,Yes,DSL,No,No,Yes,Yes,Yes,Yes,Month-to-month,No,Mailed check,36.19,2614.43,No
6831-TELCO,Male,0,No,No,33,Yes,Yes,DSL,No,No,Yes,No,No,No,Month-to-month,Yes,Credit card (automatic),26.94,892.59,Yes
6832-TELCO,Female,0,No,Yes,48,Yes,Yes,No,No internet service,Yes,No internet service,No,Yes,Yes,Month-to-month,Yes,Bank transfer (automatic),54.15,2607.51,No
6833-TELCO,Male,0,Yes,No,67,Yes,No,No,No internet service,No,No,Yes,No,No,Month-to-month,Yes,Bank transfer (automatic),41.24,2762.41,No
6834-TELCO,Female,0,No,No,2,No,No,Fiber optic,No,No,No,No,Yes,No internet service,Two year,Yes,Electronic check,82.37,165.06,No
6835-TELCO,Female,0,Yes,No,38,Yes,No,Fiber optic,Yes,No internet service,No,No,Yes,No,One year,Yes,Electronic check,56.12,2141.54,No
6836-TELCO,Male,0,No,No,40,Yes,Yes,DSL,Yes,No,No internet service,No,No,Yes,Month-to-month,Yes,Credit card (automatic),63.47,2537.96,No
6837-TELCO,Male,0,Yes,Yes,56,Yes,No,Fiber optic,No,Yes,Yes,No,No,No internet service,Month-to-month,No,Electronic check,95.29,5326.86,No
6838-TELCO,Female,0,Yes,No,21,Yes,Yes,DSL,Yes,No,No,Yes,No,No,Month-to-month,Yes,Credit card (automatic),53.31,1122.41,Yes
6839-TELCO,Female,0,Yes,No,35,Yes,Yes,DSL,No,No,Yes,No,No,Yes,Month-to-month,Yes,Credit card (automatic),34.89,1215.11,No
6840-TELCO,Male,1,Yes,No,67,Yes,Yes,Fiber optic,No,No,No,No,No,No,Month-to-month,Yes,Electronic check,47.88,3217.03,No
6841-TELCO,Female,0,No,No,60,Yes,Yes,No,No,Yes,Yes,No,No,No,One year,Yes,Credit card (automatic),86.53,5183.19,No
6842-TELCO,Female,0,No,Yes,23,Yes,Yes,Fiber optic,No internet service,No,Yes,Yes,Yes,No internet service,Month-to-month,Yes,Credit card (automatic),30.12,700.71,Yes
6843-TELCO,Female,0,No,No,65,No,No,Fiber optic,No,Yes,No,No internet service,Yes,Yes,Month-to-month,Yes,Credit card (automatic),84.09,5458.75,No
6844-TELCO,Male,0,Yes,No,63,Yes,No,DSL,Yes,No,Yes,No,No internet service,Yes,Month-to-month,No,Credit card (automatic),91.28,5745.8,No
6845-TELCO,Female,1,Yes,No,23,Yes,No phone service,Fiber optic,No,No internet service,No internet service,No,No,Yes,Month-to-month,Yes,Credit card (automatic),82.97,1901.35,Yes
6846-TELCO,Female,0,No,No,42,Yes,No,Fiber optic,No internet service,Yes,Yes,No,Yes,No internet service,Month-to-month,Yes,Bank transfer (automatic),54.76,2296.58,No
6847-TELCO,Female,0,Yes,No,64,Yes,Yes,DSL,Yes,No,No,Yes,Yes,Yes,Month-to-month,No,Mailed check,83.93,5363.65,No
6848-TELCO,Male,1,No,Yes,66,Yes,No,DSL,Yes,No,No,No,No internet service,No,Month-to-month,Yes,Electronic check,101.79,6715.63,No
6849-TELCO,Male,0,No,No,41,Yes,Yes,DSL,No,No,Yes,Yes,No internet service,Yes,Month-to-month,Yes,Electronic check,49.95,2044.15,No
6850-TELCO,Female,0,Yes,No,20,Yes,Yes,Fiber optic,No,No,No internet service,No,No internet service,No internet service,Month-to-month,Yes,Bank transfer (automatic),45.26,910.04,No
6851-TELCO,Male,0,No,Yes,9,Yes,Yes,DSL,No,No,No,No,No,Yes,Month-to-month,No,Electronic check,114.44,1032.19,Yes
6852-TELCO,Female,0,No,Yes,57,Yes,No,No,No,No,No internet service,No internet service,No internet service,No internet service,Month-to-month,Yes,Mailed check,107.81,6148.84,No
6853-TELCO,Male,0,No,No,17,Yes,No,No,No internet service,No internet service,Yes,No internet service,No,No,Month-to-month,Yes,Electronic check,45.38,771.27,No
6854-TELCO,Male,0,Yes,Yes,18,Yes,No,DSL,No,No,No,No,No,No,Month-to-month,No,Credit card (automatic),35.41,644.44,No
6855-TELCO,Female,0,Yes,Yes,63,Yes,Yes,Fiber optic,Yes,Yes,Yes,Yes,No internet service,No,Two year,No,Electronic check,60.78,3826.21,No
6856-TELCO,Male,0,Yes,No,72,No,No phone service,Fiber optic,No,No internet service,No,No,Yes,No internet service,Month-to-month,Yes,Electronic check,69.04,4968.93,No
6857-TELCO,Male,0,Yes,No,72,Yes,No phone service,No,No,Yes,No,Yes,No internet service,No,Month-to-month,Yes,Bank transfer (automatic),35.17,2524.17,No
6858-TELCO,Male,0,Yes,Yes,26,Yes,No,DSL,No internet service,No internet service,No,No,Yes,No,Month-to-month,Yes,Bank transfer (automatic),20.71,548.44,No
6859-TELCO,Female,0,No,No,72,Yes,No,Fiber optic,No,No,Yes,No,Yes,No internet service,Month-to-month,Yes,Mailed check,100.51,7235.76,No
6860-TELCO,Male,0,No,No,72,Yes,No,Fiber optic,No,No,No,No,No internet service,No,Two year,Yes,Mailed check,111.17,8012.55,No
6861-TELCO,Male,1,No,No,13,Yes,Yes,Fiber optic,No,No,No internet service,No,No,No,Two year,Yes,Credit card (automatic),25.18,334.39,No
6862-TELCO,Female,1,Yes,No,17,Yes,Yes,DSL,No,Yes,Yes,No,No,No internet service,Month-to-month,No,Mailed check,102.73,1741.6,No
6863-TELCO,Male,1,No,No,26,Yes,Yes,DSL,Yes,No,No,Yes,No,Yes,Two year,Yes,Electronic check,62.71,1630.49,No
6864-TELCO,Male,1,Yes,Yes,6,Yes,No,DSL,Yes,No,No,Yes,No internet service,No,One year,Yes,Credit card (automatic),36.16,218.72,Yes
6865-TELCO,Male,0,No,No,4,Yes,No,DSL,No,No,No,Yes,No internet service,No,Two year,No,Credit card (automatic),57.07,235.18,No
6866-TELCO,Male,0,No,Yes,7,Yes,Yes,DSL,No,No internet service,Yes,No,No,No,Month-to-month,No,Mailed check,105.27,728.84,Yes
6867-TELCO,Male,0,No,Yes,17,Yes,Yes,Fiber optic,No,No,No internet service,No internet service,No,Yes,One year,Yes,Electronic check,30.52,525.4,No
6868-TELCO,Female,0,No,No,50,Yes,No,Fiber optic,No,Yes,No internet service,No,No,Yes,Month-to-month,Yes,Electronic check,28.16,1400.24,Yes
6869-TELCO,Female,0,No,Yes,6,Yes,Yes,Fiber optic,No internet service,Yes,No,No internet service,No internet service,No internet service,Two year,Yes,Credit card (automatic),115.31,690.84,Yes
6870-TELCO,Male,0,Yes,No,30,Yes,Yes,DSL,No,No internet service,No,Yes,No internet service,No,One year,No,Bank transfer (automatic),47.75,1439.74,Yes
6871-TELCO,Male,0,Yes,No,56,Yes,No,DSL,No,No internet service,No internet service,No,Yes,Yes,Month-to-month,No,Electronic check,104.81,5864.03,No
6872-TELCO,Male,1,Yes,No,39,Yes,No,No,No internet service,No,No internet service,No internet service,No,No,Two year,No,Bank transfer (automatic),74.68,2903.44,No
6873-TELCO,Female,0,Yes,Yes,14,Yes,No,DSL,No,No,No,No,Yes,Yes,Two year,No,Credit card (automatic),42.41,584.7,No
6874-TELCO,Female,0,No,No,54,Yes,Yes,No,No internet service,No internet service,No,No internet service,No,No,Month-to-month,Yes,Electronic check,47.9,2580.38,No
6875-TELCO,Male,1,Yes,No,22,Yes,No,No,No,Yes,No,No,Yes,No,Month-to-month,Yes,Mailed check,59.65,1313.12,No
6876-TELCO,Male,0,No,No,57,Yes,Yes,DSL,Yes,No,No,No internet service,No internet service,Yes,Two year,Yes,Mailed check,33.28,1904.82,No
6877-TELCO,Female,0,Yes,No,41,Yes,Yes,No,No internet service,No,No,No,No,No internet service,Month-to-month,No,Credit card (automatic),89.6,3677.78,Yes
6878-TELCO,Male,0,Yes,Yes,10,No,No,Fiber optic,No internet service,Yes,No,No,No internet service,No,One year,Yes,Electronic check,60.22,608.3,No
6879-TELCO,Female,0,No,Yes,2,Yes,Yes,Fiber optic,No,No,No internet service,Yes,No internet service,Yes,Month-to-month,Yes,Electronic check,107.62,210.17,No
6880-TELCO,Female,0,Yes,No,67,Yes,No,No,No,Yes,Yes,Yes,No internet service,No internet service,Month-to-month,Yes,Mailed check,110.27,7385.74,No
6881-TELCO,Male,0,No,Yes,48,Yes,Yes,Fiber optic,No,Yes,Yes,No internet service,Yes,Yes,Month-to-month,No,Credit card (automatic),110.07,5283.85,No
6882-TELCO,Female,0,No,No,42,Yes,Yes,Fiber optic,No internet service,No,Yes,No,Yes,No,Two year,No,Credit card (automatic),83.51,3504.77,No
6883-TELCO,Male,0,Yes,No,11,Yes,Yes,Fiber optic,No internet service,No,No internet service,No,No,No,Month-to-month,No,Mailed check,66.1,732.15,Yes
6884-TELCO,Male,1,No,No,12,Yes,No,Fiber optic,Yes,Yes,No,No,No internet service,Yes,Month-to-month,Yes,Electronic check,26.73,330.17,No
6885-TELCO,Male,1,Yes,No,14,Yes,No phone service,Fiber optic,No,No,No,No,Yes,Yes,Two year,Yes,Credit card (automatic),94.18,1323.9,No
6886-TELCO,Male,0,No,No,30,No,Yes,DSL,No,Yes,No,No internet service,No internet service,No,Month-to-month,Yes,Electronic check,27.2,824.8,No
6887-TELCO,Male,0,No,No,60,Yes,No,DSL,Yes,Yes,No internet service,No internet service,No,No,Two year,Yes,Mailed check,36.59,2204.97,No
6888-TELCO,Male,1,Yes,No,30,Yes,No,No,No,No,No,No,No,Yes,Month-to-month,No,Bank transfer (automatic),102.95,3084.93,Yes
6889-TELCO,Female,1,No,No,38,Yes,No phone service,DSL,Yes,Yes,No,No internet service,No internet service,Yes,Two year,No,Electronic check,104.05,3956.22,No
6890-TELCO,Female,1,Yes,No,65,Yes,No,Fiber optic,No internet service,Yes,Yes,Yes,No internet service,Yes,Month-to-month,Yes,Mailed check,61.94,4031.43,No
6891-TELCO,Female,1,No,No,47,No,No,Fiber optic,Yes,No internet service,No,Yes,Yes,Yes,Month-to-month,No,Mailed check,90.61,4261.05,Yes
6892-TELCO,Female,0,No,No,39,Yes,No,DSL,No internet service,Yes,Yes,Yes,No,No,One year,Yes,Credit card (automatic),40.37,1576.4,No
6893-TELCO,Male,0,No,No,49,Yes,Yes,DSL,No internet service,No internet service,No internet service,No internet service,No,Yes,Month-to-month,Yes,Mailed check,108.37,5307.5,No
6894-TELCO,Female,0,No,Yes,58,Yes,No,DSL,Yes,No,No,No,No,Yes,Month-to-month,Yes,Credit card (automatic),83.98,4871.44,No
6895-TELCO,Female,0,Yes,Yes,17,No,Yes,Fiber optic,No,Yes,Yes,No internet service,No,No,Month-to-month,Yes,Electronic check,104.45,1772.46,No
6896-TELCO,Female,0,No,Yes,6,Yes,No,No,No,No,Yes,Yes,Yes,No,Month-to-month,Yes,Mailed check,57.64,340.36,No
6897-TELCO,Male,0,Yes,Yes,15,Yes,No,Fiber optic,No internet service,No internet service,Yes,Yes,Yes,No internet service,Month-to-month,Yes,Bank transfer (automatic),22.27,331.65,Yes
6898-TELCO,Female,0,No,No,67,Yes,No,Fiber optic,No internet service,No,Yes,No,Yes,No,Two year,No,Electronic check,118.06,7908.01,No
6899-TELCO,Male,0,Yes,Yes,28,Yes,Yes,Fiber optic,No,No,No,Yes,Yes,Yes,Month-to-month,Yes,Credit card (automatic),94.85,2648.69,Yes
6900-TELCO,Female,0,No,No,44,Yes,Yes,No,No internet service,No,No internet service,No internet service,Yes,Yes,One year,No,Credit card (automatic),34.98,1538.89,No
6901-TELCO,Male,0,No,No,18,Yes,No,Fiber optic,Yes,No,No,No,No internet service,Yes,Month-to-month,Yes,Bank transfer (automatic),82.58,1489.18,No
6902-TELCO,Male,0,No,Yes,32,Yes,No,DSL,No,Yes,Yes,No,Yes,Yes,Two year,No,Mailed check,113.28,3617.04,No
6903-TELCO,Female,0,Yes,Yes,69,No,No,Fiber optic,No internet service,Yes,No,No,No,Yes,Month-to-month,No,Bank transfer (automatic),108.52,7488.5,Yes
6904-TELCO,Male,0,No,No,44,Yes,Yes,No,Yes,No,No internet service,No,No internet service,No,Month-to-month,Yes,Electronic check,112.72,4951.44,No
6905-TELCO,Male,1,No,No,70,Yes,Yes,Fiber optic,No internet service,No internet service,No internet service,No,Yes,Yes,Month-to-month,No,Electronic check,29.3,2058.12,No
6906-TELCO,Female,0,No,No,63,Yes,Yes,No,No,Yes,Yes,No,No,Yes,One year,No,Mailed check,104.09,6555.85,No
6907-TELCO,Female,0,Yes,No,58,No,No,DSL,No,No,No,No internet service,Yes,No,Month-to-month,No,Mailed check,107.83,6249.0,No
6908-TELCO,Female,0,No,No,47,Yes,No,No,No,No internet service,No,No,Yes,No internet service,One year,Yes,Mailed check,36.42,1709.29,No
6909-TELCO,Male,0,Yes,No,17,Yes,Yes,DSL,Yes,Yes,No,No,No,Yes,Two year,No,Electronic check,89.36,1522.16,No
6910-TELCO,Male,0,Yes,Yes,39,No,Yes,DSL,Yes,No,No,No,Yes,Yes,Month-to-month,Yes,Electronic check,87.87,3426.48,No
6911-TELCO,Male,0,Yes,No,59,No,No,Fiber optic,No,No,No,No,No,No internet service,Two year,Yes,Credit card (automatic),87.46,5162.2,No
6912-TELCO,Female,0,Yes,Yes,7,Yes,No,DSL,No internet service,Yes,No,No internet service,Yes,Yes,Month-to-month,Yes,Credit card (automatic),75.8,532.52,No
6913-TELCO,Male,0,Yes,No,63,No,Yes,Fiber optic,No,No,Yes,No internet service,No internet service,Yes,Month-to-month,No,Electronic check,42.18,2661.25,No
6914-TELCO,Male,0,Yes,No,57,Yes,No phone service,No,No,Yes,No,Yes,Yes,Yes,Month-to-month,No,Electronic check,29.06,1665.06,No
6915-TELCO,Male,1,Yes,No,34,Yes,No,No,No,Yes,No internet service,Yes,Yes,No internet service,Two year,Yes,Electronic check,42.95,1463.36,No
6916-TELCO,Male,0,No,Yes,53,Yes,No,Fiber optic,Yes,No,Yes,Yes,No,Yes,Month-to-month,No,Credit card (automatic),110.14,5830.72,No
6917-TELCO,Male,0,No,No,66,Yes,No,Fiber optic,No internet service,No,No,No,Yes,No internet service,Month-to-month,Yes,Electronic check,40.93,2700.51,No
6918-TELCO,Male,0,Yes,No,48,Yes,No,No,Yes,No internet service,Yes,No,Yes,No,One year,No,Credit card (automatic),61.64,2952.53,No
6919-TELCO,Male,0,No,No,60,Yes,Yes,Fiber optic,No,No internet service,No,No,Yes,No internet service,Two year,No,Electronic check,62.56,3746.33,No
6920-TELCO,Female,0,No,Yes,43,Yes,No,No,No,No internet service,No internet service,No internet service,No internet service,No,Month-to-month,Yes,Mailed check,111.15,4784.34,No
6921-TELCO,Female,0,No,No,4,Yes,No,No,No,Yes,No,No internet service,No,No,Month-to-month,Yes,Credit card (automatic),29.81,112.35,No
6922-TELCO,Female,0,Yes,No,52,Yes,Yes,DSL,No,Yes,No,No,Yes,Yes,Month-to-month,No,Electronic check,66.34,3455.3,No
6923-TELCO,Male,0,Yes,No,32,Yes,Yes,DSL,No internet service,Yes,No,No,No internet service,Yes,Month-to-month,No,Electronic check,99.6,3187.65,No
6924-TELCO,Male,0,No,No,51,No,Yes,Fiber optic,No,No,Yes,No,No,Yes,Month-to-month,No,Bank transfer (automatic),24.46,1245.94,No
6925-TELCO,Female,0,Yes,No,10,Yes,Yes,No,No,Yes,No,No,Yes,Yes,Month-to-month,Yes,Credit card (automatic),93.19,939.37,Yes
6926-TELCO,Male,1,Yes,Yes,12,Yes,Yes,No,No internet service,No,No,Yes,No internet service,No,Month-to-month,No,Bank transfer (automatic),27.7,340.4,Yes
6927-TELCO,Female,0,Yes,Yes,39,Yes,Yes,Fiber optic,Yes,No,No internet service,Yes,Yes,No,Month-to-month,Yes,Bank transfer (automatic),63.71,2479.0,No
6928-TELCO,Male,0,Yes,No,68,No,Yes,DSL,No,Yes,No,No internet service,No,Yes,One year,No,Mailed check,34.13,2326.84,No
6929-TELCO,Male,0,No,No,10,Yes,Yes,DSL,No internet service,No,No,No,No internet service,No,Two year,No,Credit card (automatic),57.43,576.42,No
6930-TELCO,Female,0,Yes,Yes,10,No,Yes,No,No internet service,Yes,No internet service,No,Yes,Yes,Month-to-month,Yes,Electronic check,22.0,219.93,Yes
6931-TELCO,Female,0,No,No,23,Yes,Yes,Fiber optic,No,No,No internet service,No internet service,Yes,Yes,Month-to-month,No,Electronic check,102.89,2361.23,No
6932-TELCO,Female,0,No,No,13,Yes,Yes,Fiber optic,Yes,Yes,No,Yes,No,No internet service,Month-to-month,Yes,Credit card (automatic),31.7,418.15,No
6933-TELCO,Female,0,No,Yes,48,Yes,Yes,No,No,No internet service,No,No,No,Yes,Two year,Yes,Electronic check,37.09,1787.95,No
6934-TELCO,Female,0,Yes,No,44,Yes,Yes,No,No internet service,No internet service,No internet service,Yes,No internet service,Yes,Two year,Yes,Electronic check,64.3,2833.8,No
6935-TELCO,Male,1,Yes,Yes,64,Yes,No,Fiber optic,No,Yes,Yes,No,Yes,Yes,Month-to-month,Yes,Credit card (automatic),20.21,1288.96,No
6936-TELCO,Male,0,No,Yes,40,Yes,Yes,Fiber optic,No,No internet service,Yes,Yes,No,No internet service,Month-to-month,No,Bank transfer (automatic),110.82,4424.22,Yes
6937-TELCO,Male,0,Yes,No,6,Yes,No,Fiber optic,No,No,Yes,No,No internet service,Yes,Month-to-month,Yes,Bank transfer (automatic),59.81,358.44,Yes
6938-TELCO,Female,0,No,No,72,Yes,No,Fiber optic,No,No,Yes,No,No,No,Two year,Yes,Bank transfer (automatic),71.49,5142.65,No
6939-TELCO,Female,0,Yes,Yes,43,Yes,Yes,Fiber optic,No internet service,No,No,No,No,No internet service,Month-to-month,Yes,Bank transfer (automatic),105.63,4538.94,No
6940-TELCO,Female,0,No,No,32,Yes,No,DSL,No,No,No internet service,No internet service,No internet service,No internet service,One year,No,Bank transfer (automatic),76.14,2433.08,No
6941-TELCO,Female,0,No,Yes,49,Yes,No,No,Yes,Yes,Yes,No,No,No,One year,No,Electronic check,26.26,1280.96,No
6942-TELCO,Female,0,No,Yes,19,Yes,No,No,No,Yes,No internet service,Yes,No internet service,No,Month-to-month,Yes,Credit card (automatic),98.96,1889.93,Yes
6943-TELCO,Female,1,No,Yes,52,Yes,No phone service,No,No,No,No,No internet service,Yes,No internet service,Month-to-month,Yes,Electronic check,110.3,5742.71,Yes
6944-TELCO,Male,1,Yes,Yes,52,Yes,No phone service,Fiber optic,No,No,No,No,No,Yes,Two year,No,Mailed check,99.48,5164.61,No
6945-TELCO,Male,0,Yes,Yes,34,Yes,Yes,Fiber optic,Yes,No,No,No,Yes,No,Month-to-month,Yes,Mailed check,37.36,1277.01,Yes
6946-TELCO,Male,0,Yes,No,59,Yes,Yes,DSL,No,No internet service,No,No,No internet service,No,Two year,No,Credit card (automatic),66.6,3919.9,No
6947-TELCO,Male,0,Yes,No,5,Yes,No,DSL,No internet service,Yes,Yes,No,No,No,Month-to-month,No,Mailed check,48.35,248.4,Yes
6948-TELCO,Male,0,No,Yes,66,Yes,Yes,Fiber optic,No,No internet service,Yes,No,No,Yes,Two year,Yes,Mailed check,78.35,5164.99,No
6949-TELCO,Female,0,Yes,Yes,41,Yes,Yes,Fiber optic,No internet service,No internet service,No internet service,Yes,No,No internet service,One year,Yes,Credit card (automatic),102.39,4197.37,No
6950-TELCO,Female,1,Yes,Yes,34,Yes,No,DSL,No,Yes,Yes,No internet service,Yes,No internet service,Month-to-month,Yes,Credit card (automatic),58.47,1984.35,No
6951-TELCO,Female,0,No,No,54,Yes,Yes,Fiber optic,No,No,Yes,No,Yes,Yes,One year,Yes,Credit card (automatic),77.78,4201.68,No
6952-TELCO,Female,1,Yes,No,20,Yes,No,Fiber optic,Yes,No,No,No,No,No,Month-to-month,No,Electronic check,19.28,384.53,No
6953-TELCO,Female,0,No,Yes,54,Yes,Yes,DSL,No,No,No internet service,No,Yes,Yes,Month-to-month,No,Electronic check,53.5,2879.71,No
6954-TELCO,Female,1,Yes,No,66,No,No,DSL,No,No,No,Yes,No,No internet service,Two year,No,Bank transfer (automatic),80.66,5328.58,No
6955-TELCO,Male,0,Yes,No,18,Yes,Yes,Fiber optic,No internet service,Yes,No,Yes,No internet service,No,Month-to-month,No,Bank transfer (automatic),117.8,2120.03,No
6956-TELCO,Female,0,No,Yes,44,Yes,No phone service,Fiber optic,Yes,No,No,No,No,Yes,Month-to-month,Yes,Mailed check,46.21,2027.44,No
6957-TELCO,Female,0,No,No,48,Yes,No,Fiber optic,Yes,No,No internet service,Yes,No,No,One year,Yes,Bank transfer (automatic),35.81,1720.79,No
6958-TELCO,Female,0,Yes,No,35,Yes,No,Fiber optic,Yes,No,Yes,No,No internet service,No internet service,One year,No,Electronic check,108.27,3783.12,No
6959-TELCO,Female,0,Yes,Yes,39,Yes,Yes,DSL,No,No,Yes,No internet service,Yes,No,Month-to-month,No,Credit card (automatic),74.8,2918.07,No
6960-TELCO,Male,0,Yes,No,3,No,No,DSL,No internet service,No internet service,Yes,No internet service,No,Yes,Two year,Yes,Mailed check,118.32,353.56,Yes
6961-TELCO,Male,0,Yes,No,19,Yes,No,DSL,Yes,No,Yes,No,Yes,Yes,One year,No,Bank transfer (automatic),43.79,832.7,No
6962-TELCO,Female,0,Yes,No,18,Yes,No,DSL,No,Yes,Yes,No internet service,No,Yes,Month-to-month,Yes,Mailed check,37.92,684.03,Yes
6963-TELCO,Male,1,No,No,5,Yes,No,No,Yes,Yes,No,Yes,No,Yes,Month-to-month,Yes,Mailed check,54.0,260.83,Yes
6964-TELCO,Male,1,Yes,No,55,Yes,Yes,DSL,No,No,No internet service,No,No internet service,No,Month-to-month,Yes,Credit card (automatic),76.33,4200.9,No
6965-TELCO,Female,0,Yes,No,13,Yes,No,DSL,Yes,No,No,Yes,No,Yes,Month-to-month,Yes,Electronic check,25.93,333.08,Yes
6966-TELCO,Female,0,No,No,34,No,Yes,DSL,No,No,Yes,Yes,Yes,Yes,One year,Yes,Credit card (automatic),57.33,1946.01,No
6967-TELCO,Female,0,Yes,No,18,Yes,No,Fiber optic,No,No,No,No,Yes,No,Month-to-month,Yes,Mailed check,24.85,452.77,Yes
6968-TELCO,Female,0,Yes,Yes,68,Yes,No phone service,DSL,Yes,No internet service,No,Yes,No,No,One year,No,Bank transfer (automatic),84.36,5730.11,Yes
6969-TELCO,Female,0,No,No,72,Yes,No,DSL,No,Yes,No internet service,Yes,No internet service,Yes,Two year,Yes,Electronic check,52.83,3800.53,No
6970-TELCO,Male,0,Yes,No,43,No,Yes,DSL,No,No,No internet service,No,Yes,No internet service,Two year,No,Mailed check,115.8,4970.76,No
6971-TELCO,Female,0,No,No,65,Yes,Yes,No,No,No,No,Yes,Yes,No,Month-to-month,No,Credit card (automatic),28.62,1869.61,No
6972-TELCO,Female,1,Yes,No,41,Yes,No,No,No,No internet service,No,Yes,No internet service,Yes,One year,Yes,Electronic check,108.13,4427.87,No
6973-TELCO,Female,0,Yes,No,38,Yes,Yes,Fiber optic,No,No internet service,No,Yes,No internet service,No internet service,Two year,Yes,Mailed check,20.89,801.35,No
6974-TELCO,Male,0,Yes,Yes,38,Yes,Yes,DSL,No,Yes,No internet service,Yes,No,No,Month-to-month,No,Bank transfer (automatic),84.07,3196.71,No
6975-TELCO,Female,0,Yes,No,13,Yes,No,DSL,No internet service,No,Yes,No internet service,Yes,Yes,Month-to-month,No,Electronic check,113.52,1474.35,Yes
6976-TELCO,Female,0,Yes,No,22,No,No,Fiber optic,No internet service,Yes,Yes,No,Yes,Yes,Month-to-month,No,Mailed check,89.34,1967.1,Yes
6977-TELCO,Female,0,Yes,No,29,Yes,No,DSL,No,Yes,No,Yes,No internet service,No,Month-to-month,Yes,Credit card (automatic),21.33,619.92,Yes
6978-TELCO,Male,0,No,No,9,Yes,No phone service,Fiber optic,No internet service,Yes,No,Yes,No,No internet service,Month-to-month,Yes,Bank transfer (automatic),84.3,760.64,Yes
6979-TELCO,Female,0,No,No,68,Yes,No,Fiber optic,No internet service,No internet service,Yes,Yes,Yes,Yes,Two year,No,Mailed check,47.24,3209.09,Yes
6980-TELCO,Female,0,Yes,No,17,Yes,Yes,Fiber optic,Yes,Yes,No,Yes,Yes,No,One year,Yes,Bank transfer (automatic),91.57,1564.39,No
6981-TELCO,Female,0,No,No,37,Yes,No,Fiber optic,No internet service,Yes,Yes,No,No,Yes,Month-to-month,Yes,Electronic check,63.68,2361.76,No
6982-TELCO,Male,0,No,Yes,64,Yes,No,Fiber optic,Yes,No,No,No internet service,Yes,No,Month-to-month,No,Credit card (automatic),80.4,5155.16,No
6983-TELCO,Female,0,No,Yes,67,Yes,No,Fiber optic,Yes,No,No,No,No,No internet service,Two year,No,Credit card (automatic),20.63,1388.89,No
6984-TELCO,Female,0,Yes,No,4,Yes,No,Fiber optic,No internet service,No,No,No internet service,No internet service,Yes,Month-to-month,Yes,Electronic check,46.42,182.93,Yes
6985-TELCO,Female,0,No,No,40,Yes,No,Fiber optic,Yes,Yes,No,No internet service,No internet service,Yes,Month-to-month,No,Electronic check,48.59,1939.96,No
6986-TELCO,Male,1,Yes,No,16,Yes,Yes,Fiber optic,No,No,No internet service,No,No,Yes,Two year,Yes,Electronic check,63.24,1011.17,No
6987-TELCO,Female,0,Yes,Yes,11,Yes,No phone service,Fiber optic,No internet service,Yes,Yes,No,Yes,Yes,Month-to-month,No,Electronic check,106.75,1165.45,No
6988-TELCO,Female,1,No,No,26,Yes,Yes,No,Yes,No internet service,No,No,Yes,Yes,Month-to-month,No,Bank transfer (automatic),55.35,1436.97,Yes
6989-TELCO,Female,0,No,Yes,72,Yes,No,Fiber optic,Yes,No internet service,No,Yes,Yes,No,Month-to-month,Yes,Mailed check,88.96,6395.78,No
6990-TELCO,Male,0,No,No,65,Yes,Yes,Fiber optic,No,Yes,Yes,No internet service,Yes,Yes,Month-to-month,No,Electronic check,54.11,3510.59,Yes
6991-TELCO,Male,0,No,No,2,Yes,No,No,No,No,Yes,No internet service,Yes,No,One year,No,Mailed check,38.45,73.18,No
6992-TELCO,Female,0,Yes,Yes,45,Yes,Yes,Fiber optic,No internet service,No internet service,Yes,No,Yes,Yes,Month-to-month,Yes,Bank transfer (automatic),64.77,2917.52,No
6993-TELCO,Male,0,No,Yes,43,Yes,Yes,No,No internet service,Yes,No,No,No,Yes,Month-to-month,Yes,Electronic check,42.74,1847.3,No
6994-TELCO,Male,0,Yes,Yes,3,Yes,No,Fiber optic,Yes,No,Yes,No,No,Yes,Month-to-month,No,Electronic check,23.55,63.88,Yes
6995-TELCO,Male,0,Yes,Yes,34,Yes,Yes,Fiber optic,No,Yes,Yes,No,Yes,Yes,Month-to-month,Yes,Mailed check,39.78,1344.5,No
6996-TELCO,Female,0,No,No,65,Yes,No,Fiber optic,No,Yes,No,Yes,Yes,Yes,Two year,No,Bank transfer (automatic),26.55,1734.25,No
6997-TELCO,Female,0,Yes,Yes,64,No,No,DSL,No,No internet service,No,No,No,No,Month-to-month,Yes,Electronic check,23.02,1473.22,No
6998-TELCO,Male,0,No,No,7,Yes,Yes,Fiber optic,No,No,Yes,Yes,Yes,No internet service,Two year,Yes,Electronic check,92.48,649.6,No
6999-TELCO,Male,0,Yes,No,35,Yes,No,DSL,No,No internet service,No internet service,No,Yes,No,Month-to-month,Yes,Credit card (automatic),88.11,3074.26,No
7000-TELCO,Male,0,No,No,22,Yes,No,Fiber optic,No,No,Yes,No,No,Yes,Month-to-month,Yes,Electronic check,33.68,737.49,Yes
